E_on,E_off,E_dt,Vds_pk_off,ov_pct_off,E_sw,E_tot,Vds_pk,ov_pct,t_set,E_osc,Vgs_spur,Vgs_spur_hs,Vgs_spur_ls,margin,false_on,VBUS,ILOAD,VDRV,VNEG,NPU_LS,NPD_LS,NPU_HS,NPD_HS,DT,CLKEN,CLKDEL,RUNIT,TJ,corner
3.0276016800960686e-07,2.146861425607616e-07,2.0518692648726496e-07,30.228904,-39.542192,5.174463105703685e-07,7.226332370576334e-07,65.36709,30.73418000000001,4.8905e-08,15.30707560007546,-0.8213079799999994,-0.8213079799999994,-1.14122097,2.2213079799999993,0,50,2,5,-2,8,2,8,8,10n,0,4n,8,25,50V_2A_25C
1.65088422706772e-07,2.1048082093942002e-07,2.3382853712943924e-07,52.9281149,5.856229799999994,3.75569243646192e-07,6.093977807756313e-07,52.9281149,5.856229799999994,1.552324000000013e-08,11.72194091730558,0.7416544800000002,0.7416544800000002,0.00537082137,0.6583455199999997,0,50,2,5,0,8,8,8,1,15n,1,4n,8,25,50V_2A_25C
1.6929958851508516e-07,2.385970711481831e-07,7.027098136008108e-08,11.097408,-77.805184,4.078966596632683e-07,4.781676410233494e-07,87.2317182,74.4634364,6.000087000000004e-08,22.91397821461167,0.6372506099999997,0.6372506099999997,0.278007894,0.7627493900000002,0,50,2,5,0,8,8,8,8,5n,1,4n,8,25,50V_2A_25C
3.9833336692511046e-07,2.1468609002637267e-07,2.0522728483705968e-07,30.2286624,-39.5426752,6.130194569514831e-07,8.182467417885428e-07,65.367327,30.734654000000006,4.8905e-08,15.307144634016678,-0.917621481,-0.917621481,-1.1412135,2.3176214809999998,0,50,2,5,-2,6,2,8,8,10n,0,4n,8,25,50V_2A_25C
4.144776825531334e-07,2.146534243950275e-07,1.9842492929382894e-07,30.2320112,-39.5359776,6.29131106948161e-07,8.275560362419899e-07,65.3521334,30.7042668,4.8905e-08,15.301311407362508,-0.5344163000000002,-0.5344163000000002,-1.14202891,1.9344163,0,50,2,5,-2,6,2,8,4,10n,0,4n,8,25,50V_2A_25C
5.537686848465226e-07,2.1465331994232363e-07,1.98422242264308e-07,30.2315356,-39.5369288,7.684220047888462e-07,9.668442470531542e-07,65.3526,30.70519999999999,4.8905e-08,15.301447561989516,-0.5725420999999997,-0.5725420999999997,-1.14201421,1.9725420999999996,0,50,2,5,-2,4,2,8,4,10n,0,4n,8,25,50V_2A_25C
6.527506875180773e-07,2.1465322327307987e-07,1.98349884854277e-07,30.2310925,-39.537815,8.674039107911572e-07,1.0657537956454343e-06,65.3530352,30.70607039999999,4.8905e-08,15.30157495136214,-0.6015825999999969,-0.6015825999999969,-1.14200044,2.0015825999999968,0,50,2,5,-2,3,2,8,4,10n,0,4n,8,25,50V_2A_25C
7.938281109789981e-07,2.1465305561197177e-07,1.983454740244992e-07,30.2303102,-39.5393796,1.0084811665909698e-06,1.206826640615469e-06,65.3538057,30.70761139999999,4.8905e-08,15.301801753156097,-0.6611447000000013,-0.6611447000000013,-1.14197586,2.061144700000001,0,50,2,5,-2,2,2,8,4,10n,0,4n,8,25,50V_2A_25C
5.376949691951399e-07,2.1468598616022303e-07,2.0518278332336306e-07,30.2281872,-39.5436256,7.52380955355363e-07,9.575637386787261e-07,65.3677935,30.73558700000001,4.8905e-08,15.307280586166844,-1.0272600139999999,-1.0272600139999999,-1.14119879,2.427260014,0,50,2,5,-2,4,2,8,8,10n,0,4n,8,25,50V_2A_25C
6.368176951551631e-07,2.1468589023744667e-07,2.051802271864224e-07,30.2277446,-39.5445108,8.515035853926097e-07,1.056683812579032e-06,65.3682285,30.736457,4.8905e-08,15.307407747249576,-1.1220822739999998,-1.1220822739999998,-1.14118499,2.5220822739999997,0,50,2,5,-2,3,2,8,8,10n,0,4n,8,25,50V_2A_25C
7.818480217563996e-07,2.1468572307379864e-07,2.052174744505306e-07,30.226963,-39.546074,9.965337448301983e-07,1.201751219280729e-06,65.3689985,30.737997000000004,4.8905e-08,15.307634178037208,-1.14116038,-1.277855847,-1.14116038,2.54116038,0,50,2,5,-2,2,2,8,8,10n,0,4n,8,25,50V_2A_25C
1.0394902167251382e-06,2.1468760231830753e-07,2.0516561561575315e-07,30.2252038,-39.5495924,1.2541778190434457e-06,1.459343434659199e-06,65.3707441,30.741488199999996,4.8905e-08,15.308155812901663,-1.14110337,-1.4235177000000014,-1.14110337,2.54110337,0,50,2,5,-2,1,2,8,8,10n,0,4n,8,25,50V_2A_25C
3.0765120981894303e-07,2.757075782041034e-07,9.294395906846845e-08,11.541387,-76.917226,5.833587880230465e-07,6.763027470915149e-07,82.3624323,64.72486459999999,6.110500000000007e-08,23.468560465925194,1.73743113,1.092459400000001,1.73743113,-0.33743113000000013,1,50,2,5,0,4,2,8,8,10n,0,4n,8,25,50V_2A_25C
1.857615422193837e-07,4.233098738795717e-07,5.33487048176517e-09,0.502808496,-98.994383008,6.090714160989554e-07,6.144062865807205e-07,107.663363,115.32672600000002,6.019621000000009e-08,29.566206046672384,0.909665019,0.5360798800000008,0.909665019,0.49033498099999995,0,50,2,5,0,8,2,8,4,5n,1,4n,8,25,50V_2A_25C
3.184902273875128e-07,2.1465347754770756e-07,1.984262947436387e-07,30.2322529,-39.5354942,5.331437049352204e-07,7.31569999678859e-07,65.3518964,30.703792800000002,4.8905e-08,15.301242300289328,-0.46356761000000013,-0.46356761000000013,-1.14203635,1.86356761,0,50,2,5,-2,8,2,8,4,10n,0,4n,8,25,50V_2A_25C
1.695249395385965e-07,4.2334338845233294e-07,1.0313556301872464e-08,0.502805404,-98.994389192,5.928683279909295e-07,6.03181884292802e-07,107.663548,115.32709600000003,6.019599999999997e-08,29.563934465600006,0.909664277,0.6373063300000004,0.909664277,0.49033572299999995,0,50,2,5,0,8,2,8,8,5n,1,4n,8,25,50V_2A_25C
1.03567313836421e-06,2.146549167856571e-07,1.984054340562796e-07,30.2285502,-39.5428996,1.2503280551498672e-06,1.4487334892061467e-06,65.3555511,30.7111022,4.8905e-08,15.302323962825401,-0.8197116999999992,-0.8197116999999992,-1.14191896,2.219711699999999,0,50,2,5,-2,1,2,8,4,10n,0,4n,8,25,50V_2A_25C
6.818243609655017e-07,2.757327758607901e-07,9.296397076847166e-08,11.5397637,-76.9204726,9.575571368262918e-07,1.0505211075947634e-06,82.3633238,64.7266476,6.110500000000007e-08,23.468950470098758,1.73749484,0.7957940000000008,1.73749484,-0.3374948400000002,1,50,2,5,0,1,2,8,8,10n,0,4n,8,25,50V_2A_25C
4.904340116882272e-07,2.7571641599962625e-07,9.293935721117856e-08,11.540757,-76.918486,7.661504276878535e-07,8.59089784899032e-07,82.3627871,64.72557420000001,6.110500000000007e-08,23.46871383277798,1.73745464,0.9422010000000007,1.73745464,-0.33745464000000003,1,50,2,5,0,2,2,8,8,10n,0,4n,8,25,50V_2A_25C
3.8043923107225355e-07,2.7571070622263715e-07,9.294230702181564e-08,11.5411628,-76.9176744,6.561499372948906e-07,7.490922443167062e-07,82.3625597,64.72511940000001,6.110500000000007e-08,23.468615307345118,1.73743932,1.0286158999999984,1.73743932,-0.3374393200000001,1,50,2,5,0,3,2,8,8,10n,0,4n,8,25,50V_2A_25C
4.095301997980387e-07,2.1555159356064762e-07,2.8347533670826234e-07,55.3337059,10.667411799999995,6.250817933586863e-07,9.085571300669486e-07,55.3337059,10.667411799999995,4.006108000000011e-08,12.368930343397807,-0.91404163,-0.91404163,-1.97759737,2.31404163,0,50,2,5,-2,6,2,8,8,35n,0,4n,8,25,50V_2A_25C
6.430683456455689e-07,2.091556462151273e-07,2.942514517434581e-07,55.3337462,10.6674924,8.522239918606962e-07,1.1464754436041542e-06,55.3337462,10.6674924,3.012174000000002e-08,12.898026222883484,-1.117083669,-1.117083669,-1.98002307,2.517083669,0,50,2,5,-2,3,2,8,8,25n,0,4n,8,25,50V_2A_25C
7.851409768713558e-07,2.1228406444840555e-07,2.9324631485344057e-07,52.722028,5.4440560000000024,9.974250413197614e-07,1.290671356173202e-06,53.0440178,6.088035599999999,1.6054910000000064e-08,12.690231132000326,-1.2717595069999998,-1.2717595069999998,-1.84587443,2.671759507,0,50,2,5,-2,2,2,8,8,15n,0,4n,8,25,50V_2A_25C
5.472255121509064e-07,2.1555148914531477e-07,2.8347516702433503e-07,55.3337269,10.667453800000002,7.627770012962211e-07,1.0462521683205562e-06,55.3337269,10.667453800000002,4.006108000000011e-08,12.36888154843884,-1.024643261,-1.024643261,-1.9775972,2.424643261,0,50,2,5,-2,4,2,8,8,35n,0,4n,8,25,50V_2A_25C
5.48136329199123e-07,2.122842782770919e-07,2.9324887376763816e-07,52.7222786,5.444557200000006,7.604206074762149e-07,1.053669481243853e-06,53.044066,6.088132000000002,1.6054910000000064e-08,12.690357627572462,-1.0250764970000001,-1.0250764970000001,-1.84588839,2.425076497,0,50,2,5,-2,4,2,8,8,15n,0,4n,8,25,50V_2A_25C
6.451644025738817e-07,2.1228420011118007e-07,2.9324793718186373e-07,52.7221885,5.444377000000003,8.574486026850618e-07,1.1506965398669256e-06,53.0440491,6.088098200000004,1.6054910000000064e-08,12.690311287035446,-1.116985251,-1.116985251,-1.84588336,2.516985251,0,50,2,5,-2,3,2,8,8,15n,0,4n,8,25,50V_2A_25C
5.44707702702758e-07,2.0915573615737498e-07,2.9425168803602205e-07,55.3337269,10.667453800000002,7.53863438860133e-07,1.0481151268961551e-06,55.3337269,10.667453800000002,3.012174000000002e-08,12.898071538948358,-1.0231293780000001,-1.0231293780000001,-1.98002265,2.423129378,0,50,2,5,-2,4,2,8,8,25n,0,4n,8,25,50V_2A_25C
3.144037319738113e-07,2.1555164671829298e-07,2.8347542407979185e-07,55.3336953,10.667390600000003,5.299553786921043e-07,8.134308027718961e-07,55.3336953,10.667390600000003,4.006108000000011e-08,12.36895521173056,-0.8302209700000001,-0.8302209700000001,-1.97759743,2.23022097,0,50,2,5,-2,8,2,8,8,35n,0,4n,8,25,50V_2A_25C
3.142702221657236e-07,2.1228440602420475e-07,2.932830925470488e-07,52.7224237,5.444847400000001,5.265546281899284e-07,8.198377207369772e-07,53.0440925,6.088184999999997,1.6054910000000064e-08,12.690433551378177,-0.8337152100000003,-0.8337152100000003,-1.84589646,2.23371521,0,50,2,5,-2,8,2,8,8,15n,0,4n,8,25,50V_2A_25C
4.093996262480026e-07,2.1228436294122212e-07,2.932498892901444e-07,52.7223748,5.444749599999994,6.216839891892247e-07,9.149338784793691e-07,53.0440836,6.0881672,1.6054910000000064e-08,12.690407925522114,-0.915050374,-0.915050374,-1.84589375,2.315050374,0,50,2,5,-2,6,2,8,8,15n,0,4n,8,25,50V_2A_25C
3.1105379482131996e-07,2.0915574672143858e-07,2.942520847099754e-07,55.3336953,10.667390600000003,5.202095415427585e-07,8.144616262527339e-07,55.3336953,10.667390600000003,3.0121750000000056e-08,12.898145570354094,-0.8328294400000003,-0.8328294400000003,-1.98002193,2.23282944,0,50,2,5,-2,8,2,8,8,25n,0,4n,8,25,50V_2A_25C
4.0622526375565543e-07,2.0915569706584642e-07,2.9425195027166756e-07,55.3337059,10.667411799999995,6.153809608215018e-07,9.096329110931694e-07,55.3337059,10.667411799999995,3.0121750000000056e-08,12.898120486255133,-0.91543363,-0.91543363,-1.98002218,2.31543363,0,50,2,5,-2,6,2,8,8,25n,0,4n,8,25,50V_2A_25C
7.87140416182059e-07,2.0915562346067875e-07,2.942510610520986e-07,55.3337798,10.667559600000004,9.962960396427377e-07,1.2905471006948363e-06,55.3337798,10.667559600000004,3.0121729999999983e-08,12.89794824647098,-1.273207759,-1.273207759,-1.9800238,2.673207759,0,50,2,5,-2,2,2,8,8,25n,0,4n,8,25,50V_2A_25C
6.443414645652325e-07,2.155513929488704e-07,2.834750155836714e-07,55.3337462,10.6674924,8.598928575141029e-07,1.1433678730977742e-06,55.3337462,10.6674924,4.006108000000011e-08,12.368836600703291,-1.116142021,-1.116142021,-1.97759704,2.516142021,0,50,2,5,-2,3,2,8,8,35n,0,4n,8,25,50V_2A_25C
7.855993116213661e-07,2.155512267756279e-07,2.8347477343637876e-07,55.3337798,10.667559600000004,1.001150538396994e-06,1.2846253118333728e-06,55.3337798,10.667559600000004,4.006108000000011e-08,12.368758930871014,-1.271731266,-1.271731266,-1.97759673,2.671731266,0,50,2,5,-2,2,2,8,8,35n,0,4n,8,25,50V_2A_25C
1.0380346949308129e-06,2.1228601454388268e-07,2.9327554889823634e-07,52.7216577,5.443315400000004,1.2503207094746957e-06,1.543596258372932e-06,53.0439376,6.087875199999998,1.6054910000000064e-08,12.690061465249917,-1.4203539999999997,-1.4203539999999997,-1.84585395,2.8203539999999996,0,50,2,5,-2,1,2,8,8,15n,0,4n,8,25,50V_2A_25C
1.047596331173301e-06,2.0915758241265417e-07,2.942503524844361e-07,55.3338516,10.667703200000005,1.2567539135859554e-06,1.5510042660703915e-06,55.3338516,10.667703200000005,3.012171999999995e-08,12.897783895662547,-1.4212775999999998,-1.4212775999999998,-1.98002546,2.8212775999999997,0,50,2,5,-2,1,2,8,8,25n,0,4n,8,25,50V_2A_25C
1.043309298040918e-06,2.1555311630504957e-07,2.834743856348746e-07,55.3338516,10.667703200000005,1.2588624143459674e-06,1.542336799980842e-06,55.3338516,10.667703200000005,4.006108000000011e-08,12.368594992907386,-1.4204825999999997,-1.4204825999999997,-1.97759601,2.8204825999999996,0,50,2,5,-2,1,2,8,8,35n,0,4n,8,25,50V_2A_25C
6.805529319037986e-07,2.1448245828455124e-07,2.596906116176508e-07,53.0405675,6.081135000000004,8.950353901883498e-07,1.1547260018060007e-06,53.0405675,6.081135000000004,2.5647190000000098e-08,12.47134327730372,0.7943719000000016,0.7943719000000016,0.0125948168,0.6056280999999983,0,50,2,5,0,1,2,8,8,25n,0,4n,8,25,50V_2A_25C
2.1972353508365575e-07,2.1097320349496104e-07,2.014609126829185e-07,53.1004147,6.2008294000000035,4.3069673857861677e-07,6.321576512615353e-07,53.1065021,6.2130042,1.615218000000012e-08,11.779991338518931,3.8314422399999994,3.8314422399999994,0.0103294907,-2.4314422399999995,1,50,2,5,0,8,8,8,1,15n,0,4n,8,25,50V_2A_25C
1.5912852694439702e-07,2.1080619944416615e-07,2.3755095637498798e-07,53.0017724,6.003544799999999,3.6993472638856315e-07,6.074856827635511e-07,53.0046175,6.009235000000003,1.5812000000000036e-08,11.746807586943076,2.0417036499999996,2.0417036499999996,0.00960276643,-0.6417036499999997,1,50,2,5,0,8,8,8,4,15n,0,4n,8,25,50V_2A_25C
1.5931970735654414e-07,2.1066157433466163e-07,2.444068502084922e-07,52.9576556,5.915311200000006,3.699812816912058e-07,6.14388131899698e-07,52.9576556,5.915311200000006,1.562411999999994e-08,11.73292777758712,1.25636862,1.25636862,0.00913036573,0.14363137999999998,0,50,2,5,0,8,8,8,8,15n,0,4n,8,25,50V_2A_25C
3.762835163686732e-07,2.649773568495523e-07,9.636232661371578e-08,12.0141104,-75.9717792,6.412608732182255e-07,7.376231998319413e-07,81.5419986,63.08399719999999,6.10050100000001e-08,22.895602033119243,1.66539824,1.0635028999999996,1.66539824,-0.3403982400000001,1,50,2,5,0,4,2,8,8,10n,0,4n,8,75,50V_2A_75C
2.4660015809507144e-07,3.837095336436478e-07,5.349818167586888e-09,0.554463748,-98.89107250399998,6.303096917387193e-07,6.356595099063062e-07,105.521973,111.04394599999999,6.019544000000005e-08,29.759388416236586,0.904895791,0.5135063199999994,0.904895791,0.420104209,0,50,2,5,0,8,2,8,4,5n,1,4n,8,75,50V_2A_75C
4.5494175820731824e-07,2.148794425594584e-07,1.9949294066465086e-07,30.4775172,-39.0449656,6.698212007667766e-07,8.693141414314275e-07,64.7796345,29.559269,4.8755000000000095e-08,15.076197386388312,-0.5247135700000012,-0.5247135700000012,-1.17083022,1.8497135700000011,0,50,2,5,-2,8,2,8,4,10n,0,4n,8,75,50V_2A_75C
2.3170245543233242e-07,3.83712409092124e-07,1.009482774341132e-08,0.554463979,-98.89107204199999,6.154148645244564e-07,6.255096922678677e-07,105.521556,111.04311200000001,6.019523999999996e-08,29.759367655985344,0.904894996,0.6129936799999989,0.904894996,0.42010500399999995,0,50,2,5,0,8,2,8,8,5n,1,4n,8,75,50V_2A_75C
4.338106765935506e-07,2.1490722838872598e-07,2.0652073743019615e-07,30.4741528,-39.0516944,6.487179049822765e-07,8.552386424124727e-07,64.7947252,29.589450400000004,4.8755000000000095e-08,15.081160784199481,-0.8511742600000005,-0.8511742600000005,-1.17037814,2.1761742600000007,0,50,2,5,-2,8,2,8,8,10n,0,4n,8,75,50V_2A_75C
2.2462918632701195e-07,2.1079124069179533e-07,2.3506182875941438e-07,52.9106113,5.821222599999999,4.354204270188073e-07,6.704822557782217e-07,52.9106113,5.821222599999999,1.5523470000000116e-08,11.716313513075674,0.7241532399999997,0.7241532399999997,0.00478683804,0.6008467600000003,0,50,2,5,0,8,8,8,1,15n,1,4n,8,75,50V_2A_75C
2.314960349415254e-07,2.3511749487417121e-07,7.07626965692874e-08,11.169728,-77.660544,4.666135298156966e-07,5.37376226384984e-07,86.0890513,72.17810259999999,5.619565000000009e-08,22.24607591493711,0.6130442800000004,0.6130442800000004,0.267430068,0.7119557199999995,0,50,2,5,0,8,8,8,8,5n,1,4n,8,75,50V_2A_75C
5.305969557431491e-07,2.1490715611386284e-07,2.0647107629108058e-07,30.4738541,-39.0522918,7.455041118570119e-07,9.519751881480925e-07,64.795006,29.590012,4.8755000000000095e-08,15.081240946956388,-0.9585227000000014,-0.9585227000000014,-1.17036867,2.2835227000000016,0,50,2,5,-2,6,2,8,8,10n,0,4n,8,75,50V_2A_75C
6.611029609389391e-07,2.1490701745812133e-07,2.0646777427068298e-07,30.4732801,-39.0534398,8.760099783970605e-07,1.0824777526677436e-06,64.795546,29.591092000000003,4.8755000000000095e-08,15.081395472088538,-1.123399199999998,-1.123399199999998,-1.17035039,2.448399199999998,0,50,2,5,-2,4,2,8,8,10n,0,4n,8,75,50V_2A_75C
7.515689272116602e-07,2.149068918473015e-07,2.0646475298288913e-07,30.4727542,-39.0544916,9.664758190589616e-07,1.1729405720418507e-06,64.7960418,29.592083599999995,4.8755000000000095e-08,15.081537977887258,-1.17033351,-1.227535657,-1.17033351,2.49533351,0,50,2,5,-2,3,2,8,8,10n,0,4n,8,75,50V_2A_75C
8.85650645730186e-07,2.1490667560139198e-07,2.0645946171352365e-07,30.4718316,-39.0563368,1.100557321331578e-06,1.3070167830451017e-06,64.7969145,29.593829,4.8755000000000095e-08,15.081790794632493,-1.17030353,-1.3613964000000003,-1.17030353,2.49530353,0,50,2,5,-2,2,2,8,8,10n,0,4n,8,75,50V_2A_75C
1.1179987404833587e-06,2.1490939270855206e-07,2.0644740043102597e-07,30.4697182,-39.0605636,1.3329081331919107e-06,1.5393555336229366e-06,64.7989303,29.59786059999999,4.880499999999999e-08,15.082385966605017,-1.17023279,-1.4441818000000026,-1.17023279,2.49523279,0,50,2,5,-2,1,2,8,8,10n,0,4n,8,75,50V_2A_75C
5.516404457699652e-07,2.1487936979912356e-07,1.9949126475771684e-07,30.4772183,-39.0455634,7.665198155690888e-07,9.660110803268058e-07,64.7799151,29.559830199999993,4.8755000000000095e-08,15.07627762288439,-0.6194109000000001,-0.6194109000000001,-1.17082076,1.9444109,0,50,2,5,-2,6,2,8,4,10n,0,4n,8,75,50V_2A_75C
6.841673831331244e-07,2.1487923036970364e-07,1.9948804364561623e-07,30.4766437,-39.0467126,8.99046613502828e-07,1.0985346571484442e-06,64.7804551,29.560910199999995,4.8755000000000095e-08,15.076432348967323,-0.6423042999999993,-0.6423042999999993,-1.1708025,1.9673042999999992,0,50,2,5,-2,4,2,8,4,10n,0,4n,8,75,50V_2A_75C
5.523383131125567e-07,2.6498654413768796e-07,9.638606701389034e-08,12.0132875,-75.97342499999999,8.173248572502446e-07,9.13710924264135e-07,81.5425935,63.08518699999999,6.10050100000001e-08,22.895861272855935,1.66543026,0.9150522000000016,1.66543026,-0.34043026,1,50,2,5,0,2,2,8,8,10n,0,4n,8,75,50V_2A_75C
4.476760398455192e-07,2.649806104820383e-07,9.636020007778278e-08,12.0138172,-75.9723656,7.126566503275575e-07,8.090168504053403e-07,81.5422119,63.084423799999996,6.10050100000001e-08,22.89569464815911,1.66540944,1.0003660999999973,1.66540944,-0.34040943999999995,1,50,2,5,0,3,2,8,8,10n,0,4n,8,75,50V_2A_75C
4.410093327823725e-07,2.1273365574123144e-07,2.9397746659159387e-07,52.7460387,5.492077399999999,6.537429885236039e-07,9.477204551151978e-07,53.0452771,6.090554199999999,1.6054910000000064e-08,12.678782698767515,-0.86162223,-0.86162223,-1.84859908,2.1866222300000002,0,50,2,5,-2,8,2,8,8,15n,0,4n,8,75,50V_2A_75C
5.371796535228872e-07,2.127335951787194e-07,2.940151509326547e-07,52.7459836,5.491967200000005,7.499132487016066e-07,1.0439283996342613e-06,53.045269,6.090537999999994,1.6054910000000064e-08,12.678752513804236,-0.9675548999999997,-0.9675548999999997,-1.84859582,2.2925549,0,50,2,5,-2,6,2,8,8,15n,0,4n,8,75,50V_2A_75C
7.751624420275597e-07,2.148791041969851e-07,1.9941636410754202e-07,30.4761173,-39.0477654,9.900415462245448e-07,1.1894579103320869e-06,64.7809507,29.56190140000001,4.8755000000000095e-08,15.076575029737757,-0.6615688000000013,-0.6615688000000013,-1.17078564,1.9865688000000012,0,50,2,5,-2,3,2,8,4,10n,0,4n,8,75,50V_2A_75C
9.040332533703605e-07,2.1487888646988966e-07,1.9941120158856659e-07,30.4751939,-39.0496122,1.1189121398402502e-06,1.3183233414288168e-06,64.7818231,29.563646199999994,4.880499999999999e-08,15.076828122663633,-0.7097116000000021,-0.7097116000000021,-1.1707557,2.0347116000000023,0,50,2,5,-2,2,2,8,4,10n,0,4n,8,75,50V_2A_75C
1.1186320057142554e-06,2.148815784696912e-07,1.9946813896413832e-07,30.4730776,-39.0538448,1.3335135841839465e-06,1.532981723148085e-06,64.7838393,29.567678599999994,4.880499999999999e-08,15.07742420203311,-0.8564675000000008,-0.8564675000000008,-1.17068502,2.181467500000001,0,50,2,5,-2,1,2,8,4,10n,0,4n,8,75,50V_2A_75C
7.277375371159753e-07,2.6500528964269024e-07,9.637662057681365e-08,12.011969,-75.976062,9.927428267586656e-07,1.0891194473354793e-06,81.5435229,63.0870458,6.10050100000001e-08,22.89631288637395,1.66548523,0.7663624999999996,1.66548523,-0.3404852300000001,1,50,2,5,0,1,2,8,8,10n,0,4n,8,75,50V_2A_75C
6.655107623599012e-07,2.0975388664087407e-07,2.951048869655756e-07,55.3403106,10.680621200000004,8.752646490007753e-07,1.170369535966351e-06,55.3403106,10.680621200000004,3.0217869999999965e-08,12.873485401161432,-1.121503849,-1.121503849,-1.98020331,2.446503849,0,50,2,5,-2,4,2,8,8,25n,0,4n,8,75,50V_2A_75C
4.4125186062526784e-07,2.1597127915959607e-07,2.8404662128022563e-07,55.3401745,10.680349000000005,6.572231397848639e-07,9.412697610650895e-07,55.3401745,10.680349000000005,4.015486e-08,12.342340030220713,-0.8579221600000011,-0.8579221600000011,-1.97895139,2.1829221600000013,0,50,2,5,-2,8,2,8,8,35n,0,4n,8,75,50V_2A_75C
5.368808076630715e-07,2.1597121306793813e-07,2.8404652523466693e-07,55.3402213,10.680442600000006,7.528520207310096e-07,1.0368985459656765e-06,55.3402213,10.680442600000006,4.015486e-08,12.342310773702849,-0.9648515,-0.9648515,-1.97895134,2.2898515,0,50,2,5,-2,6,2,8,8,35n,0,4n,8,75,50V_2A_75C
7.55805212496198e-07,2.0975379767518697e-07,2.9510464508958263e-07,55.3403916,10.680783199999993,9.65559010171385e-07,1.2606636552609675e-06,55.3403916,10.680783199999993,3.0217869999999965e-08,12.873435723581645,-1.22426269,-1.22426269,-1.9802037,2.54926269,0,50,2,5,-2,3,2,8,8,25n,0,4n,8,75,50V_2A_75C
4.389556092975363e-07,2.097540369721256e-07,2.9510531464871595e-07,55.3401745,10.680349000000005,6.487096462696619e-07,9.438149609183779e-07,55.3401745,10.680349000000005,3.0217869999999965e-08,12.873569540434588,-0.8611056199999991,-0.8611056199999991,-1.98020263,2.1861056199999993,0,50,2,5,-2,8,2,8,8,25n,0,4n,8,75,50V_2A_75C
5.353259228399375e-07,2.0975398526190104e-07,2.951051659671028e-07,55.3402213,10.680442600000006,7.450799081018385e-07,1.0401850740689414e-06,55.3402213,10.680442600000006,3.0217869999999965e-08,12.873540603479086,-0.9685769999999998,-0.9685769999999998,-1.98020287,2.293577,0,50,2,5,-2,6,2,8,8,25n,0,4n,8,75,50V_2A_75C
6.676955289097029e-07,2.1273347953876888e-07,2.9397565464505164e-07,52.7458773,5.491754599999992,8.804290084484717e-07,1.1744046630935232e-06,53.0452531,6.090506199999993,1.6054910000000064e-08,12.678694899637376,-1.122611369,-1.122611369,-1.8485895,2.4476113689999996,0,50,2,5,-2,4,2,8,8,15n,0,4n,8,75,50V_2A_75C
7.570174086743321e-07,2.1273337485944686e-07,2.939745814294083e-07,52.7457791,5.491558199999999,9.697507835337789e-07,1.2637253649631872e-06,53.0452377,6.0904754000000025,1.6054910000000064e-08,12.67864297604347,-1.2250480339999998,-1.2250480339999998,-1.84858367,2.5500480339999996,0,50,2,5,-2,3,2,8,8,15n,0,4n,8,75,50V_2A_75C
8.880966511019774e-07,2.1273319536662553e-07,2.9397274542367697e-07,52.7456047,5.4912094000000025,1.100829846468603e-06,1.39480259189228e-06,53.0452083,6.0904165999999975,1.6054910000000064e-08,12.678554361787006,-1.366569000000002,-1.366569000000002,-1.84857335,2.691569000000002,0,50,2,5,-2,2,2,8,8,15n,0,4n,8,75,50V_2A_75C
6.671214480915913e-07,2.1597108702978937e-07,2.84046346060696e-07,55.3403106,10.680621200000004,8.830925351213807e-07,1.1671388811820766e-06,55.3403106,10.680621200000004,4.015486e-08,12.34225494632203,-1.121443488,-1.121443488,-1.97895121,2.446443488,0,50,2,5,-2,4,2,8,8,35n,0,4n,8,75,50V_2A_75C
8.901606038880731e-07,2.0975364361261344e-07,2.951042605510788e-07,55.3405309,10.681061799999995,1.0999142475006864e-06,1.3950185080517651e-06,55.3405309,10.681061799999995,3.0217869999999965e-08,12.873351163734913,-1.3724276999999994,-1.3724276999999994,-1.98020439,2.6974276999999995,0,50,2,5,-2,2,2,8,8,25n,0,4n,8,75,50V_2A_75C
7.564840738054064e-07,2.1597097326765474e-07,2.8404619488461566e-07,55.3403916,10.680783199999993,9.724550470730611e-07,1.2565012419576767e-06,55.3403916,10.680783199999993,4.015486e-08,12.342204669159228,-1.224113513,-1.224113513,-1.97895108,2.549113513,0,50,2,5,-2,3,2,8,8,35n,0,4n,8,75,50V_2A_75C
8.88596040954156e-07,2.159707793824577e-07,2.8404596670829433e-07,55.3405309,10.681061799999995,1.1045668203366138e-06,1.388612787044908e-06,55.3405309,10.681061799999995,4.015486e-08,12.34211897040168,-1.3698602000000015,-1.3698602000000015,-1.97895083,2.6948602000000017,0,50,2,5,-2,2,2,8,8,35n,0,4n,8,75,50V_2A_75C
1.1186189689921155e-06,2.1273599758851433e-07,2.9400711420029596e-07,52.7451922,5.4903843999999955,1.3313549665806298e-06,1.6253620807809259e-06,53.0451278,6.090255600000006,1.6054910000000064e-08,12.678365804429475,-1.4402849999999994,-1.4402849999999994,-1.84854922,2.7652849999999995,0,50,2,5,-2,1,2,8,8,15n,0,4n,8,75,50V_2A_75C
1.1258828544158118e-06,2.0975655158192283e-07,2.9510361168277e-07,55.3408348,10.681669600000006,1.3356394059977346e-06,1.6307430176805046e-06,55.3408348,10.681669600000006,3.021786000000014e-08,12.87317293877031,-1.4421163000000021,-1.4421163000000021,-1.98020599,2.7671163000000023,0,50,2,5,-2,1,2,8,8,25n,0,4n,8,75,50V_2A_75C
1.1226358416749363e-06,2.1597355711997706e-07,2.840456582726825e-07,55.3408348,10.681669600000006,1.3386093987949135e-06,1.622655057067596e-06,55.3408348,10.681669600000006,4.015486e-08,12.34193721576257,-1.4412301999999997,-1.4412301999999997,-1.97895021,2.7662302,0,50,2,5,-2,1,2,8,8,35n,0,4n,8,75,50V_2A_75C
7.264044885616374e-07,2.1546952030607558e-07,2.60440186527756e-07,53.111534,6.223067999999999,9.41874008867713e-07,1.202314195395469e-06,53.111534,6.223067999999999,2.5653399999999967e-08,12.485521671526735,0.7645383999999957,0.7645383999999957,0.0118230268,0.5604616000000042,0,50,2,5,0,1,2,8,8,25n,0,4n,8,75,50V_2A_75C
2.950372067372725e-07,2.1122572403014095e-07,2.025495345360909e-07,53.0948689,6.189737800000002,5.062629307674135e-07,7.088124653035044e-07,53.1019167,6.203833399999994,1.625189999999996e-08,11.776740788388903,3.8131064199999987,3.8131064199999987,0.0103071588,-2.4881064199999985,1,50,2,5,0,8,8,8,1,15n,0,4n,8,75,50V_2A_75C
2.1904187430250255e-07,2.1107863636737096e-07,2.385095998061882e-07,52.9914385,5.982877000000002,4.301205106698735e-07,6.686301104760617e-07,52.9948228,5.989645600000004,1.586052000000007e-08,11.741770462511113,2.0157454,2.0157454,0.00920585441,-0.6907454000000002,1,50,2,5,0,8,8,8,4,15n,0,4n,8,75,50V_2A_75C
2.214398718924021e-07,2.109648926999614e-07,2.4541941904683377e-07,52.9408406,5.881681200000003,4.324047645923635e-07,6.778241836391973e-07,52.9408406,5.881681200000003,1.5658120000000032e-08,11.727117687499534,1.2376302799999994,1.2376302799999994,0.00859687044,0.08736972000000054,0,50,2,5,0,8,8,8,8,15n,0,4n,8,75,50V_2A_75C
7.560401078934837e-07,2.151898297846775e-07,2.0741779973701215e-07,30.6633754,-38.6732492,9.712299376781612e-07,1.1786477374151735e-06,64.3820475,28.764094999999998,4.505500000000003e-08,14.91469817335848,-1.1546841000000008,-1.1546841000000008,-1.19138289,2.4046841000000008,0,50,2,5,-2,4,2,8,8,10n,0,4n,8,125,50V_2A_125C
8.392287230459794e-07,2.1518967974291805e-07,2.0741438979694367e-07,30.6627788,-38.6744424,1.0544184027888975e-06,1.2618327925858413e-06,64.3826172,28.7652344,4.505500000000003e-08,14.91485304063858,-1.19136434,-1.2581415000000007,-1.19136434,2.44136434,0,50,2,5,-2,3,2,8,8,10n,0,4n,8,125,50V_2A_125C
9.62128639110805e-07,2.1518942322156514e-07,2.0740843929163549e-07,30.6617352,-38.6765296,1.17731806233237e-06,1.3847265016240055e-06,64.3836179,28.76723580000001,4.505500000000003e-08,14.915127557518462,-1.19133143,-1.3877837,-1.19133143,2.44133143,0,50,2,5,-2,2,2,8,8,10n,0,4n,8,125,50V_2A_125C
1.1741474597799657e-06,2.151929657233264e-07,2.073511457050738e-07,30.6593125,-38.681375,1.3893404255032921e-06,1.596691571208366e-06,64.3859637,28.77192740000001,4.505500000000003e-08,14.915784525584966,-1.19125251,-1.4604802000000028,-1.19125251,2.44125251,0,50,2,5,-2,1,2,8,8,10n,0,4n,8,125,50V_2A_125C
4.3025669969808314e-07,2.61464231361818e-07,9.848310985267006e-08,12.3388842,-75.3222316,6.917209310599012e-07,7.902040409125713e-07,80.5962342,61.192468399999996,5.720502000000006e-08,22.310053206001392,1.61073358,1.0362690999999984,1.61073358,-0.36073358,1,50,2,5,0,4,2,8,8,10n,0,4n,8,125,50V_2A_125C
3.0085781095755656e-07,3.601876408477346e-07,5.338525294017805e-09,0.599974628,-98.800050744,6.610454518052912e-07,6.66383977099309e-07,103.602118,107.204236,6.014471000000005e-08,29.388347634010294,0.899597392,0.49331350000000107,0.899597392,0.350402608,0,50,2,5,0,8,2,8,4,5n,1,4n,8,125,50V_2A_125C
5.727168896782798e-07,2.1516631192984664e-07,2.0013234303408067e-07,30.6675229,-38.6649542,7.878832016081265e-07,9.880155446422072e-07,64.3731697,28.74633940000001,4.505500000000003e-08,14.910418619189493,-0.5767266000000006,-0.5767266000000006,-1.19207535,1.8267266000000006,0,50,2,5,-2,8,2,8,4,10n,0,4n,8,125,50V_2A_125C
2.894845285884158e-07,3.6019212037641854e-07,9.858938411623331e-09,0.599971732,-98.800056536,6.496766489648344e-07,6.595355873764577e-07,103.602298,107.204596,6.014450999999996e-08,29.388318300397433,0.899596526,0.5910867,0.899596526,0.35040347400000005,0,50,2,5,0,8,2,8,8,5n,1,4n,8,125,50V_2A_125C
5.477206839029397e-07,2.1519008519533697e-07,2.0737997074410398e-07,30.6643759,-38.6712482,7.629107690982767e-07,9.702907398423806e-07,64.3810951,28.762190199999992,4.505500000000003e-08,14.914441067271827,-0.8805800500000007,-0.8805800500000007,-1.19141363,2.1305800500000007,0,50,2,5,-2,8,2,8,8,10n,0,4n,8,125,50V_2A_125C
2.7966627957096264e-07,2.110590213028549e-07,2.359095636498459e-07,52.8964452,5.7928904000000045,4.907253008738175e-07,7.266348645236634e-07,52.8964452,5.7928904000000045,1.5523230000000093e-08,11.712945983259296,0.7108162,0.7108162,0.00436663468,0.5391838,0,50,2,5,0,8,8,8,1,15n,1,4n,8,125,50V_2A_125C
2.895078541317782e-07,2.340099292105182e-07,7.105110653162135e-08,11.2189615,-77.562077,5.235177833422964e-07,5.945688898739177e-07,85.1603524,70.32070479999999,5.609175000000012e-08,21.65980500519848,0.5910481999999995,0.5910481999999995,0.259303737,0.6589518000000005,0,50,2,5,0,8,8,8,8,5n,1,4n,8,125,50V_2A_125C
6.374023780955791e-07,2.1518999668975216e-07,2.073779922117266e-07,30.6640304,-38.6719392,8.525923747853312e-07,1.0599703669970578e-06,64.3814237,28.762847400000002,4.505500000000003e-08,14.91452958880511,-0.9912580999999996,-0.9912580999999996,-1.19140306,2.2412580999999996,0,50,2,5,-2,6,2,8,8,10n,0,4n,8,125,50V_2A_125C
6.631808462683937e-07,2.151662230278572e-07,2.0013041874516195e-07,30.6671771,-38.6656458,8.783470692962508e-07,1.0784774880414127e-06,64.3734985,28.746996999999993,4.505500000000003e-08,14.910507323381788,-0.7014202999999988,-0.7014202999999988,-1.19206479,1.9514202999999988,0,50,2,5,-2,6,2,8,4,10n,0,4n,8,125,50V_2A_125C
7.834015916473934e-07,2.1516605545297567e-07,2.0019197591581357e-07,30.6665214,-38.6669572,9.98567647100369e-07,1.1987596230161826e-06,64.3741229,28.748245800000003,4.505500000000003e-08,14.910676280269339,-0.7074439999999989,-0.7074439999999989,-1.19204464,1.9574439999999989,0,50,2,5,-2,4,2,8,4,10n,0,4n,8,125,50V_2A_125C
8.661388860114315e-07,2.151659049957545e-07,2.0018865700689574e-07,30.6659242,-38.6681516,1.081304791007186e-06,1.2814934480140818e-06,64.3746931,28.749386200000004,4.505500000000003e-08,14.910831468800101,-0.7187076999999995,-0.7187076999999995,-1.19202612,1.9687076999999995,0,50,2,5,-2,3,2,8,4,10n,0,4n,8,125,50V_2A_125C
9.839919552296892e-07,2.1516564730743196e-07,2.0011766169553672e-07,30.6648799,-38.6702402,1.1991576025371212e-06,1.3992752642326579e-06,64.3756945,28.75138899999999,4.505500000000003e-08,14.911106489698641,-0.7566437000000015,-0.7566437000000015,-1.19199325,2.0066437000000015,0,50,2,5,-2,2,2,8,4,10n,0,4n,8,125,50V_2A_125C
1.1782629850671404e-06,2.1516915884515254e-07,2.0016946976524268e-07,30.6624564,-38.6750872,1.393432143912293e-06,1.5936016136775356e-06,64.3780409,28.7560818,4.505500000000003e-08,14.911764397115824,-0.8907679000000002,-0.8907679000000002,-1.19191447,2.1407679,0,50,2,5,-2,1,2,8,4,10n,0,4n,8,125,50V_2A_125C
7.604421466391743e-07,2.614934834712962e-07,9.846466069838691e-08,12.336263,-75.327474,1.0219356301104704e-06,1.1204002908088573e-06,80.5983203,61.196640599999995,5.720502000000006e-08,22.310948185714267,1.61084266,0.7392304999999979,1.61084266,-0.3608426600000001,1,50,2,5,0,1,2,8,8,10n,0,4n,8,125,50V_2A_125C
5.969571318570325e-07,2.6147377476754743e-07,9.847602777671757e-08,12.3378824,-75.3242352,8.584309066245799e-07,9.569069344012974e-07,80.5970418,61.19408359999999,5.720502000000006e-08,22.31039650312085,1.61077372,0.8880624000000026,1.61077372,-0.3607737200000001,1,50,2,5,0,2,2,8,8,10n,0,4n,8,125,50V_2A_125C
4.985458382015887e-07,2.614676102010713e-07,9.848056518796829e-08,12.3385271,-75.3229458,7.6001344840266e-07,8.584940135906282e-07,80.5965237,61.19304740000001,5.720502000000006e-08,22.31017579046155,1.61074764,0.9732041000000002,1.61074764,-0.36074764000000004,1,50,2,5,0,3,2,8,8,10n,0,4n,8,125,50V_2A_125C
5.513095356444754e-07,2.1314666481529054e-07,2.943962493071441e-07,52.7594208,5.518841600000002,7.644562004597659e-07,1.05885244976691e-06,53.0439381,6.087876199999996,1.6054910000000064e-08,12.66952840749452,-0.8870717199999998,-0.8870717199999998,-1.85061371,2.13707172,0,50,2,5,-2,8,2,8,8,15n,0,4n,8,125,50V_2A_125C
6.414177017848256e-07,2.1314658787435908e-07,2.943955474432816e-07,52.7593614,5.518722800000006,8.545642896591847e-07,1.1489598371024662e-06,53.0439309,6.087861799999998,1.6054910000000064e-08,12.66949493934537,-0.9969017999999998,-0.9969017999999998,-1.85061001,2.2469018,0,50,2,5,-2,6,2,8,8,15n,0,4n,8,125,50V_2A_125C
5.495672799126027e-07,2.1033572106897586e-07,2.956069067622604e-07,55.3952938,10.790587599999995,7.599030009815786e-07,1.055509907743839e-06,55.3952938,10.790587599999995,3.0317639999999985e-08,12.85394468969512,-0.8870066600000008,-0.8870066600000008,-1.98031352,2.137006660000001,0,50,2,5,-2,8,2,8,8,25n,0,4n,8,125,50V_2A_125C
6.390934832974668e-07,2.10335653322835e-07,2.9560675234301346e-07,55.3953447,10.790689400000005,8.494291366203018e-07,1.1450358889633153e-06,55.3953447,10.790689400000005,3.0317639999999985e-08,12.853913131241129,-0.998415399999999,-0.998415399999999,-1.98031371,2.248415399999999,0,50,2,5,-2,6,2,8,8,25n,0,4n,8,125,50V_2A_125C
7.588009667963145e-07,2.1314644309881946e-07,2.943942300532091e-07,52.7592482,5.518496400000004,9.71947409895134e-07,1.266341639948343e-06,53.0439167,6.087833399999994,1.6054910000000064e-08,12.669432171530378,-1.1590434999999992,-1.1590434999999992,-1.85060293,2.4090434999999992,0,50,2,5,-2,4,2,8,8,15n,0,4n,8,125,50V_2A_125C
8.413887337182919e-07,2.131463131245766e-07,2.94393051549034e-07,52.759144,5.518287999999997,1.0545350468428684e-06,1.3489280983919024e-06,53.0439026,6.0878052000000045,1.6054910000000064e-08,12.669376153308102,-1.2621949999999984,-1.2621949999999984,-1.85059643,2.5121949999999984,0,50,2,5,-2,3,2,8,8,15n,0,4n,8,125,50V_2A_125C
7.577729000684423e-07,2.1033552600425246e-07,2.9560647123919744e-07,55.3954404,10.790880799999995,9.681084260726949e-07,1.2637148973118924e-06,55.3954404,10.790880799999995,3.0317639999999985e-08,12.85385401880802,-1.163657999999998,-1.163657999999998,-1.98031406,2.413657999999998,0,50,2,5,-2,4,2,8,8,25n,0,4n,8,125,50V_2A_125C
5.516820415449547e-07,2.162545253209237e-07,2.8431207380350894e-07,55.3952938,10.790587599999995,7.679365668658783e-07,1.0522486406693874e-06,55.3952938,10.790587599999995,4.0154849999999963e-08,12.3226335967719,-0.8838121300000008,-0.8838121300000008,-1.98007529,2.133812130000001,0,50,2,5,-2,8,2,8,8,35n,0,4n,8,125,50V_2A_125C
9.650217318200783e-07,2.1033525898797364e-07,2.9560587204571177e-07,55.3956741,10.791348200000002,1.175356990808052e-06,1.4709628628537636e-06,55.3956741,10.791348200000002,3.031762999999995e-08,12.853713072165295,-1.4005082000000009,-1.4005082000000009,-1.9803149,2.650508200000001,0,50,2,5,-2,2,2,8,8,25n,0,4n,8,125,50V_2A_125C
8.413618492144286e-07,2.1625414448348232e-07,2.843116546402485e-07,55.3955266,10.791053199999991,1.0576159936979108e-06,1.3419276483381594e-06,55.3955266,10.791053199999991,4.0154849999999963e-08,12.32248627941695,-1.2636468,-1.2636468,-1.98007514,2.5136468,0,50,2,5,-2,3,2,8,8,35n,0,4n,8,125,50V_2A_125C
9.635175752870244e-07,2.1625390672378116e-07,2.8431145270998885e-07,55.3956741,10.791348200000002,1.1797714820108056e-06,1.4640829347207944e-06,55.3956741,10.791348200000002,4.0154849999999963e-08,12.322394820411784,-1.3978675000000003,-1.3978675000000003,-1.98007499,2.6478675000000003,0,50,2,5,-2,2,2,8,8,35n,0,4n,8,125,50V_2A_125C
1.174886199912471e-06,2.1314971643544405e-07,2.943867445632194e-07,52.7585119,5.517023800000004,1.3880359163479151e-06,1.6824226609111345e-06,53.0437939,6.087587799999994,1.6054910000000064e-08,12.669079177130726,-1.457129499999997,-1.457129499999997,-1.85055766,2.707129499999997,0,50,2,5,-2,1,2,8,8,15n,0,4n,8,125,50V_2A_125C
6.408473990794763e-07,2.1625444177979903e-07,2.843119752463464e-07,55.3953447,10.790689400000005,8.571018408592753e-07,1.1414138161056218e-06,55.3953447,10.790689400000005,4.0154849999999963e-08,12.322601190405345,-0.9941123000000012,-0.9941123000000012,-1.98007527,2.244112300000001,0,50,2,5,-2,6,2,8,8,35n,0,4n,8,125,50V_2A_125C
8.411747504696459e-07,2.103354122247241e-07,2.9560623405503145e-07,55.3955266,10.791053199999991,1.05151016269437e-06,1.3471163967494013e-06,55.3955266,10.791053199999991,3.0317639999999985e-08,12.853801362943937,-1.2687878999999995,-1.2687878999999995,-1.98031436,2.5187878999999995,0,50,2,5,-2,3,2,8,8,25n,0,4n,8,125,50V_2A_125C
9.62811029861815e-07,2.131460916901543e-07,2.943910524801758e-07,52.7589587,5.517917400000001,1.1759571215519693e-06,1.470348174032145e-06,53.0438749,6.0877497999999965,1.6054910000000064e-08,12.669281436031644,-1.3948532,-1.3948532,-1.85058494,2.6448532,0,50,2,5,-2,2,2,8,8,15n,0,4n,8,125,50V_2A_125C
7.587862033579223e-07,2.1625428484695195e-07,2.8431179836536236e-07,55.3954404,10.790880799999995,9.750404882048743e-07,1.2593522865702367e-06,55.3954404,10.790880799999995,4.0154849999999963e-08,12.322540448563942,-1.1583131000000009,-1.1583131000000009,-1.98007521,2.408313100000001,0,50,2,5,-2,4,2,8,8,35n,0,4n,8,125,50V_2A_125C
1.180968861638088e-06,2.1033894832045685e-07,2.9560531773498054e-07,55.3959995,10.791999000000006,1.3913078099585448e-06,1.6869131276935253e-06,55.3959995,10.791999000000006,3.031762999999995e-08,12.853525321465133,-1.4592860999999964,-1.4592860999999964,-1.98031622,2.7092860999999964,0,50,2,5,-2,1,2,8,8,25n,0,4n,8,125,50V_2A_125C
1.1781385438761467e-06,2.1625750167202333e-07,2.8431124898433504e-07,55.3959995,10.791999000000006,1.39439604554817e-06,1.678707294532505e-06,55.3959995,10.791999000000006,4.0154849999999963e-08,12.32220024820291,-1.4583795999999971,-1.4583795999999971,-1.98007456,2.708379599999997,0,50,2,5,-2,1,2,8,8,35n,0,4n,8,125,50V_2A_125C
7.591199077933536e-07,2.1654506053658324e-07,2.607682465183913e-07,53.1656469,6.331293799999997,9.75664968329937e-07,1.2364332148483282e-06,53.1656469,6.331293799999997,2.5677739999999957e-08,12.491280939181058,0.7381279000000021,0.7381279000000021,0.011159307,0.5118720999999979,0,50,2,5,0,1,2,8,8,25n,0,4n,8,125,50V_2A_125C
3.643083185318918e-07,2.1145720012170225e-07,2.0345018533996225e-07,53.0907555,6.181511,5.75765518653594e-07,7.792157039935563e-07,53.0984721,6.196944200000005,1.635771000000008e-08,11.775353797335324,3.781993999999999,3.781993999999999,0.0102679178,-2.531993999999999,1,50,2,5,0,8,8,8,1,15n,0,4n,8,125,50V_2A_125C
2.744482175374697e-07,2.1132127338018767e-07,2.3908541045582584e-07,52.9811,5.962199999999996,4.857694909176573e-07,7.248549013734831e-07,52.9846361,5.969272200000006,1.590781000000009e-08,11.738763553820895,1.983163900000001,1.983163900000001,0.00885435542,-0.733163900000001,1,50,2,5,0,8,8,8,4,15n,0,4n,8,125,50V_2A_125C
2.772446226164489e-07,2.112192908951394e-07,2.45972996358869e-07,52.9277298,5.855459600000004,4.884639135115883e-07,7.344369098704573e-07,52.9277298,5.855459600000004,1.565726000000009e-08,11.723468024049383,1.2162968999999997,1.2162968999999997,0.00814710186,0.03370310000000032,0,50,2,5,0,8,8,8,8,15n,0,4n,8,125,50V_2A_125C
4.6916813857035364e-07,2.7410399909537983e-07,2.456009814134982e-07,34.514576,-30.970848000000004,7.432721376657335e-07,9.888731190792316e-07,60.4621354,20.924270800000002,5.227018999999998e-08,16.57558087577771,1.27409454,1.0120781,1.27409454,0.1259054599999998,0,50,5,5,0,4,2,8,8,10n,0,4n,8,25,50V_5A_25C
3.1349147514385604e-07,2.713252132759889e-07,1.3775945471704794e-08,2.03743804,-95.92512392,5.848166884198449e-07,5.985926338915496e-07,95.5019114,91.0038228,7.557094e-08,27.902064531182297,0.974815412,0.5638596200000006,0.974815412,0.4251845879999999,0,50,5,5,0,8,2,8,4,5n,1,4n,8,25,50V_5A_25C
4.5437201456059776e-07,2.2909913685856278e-07,3.314356256375567e-07,60.7840031,21.5680062,6.834711514191606e-07,1.0149067770567173e-06,60.7840031,21.5680062,4.0658169999999974e-08,14.72692611866793,-0.3622939599999997,-0.3622939599999997,-1.51913009,1.7622939599999996,0,50,5,5,-2,8,2,8,4,10n,0,4n,8,25,50V_5A_25C
2.609658059998385e-07,2.7133316985515567e-07,2.9759651887180295e-08,2.03742784,-95.92514432,5.322989758549942e-07,5.620586277421744e-07,95.5033226,91.00664520000001,7.557102000000008e-08,27.902300609215274,0.974812737,0.6630348699999988,0.974812737,0.42518726299999987,0,50,5,5,0,8,2,8,8,5n,1,4n,8,25,50V_5A_25C
4.7595816394940894e-07,2.2901116459702175e-07,3.473607713536215e-07,60.7491247,21.498249400000006,7.049693285464306e-07,1.0523300999000522e-06,60.7491247,21.498249400000006,3.700707000000005e-08,14.713351600282461,-0.8349157499999995,-0.8349157499999995,-1.51973387,2.2349157499999994,0,50,5,5,-2,8,2,8,8,10n,0,4n,8,25,50V_5A_25C
2.8923129008292153e-07,2.1799793429264686e-07,2.1569815353663415e-07,60.3133384,20.6266768,5.072292243755684e-07,7.229273779122026e-07,60.3133384,20.6266768,4.696876000000011e-08,11.750660312612165,0.7677745300000005,0.7677745300000005,0.0154550445,0.6322254699999994,0,50,5,5,0,8,8,8,1,15n,1,4n,8,25,50V_5A_25C
8.869108321169109e-07,2.2909032312242797e-07,3.314349104747782e-07,60.7836833,21.5673666,1.116001155239339e-06,1.4474360657141171e-06,60.7836833,21.5673666,4.0658169999999974e-08,14.726909140891282,-0.5977548999999982,-0.5977548999999982,-1.51912677,1.9977548999999981,0,50,5,5,-2,3,2,8,4,10n,0,4n,8,25,50V_5A_25C
1.0933824537212157e-06,2.290866265113052e-07,3.3143449574473916e-07,60.7834691,21.566938199999996,1.3224690802325208e-06,1.65390357597726e-06,60.7834691,21.566938199999996,4.065818000000001e-08,14.72689983410294,-0.653236800000002,-0.653236800000002,-1.51912426,2.053236800000002,0,50,5,5,-2,2,2,8,4,10n,0,4n,8,25,50V_5A_25C
1.5115305893179012e-06,2.290701559095082e-07,3.314336653411272e-07,60.7829362,21.565872400000003,1.7406007452274092e-06,2.0720344105685365e-06,60.7829362,21.565872400000003,4.065818000000001e-08,14.726888694501966,-0.7807754999999972,-0.7807754999999972,-1.51911718,2.180775499999997,0,50,5,5,-2,1,2,8,4,10n,0,4n,8,25,50V_5A_25C
1.0913781430277027e-06,2.740978856258189e-07,2.455847643128818e-07,34.5112426,-30.977514799999994,1.3654760286535217e-06,1.6110607929664034e-06,60.4642112,20.928422400000002,5.227018999999998e-08,16.575897104428446,1.27411354,0.808879000000001,1.27411354,0.1258864599999998,0,50,5,5,0,1,2,8,8,10n,0,4n,8,25,50V_5A_25C
1.125604008317794e-06,2.2899866660753044e-07,3.473590618984737e-07,60.7485895,21.497179000000003,1.3546026749253245e-06,1.7019617368237983e-06,60.7485895,21.497179000000003,3.700707000000005e-08,14.71332929564196,-1.257707029,-1.257707029,-1.5197279,2.657707029,0,50,5,5,-2,2,2,8,8,10n,0,4n,8,25,50V_5A_25C
1.5389953275372521e-06,2.2898254722223636e-07,3.4735765929799925e-07,60.7480545,21.496109000000004,1.7679778747594885e-06,2.115335534057488e-06,60.7480545,21.496109000000004,3.700707000000005e-08,14.713321335128741,-1.4008094,-1.4008094,-1.51972066,2.8008094,0,50,5,5,-2,1,2,8,8,10n,0,4n,8,25,50V_5A_25C
5.765263808624761e-07,2.2909720057525246e-07,3.3143546731419637e-07,60.7839351,21.5678702,8.056235814377286e-07,1.1370590487519249e-06,60.7839351,21.5678702,4.0658169999999974e-08,14.726922214378364,-0.5025336000000014,-0.5025336000000014,-1.51912942,1.9025336000000013,0,50,5,5,-2,6,2,8,4,10n,0,4n,8,25,50V_5A_25C
7.546211848398321e-07,2.2909337350197105e-07,3.314351691242776e-07,60.783804,21.56760800000001,9.837145583418033e-07,1.315149727466081e-06,60.783804,21.56760800000001,4.0658169999999974e-08,14.726915020678076,-0.5659099999999988,-0.5659099999999988,-1.51912808,1.9659099999999987,0,50,5,5,-2,4,2,8,4,10n,0,4n,8,25,50V_5A_25C
2.610055318467074e-07,2.1772107551476037e-07,2.0176134006885858e-07,34.9139926,-30.172014799999996,4.787266073614677e-07,6.804879474303263e-07,62.3309343,24.661868600000005,5.1117170000000055e-08,11.793594849851239,0.6629955600000006,0.6629955600000006,0.128558625,0.7370044399999993,0,50,5,5,0,8,8,8,8,5n,1,4n,8,25,50V_5A_25C
6.031902245578461e-07,2.2900923218957527e-07,3.4736053894277504e-07,60.7490566,21.498113200000006,8.321994567474213e-07,1.1795599956901963e-06,60.7490566,21.498113200000006,3.700707000000005e-08,14.713348070336181,-0.922393196,-0.922393196,-1.51973319,2.322393196,0,50,5,5,-2,6,2,8,8,10n,0,4n,8,25,50V_5A_25C
7.858994884406597e-07,2.29005410683002e-07,3.4736009800706827e-07,60.7489253,21.497850600000007,1.0149048991236616e-06,1.3622649971307298e-06,60.7489253,21.497850600000007,3.700707000000005e-08,14.713341595323882,-1.021648005,-1.021648005,-1.51973181,2.4216480049999998,0,50,5,5,-2,4,2,8,8,10n,0,4n,8,25,50V_5A_25C
9.204535560677831e-07,2.290024423251229e-07,3.474428117913936e-07,60.7488042,21.497608400000004,1.149455998392906e-06,1.4968988101842997e-06,60.7488042,21.497608400000004,3.700707000000005e-08,14.71333638158874,-1.106914668,-1.106914668,-1.51973047,2.506914668,0,50,5,5,-2,3,2,8,8,10n,0,4n,8,25,50V_5A_25C
7.427656139338632e-07,2.740990718390616e-07,2.455950004756451e-07,34.5133677,-30.973264599999993,1.0168646857729248e-06,1.26245968624857e-06,60.4628879,20.925775799999997,5.227018999999998e-08,16.575692660011196,1.27410067,0.9067538000000006,1.27410067,0.12589932999999998,0,50,5,5,0,2,2,8,8,10n,0,4n,8,25,50V_5A_25C
5.742701427677415e-07,2.741021321821003e-07,2.4559887208039334e-07,34.514154,-30.971692000000004,8.483722749498418e-07,1.0939711470302351e-06,60.4623982,20.924796400000005,5.227018999999998e-08,16.575619397701598,1.27409654,0.9651085999999971,1.27409654,0.12590345999999997,0,50,5,5,0,3,2,8,8,10n,0,4n,8,25,50V_5A_25C
4.806148613697903e-07,2.3105551267439374e-07,3.3834512940752377e-07,62.8087391,25.617478199999997,7.11670374044184e-07,1.0500155034517078e-06,62.8087391,25.617478199999997,5.234751000000009e-08,15.692743252875687,-0.8151366800000002,-0.8151366800000002,-1.92111739,2.21513668,0,50,5,5,-2,8,2,8,8,15n,0,4n,8,25,50V_5A_25C
6.069585378226903e-07,2.3105386480020408e-07,3.383235156419509e-07,62.8086969,25.6173938,8.380124026228944e-07,1.1763359182648453e-06,62.8086969,25.6173938,5.234761000000003e-08,15.692732969880373,-0.922324699999999,-0.922324699999999,-1.92111673,2.322324699999999,0,50,5,5,-2,6,2,8,8,15n,0,4n,8,25,50V_5A_25C
4.761786102627734e-07,2.2812279453070646e-07,6.446136738715737e-07,62.8087391,25.617478199999997,7.043014047934799e-07,1.3489150786650536e-06,62.8087391,25.617478199999997,4.920478000000007e-08,15.524707118924491,-0.81189483,-0.81189483,-1.97178827,2.21189483,0,50,5,5,-2,8,2,8,8,25n,0,4n,8,25,50V_5A_25C
6.020691893383582e-07,2.2812085952982406e-07,6.446098762653612e-07,62.8086969,25.6173938,8.301900488681822e-07,1.4747999251335435e-06,62.8086969,25.6173938,4.920478000000007e-08,15.524705863159662,-0.9204802000000001,-0.9204802000000001,-1.97178795,2.3204802,0,50,5,5,-2,6,2,8,8,25n,0,4n,8,25,50V_5A_25C
7.87175433313181e-07,2.310501845005949e-07,3.38286372057697e-07,62.8086155,25.617231,1.0182256178137758e-06,1.3565119898714728e-06,62.8086155,25.617231,5.2347790000000046e-08,15.692712929537983,-1.022786365,-1.022786365,-1.9211154,2.422786365,0,50,5,5,-2,4,2,8,8,15n,0,4n,8,25,50V_5A_25C
9.190964125658276e-07,2.3104763915532885e-07,3.3824627105708984e-07,62.8085408,25.617081600000006,1.1501440517211565e-06,1.4883903227782463e-06,62.8085408,25.617081600000006,5.234797000000006e-08,15.692694493833311,-1.1080523549999999,-1.1080523549999999,-1.92111411,2.508052355,0,50,5,5,-2,3,2,8,8,15n,0,4n,8,25,50V_5A_25C
7.828716486450115e-07,2.2811703294189673e-07,6.446025523844218e-07,62.8086155,25.617231,1.0109886815869081e-06,1.6555912339713299e-06,62.8086155,25.617231,4.920478000000007e-08,15.524703901742415,-1.023285282,-1.023285282,-1.9717873,2.423285282,0,50,5,5,-2,4,2,8,8,25n,0,4n,8,25,50V_5A_25C
4.79908070309069e-07,2.3519106652730327e-07,1.0914232962914895e-06,62.8087391,25.617478199999997,7.150991368363723e-07,1.8065224331278617e-06,62.8087391,25.617478199999997,6.410517000000006e-08,15.27285348902651,-0.80982515,-0.80982515,-1.96011031,2.20982515,0,50,5,5,-2,8,2,8,8,35n,0,4n,8,25,50V_5A_25C
6.056207000583778e-07,2.3518914634203397e-07,1.0914178586229796e-06,62.8086969,25.6173938,8.408098464004117e-07,1.9322277050233916e-06,62.8086969,25.6173938,6.410517000000006e-08,15.272847353885245,-0.9178968999999988,-0.9178968999999988,-1.96011058,2.3178968999999987,0,50,5,5,-2,6,2,8,8,35n,0,4n,8,25,50V_5A_25C
9.165015785881809e-07,2.2811406028766264e-07,6.445958129950761e-07,62.8085408,25.617081600000006,1.1446156388758435e-06,1.7892114518709196e-06,62.8085408,25.617081600000006,4.920478000000007e-08,15.52470313823695,-1.108206095,-1.108206095,-1.97178666,2.508206095,0,50,5,5,-2,3,2,8,8,25n,0,4n,8,25,50V_5A_25C
1.1199080220197727e-06,2.310443674333143e-07,3.3823039536683073e-07,62.8084085,25.616816999999998,1.350952389453087e-06,1.6891827848199178e-06,62.8084085,25.616816999999998,5.234829999999999e-08,15.692664704183153,-1.2562707579999999,-1.2562707579999999,-1.92111165,2.656270758,0,50,5,5,-2,2,2,8,8,15n,0,4n,8,25,50V_5A_25C
7.853865855442253e-07,2.3518534881372408e-07,1.091407375231552e-06,62.8086155,25.617231,1.0205719343579494e-06,2.1119793095895016e-06,62.8086155,25.617231,6.410517000000006e-08,15.272835873950946,-1.022422661,-1.022422661,-1.96011108,2.4224226609999997,0,50,5,5,-2,4,2,8,8,35n,0,4n,8,25,50V_5A_25C
1.1223973303793627e-06,2.2811027702678926e-07,6.445838845700273e-07,62.8084085,25.616816999999998,1.3505076074061519e-06,1.995091491976179e-06,62.8084085,25.616816999999998,4.920478000000007e-08,15.524704761829602,-1.257247328,-1.257247328,-1.97178544,2.657247328,0,50,5,5,-2,2,2,8,8,25n,0,4n,8,25,50V_5A_25C
9.175248534421537e-07,2.3518240363731415e-07,1.09139774256824e-06,62.8085408,25.617081600000006,1.1527072570794677e-06,2.2441049996477077e-06,62.8085408,25.617081600000006,6.410517000000006e-08,15.272826118365572,-1.107829267,-1.107829267,-1.96011154,2.507829267,0,50,5,5,-2,3,2,8,8,35n,0,4n,8,25,50V_5A_25C
1.1201568355419813e-06,2.3517867149283812e-07,1.0913807183587737e-06,62.8084085,25.616816999999998,1.3553355070348195e-06,2.446716225393593e-06,62.8084085,25.616816999999998,6.410517000000006e-08,15.27281115517813,-1.256365123,-1.256365123,-1.96011236,2.6563651229999996,0,50,5,5,-2,2,2,8,8,35n,0,4n,8,25,50V_5A_25C
1.5373528561241792e-06,2.310297521048998e-07,3.3828900254643633e-07,62.8080813,25.6161626,1.768382608229079e-06,2.1066716107755152e-06,62.8080813,25.6161626,5.234920000000008e-08,15.692598037710585,-1.3990287000000023,-1.3990287000000023,-1.92110478,2.7990287000000023,0,50,5,5,-2,1,2,8,8,15n,0,4n,8,25,50V_5A_25C
1.5455532628971844e-06,2.2809413938812575e-07,6.445542740288844e-07,62.8080813,25.6161626,1.7736474022853102e-06,2.4182016763141947e-06,62.8080813,25.6161626,4.920478000000007e-08,15.524722189594735,-1.3998948999999996,-1.3998948999999996,-1.97178205,2.7998948999999995,0,50,5,5,-2,1,2,8,8,25n,0,4n,8,25,50V_5A_25C
1.5424232983733646e-06,2.3516267351642779e-07,1.09133860145799e-06,62.8080813,25.6161626,1.7775859718897924e-06,2.8689245733477823e-06,62.8080813,25.6161626,6.410517000000006e-08,15.272784376951176,-1.3989691000000022,-1.3989691000000022,-1.96011445,2.798969100000002,0,50,5,5,-2,1,2,8,8,35n,0,4n,8,25,50V_5A_25C
1.0878292849591868e-06,2.7047617944140727e-07,2.9891000181577253e-07,57.1524496,14.304899199999996,1.3583054644005942e-06,1.6572154662163667e-06,57.1524496,14.304899199999996,2.5391890000000018e-08,16.440287317454725,0.8069035000000007,0.8069035000000007,0.0152703441,0.5930964999999992,0,50,5,5,0,1,2,8,8,25n,0,4n,8,25,50V_5A_25C
4.016384758872011e-07,2.1750680833589402e-07,7.296629728959011e-08,62.4495902,24.899180400000006,6.191452842230951e-07,6.921115815126852e-07,62.4495902,24.899180400000006,4.7054879999999955e-08,12.23537116548566,3.9707676900000006,3.9707676900000006,0.036808018,-2.5707676900000007,1,50,5,5,0,8,8,8,1,15n,0,4n,8,25,50V_5A_25C
2.638864276942999e-07,2.1754501667523353e-07,2.1994927448461362e-07,60.4312011,20.862402200000005,4.814314443695335e-07,7.013807188541471e-07,60.4312011,20.862402200000005,4.700491999999999e-08,11.889130298024376,2.0835598599999994,2.0835598599999994,0.0346332157,-0.6835598599999995,1,50,5,5,0,8,8,8,4,15n,0,4n,8,25,50V_5A_25C
2.6529955959339885e-07,2.1767209899831092e-07,2.432415094667255e-07,60.3738588,20.7477176,4.829716585917098e-07,7.262131680584353e-07,60.3738588,20.7477176,4.6907800000000054e-08,11.791825734668254,1.16815918,1.16815918,0.0325852292,0.23184081999999995,0,50,5,5,0,8,8,8,8,15n,0,4n,8,25,50V_5A_25C
6.007257781373428e-07,2.7885399596979875e-07,2.63525754226728e-07,38.4855244,-23.02895119999999,8.795797741071415e-07,1.1431055283338695e-06,58.2348224,16.469644799999998,4.8023519999999986e-08,16.09683091888806,1.20899751,1.019969200000002,1.20899751,0.11600248999999985,0,50,5,5,0,4,2,8,8,10n,0,4n,8,75,50V_5A_75C
4.481512706155202e-07,2.558741583261263e-07,1.4233232633285381e-08,2.54615913,-94.90768174,7.040254289416465e-07,7.182586615749319e-07,92.5000457,85.0000914,7.546817000000011e-08,26.713217319363256,0.96698243,0.5320035000000001,0.96698243,0.35801757,0,50,5,5,0,8,2,8,4,5n,1,4n,8,75,50V_5A_75C
6.697491296465344e-07,2.3268928344746397e-07,3.3139013218493594e-07,60.7883166,21.576633200000007,9.024384130939984e-07,1.2338285452789343e-06,60.7883166,21.576633200000007,4.070783000000012e-08,14.612379142027589,-0.3731407900000008,-0.3731407900000008,-1.53238799,1.6981407900000007,0,50,5,5,-2,8,2,8,4,10n,0,4n,8,75,50V_5A_75C
3.8071181019443713e-07,2.558803042620927e-07,2.9672257534508182e-08,2.54614965,-94.9077007,6.365921144565299e-07,6.66264371991038e-07,92.5013353,85.00267059999999,7.546826000000001e-08,26.71359804468895,0.966979924,0.6583444499999995,0.966979924,0.35802007599999996,0,50,5,5,0,8,2,8,8,5n,1,4n,8,75,50V_5A_75C
7.008926627950469e-07,2.326050249538533e-07,3.485326985053469e-07,60.7538229,21.507645800000006,9.334976877489002e-07,1.2820303862542472e-06,60.7538229,21.507645800000006,4.0706280000000004e-08,14.594465202650213,-0.8557582000000004,-0.8557582000000004,-1.53308602,2.1807582000000005,0,50,5,5,-2,8,2,8,8,10n,0,4n,8,75,50V_5A_75C
4.0785394403643645e-07,2.1920839302999578e-07,2.1686299223149874e-07,60.2668778,20.533755600000003,6.270623370664322e-07,8.43925329297931e-07,60.2668778,20.533755600000003,4.314752000000007e-08,11.624443728723442,0.7218721000000006,0.7218721000000006,0.0143875138,0.6031278999999994,0,50,5,5,0,8,8,8,1,15n,1,4n,8,75,50V_5A_75C
3.8101778472956246e-07,2.1910640591743622e-07,2.0458738601703174e-07,35.6589717,-28.682056599999996,6.001241906469987e-07,8.047115766640304e-07,61.7916373,23.583274599999996,5.101859999999994e-08,11.550113120719551,0.6584410999999992,0.6584410999999992,0.126583322,0.6665589000000007,0,50,5,5,0,8,8,8,8,5n,1,4n,8,75,50V_5A_75C
8.215437239747113e-07,2.3260227420319216e-07,3.4853244941354414e-07,60.7537453,21.507490599999997,1.0541459981779034e-06,1.4026784475914475e-06,60.7537453,21.507490599999997,4.0706280000000004e-08,14.59446170103403,-0.9698317000000003,-0.9698317000000003,-1.53308508,2.2948317000000005,0,50,5,5,-2,6,2,8,8,10n,0,4n,8,75,50V_5A_75C
9.929859656203647e-07,2.3259683799806757e-07,3.484479168981896e-07,60.753598,21.507195999999993,1.2255828036184323e-06,1.5740307205166218e-06,60.753598,21.507195999999993,4.0706280000000004e-08,14.59445570134635,-1.1430741999999974,-1.1430741999999974,-1.53308323,2.4680741999999976,0,50,5,5,-2,4,2,8,8,10n,0,4n,8,75,50V_5A_75C
1.1190268876442941e-06,2.325926334376037e-07,3.4844752891165913e-07,60.7534644,21.506928799999997,1.3516195210818978e-06,1.700067049993557e-06,60.7534644,21.506928799999997,4.0706280000000004e-08,14.594451458464057,-1.2399306270000001,-1.2399306270000001,-1.53308143,2.564930627,0,50,5,5,-2,3,2,8,8,10n,0,4n,8,75,50V_5A_75C
1.3170436516309456e-06,2.3258730138919655e-07,3.485309796136678e-07,60.7532272,21.506454399999992,1.5496309530201421e-06,1.89816193263381e-06,60.7532272,21.506454399999992,4.0706280000000004e-08,14.594446771571768,-1.381144237,-1.381144237,-1.53307795,2.706144237,0,50,5,5,-2,2,2,8,8,10n,0,4n,8,75,50V_5A_75C
1.7198837848063107e-06,2.3256438746217783e-07,3.485296687106366e-07,60.7526258,21.505251599999994,1.9524481722684887e-06,2.3009778409791254e-06,60.7526258,21.505251599999994,4.0706280000000004e-08,14.594446727851135,-1.414670300000001,-1.414670300000001,-1.53306799,2.739670300000001,0,50,5,5,-2,1,2,8,8,10n,0,4n,8,75,50V_5A_75C
7.863193146486338e-07,2.3268654336682568e-07,3.3138997132457324e-07,60.7882392,21.5764784,1.0190058580154594e-06,1.3503958293400327e-06,60.7882392,21.5764784,4.070783000000012e-08,14.612375078525844,-0.5186758000000005,-0.5186758000000005,-1.53238707,1.8436758000000004,0,50,5,5,-2,6,2,8,4,10n,0,4n,8,75,50V_5A_75C
9.524914739241193e-07,2.3268113389323708e-07,3.31547185613806e-07,60.7880924,21.576184799999993,1.1851726078173562e-06,1.5167197934311621e-06,60.7880924,21.576184799999993,4.070783000000012e-08,14.612367997934326,-0.571669,-0.571669,-1.53238524,1.896669,0,50,5,5,-2,4,2,8,4,10n,0,4n,8,75,50V_5A_75C
1.0755388550657826e-06,2.3267683806064296e-07,3.313894445316927e-07,60.7879593,21.575918599999994,1.3082156931264257e-06,1.6396051376581184e-06,60.7879593,21.575918599999994,4.070783000000012e-08,14.61236274412975,-0.6018910999999996,-0.6018910999999996,-1.53238346,1.9268910999999995,0,50,5,5,-2,3,2,8,4,10n,0,4n,8,75,50V_5A_75C
1.2698848988148952e-06,2.3267118781876203e-07,3.313890896398068e-07,60.7877231,21.575446200000002,1.5025560866336573e-06,1.833945176273464e-06,60.7877231,21.575446200000002,4.070783000000012e-08,14.61235623314254,-0.6633850999999993,-0.6633850999999993,-1.53238001,1.9883850999999992,0,50,5,5,-2,2,2,8,4,10n,0,4n,8,75,50V_5A_75C
1.6777421973174117e-06,2.3264791758523666e-07,3.313884547901764e-07,60.7871249,21.574249800000004,1.9103901149026486e-06,2.241778569692825e-06,60.7871249,21.574249800000004,4.070783000000012e-08,14.612351404740597,-0.8104815999999992,-0.8104815999999992,-1.53237016,2.1354815999999994,0,50,5,5,-2,1,2,8,4,10n,0,4n,8,75,50V_5A_75C
1.2133785857240809e-06,2.7884635099020235e-07,2.635060047359841e-07,38.4808372,-23.038325599999993,1.492224936714283e-06,1.7557309414502671e-06,58.2367763,16.473552600000005,4.8023519999999986e-08,16.097049657205865,1.20903767,0.7904817000000008,1.20903767,0.11596232999999989,0,50,5,5,0,1,2,8,8,10n,0,4n,8,75,50V_5A_75C
8.693305511427068e-07,2.7884740970952785e-07,2.6351851746733025e-07,38.4838371,-23.032325799999995,1.1481779608522345e-06,1.4116964783195649e-06,58.2355213,16.471042600000004,4.8023519999999986e-08,16.096905690036095,1.20901098,0.907495100000002,1.20901098,0.11598902,0,50,5,5,0,2,2,8,8,10n,0,4n,8,75,50V_5A_75C
7.046919890268924e-07,2.788514882692405e-07,2.6352319439399273e-07,38.4849341,-23.030131800000007,9.83543477296133e-07,1.2470666716901256e-06,58.235066,16.470132000000007,4.8023519999999986e-08,16.096856258349916,1.20900201,0.9719529999999992,1.20900201,0.11599798999999988,0,50,5,5,0,3,2,8,8,10n,0,4n,8,75,50V_5A_75C
7.057317117992626e-07,2.3438503942488446e-07,3.3928265677073085e-07,62.8355446,25.671089199999997,9.401167512241471e-07,1.279399407994878e-06,62.8355446,25.671089199999997,5.247213000000004e-08,15.570874551700435,-0.8303371000000013,-0.8303371000000013,-1.93203195,2.1553371000000014,0,50,5,5,-2,8,2,8,8,15n,0,4n,8,75,50V_5A_75C
8.250550587917504e-07,2.3438228679994614e-07,3.392825294947207e-07,62.8354943,25.6709886,1.0594373455916966e-06,1.3987198750864173e-06,62.8354943,25.6709886,5.247213000000004e-08,15.570867845325465,-0.9435628000000005,-0.9435628000000005,-1.93203067,2.2685628000000007,0,50,5,5,-2,6,2,8,8,15n,0,4n,8,75,50V_5A_75C
7.021629014508482e-07,2.312884317268469e-07,6.69557522429341e-07,62.8355446,25.671089199999997,9.334513331776951e-07,1.603008855607036e-06,62.8355446,25.671089199999997,4.120475e-08,15.272202507501586,-0.8320514400000008,-0.8320514400000008,-1.97205736,2.157051440000001,0,50,5,5,-2,8,2,8,8,25n,0,4n,8,75,50V_5A_75C
8.215631666611369e-07,2.3128569861388947e-07,6.695526679349764e-07,62.8354943,25.6709886,1.0528488652750263e-06,1.7224015332100027e-06,62.8354943,25.6709886,4.120475e-08,15.272204407491712,-0.9461598999999996,-0.9461598999999996,-1.97205827,2.2711599,0,50,5,5,-2,6,2,8,8,25n,0,4n,8,75,50V_5A_75C
9.933673885690132e-07,2.3437685066160313e-07,3.392823024519112e-07,62.8353989,25.6707978,1.2277442392306163e-06,1.5670265416825275e-06,62.8353989,25.6707978,5.247213000000004e-08,15.570855777555465,-1.1158050999999993,-1.1158050999999993,-1.93202816,2.4408050999999995,0,50,5,5,-2,4,2,8,8,15n,0,4n,8,75,50V_5A_75C
1.1162177512219056e-06,2.3437263973669176e-07,3.392821217991481e-07,62.8353125,25.670625,1.3505903909585973e-06,1.6898725127577454e-06,62.8353125,25.670625,5.247213000000004e-08,15.570846056813686,-1.2271426999999981,-1.2271426999999981,-1.93202575,2.5521426999999983,0,50,5,5,-2,3,2,8,8,15n,0,4n,8,75,50V_5A_75C
9.906454460462569e-07,2.3128030009824547e-07,6.695434530556421e-07,62.8353989,25.6707978,1.2219257461445022e-06,1.8914691992001443e-06,62.8353989,25.6707978,4.120475e-08,15.272208966086001,-1.1217626000000003,-1.1217626000000003,-1.97206,2.4467626000000005,0,50,5,5,-2,4,2,8,8,25n,0,4n,8,75,50V_5A_75C
7.055335954669147e-07,2.3821832829698563e-07,1.1279424570535899e-06,62.8355446,25.671089199999997,9.437519237639003e-07,2.07169438081749e-06,62.8355446,25.671089199999997,6.415516000000014e-08,15.085621203305813,-0.8284032400000001,-0.8284032400000001,-1.95930756,2.1534032400000003,0,50,5,5,-2,8,2,8,8,35n,0,4n,8,75,50V_5A_75C
8.246096718521566e-07,2.3821561864831215e-07,1.127935536151853e-06,62.8354943,25.6709886,1.0628252905004688e-06,2.190760826652322e-06,62.8354943,25.6709886,6.415516000000014e-08,15.085618035634447,-0.9422192000000003,-0.9422192000000003,-1.95930778,2.2672192000000004,0,50,5,5,-2,6,2,8,8,35n,0,4n,8,75,50V_5A_75C
1.115148014625368e-06,2.3127612431825414e-07,6.695351025675785e-07,62.8353125,25.670625,1.3464241389436223e-06,2.015959241511201e-06,62.8353125,25.670625,4.120475e-08,15.272214823806483,-1.2355868999999977,-1.2355868999999977,-1.9720616,2.560586899999998,0,50,5,5,-2,3,2,8,8,25n,0,4n,8,75,50V_5A_75C
1.3099331345538482e-06,2.3436730262305415e-07,3.392818628472879e-07,62.8351599,25.6703198,1.5443004371769024e-06,1.8835823000241902e-06,62.8351599,25.6703198,5.247213000000004e-08,15.570831738461745,-1.3707598999999995,-1.3707598999999995,-1.9320212,2.6957598999999997,0,50,5,5,-2,2,2,8,8,15n,0,4n,8,75,50V_5A_75C
9.926315419690891e-07,2.3821026559930558e-07,1.127922410492527e-06,62.8353989,25.6707978,1.2308418075683948e-06,2.3587642180609218e-06,62.8353989,25.6707978,6.415516000000014e-08,15.085612823728894,-1.1159408999999982,-1.1159408999999982,-1.95930817,2.4409408999999984,0,50,5,5,-2,4,2,8,8,35n,0,4n,8,75,50V_5A_75C
1.7246033701968345e-06,2.312481024817334e-07,6.694828128397843e-07,62.834775,25.66955,1.9558514726785678e-06,2.625334285518352e-06,62.834775,25.66955,4.120475e-08,15.272283499904901,-1.4151495999999995,-1.4151495999999995,-1.97207235,2.7401495999999996,0,50,5,5,-2,1,2,8,8,25n,0,4n,8,75,50V_5A_75C
1.7225589327851762e-06,2.3817840970336912e-07,1.127836512985274e-06,62.834775,25.66955,1.960737342488545e-06,3.0885738554738193e-06,62.834775,25.66955,6.415516000000014e-08,15.085615939320355,-1.4145062999999993,-1.4145062999999993,-1.9593107,2.7395062999999995,0,50,5,5,-2,1,2,8,8,35n,0,4n,8,75,50V_5A_75C
1.2111227199356068e-06,2.7610425581588545e-07,2.997013969115789e-07,57.0792676,14.158535200000003,1.4872269757514923e-06,1.7869283726630712e-06,57.0792676,14.158535200000003,2.5193650000000034e-08,16.365036749976205,0.7916517999999968,0.7916517999999968,0.0232310931,0.5333482000000032,0,50,5,5,0,1,2,8,8,25n,0,4n,8,75,50V_5A_75C
6.048573321067228e-07,2.1910450425847825e-07,7.024154719196278e-08,62.4879851,24.975970200000006,8.23961836365201e-07,8.942033835571638e-07,62.4879851,24.975970200000006,4.695486000000009e-08,12.09625892426505,3.9856040999999998,3.9856040999999998,0.0336825884,-2.6606040999999996,1,50,5,5,0,8,8,8,1,15n,0,4n,8,75,50V_5A_75C
1.312899458644635e-06,2.312708524207491e-07,6.695202906258955e-07,62.8351599,25.6703198,1.5441703110653841e-06,2.2136906016912794e-06,62.8351599,25.6703198,4.120475e-08,15.272229384350267,-1.3798193999999988,-1.3798193999999988,-1.97206453,2.704819399999999,0,50,5,5,-2,2,2,8,8,25n,0,4n,8,75,50V_5A_75C
1.1157329494543285e-06,2.38206132705954e-07,1.127910533079185e-06,62.8353125,25.670625,1.3539390821602825e-06,2.4818496152394674e-06,62.8353125,25.670625,6.415516000000014e-08,15.08560954969741,-1.2291649000000007,-1.2291649000000007,-1.95930852,2.554164900000001,0,50,5,5,-2,3,2,8,8,35n,0,4n,8,75,50V_5A_75C
1.3109190693924315e-06,2.3820094083246877e-07,1.1278895121659682e-06,62.8351599,25.6703198,1.5491200102249002e-06,2.6770095223908684e-06,62.8351599,25.6703198,6.415516000000014e-08,15.085607246988017,-1.3749494999999996,-1.3749494999999996,-1.95930913,2.6999495,0,50,5,5,-2,2,2,8,8,35n,0,4n,8,75,50V_5A_75C
1.7181241664017292e-06,2.3434437596084994e-07,3.3928146129954067e-07,62.834775,25.66955,1.952468542362579e-06,2.29175000366212e-06,62.834775,25.66955,5.247213000000004e-08,15.570807649449739,-1.4137427000000002,-1.4137427000000002,-1.93200855,2.7387427000000004,0,50,5,5,-2,1,2,8,8,15n,0,4n,8,75,50V_5A_75C
8.653269516160224e-07,2.3573547567731578e-07,3.3056944613727204e-07,60.7725082,21.545016399999994,1.1010624272933382e-06,1.4316318734306102e-06,60.7725082,21.545016399999994,4.445742000000008e-08,14.522556998756256,-0.40136919999999954,-0.40136919999999954,-1.54439079,1.6513691999999995,0,50,5,5,-2,8,2,8,4,10n,0,4n,8,125,50V_5A_125C
4.985015004200694e-07,2.5004249349001303e-07,3.03430597411058e-08,3.03798431,-93.92403138,7.485439939100824e-07,7.788870536511882e-07,90.1028315,80.20566299999999,7.166536000000001e-08,25.53471340918575,0.952489925,0.6435303000000001,0.952489925,0.29751007500000004,0,50,5,5,0,8,2,8,8,5n,1,4n,8,125,50V_5A_125C
8.924388519035272e-07,2.3565697239378176e-07,3.48803699771756e-07,60.738099,21.476197999999997,1.128095824297309e-06,1.476899524069065e-06,60.738099,21.476197999999997,4.445591000000011e-08,14.501652068191431,-0.8672346999999991,-0.8672346999999991,-1.54513083,2.117234699999999,0,50,5,5,-2,8,2,8,8,10n,0,4n,8,125,50V_5A_125C
5.179123863669402e-07,2.206479230482106e-07,2.1785060810758937e-07,60.2290535,20.458107,7.385603094151508e-07,9.564109175227402e-07,60.2290535,20.458107,4.3063880000000115e-08,11.523911190662314,0.6995042999999992,0.6995042999999992,0.0143869647,0.5504957000000008,0,50,5,5,0,8,8,8,1,15n,1,4n,8,125,50V_5A_125C
3.8359023877806533e-07,2.1910504308805683e-07,2.202876889200896e-07,60.387094,20.774187999999995,6.026952818661222e-07,8.229829707862118e-07,60.387094,20.774187999999995,4.685496000000002e-08,11.760959036167538,2.104962500000001,2.104962500000001,0.0321413391,-0.779962500000001,1,50,5,5,0,8,8,8,4,15n,0,4n,8,75,50V_5A_75C
3.8730399538969764e-07,2.1913929106099726e-07,2.4436953470574384e-07,60.3298037,20.6596074,6.064432864506949e-07,8.508128211564387e-07,60.3298037,20.6596074,4.685893000000002e-08,11.681820192679083,1.1708115999999986,1.1708115999999986,0.0314194605,0.15418840000000134,0,50,5,5,0,8,8,8,8,15n,0,4n,8,75,50V_5A_75C
7.113159451606746e-07,2.838563690570314e-07,2.7534450795817925e-07,41.5810348,-16.837930400000005,9.95172314217706e-07,1.2705168221758853e-06,57.061364,14.122727999999995,4.387500000000007e-08,15.84384623260845,1.14507396,1.0174577000000014,1.14507396,0.10492604000000005,0,50,5,5,0,4,2,8,8,10n,0,4n,8,125,50V_5A_125C
5.700925164048232e-07,2.500374439473465e-07,1.5662055836784612e-08,3.03804799,-93.92390402,8.201299603521697e-07,8.357920161889543e-07,90.1004067,80.20081339999999,7.166525000000003e-08,25.53417932101065,0.952494077,0.5045721999999984,0.952494077,0.297505923,0,50,5,5,0,8,2,8,4,5n,1,4n,8,125,50V_5A_125C
1.4665474031050132e-06,2.3563422504166145e-07,3.488020687071508e-07,60.737423,21.474846,1.7021816281466746e-06,2.0509836968538254e-06,60.737423,21.474846,4.445591000000011e-08,14.501639627687704,-1.4074980000000004,-1.4074980000000004,-1.54511996,2.6574980000000004,0,50,5,5,-2,2,2,8,8,10n,0,4n,8,125,50V_5A_125C
1.8639207140786616e-06,2.3560476724942217e-07,3.488009528915244e-07,60.7367316,21.473463199999998,2.0995254813280838e-06,2.4483264342196084e-06,60.7367316,21.473463199999998,4.445591000000011e-08,14.501649731059967,-1.4293898000000027,-1.4293898000000027,-1.5451065,2.6793898000000027,0,50,5,5,-2,1,2,8,8,10n,0,4n,8,125,50V_5A_125C
9.684964653579389e-07,2.3573194984562244e-07,3.304115472509682e-07,60.7724195,21.544838999999996,1.2042284152035614e-06,1.5346399624545295e-06,60.7724195,21.544838999999996,4.445742000000008e-08,14.522553143488778,-0.5489682999999985,-0.5489682999999985,-1.54438953,1.7989682999999985,0,50,5,5,-2,6,2,8,4,10n,0,4n,8,125,50V_5A_125C
1.11853790713188e-06,2.3572499498904856e-07,3.304112936268439e-07,60.7722531,21.5445062,1.3542629021209286e-06,1.6846741957477724e-06,60.7722531,21.5445062,4.445742000000008e-08,14.52254689478457,-0.5760888000000008,-0.5760888000000008,-1.54438705,1.8260888000000008,0,50,5,5,-2,4,2,8,4,10n,0,4n,8,125,50V_5A_125C
4.981679547000351e-07,2.2044896671865968e-07,2.0668951622587489e-07,36.2988949,-27.4022102,7.186169214186948e-07,9.253064376445696e-07,61.4030636,22.806127200000006,5.0869890000000056e-08,11.361344755119363,0.6435214000000009,0.6435214000000009,0.124648149,0.6064785999999991,0,50,5,5,0,8,8,8,8,5n,1,4n,8,125,50V_5A_125C
9.996982854776243e-07,2.3565343244735185e-07,3.488034484820501e-07,60.73801,21.47602000000001,1.2353517179249762e-06,1.5841551664070262e-06,60.73801,21.47602000000001,4.445591000000011e-08,14.501648920708554,-0.9867564000000009,-0.9867564000000009,-1.54512956,2.236756400000001,0,50,5,5,-2,6,2,8,8,10n,0,4n,8,125,50V_5A_125C
1.1564537618462545e-06,2.356464474871805e-07,3.4880300115539553e-07,60.737843,21.475685999999996,1.392100209333435e-06,1.7409032104888305e-06,60.737843,21.475685999999996,4.445591000000011e-08,14.501644015457973,-1.1624245000000002,-1.1624245000000002,-1.54512707,2.4124245,0,50,5,5,-2,4,2,8,8,10n,0,4n,8,125,50V_5A_125C
1.275977719747038e-06,2.3564104498686132e-07,3.488843179219658e-07,60.7376915,21.475382999999994,1.5116187647338994e-06,1.8605030826558652e-06,60.7376915,21.475382999999994,4.445591000000011e-08,14.501641094527674,-1.2727730999999984,-1.2727730999999984,-1.54512464,2.5227730999999984,0,50,5,5,-2,3,2,8,8,10n,0,4n,8,125,50V_5A_125C
9.717404587592538e-07,2.8384795414037483e-07,2.7533649656905195e-07,41.578922,-16.842156000000003,1.2555884128996286e-06,1.5309249094686806e-06,57.0618895,14.123778999999999,4.387500000000007e-08,15.84388809924075,1.14509555,0.9065314999999998,1.14509555,0.10490445000000004,0,50,5,5,0,2,2,8,8,10n,0,4n,8,125,50V_5A_125C
8.121657725528626e-07,2.8385316753726637e-07,2.7534167796194474e-07,41.5802965,-16.839406999999994,1.096018940090129e-06,1.3713606180520737e-06,57.0615456,14.123091200000003,4.387500000000007e-08,15.843859810953715,1.14508126,0.9712235999999983,1.14508126,0.10491874000000001,0,50,5,5,0,3,2,8,8,10n,0,4n,8,125,50V_5A_125C
9.013323424678912e-07,2.3724568180955691e-07,3.3986582123632084e-07,62.8233868,25.646773600000003,1.138578024277448e-06,1.478443845513769e-06,62.8233868,25.646773600000003,5.246809e-08,15.453815076689189,-0.8475587000000004,-0.8475587000000004,-1.93491571,2.0975587000000004,0,50,5,5,-2,8,2,8,8,15n,0,4n,8,125,50V_5A_125C
1.0057696384456936e-06,2.3724208654904408e-07,3.3978940425242673e-07,62.8233268,25.646653599999993,1.2430117249947377e-06,1.5828011292471643e-06,62.8233268,25.646653599999993,5.246809e-08,15.45381168742804,-0.9648114999999997,-0.9648114999999997,-1.93491648,2.2148114999999997,0,50,5,5,-2,6,2,8,8,15n,0,4n,8,125,50V_5A_125C
1.231164972453545e-06,2.3571947889930436e-07,3.304110997436782e-07,60.7721023,21.544204600000004,1.4668844513528493e-06,1.7972955510965274e-06,60.7721023,21.544204600000004,4.445742000000008e-08,14.522542741624482,-0.6032153000000022,-0.6032153000000022,-1.54438463,1.8532153000000022,0,50,5,5,-2,3,2,8,4,10n,0,4n,8,125,50V_5A_125C
1.412743792505634e-06,2.3571224779666907e-07,3.305685891308248e-07,60.7718351,21.543670199999994,1.648456040302303e-06,1.979024629433128e-06,60.7718351,21.543670199999994,4.445742000000008e-08,14.522539048652867,-0.6675651000000009,-0.6675651000000009,-1.54437997,1.917565100000001,0,50,5,5,-2,2,2,8,4,10n,0,4n,8,125,50V_5A_125C
1.808836707819732e-06,2.3568233263595368e-07,3.304105108756424e-07,60.7711476,21.542295199999998,2.0445190404556856e-06,2.374929551331328e-06,60.7711476,21.542295199999998,4.445742000000008e-08,14.522543249571305,-0.8359385999999986,-0.8359385999999986,-1.54436656,2.0859385999999986,0,50,5,5,-2,1,2,8,4,10n,0,4n,8,125,50V_5A_125C
1.3139390693831928e-06,2.8384665828989855e-07,2.7532257068748536e-07,41.5751436,-16.849712800000006,1.5977857276730913e-06,1.8731082983605766e-06,57.0628554,14.125710799999993,4.387500000000007e-08,15.843976783484838,1.14513746,0.7765224999999987,1.14513746,0.10486254000000006,0,50,5,5,0,1,2,8,8,10n,0,4n,8,125,50V_5A_125C
8.981806425027458e-07,2.340490483365287e-07,6.88577626850602e-07,62.8233868,25.646773600000003,1.1322296908392746e-06,1.8208073176898767e-06,62.8233868,25.646773600000003,2.926499000000014e-08,15.075175181136572,-0.8513824000000003,-0.8513824000000003,-1.96462365,2.1013824000000003,0,50,5,5,-2,8,2,8,8,25n,0,4n,8,125,50V_5A_125C
1.0040015355920572e-06,2.340456128915079e-07,6.885718434130126e-07,62.8233268,25.646653599999993,1.2380471484835652e-06,1.926618991896578e-06,62.8233268,25.646653599999993,2.926499000000014e-08,15.075180386790262,-0.9694257999999998,-0.9694257999999998,-1.96462447,2.2194258,0,50,5,5,-2,6,2,8,8,25n,0,4n,8,125,50V_5A_125C
1.159672903887183e-06,2.3723536201292512e-07,3.397892200719156e-07,62.8232143,25.646428599999993,1.396908265900108e-06,1.7366974859720236e-06,62.8232143,25.646428599999993,5.2468100000000036e-08,15.45380598133422,-1.1364021000000015,-1.1364021000000015,-1.93491792,2.3864021000000015,0,50,5,5,-2,4,2,8,8,15n,0,4n,8,125,50V_5A_125C
1.2754277432136662e-06,2.3722985790509983e-07,3.39789087056418e-07,62.8231125,25.646225,1.512657601118766e-06,1.852446688175184e-06,62.8231125,25.646225,5.2468100000000036e-08,15.45380304094348,-1.246467899999999,-1.246467899999999,-1.93491923,2.496467899999999,0,50,5,5,-2,3,2,8,8,15n,0,4n,8,125,50V_5A_125C
1.1579783607584435e-06,2.340388157474488e-07,6.88561003607828e-07,62.8232143,25.646428599999993,1.3920171765058924e-06,2.08057818011372e-06,62.8232143,25.646428599999993,2.926499000000014e-08,15.075191650542497,-1.1445668999999974,-1.1445668999999974,-1.96462599,2.3945668999999974,0,50,5,5,-2,4,2,8,8,25n,0,4n,8,125,50V_5A_125C
9.015236009665309e-07,2.406483819884202e-07,1.155733706961163e-06,62.8233868,25.646773600000003,1.1421719829549511e-06,2.2979056899161142e-06,62.8233868,25.646773600000003,6.415516000000014e-08,14.918201389148942,-0.8475239999999999,-0.8475239999999999,-1.96025189,2.097524,0,50,5,5,-2,8,2,8,8,35n,0,4n,8,125,50V_5A_125C
1.0068109471252896e-06,2.4064490824404875e-07,1.155725489754338e-06,62.8233268,25.646653599999993,1.2474558553693383e-06,2.4031813451236762e-06,62.8233268,25.646653599999993,6.415516000000014e-08,14.91820210568538,-0.9650014000000002,-0.9650014000000002,-1.96025201,2.2150014000000002,0,50,5,5,-2,6,2,8,8,35n,0,4n,8,125,50V_5A_125C
1.2752055606790154e-06,2.3403358498853898e-07,6.885511992953739e-07,62.8231125,25.646225,1.5092391456675544e-06,2.1977903449629283e-06,62.8231125,25.646225,2.926499000000014e-08,15.075204107991235,-1.2568088999999993,-1.2568088999999993,-1.9646274,2.5068088999999993,0,50,5,5,-2,3,2,8,8,25n,0,4n,8,125,50V_5A_125C
1.460622187684212e-06,2.3722284590365948e-07,3.398652400210754e-07,62.8229325,25.645865,1.6978450335878714e-06,2.0377102736089467e-06,62.8229325,25.645865,5.2468100000000036e-08,15.453802120053806,-1.3888046000000003,-1.3888046000000003,-1.93492162,2.6388046000000003,0,50,5,5,-2,2,2,8,8,15n,0,4n,8,125,50V_5A_125C
1.1595502309516084e-06,2.406380503519724e-07,1.155710101442955e-06,62.8232143,25.646428599999993,1.4001882813035807e-06,2.5558983827465357e-06,62.8232143,25.646428599999993,6.415516000000014e-08,14.918204782249628,-1.1384486999999979,-1.1384486999999979,-1.96025218,2.388448699999998,0,50,5,5,-2,4,2,8,8,35n,0,4n,8,125,50V_5A_125C
1.4639278770285087e-06,2.3402671319682976e-07,6.885338788183177e-07,62.8229325,25.645865,1.6979545902253384e-06,2.386488469043656e-06,62.8229325,25.645865,2.9264999999999965e-08,15.075230809501837,-1.398605700000001,-1.398605700000001,-1.96462995,2.648605700000001,0,50,5,5,-2,2,2,8,8,25n,0,4n,8,125,50V_5A_125C
1.275614244953035e-06,2.406327675275958e-07,1.1556962100654774e-06,62.8231125,25.646225,1.516247012480631e-06,2.6719432225461085e-06,62.8231125,25.646225,6.415516000000014e-08,14.918209232064205,-1.250372500000001,-1.250372500000001,-1.96025233,2.500372500000001,0,50,5,5,-2,3,2,8,8,35n,0,4n,8,125,50V_5A_125C
1.462133461997169e-06,2.406261694898476e-07,1.155671730340542e-06,62.8229325,25.645865,1.7027596314870166e-06,2.8584313618275586e-06,62.8229325,25.645865,6.415516000000014e-08,14.918222024347063,-1.394389199999999,-1.394389199999999,-1.96025257,2.644389199999999,0,50,5,5,-2,2,2,8,8,35n,0,4n,8,125,50V_5A_125C
1.8607165185100085e-06,2.3719357337818728e-07,3.398651618369156e-07,62.8224707,25.644941399999993,2.097910091888196e-06,2.4377752537251115e-06,62.8224707,25.644941399999993,5.246812000000011e-08,15.453814743225,-1.4299528000000024,-1.4299528000000024,-1.93492796,2.6799528000000024,0,50,5,5,-2,1,2,8,8,15n,0,4n,8,125,50V_5A_125C
1.8666595562383698e-06,2.339977643290662e-07,6.884895050552622e-07,62.8224707,25.644941399999993,2.100657320567436e-06,2.7891468256226984e-06,62.8224707,25.644941399999993,2.926501e-08,15.075321166356428,-1.4310660000000013,-1.4310660000000013,-1.96463678,2.6810660000000013,0,50,5,5,-2,1,2,8,8,25n,0,4n,8,125,50V_5A_125C
1.8648759635417113e-06,2.405973233762901e-07,1.1556092468471963e-06,62.8224707,25.644941399999993,2.1054732869180015e-06,3.2610825337651978e-06,62.8224707,25.644941399999993,6.415516000000014e-08,14.918273328748297,-1.4309284000000062,-1.4309284000000062,-1.96025311,2.680928400000006,0,50,5,5,-2,1,2,8,8,35n,0,4n,8,125,50V_5A_125C
1.311810228810955e-06,2.815382412340987e-07,2.998354209508823e-07,57.052754,14.105508,1.5933484700450536e-06,1.893183890995936e-06,57.052754,14.105508,3.454962000000005e-08,16.287467471805336,0.7771852999999993,0.7771852999999993,0.0252183084,0.4728147000000007,0,50,5,5,0,1,2,8,8,25n,0,4n,8,125,50V_5A_125C
7.999137646854475e-07,2.2063981807618736e-07,6.886214184665859e-08,62.4897021,24.979404200000005,1.0205535827616349e-06,1.0894157246082935e-06,62.4897021,24.979404200000005,4.6804850000000145e-08,11.969112969173048,3.9787602000000017,3.9787602000000017,0.0353593407,-2.7287602000000017,1,50,5,5,0,8,8,8,1,15n,0,4n,8,125,50V_5A_125C
4.98317906580534e-07,2.205562956256417e-07,2.2003469036428768e-07,60.3765231,20.7530462,7.188742022061757e-07,9.389088925704633e-07,60.3765231,20.7530462,4.670497000000015e-08,11.643379253508147,2.1079358000000017,2.1079358000000017,0.0348150231,-0.8579358000000017,1,50,5,5,0,8,8,8,4,15n,0,4n,8,125,50V_5A_125C
5.003445792601334e-07,2.2058437698175595e-07,2.4495827175176706e-07,60.2941685,20.588336999999996,7.209289562418893e-07,9.658872279936563e-07,60.2941685,20.588336999999996,4.6759050000000025e-08,11.57494401057928,1.1665372000000005,1.1665372000000005,0.0320114776,0.0834627999999995,0,50,5,5,0,8,8,8,8,15n,0,4n,8,125,50V_5A_125C
8.97746385960994e-07,5.740517524217128e-07,4.055636465471669e-07,68.9816762,37.96335239999999,1.4717981383827067e-06,1.8773617849298735e-06,69.8836837,39.76736740000001,1.9997500000000015e-07,19.43818325313616,0.930711121,0.9038979000000005,0.930711121,0.46928887899999994,0,50,10,5,0,4,2,8,8,10n,0,4n,8,25,50V_10A_25C
6.490998012606248e-07,2.404972867966696e-07,4.0909063830800014e-08,7.20280493,-85.59439014,8.895970880572944e-07,9.305061518880945e-07,81.9806598,63.961319599999996,1.9999907e-07,22.33238926778484,1.02395869,0.5843944000000008,1.02395869,0.37604130999999996,0,50,10,5,0,8,2,8,4,5n,1,4n,8,25,50V_10A_25C
8.8868499747788e-07,3.1086266745123505e-07,3.7284764784609724e-07,64.4956793,28.991358600000012,1.199547664929115e-06,1.572395312775212e-06,65.6459256,31.291851199999996,1.9997500000000015e-07,16.253017602207876,-0.35063442000000045,-0.35063442000000045,-1.85183977,1.7506344200000004,0,50,10,5,-2,8,2,8,4,10n,0,4n,8,25,50V_10A_25C
5.810052203422807e-07,2.4049309616716556e-07,7.660281134137345e-08,7.20258362,-85.59483276,8.214983165094463e-07,8.981011278508197e-07,81.9910787,63.982157400000006,1.9999917999999998e-07,22.33687328181905,1.02395394,0.6771416800000001,1.02395394,0.37604605999999996,0,50,10,5,0,8,2,8,8,5n,1,4n,8,25,50V_10A_25C
9.31369479479754e-07,3.1103496843070855e-07,4.150834648552776e-07,63.9190445,27.838088999999997,1.2424044479104625e-06,1.65748791276574e-06,64.9280121,29.856024200000007,1.9997500000000015e-07,16.135527748686393,-0.7911210800000008,-0.7911210800000008,-1.85768347,2.1911210800000007,0,50,10,5,-2,8,2,8,8,10n,0,4n,8,25,50V_10A_25C
6.151076440013325e-07,2.4470484713640213e-07,3.8468255187158845e-07,59.1733144,18.346628800000005,8.598124911377347e-07,1.244495043009323e-06,59.1733144,18.346628800000005,1.9996570000000008e-07,10.599498058656707,0.8250129200000007,0.8250129200000007,0.014920163,0.5749870799999992,0,50,10,5,0,8,8,8,1,15n,1,4n,8,25,50V_10A_25C
5.810188090588144e-07,2.455042252234467e-07,2.5612156050352873e-07,59.1662446,18.332489199999998,8.265230342822612e-07,1.08264459478579e-06,59.1662446,18.332489199999998,1.9997500000000015e-07,9.97380242880995,0.6761058300000009,0.6761058300000009,0.0905312392,0.723894169999999,0,50,10,5,0,8,8,8,8,5n,1,4n,8,25,50V_10A_25C
1.099155396290444e-06,3.1103247447005726e-07,4.1508340451252777e-07,63.9189127,27.8378254,1.4101878707605012e-06,1.825271275273029e-06,64.9279094,29.855818800000005,1.9997500000000015e-07,16.13551787909233,-0.9077397000000005,-0.9077397000000005,-1.85768038,2.3077397000000004,0,50,10,5,-2,6,2,8,8,10n,0,4n,8,25,50V_10A_25C
1.3476857757547555e-06,3.1102764023483434e-07,4.1508330027932885e-07,63.9186553,27.837310599999995,1.6587134159895898e-06,2.0737967162689185e-06,64.9277101,29.855420199999998,1.9997500000000015e-07,16.135499339871117,-1.064980062,-1.064980062,-1.85767432,2.464980062,0,50,10,5,-2,4,2,8,8,10n,0,4n,8,25,50V_10A_25C
1.543319834999412e-06,3.110230733121451e-07,4.1508324403154843e-07,63.9184143,27.836828600000004,1.854342908311557e-06,2.2694261523431053e-06,64.9275263,29.855052599999993,1.9997500000000015e-07,16.1354838440755,-1.1424600010000001,-1.1424600010000001,-1.85766858,2.5424600010000002,0,50,10,5,-2,3,2,8,8,10n,0,4n,8,25,50V_10A_25C
1.865762823829705e-06,3.110193712220193e-07,4.15083223105315e-07,63.9179646,27.835929199999995,2.176782195051724e-06,2.591865418157039e-06,64.927189,29.854377999999997,1.9997500000000015e-07,16.13545881981687,-1.2766599209999998,-1.2766599209999998,-1.85765774,2.6766599209999997,0,50,10,5,-2,2,2,8,8,10n,0,4n,8,25,50V_10A_25C
2.609178621453758e-06,3.110603645704474e-07,4.1508338545275783e-07,63.9166942,27.833388400000004,2.9202389860242054e-06,3.3353223714769634e-06,64.9262514,29.852502799999996,1.9997500000000015e-07,16.135398159969135,-1.3736041000000014,-1.3736041000000014,-1.85762678,2.7736041000000013,0,50,10,5,-2,1,2,8,8,10n,0,4n,8,25,50V_10A_25C
1.0507268712109882e-06,3.1086015766855136e-07,3.7284776133649833e-07,64.4955395,28.991079000000013,1.3615870288795395e-06,1.734434790216038e-06,65.6458238,31.291647600000005,1.9997500000000015e-07,16.253007431370705,-0.5042851000000006,-0.5042851000000006,-1.85183662,1.9042851000000005,0,50,10,5,-2,6,2,8,4,10n,0,4n,8,25,50V_10A_25C
1.2919042758889638e-06,3.108552982270123e-07,3.728479987840449e-07,64.4952667,28.990533400000004,1.6027595741159762e-06,1.975607572900021e-06,65.6456263,31.291252600000007,1.9997500000000015e-07,16.252988351672727,-0.5831119999999999,-0.5831119999999999,-1.85183044,1.9831119999999998,0,50,10,5,-2,4,2,8,4,10n,0,4n,8,25,50V_10A_25C
1.48121969454226e-06,3.108507092734248e-07,3.728482584880653e-07,64.4950114,28.99002279999999,1.792070403815685e-06,2.16491866230375e-06,65.6454447,31.290889399999998,1.9997500000000015e-07,16.252972415491687,-0.5960829000000025,-0.5960829000000025,-1.85182458,1.9960829000000024,0,50,10,5,-2,3,2,8,4,10n,0,4n,8,25,50V_10A_25C
1.7965829958278213e-06,3.108481130493102e-07,3.7284882155129554e-07,64.4945347,28.98906940000001,2.1074311088771315e-06,2.480279930428427e-06,65.6451125,31.290224999999992,1.9997500000000015e-07,16.252946670494744,-0.6336463999999999,-0.6336463999999999,-1.85181353,2.0336464,0,50,10,5,-2,2,2,8,4,10n,0,4n,8,25,50V_10A_25C
2.5272896670141283e-06,3.1088862613526395e-07,3.728506184808456e-07,64.4931878,28.986375600000002,2.838178293149392e-06,3.2110289116302376e-06,65.6441911,31.2883822,1.9997500000000015e-07,16.252884352098462,-0.7539159000000026,-0.7539159000000026,-1.85178199,2.1539159000000025,0,50,10,5,-2,1,2,8,4,10n,0,4n,8,25,50V_10A_25C
2.0050145492586686e-06,5.740676049230112e-07,4.0555913200135045e-07,68.9794328,37.958865599999996,2.57908215418168e-06,2.9846412861830305e-06,69.8829222,39.76584439999999,1.9997500000000015e-07,19.438059586680897,0.930819212,0.8307588999999993,0.930819212,0.46918078799999996,0,50,10,5,0,1,2,8,8,10n,0,4n,8,25,50V_10A_25C
1.3439841454937856e-06,5.740404505947316e-07,4.0556196234254924e-07,68.9808927,37.9617854,1.9180245960885174e-06,2.3235865584310667e-06,69.88341,39.766819999999996,1.9997500000000015e-07,19.43813612122518,0.930748278,0.8758079000000016,0.930748278,0.46925172199999987,0,50,10,5,0,2,2,8,8,10n,0,4n,8,25,50V_10A_25C
1.0636694499816202e-06,5.740477424980198e-07,4.055630311075927e-07,68.9814042,37.9628084,1.6377171924796401e-06,2.043280223587233e-06,69.8835864,39.7671728,1.9997500000000015e-07,19.438165750186634,0.930723847,0.8786437000000014,0.930723847,0.4692761529999999,0,50,10,5,0,3,2,8,8,10n,0,4n,8,25,50V_10A_25C
9.458062254207154e-07,3.128625036681894e-07,8.133740430237884e-07,65.1505324,30.301064800000002,1.2586687290889049e-06,2.072042772112693e-06,65.1505324,30.301064800000002,1.999752800000001e-07,16.260439982345815,-0.7893251599999997,-0.7893251599999997,-1.93398748,2.1893251599999997,0,50,10,5,-2,8,2,8,8,15n,0,4n,8,25,50V_10A_25C
1.112518036099119e-06,3.128599267635863e-07,8.132609632185124e-07,65.1504372,30.300874399999998,1.4253779628627054e-06,2.2386389260812178e-06,65.1504372,30.300874399999998,1.999752800000001e-07,16.260435549398718,-0.9033747000000005,-0.9033747000000005,-1.93398875,2.3033747000000004,0,50,10,5,-2,6,2,8,8,15n,0,4n,8,25,50V_10A_25C
9.376172305867396e-07,3.110577069022208e-07,1.7729092149031808e-06,65.1505324,30.301064800000002,1.2486749374889604e-06,3.0215841523921412e-06,65.1505324,30.301064800000002,1.9995536000000005e-07,16.290407869066797,-0.7820472,-0.7820472,-1.94117426,2.1820472,0,50,10,5,-2,8,2,8,8,25n,0,4n,8,25,50V_10A_25C
1.1040168438843896e-06,3.1105519035434337e-07,1.7729032098912958e-06,65.1504372,30.300874399999998,1.415072034238733e-06,3.187975244130029e-06,65.1504372,30.300874399999998,1.9995536000000005e-07,16.29039702352123,-0.8994070000000001,-0.8994070000000001,-1.94117469,2.299407,0,50,10,5,-2,6,2,8,8,25n,0,4n,8,25,50V_10A_25C
1.3576678379053957e-06,3.1285505289535036e-07,8.132542149219215e-07,65.1502526,30.300505200000003,1.6705228908007462e-06,2.4837771057226674e-06,65.1502526,30.300505200000003,1.999752800000001e-07,16.260416340502356,-1.063398999,-1.063398999,-1.93398492,2.463398999,0,50,10,5,-2,4,2,8,8,15n,0,4n,8,25,50V_10A_25C
1.548055509123513e-06,3.128510064296252e-07,8.132479854092837e-07,65.1500831,30.300166200000007,1.8609065155531382e-06,2.674154500962422e-06,65.1500831,30.300166200000007,1.9997527000000007e-07,16.26041020506207,-1.1392581540000002,-1.1392581540000002,-1.93398716,2.539258154,0,50,10,5,-2,3,2,8,8,15n,0,4n,8,25,50V_10A_25C
1.3512587048744e-06,3.1105031207174045e-07,1.7728915624022196e-06,65.1502526,30.300505200000003,1.6623090169461403e-06,3.43520057934836e-06,65.1502526,30.300505200000003,1.9995536000000005e-07,16.29037655993666,-1.0639987419999999,-1.0639987419999999,-1.9411755,2.463998742,0,50,10,5,-2,4,2,8,8,25n,0,4n,8,25,50V_10A_25C
9.432418734365708e-07,3.171980121108696e-07,2.733929276043823e-06,65.1505324,30.301064800000002,1.2604398855474403e-06,3.994369161591263e-06,65.1505324,30.301064800000002,1.9999263999999997e-07,15.850674859289612,-0.7781993799999993,-0.7781993799999993,-1.97331626,2.1781993799999992,0,50,10,5,-2,8,2,8,8,35n,0,4n,8,25,50V_10A_25C
1.109494434834052e-06,3.171954816886424e-07,2.733920552204037e-06,65.1504372,30.300874399999998,1.4266899165226944e-06,4.160610468726731e-06,65.1504372,30.300874399999998,1.9999263999999997e-07,15.850665796382378,-0.8933448999999989,-0.8933448999999989,-1.97331684,2.293344899999999,0,50,10,5,-2,6,2,8,8,35n,0,4n,8,25,50V_10A_25C
1.5462130742320742e-06,3.1104570383153214e-07,1.7728808457303189e-06,65.1500831,30.300166200000007,1.8572587780636064e-06,3.6301396237939253e-06,65.1500831,30.300166200000007,1.9995536000000005e-07,16.290359215873675,-1.13821596,-1.13821596,-1.94117623,2.5382159599999996,0,50,10,5,-2,3,2,8,8,25n,0,4n,8,25,50V_10A_25C
1.860775843819758e-06,3.128469801412179e-07,8.132365352634579e-07,65.1497733,30.299546600000014,2.173622823960976e-06,2.986859359224434e-06,65.1497733,30.299546600000014,1.9997527000000007e-07,16.26040335251654,-1.2738507540000001,-1.2738507540000001,-1.93399128,2.673850754,0,50,10,5,-2,2,2,8,8,15n,0,4n,8,25,50V_10A_25C
1.3545062702584164e-06,3.171905762307101e-07,2.7339036334156367e-06,65.1502526,30.300505200000003,1.6716968464891266e-06,4.405600479904764e-06,65.1502526,30.300505200000003,1.9999263999999997e-07,15.850648762854943,-1.0627549630000002,-1.0627549630000002,-1.97331794,2.462754963,0,50,10,5,-2,4,2,8,8,35n,0,4n,8,25,50V_10A_25C
1.8685096957514562e-06,3.110419163557853e-07,1.7728612274247375e-06,65.1497733,30.299546600000014,2.1795516121072417e-06,3.952412839531979e-06,65.1497733,30.299546600000014,1.9995536000000005e-07,16.2903305923026,-1.274895181,-1.274895181,-1.94117756,2.674895181,0,50,10,5,-2,2,2,8,8,25n,0,4n,8,25,50V_10A_25C
1.5462027680649134e-06,3.1718594241020836e-07,2.733888079876345e-06,65.1500831,30.300166200000007,1.8633887104751217e-06,4.597276790351467e-06,65.1500831,30.300166200000007,1.9999263999999997e-07,15.850634508715268,-1.138498647,-1.138498647,-1.97331896,2.538498647,0,50,10,5,-2,3,2,8,8,35n,0,4n,8,25,50V_10A_25C
1.8634720639349831e-06,3.171821061424329e-07,2.733859630470589e-06,65.1497733,30.299546600000014,2.180654170077416e-06,4.914513800548005e-06,65.1497733,30.299546600000014,1.9999263999999997e-07,15.850611414586524,-1.273204889,-1.273204889,-1.97332084,2.673204889,0,50,10,5,-2,2,2,8,8,35n,0,4n,8,25,50V_10A_25C
2.6067782624232733e-06,3.12887738714883e-07,8.133142579954472e-07,65.1489158,30.297831599999995,2.919666001138156e-06,3.7329802591336035e-06,65.1489158,30.297831599999995,1.9997526000000003e-07,16.260392939382427,-1.3717574,-1.3717574,-1.93400281,2.7717574,0,50,10,5,-2,1,2,8,8,15n,0,4n,8,25,50V_10A_25C
2.6186291534600697e-06,3.110826904375882e-07,1.7728068136195991e-06,65.1489158,30.297831599999995,2.929711843897658e-06,4.702518657517257e-06,65.1489158,30.297831599999995,1.9995536000000005e-07,16.29025957145946,-1.3744785999999998,-1.3744785999999998,-1.94118119,2.7744785999999997,0,50,10,5,-2,1,2,8,8,25n,0,4n,8,25,50V_10A_25C
2.615980586671241e-06,3.172229206131423e-07,2.7337807901092545e-06,65.1489158,30.297831599999995,2.9332035072843835e-06,5.6669842973936385e-06,65.1489158,30.297831599999995,1.9999263000000015e-07,15.8505556542628,-1.3729389999999988,-1.3729389999999988,-1.97332611,2.7729389999999987,0,50,10,5,-2,1,2,8,8,35n,0,4n,8,25,50V_10A_25C
2.0028923563113013e-06,5.751386385503061e-07,8.671896018520225e-07,69.9964615,39.99292299999999,2.578030994861607e-06,3.4452205967136297e-06,69.9964615,39.99292299999999,1.9995588000000004e-07,19.81816226865313,0.8328117999999982,0.8328117999999982,0.0680413666,0.5671882000000017,0,50,10,5,0,1,2,8,8,25n,0,4n,8,25,50V_10A_25C
9.19107250017252e-07,2.4523237560789285e-07,3.8703551091322727e-07,64.0827214,28.16544279999999,1.164339625625145e-06,1.5513751365383721e-06,64.0827214,28.16544279999999,1.9998537000000007e-07,11.138529058128052,4.0219679,4.0219679,0.0322778244,-2.6219679,1,50,10,5,0,8,8,8,1,15n,0,4n,8,25,50V_10A_25C
5.701265455259099e-07,2.4537578654266114e-07,4.45365735062495e-07,61.3321386,22.6642772,8.155023320685711e-07,1.260868067131066e-06,61.3321386,22.6642772,1.9997812000000003e-07,10.793229700362943,2.037758799999999,2.037758799999999,0.0340588548,-0.637758799999999,1,50,10,5,0,8,8,8,4,15n,0,4n,8,25,50V_10A_25C
5.887548918236511e-07,2.4519458887811896e-07,4.5960124690733786e-07,59.9996884,19.999376799999993,8.339494807017701e-07,1.293550727609108e-06,59.9996884,19.999376799999993,1.999554e-07,10.715768263185801,1.1451550499999996,1.1451550499999996,0.0348107699,0.2548449500000003,0,50,10,5,0,8,8,8,8,15n,0,4n,8,25,50V_10A_25C
1.1851494158974656e-06,5.860268916025393e-07,4.026974068746746e-07,69.5473808,39.0947616,1.771176307500005e-06,2.1738737143746797e-06,69.5473808,39.0947616,1.9997500000000015e-07,18.641959071407378,0.9131047000000017,0.9131047000000017,0.740709433,0.4118952999999983,0,50,10,5,0,4,2,8,8,10n,0,4n,8,75,50V_10A_75C
9.723783555689954e-07,2.5371226310198707e-07,4.887021921336175e-08,10.5311269,-78.93774619999999,1.2260906186709825e-06,1.2749608378843443e-06,76.3407598,52.6815196,1.9996309000000014e-07,19.815136143638185,0.977263909,0.5473714999999988,0.977263909,0.3477360909999999,0,50,10,5,0,8,2,8,4,5n,1,4n,8,75,50V_10A_75C
1.2991549340122839e-06,3.247935571452002e-07,3.7003323866846425e-07,65.9193806,31.838761199999993,1.623948491157484e-06,1.993981729825948e-06,66.1616045,32.32320899999999,1.9997500000000015e-07,15.630953383443815,-0.3357809500000002,-0.3357809500000002,-1.89293909,1.6607809500000001,0,50,10,5,-2,8,2,8,4,10n,0,4n,8,75,50V_10A_75C
8.649647458751268e-07,2.537063526553614e-07,8.364901023617789e-08,10.5309443,-78.9381114,1.1186710985304882e-06,1.202320108766666e-06,76.3575419,52.7150838,1.9996353000000005e-07,19.820614439898822,0.977251822,0.6969888999999991,0.977251822,0.3477481779999999,0,50,10,5,0,8,2,8,8,5n,1,4n,8,75,50V_10A_75C
1.3955372048214838e-06,3.248664567675746e-07,4.1192654550893887e-07,65.3313927,30.66278539999999,1.7204036615890584e-06,2.1323302070979974e-06,65.521486,31.042971999999992,1.9997500000000015e-07,15.561476320628312,-0.8264517600000012,-0.8264517600000012,-1.89769145,2.1514517600000014,0,50,10,5,-2,8,2,8,8,10n,0,4n,8,75,50V_10A_75C
9.187508605015082e-07,2.5138964535720445e-07,4.31933307323133e-07,59.9109901,19.8219802,1.1701405058587126e-06,1.6020738131818455e-06,59.9109901,19.8219802,1.9997339000000003e-07,10.31108272529137,0.7404966999999996,0.7404966999999996,0.0167098452,0.5845033000000004,0,50,10,5,0,8,8,8,1,15n,1,4n,8,75,50V_10A_75C
8.648149783965815e-07,2.5175407934198965e-07,2.5472331327516114e-07,59.1502622,18.3005244,1.1165690577385711e-06,1.3712923710137324e-06,59.1502622,18.3005244,1.9997500000000015e-07,9.627489961733144,0.6965366,0.6965366,0.0704094298,0.6284634,0,50,10,5,0,8,8,8,8,5n,1,4n,8,75,50V_10A_75C
1.5416988265015837e-06,3.248628635480504e-07,4.1192660183724354e-07,65.3312335,30.662466999999992,1.866561690049634e-06,2.2784882918868777e-06,65.5213616,31.042723200000008,1.9997500000000015e-07,15.561471635449042,-0.9464404999999996,-0.9464404999999996,-1.89768808,2.2714404999999998,0,50,10,5,-2,6,2,8,8,10n,0,4n,8,75,50V_10A_75C
1.7689944638367776e-06,3.248559487980393e-07,4.1192674921440095e-07,65.3309301,30.661860200000007,2.093850412634817e-06,2.5057771618492177e-06,65.5211262,31.0422524,1.9997500000000015e-07,15.56146440447146,-1.1251107000000005,-1.1251107000000005,-1.8976816,2.4501107000000006,0,50,10,5,-2,4,2,8,8,10n,0,4n,8,75,50V_10A_75C
1.9531295913095917e-06,3.248494211910098e-07,4.1192694633652216e-07,65.3306489,30.661297800000003,2.2779790125006013e-06,2.6899059588371236e-06,65.5209105,31.041821,1.9997500000000015e-07,15.561460310267673,-1.2367227000000014,-1.2367227000000014,-1.8976755,2.5617227000000016,0,50,10,5,-2,3,2,8,8,10n,0,4n,8,75,50V_10A_75C
2.2699030030477833e-06,3.248441479763395e-07,4.1192742710866617e-07,65.3301238,30.660247599999995,2.594747151024123e-06,3.006674578132789e-06,65.5205124,31.041024800000006,1.9997500000000015e-07,15.561457380038362,-1.3724510999999993,-1.3724510999999993,-1.89766396,2.6974510999999994,0,50,10,5,-2,2,2,8,8,10n,0,4n,8,75,50V_10A_75C
3.0462799925964825e-06,3.249030557143138e-07,4.119289682656778e-07,65.3285925,30.657185,3.3711830483107962e-06,3.783112016576474e-06,65.5193571,31.038714199999987,1.9997500000000015e-07,15.561454811583724,-1.401063899999997,-1.401063899999997,-1.89763011,2.726063899999997,0,50,10,5,-2,1,2,8,8,10n,0,4n,8,75,50V_10A_75C
1.4427422678131896e-06,3.247899406023904e-07,3.7003352094832453e-07,65.9192126,31.83842519999999,1.76753220841558e-06,2.1375657293639046e-06,66.1614721,32.322944199999995,1.9997500000000015e-07,15.630949410451201,-0.49641549999999945,-0.49641549999999945,-1.89293567,1.8214154999999994,0,50,10,5,-2,6,2,8,4,10n,0,4n,8,75,50V_10A_75C
1.66787435580046e-06,3.2478297556204095e-07,3.700340985259819e-07,65.9188923,31.837784599999992,1.992657331362501e-06,2.362691429888483e-06,66.1612214,32.322442800000005,1.9997500000000015e-07,15.630943622574529,-0.5539299,-0.5539299,-1.8929291,1.8789299,0,50,10,5,-2,4,2,8,4,10n,0,4n,8,75,50V_10A_75C
1.851016283244928e-06,3.2477641505825685e-07,3.700346946042028e-07,65.9185954,31.837190800000002,2.175792698303185e-06,2.5458273929073875e-06,66.1609915,32.32198299999999,1.9997500000000015e-07,15.630940891905786,-0.5740505999999996,-0.5740505999999996,-1.89292292,1.8990505999999996,0,50,10,5,-2,3,2,8,4,10n,0,4n,8,75,50V_10A_75C
2.1684409477610513e-06,3.2477274488980855e-07,3.700359191851995e-07,65.9180408,31.836081599999996,2.49321369265086e-06,2.8632496118360592e-06,66.1605665,32.321133,1.9997500000000015e-07,15.630940610994795,-0.6257231999999995,-0.6257231999999995,-1.89291123,1.9507231999999994,0,50,10,5,-2,2,2,8,4,10n,0,4n,8,75,50V_10A_75C
2.945845200600544e-06,3.248309631752176e-07,3.7003963093134156e-07,65.9164227,31.832845399999997,3.270676163775762e-06,3.640715794707103e-06,66.1593325,32.31866500000001,1.9997500000000015e-07,15.630945820022212,-0.7817123999999964,-0.7817123999999964,-1.89287693,2.1067123999999966,0,50,10,5,-2,1,2,8,4,10n,0,4n,8,75,50V_10A_75C
2.35251222575145e-06,5.860537189239032e-07,4.0269763607679283e-07,69.5465415,39.09308300000001,2.938565944675353e-06,3.341263580752146e-06,69.5465415,39.09308300000001,1.9997500000000015e-07,18.64195108813781,0.8073289000000017,0.8073289000000017,0.74076667,0.5176710999999983,0,50,10,5,0,1,2,8,8,10n,0,4n,8,75,50V_10A_75C
1.6383294968158718e-06,5.860124852305307e-07,4.026973947847694e-07,69.5470882,39.09417640000001,2.2243419820464022e-06,2.6270393768311715e-06,69.5470882,39.09417640000001,1.9997500000000015e-07,18.64195353571711,0.8821061999999991,0.8821061999999991,0.740728804,0.4428938000000009,0,50,10,5,0,2,2,8,8,10n,0,4n,8,75,50V_10A_75C
1.351688474530407e-06,5.860218214904568e-07,4.026973611084359e-07,69.5472772,39.09455439999999,1.937710296020864e-06,2.3404076571293e-06,69.5472772,39.09455439999999,1.9997500000000015e-07,18.641955888646454,0.9018408000000022,0.9018408000000022,0.740716029,0.42315919999999774,0,50,10,5,0,3,2,8,8,10n,0,4n,8,75,50V_10A_75C
1.3954939306180599e-06,3.270823347272831e-07,8.650729468232867e-07,65.6147433,31.2294866,1.722576265345343e-06,2.5876492121686297e-06,65.6147433,31.2294866,1.9996239000000014e-07,15.697973709664112,-0.7997251800000011,-0.7997251800000011,-1.92497497,2.1247251800000013,0,50,10,5,-2,8,2,8,8,15n,0,4n,8,75,50V_10A_75C
1.5430729565975212e-06,3.270788800052745e-07,8.650680296426411e-07,65.6146164,31.229232800000005,1.8701518366027958e-06,2.7352198662454366e-06,65.6146164,31.229232800000005,1.999623800000001e-07,15.697971629416685,-0.9206020000000006,-0.9206020000000006,-1.92497604,2.2456020000000008,0,50,10,5,-2,6,2,8,8,15n,0,4n,8,75,50V_10A_75C
1.3870489551364924e-06,3.250825341673588e-07,1.864143152589761e-06,65.6147433,31.2294866,1.7121314893038513e-06,3.5762746418936123e-06,65.6147433,31.2294866,1.9995527999999998e-07,15.72282473882429,-0.7964177600000006,-0.7964177600000006,-1.94651711,2.121417760000001,0,50,10,5,-2,8,2,8,8,25n,0,4n,8,75,50V_10A_75C
1.5342545059139495e-06,3.2507890797570705e-07,1.8641347168022467e-06,65.6146164,31.229232800000005,1.8593334138896566e-06,3.7234681306919033e-06,65.6146164,31.229232800000005,1.9995527999999998e-07,15.722817903551649,-0.9192622999999998,-0.9192622999999998,-1.94651743,2.2442623,0,50,10,5,-2,6,2,8,8,25n,0,4n,8,75,50V_10A_75C
1.7687270321837751e-06,3.2707166734184353e-07,8.650586948686312e-07,65.6143761,31.228752200000002,2.0957986995256186e-06,2.96085739439425e-06,65.6143761,31.228752200000002,1.9996237000000007e-07,15.697969091572514,-1.1009566,-1.1009566,-1.92497804,2.4259566,0,50,10,5,-2,4,2,8,8,15n,0,4n,8,75,50V_10A_75C
1.9519579269448663e-06,3.270655059565408e-07,8.651716483776441e-07,65.6141558,31.228311600000012,2.279023432901407e-06,3.144195081279051e-06,65.6141558,31.228311600000012,1.9996235e-07,15.697969142617001,-1.2169673000000003,-1.2169673000000003,-1.92497984,2.5419673000000005,0,50,10,5,-2,3,2,8,8,15n,0,4n,8,75,50V_10A_75C
1.7633737374637872e-06,3.250719306463146e-07,1.8641187341265394e-06,65.6143761,31.228752200000002,2.088445668110102e-06,3.952564402236641e-06,65.6143761,31.228752200000002,1.9995527999999998e-07,15.722806498447094,-1.105905,-1.105905,-1.94651799,2.430905,0,50,10,5,-2,4,2,8,8,25n,0,4n,8,75,50V_10A_75C
1.3923219217413643e-06,3.32181251630249e-07,2.86602775158725e-06,65.6147433,31.2294866,1.7245031733716134e-06,4.590530924958864e-06,65.6147433,31.2294866,1.9999465000000007e-07,15.362203231264932,-0.7911750299999998,-0.7911750299999998,-1.97100896,2.11617503,0,50,10,5,-2,8,2,8,8,35n,0,4n,8,75,50V_10A_75C
1.539453972105095e-06,3.3217761066535943e-07,2.8660155569127566e-06,65.6146164,31.229232800000005,1.8716315827704544e-06,4.737647139683211e-06,65.6146164,31.229232800000005,1.9999465000000007e-07,15.362195170869867,-0.9130403000000005,-0.9130403000000005,-1.97100944,2.2380403000000006,0,50,10,5,-2,6,2,8,8,35n,0,4n,8,75,50V_10A_75C
1.949641889040649e-06,3.2506534511143003e-07,1.8641040713528279e-06,65.6141558,31.228311600000012,2.274707234152079e-06,4.138811305504907e-06,65.6141558,31.228311600000012,1.9995527999999998e-07,15.722798444306466,-1.2266545999999998,-1.2266545999999998,-1.94651847,2.5516546,0,50,10,5,-2,3,2,8,8,25n,0,4n,8,75,50V_10A_75C
2.2666182647063135e-06,3.2705983338689325e-07,8.650341485950271e-07,65.6137487,31.2274974,2.593678098093207e-06,3.458712246688234e-06,65.6137487,31.2274974,1.9996233000000014e-07,15.697973643500855,-1.3647050999999983,-1.3647050999999983,-1.92498314,2.6897050999999985,0,50,10,5,-2,2,2,8,8,15n,0,4n,8,75,50V_10A_75C
1.765139665316056e-06,3.321706052174426e-07,2.8659924676680397e-06,65.6143761,31.228752200000002,2.0973102705334986e-06,4.963302738201539e-06,65.6143761,31.228752200000002,1.9999465000000007e-07,15.362181279013578,-1.0968501999999987,-1.0968501999999987,-1.97101033,2.421850199999999,0,50,10,5,-2,4,2,8,8,35n,0,4n,8,75,50V_10A_75C
2.270765525913489e-06,3.250599630976289e-07,1.8640769572667224e-06,65.6137487,31.2274974,2.595825489011118e-06,4.45990244627784e-06,65.6137487,31.2274974,1.9995527999999998e-07,15.722787928836333,-1.3722088000000028,-1.3722088000000028,-1.94651933,2.697208800000003,0,50,10,5,-2,2,2,8,8,25n,0,4n,8,75,50V_10A_75C
1.9494207485006717e-06,3.3216398209954127e-07,2.8659713083134884e-06,65.6141558,31.228311600000012,2.281584730600213e-06,5.147556038913701e-06,65.6141558,31.228311600000012,1.9999465000000007e-07,15.362170645512812,-1.216803500000001,-1.216803500000001,-1.97101112,2.541803500000001,0,50,10,5,-2,3,2,8,8,35n,0,4n,8,75,50V_10A_75C
2.2677313180139415e-06,3.32158551714013e-07,2.865932216162178e-06,65.6137487,31.2274974,2.5998898697279544e-06,5.465822085890132e-06,65.6137487,31.2274974,1.9999465000000007e-07,15.362154940834799,-1.3706554000000004,-1.3706554000000004,-1.97101258,2.6956554000000006,0,50,10,5,-2,2,2,8,8,35n,0,4n,8,75,50V_10A_75C
3.0476860650202693e-06,3.271188655864214e-07,8.6510930430293e-07,65.6125668,31.22513359999999,3.374804930606691e-06,4.239914234909621e-06,65.6125668,31.22513359999999,1.9996225000000006e-07,15.697991973361061,-1.3996239999999993,-1.3996239999999993,-1.92499264,2.7246239999999995,0,50,10,5,-2,1,2,8,8,15n,0,4n,8,75,50V_10A_75C
3.054091867544554e-06,3.251185538601348e-07,1.8639982300382804e-06,65.6125668,31.22513359999999,3.379210421404689e-06,5.24320865144297e-06,65.6125668,31.22513359999999,1.9995527999999998e-07,15.722763024162186,-1.4002486000000012,-1.4002486000000012,-1.94652175,2.7252486000000014,0,50,10,5,-2,1,2,8,8,25n,0,4n,8,75,50V_10A_75C
3.053896990942832e-06,3.3221701458021266e-07,2.865818760123511e-06,65.6125668,31.22513359999999,3.3861140055230445e-06,6.251932765646555e-06,65.6125668,31.22513359999999,1.9999465000000007e-07,15.362114400098182,-1.4001121999999988,-1.4001121999999988,-1.97101678,2.725112199999999,0,50,10,5,-2,1,2,8,8,35n,0,4n,8,75,50V_10A_75C
2.349515826940212e-06,5.87837669779555e-07,9.593261967898938e-07,69.5465415,39.09308300000001,2.937353496719767e-06,3.896679693509661e-06,69.5465415,39.09308300000001,1.9996163000000014e-07,19.26524048887206,0.8092506999999998,0.8092506999999998,0.0608768284,0.5157493000000002,0,50,10,5,0,1,2,8,8,25n,0,4n,8,75,50V_10A_75C
1.5027567774630266e-06,2.5168506482982504e-07,4.5236393072018137e-07,64.1422082,28.2844164,1.7544418422928515e-06,2.2068057730130327e-06,64.1422082,28.2844164,1.9995498999999998e-07,10.784165181512236,4.014722700000002,4.014722700000002,0.0310170182,-2.6897227000000017,1,50,10,5,0,8,8,8,1,15n,0,4n,8,75,50V_10A_75C
8.527325358646729e-07,2.5173578073624516e-07,4.984142265436774e-07,61.7820164,23.564032800000003,1.104468316600918e-06,1.6028825431445955e-06,61.7820164,23.564032800000003,1.9999611000000007e-07,10.409133521888254,2.1072174999999973,2.1072174999999973,0.0314887528,-0.7822174999999973,1,50,10,5,0,8,8,8,4,15n,0,4n,8,75,50V_10A_75C
8.749662159188159e-07,2.5180323894128856e-07,5.108536510186942e-07,60.5356797,21.071359400000006,1.1267694548601045e-06,1.6376231058787987e-06,60.5356797,21.071359400000006,1.999554300000001e-07,10.359434811734875,1.1546477,1.1546477,0.0333690172,0.1703523,0,50,10,5,0,8,8,8,8,15n,0,4n,8,75,50V_10A_75C
1.440524205624351e-06,5.982259157161743e-07,3.9425106374665247e-07,69.218789,38.437578,2.0387501213405255e-06,2.433001185087178e-06,69.218789,38.437578,1.9997500000000015e-07,18.007631303770626,0.9444049000000021,0.9444049000000021,0.6887616,0.3055950999999979,0,50,10,5,0,4,2,8,8,10n,0,4n,8,125,50V_10A_125C
1.2690013373077804e-06,2.663250440949747e-07,5.682013639373231e-08,14.0790819,-71.8418362,1.535326381402755e-06,1.5921465177964874e-06,72.073504,44.147008,1.9997001000000005e-07,18.149137366640698,0.911353423,0.5122663999999997,0.911353423,0.338646577,0,50,10,5,0,8,2,8,4,5n,1,4n,8,125,50V_10A_125C
1.6459471474709662e-06,3.369986087348409e-07,3.6490790411485007e-07,66.5331506,33.0663012,1.982945756205807e-06,2.347853660320657e-06,66.5353341,33.0706682,1.9997500000000015e-07,15.051691600270525,-0.33449670000000076,-0.33449670000000076,-1.87174483,1.5844967000000008,0,50,10,5,-2,8,2,8,4,10n,0,4n,8,125,50V_10A_125C
1.1345168370118655e-06,2.663251855887996e-07,9.032333567004253e-08,14.0553084,-71.8893832,1.4008420226006651e-06,1.4911653582707076e-06,72.1168253,44.233650600000004,1.999705500000001e-07,18.16249304135708,0.912122996,0.6932524000000004,0.912122996,0.337877004,0,50,10,5,0,8,2,8,8,5n,1,4n,8,125,50V_10A_125C
1.7772540655319213e-06,3.369935555112522e-07,4.078545736233049e-07,65.9460468,31.892093600000006,2.1142476210431736e-06,2.5221021946664786e-06,65.9460468,31.892093600000006,1.9997500000000015e-07,15.009905154837531,-0.8547984,-0.8547984,-1.88333946,2.1047984,0,50,10,5,-2,8,2,8,8,10n,0,4n,8,125,50V_10A_125C
1.1991973451659849e-06,2.5805480089924555e-07,4.7207332587593727e-07,60.298435,20.596869999999996,1.4572521460652305e-06,1.9293254719411676e-06,60.298435,20.596869999999996,1.9997038000000012e-07,9.993420676891411,0.6901378999999999,0.6901378999999999,0.0160056029,0.5598621000000001,0,50,10,5,0,8,8,8,1,15n,1,4n,8,125,50V_10A_125C
1.1341958854995943e-06,2.5802177462796043e-07,2.5226949257183933e-07,59.1008921,18.201784200000006,1.3922176601275548e-06,1.6444871526993941e-06,59.1008921,18.201784200000006,1.9997500000000015e-07,9.334327686404523,0.6931189,0.6931189,0.0552858482,0.5568811,0,50,10,5,0,8,8,8,8,5n,1,4n,8,125,50V_10A_125C
1.9124552644226553e-06,3.369888796644068e-07,4.078548034472302e-07,65.9458999,31.891799799999998,2.249444144087062e-06,2.657298947534292e-06,65.9458999,31.891799799999998,1.9997500000000015e-07,15.009907765830116,-0.9796349000000006,-0.9796349000000006,-1.88334187,2.2296349000000006,0,50,10,5,-2,6,2,8,8,10n,0,4n,8,125,50V_10A_125C
2.1256059511060067e-06,3.369799128659623e-07,4.078553017428674e-07,65.9456252,31.89125039999999,2.462585863971969e-06,2.8704411657148363e-06,65.9456252,31.89125039999999,1.9997500000000015e-07,15.00991529966271,-1.1595346999999983,-1.1595346999999983,-1.88334643,2.4095346999999983,0,50,10,5,-2,4,2,8,8,10n,0,4n,8,125,50V_10A_125C
2.30535103430975e-06,3.3697143660306104e-07,4.078558447492852e-07,65.9453726,31.890745199999998,2.6423224709128106e-06,3.050178315662096e-06,65.9453726,31.890745199999998,1.9997500000000015e-07,15.009925494927376,-1.2697393999999989,-1.2697393999999989,-1.88335072,2.519739399999999,0,50,10,5,-2,3,2,8,8,10n,0,4n,8,125,50V_10A_125C
2.6203472603468215e-06,3.3696455204371915e-07,4.078569896048895e-07,65.944899,31.889798000000013,2.9573118123905408e-06,3.3651688019954304e-06,65.944899,31.889798000000013,1.9997500000000015e-07,15.009949690421346,-1.3717016999999991,-1.3717016999999991,-1.88335893,2.621701699999999,0,50,10,5,-2,2,2,8,8,10n,0,4n,8,125,50V_10A_125C
3.4310487141953844e-06,3.370407591825887e-07,4.078604027843746e-07,65.9434657,31.88693140000001,3.768089473377973e-06,4.175949876162348e-06,65.9434657,31.88693140000001,1.9997500000000015e-07,15.010020849533664,-1.4340887999999978,-1.4340887999999978,-1.88338367,2.684088799999998,0,50,10,5,-2,1,2,8,8,10n,0,4n,8,125,50V_10A_125C
1.7770080171192252e-06,3.369939013339709e-07,3.649084117632052e-07,66.532995,33.06599,2.114001918453196e-06,2.4789103302164013e-06,66.5351874,33.070374799999996,1.9997500000000015e-07,15.05169532570161,-0.4973397000000013,-0.4973397000000013,-1.87174738,1.7473397000000013,0,50,10,5,-2,6,2,8,4,10n,0,4n,8,125,50V_10A_125C
1.9842013490363154e-06,3.369848844038219e-07,3.649094338385631e-07,66.5327042,33.065408399999995,2.321186233440137e-06,2.6860956672787e-06,66.5349134,33.06982679999999,1.9997500000000015e-07,15.0517050096848,-0.5166570999999998,-0.5166570999999998,-1.87175222,1.7666570999999998,0,50,10,5,-2,4,2,8,4,10n,0,4n,8,125,50V_10A_125C
2.1623646237854197e-06,3.3697636323789554e-07,3.6491046404350265e-07,66.5324364,33.06487279999999,2.499340987023315e-06,2.8642514510668178e-06,66.5346618,33.06932359999999,1.9997500000000015e-07,15.051717234104162,-0.547925099999997,-0.547925099999997,-1.87175677,1.797925099999997,0,50,10,5,-2,3,2,8,4,10n,0,4n,8,125,50V_10A_125C
2.481777352108845e-06,3.369715652239852e-07,3.6491253307345113e-07,66.5319337,33.06386739999999,2.8187489173328303e-06,3.1836614504062813e-06,66.5341905,33.06838099999999,1.9997500000000015e-07,15.05174529402511,-0.6211991000000019,-0.6211991000000019,-1.87176545,1.871199100000002,0,50,10,5,-2,2,2,8,4,10n,0,4n,8,125,50V_10A_125C
2.1157322697887837e-06,3.393273566603668e-07,9.077628068065567e-07,65.9456252,31.89125039999999,2.4550596264491505e-06,3.362822433255707e-06,65.9456252,31.89125039999999,1.9995457999999998e-07,15.254076672323697,-1.1158058000000004,-1.1158058000000004,-1.92532438,2.3658058000000004,0,50,10,5,-2,4,2,8,8,15n,0,4n,8,125,50V_10A_125C
2.295536736457222e-06,3.393188693950189e-07,9.076193458517844e-07,65.9453726,31.890745199999998,2.634855605852241e-06,3.5424749517040257e-06,65.9453726,31.890745199999998,1.9995457999999998e-07,15.25408058144154,-1.2324237000000018,-1.2324237000000018,-1.92532586,2.482423700000002,0,50,10,5,-2,3,2,8,8,15n,0,4n,8,125,50V_10A_125C
2.1125015387729167e-06,3.371667615308972e-07,1.9375729445073456e-06,65.9456252,31.89125039999999,2.449668300303814e-06,4.38724124481116e-06,65.9456252,31.89125039999999,1.999552000000001e-07,15.202606543664565,-1.1244291000000004,-1.1244291000000004,-1.95443067,2.3744291000000004,0,50,10,5,-2,4,2,8,8,25n,0,4n,8,125,50V_10A_125C
3.3122174011875214e-06,3.370468462734772e-07,3.6491873687807616e-07,66.5304126,33.06082520000001,3.6492642474609985e-06,4.014182984339075e-06,66.5327641,33.06552819999999,1.9997500000000015e-07,15.05182812633915,-0.8237378999999976,-0.8237378999999976,-1.87179161,2.0737378999999976,0,50,10,5,-2,1,2,8,4,10n,0,4n,8,125,50V_10A_125C
2.6695711932249498e-06,5.982644912744273e-07,3.9425617938303735e-07,69.2173536,38.43470719999999,3.2678356844993773e-06,3.6620918638824147e-06,69.2173536,38.43470719999999,1.9997500000000015e-07,18.00767527039938,0.7801130000000001,0.7801130000000001,0.688779397,0.46988699999999994,0,50,10,5,0,1,2,8,8,10n,0,4n,8,125,50V_10A_125C
1.8961811731858978e-06,5.982089221708306e-07,3.942527526490752e-07,69.2183068,38.43661359999999,2.4943900953567283e-06,2.8886428480058036e-06,69.2183068,38.43661359999999,1.9997500000000015e-07,18.00764530816812,0.8942917000000001,0.8942917000000001,0.688767524,0.35570829999999987,0,50,10,5,0,2,2,8,8,10n,0,4n,8,125,50V_10A_125C
1.6053215049239854e-06,5.982199893601364e-07,3.942516008951566e-07,69.2186215,38.437242999999995,2.203541494284122e-06,2.5977930951792787e-06,69.2186215,38.437242999999995,1.9997500000000015e-07,18.00763493759317,0.9289772999999997,0.9289772999999997,0.688763574,0.3210227000000003,0,50,10,5,0,3,2,8,8,10n,0,4n,8,125,50V_10A_125C
1.7675856132570455e-06,3.393410176768646e-07,9.077809528478451e-07,65.9460468,31.892093600000006,2.10692663093391e-06,3.0147075837817553e-06,65.9460468,31.892093600000006,1.9995457999999998e-07,15.25407604990149,-0.8086544,-0.8086544,-1.92532178,2.0586544,0,50,10,5,-2,8,2,8,8,15n,0,4n,8,125,50V_10A_125C
1.9025961219397833e-06,3.393363352380847e-07,9.07642135181438e-07,65.9458999,31.891799799999998,2.241932457177868e-06,3.149574592359306e-06,65.9458999,31.891799799999998,1.9995457999999998e-07,15.254075474180794,-0.9338165000000025,-0.9338165000000025,-1.92532271,2.1838165000000025,0,50,10,5,-2,6,2,8,8,15n,0,4n,8,125,50V_10A_125C
1.7636529327798032e-06,3.371805559169027e-07,1.9376039374701686e-06,65.9460468,31.892093600000006,2.100833488696706e-06,4.038437426166875e-06,65.9460468,31.892093600000006,1.999552000000001e-07,15.202605247349535,-0.8127521999999985,-0.8127521999999985,-1.95443066,2.0627521999999985,0,50,10,5,-2,8,2,8,8,25n,0,4n,8,125,50V_10A_125C
1.8985084443227338e-06,3.3717584782936884e-07,1.937593151235559e-06,65.9458999,31.891799799999998,2.235684292152103e-06,4.1732774433876615e-06,65.9458999,31.891799799999998,1.999552000000001e-07,15.202604561338253,-0.9387088999999982,-0.9387088999999982,-1.9544307,2.188708899999998,0,50,10,5,-2,6,2,8,8,25n,0,4n,8,125,50V_10A_125C
1.90150380774031e-06,3.4461025732924885e-07,2.97184034530275e-06,65.9458999,31.891799799999998,2.246114065069559e-06,5.2179544103723085e-06,65.9458999,31.891799799999998,1.9999167000000006e-07,14.94365685789689,-0.932048,-0.932048,-1.96786468,2.182048,0,50,10,5,-2,6,2,8,8,35n,0,4n,8,125,50V_10A_125C
2.294145331464634e-06,3.3715828965079963e-07,1.937554325410268e-06,65.9453726,31.890745199999998,2.6313036211154337e-06,4.568857946525702e-06,65.9453726,31.890745199999998,1.999552000000001e-07,15.202610115610547,-1.2428404999999998,-1.2428404999999998,-1.95443069,2.4928405,0,50,10,5,-2,3,2,8,8,25n,0,4n,8,125,50V_10A_125C
2.612247151026146e-06,3.3931196397611755e-07,9.075987183839325e-07,65.944899,31.889798000000013,2.9515591150022636e-06,3.859157833386196e-06,65.944899,31.889798000000013,1.9995457999999998e-07,15.254092274059056,-1.3741462999999996,-1.3741462999999996,-1.92532857,2.6241462999999996,0,50,10,5,-2,2,2,8,8,15n,0,4n,8,125,50V_10A_125C
2.1138578927198322e-06,3.4460117640991104e-07,2.9718113242753442e-06,65.9456252,31.89125039999999,2.4584590691297433e-06,5.4302703934050876e-06,65.9456252,31.89125039999999,1.9999169000000013e-07,14.943648672488521,-1.1160204,-1.1160204,-1.96786585,2.3660204,0,50,10,5,-2,4,2,8,8,35n,0,4n,8,125,50V_10A_125C
2.6150325847890734e-06,3.371513012357395e-07,1.937519340104324e-06,65.944899,31.889798000000013,2.952183886024813e-06,4.8897032261291365e-06,65.944899,31.889798000000013,1.999552000000001e-07,15.202623048327714,-1.3740732000000015,-1.3740732000000015,-1.95443056,2.6240732000000015,0,50,10,5,-2,2,2,8,8,25n,0,4n,8,125,50V_10A_125C
2.2940356458667917e-06,3.445927042701305e-07,2.9717845953883826e-06,65.9453726,31.890745199999998,2.638628350136922e-06,5.610412945525305e-06,65.9453726,31.890745199999998,1.9999172000000002e-07,14.943642365435819,-1.2347427999999994,-1.2347427999999994,-1.96786699,2.4847427999999994,0,50,10,5,-2,3,2,8,8,35n,0,4n,8,125,50V_10A_125C
2.61285493294492e-06,3.445857219298075e-07,2.97173443503145e-06,65.944899,31.889798000000013,2.9574406548747273e-06,5.929175089906177e-06,65.944899,31.889798000000013,1.9999177e-07,14.943636076962413,-1.373973399999997,-1.373973399999997,-1.9678691,2.623973399999997,0,50,10,5,-2,2,2,8,8,35n,0,4n,8,125,50V_10A_125C
3.43390003736187e-06,3.393881082266633e-07,9.075363534884968e-07,65.9434657,31.88693140000001,3.7732881455885333e-06,4.68082449907703e-06,65.9434657,31.88693140000001,1.9995457999999998e-07,15.254125915783165,-1.4329389999999975,-1.4329389999999975,-1.92533676,2.6829389999999975,0,50,10,5,-2,1,2,8,8,15n,0,4n,8,125,50V_10A_125C
3.4378671756979003e-06,3.372272328866427e-07,1.9374135279775035e-06,65.9434657,31.88693140000001,3.775094408584543e-06,5.712507936562047e-06,65.9434657,31.88693140000001,1.999552000000001e-07,15.202660634782797,-1.4331002999999995,-1.4331002999999995,-1.95443008,2.6831002999999995,0,50,10,5,-2,1,2,8,8,25n,0,4n,8,125,50V_10A_125C
3.4383271298048573e-06,3.4466163060675e-07,2.971582705269397e-06,65.9434657,31.88693140000001,3.782988760411607e-06,6.754571465681004e-06,65.9434657,31.88693140000001,1.9999191000000008e-07,14.943615662435015,-1.4332808999999997,-1.4332808999999997,-1.96787546,2.6832808999999997,0,50,10,5,-2,1,2,8,8,35n,0,4n,8,125,50V_10A_125C
2.6668488239886185e-06,5.995343761711926e-07,1.0349000555039083e-06,69.2173536,38.43470719999999,3.266383200159811e-06,4.3012832556637195e-06,69.2173536,38.43470719999999,1.9996134999999997e-07,18.701380367789625,0.7829660000000018,0.7829660000000018,0.0482215848,0.4670339999999982,0,50,10,5,0,1,2,8,8,25n,0,4n,8,125,50V_10A_125C
2.0607990548528495e-06,2.5801871419133227e-07,5.069247848611808e-07,64.0937603,28.1875206,2.3188177690441818e-06,2.8257425539053626e-06,64.0937603,28.1875206,1.9995495000000005e-07,10.461109745357668,3.9681524999999986,3.9681524999999986,0.0294514992,-2.7181524999999986,1,50,10,5,0,8,8,8,1,15n,0,4n,8,125,50V_10A_125C
1.1253487368030351e-06,2.5825411089824213e-07,5.406945384841711e-07,61.9921039,23.984207799999993,1.3836028477012772e-06,1.9242973861854485e-06,61.9921039,23.984207799999993,1.9995511e-07,10.065918974754958,2.1493415999999996,2.1493415999999996,0.0289818801,-0.8993415999999996,1,50,10,5,0,8,8,8,4,15n,0,4n,8,125,50V_10A_125C
1.1375415180604989e-06,2.5821109476694104e-07,5.526092770677835e-07,60.8689491,21.737898200000004,1.39575261282744e-06,1.948361889895223e-06,60.8689491,21.737898200000004,1.9996136e-07,10.015526512058186,1.150525700000001,1.150525700000001,0.0304987911,0.0994742999999989,0,50,10,5,0,8,8,8,8,15n,0,4n,8,125,50V_10A_125C
1.4362666490534577e-06,1.1917642348874828e-06,1.476023213293482e-07,14.7192203,-85.2807797,2.6280308839409405e-06,2.775633205270289e-06,142.027217,42.02721700000001,4.335503000000001e-08,74.01209929151439,2.6173158,1.2957469999999986,2.6173158,-1.2173158000000002,1,100,2,5,0,4,2,8,8,10n,0,4n,8,25,100V_2A_25C
1.3086788460338089e-06,1.3960063319939924e-06,7.3722009027391616e-09,0.577774446,-99.422225554,2.7046851780278012e-06,2.7120573789305402e-06,173.958545,73.95854499999999,3.439708000000004e-08,73.50529652053592,0.913046638,0.7575125999999983,0.913046638,0.48695336199999995,0,100,2,5,0,8,2,8,4,5n,1,4n,8,25,100V_2A_25C
2.0104008378129884e-06,6.135210196460573e-07,3.704164736056449e-07,42.470352,-57.529647999999995,2.6239218574590457e-06,2.9943383310646905e-06,144.392529,44.392528999999996,4.9876090000000025e-08,70.24262673563588,0.26723899999999645,0.26723899999999645,-0.281885837,1.1327610000000035,0,100,2,5,-2,8,2,8,4,10n,0,4n,8,25,100V_2A_25C
1.2316171354873836e-06,1.396006397440222e-06,1.2623974525612977e-08,0.577785099,-99.422214901,2.6276235329276055e-06,2.6402475074532183e-06,173.958018,73.95801800000001,3.4397059999999966e-08,73.50539137189539,0.913046493,0.8553820000000059,0.913046493,0.48695350699999995,0,100,2,5,0,8,2,8,8,5n,1,4n,8,25,100V_2A_25C
1.9463767576485625e-06,6.134313146284016e-07,3.766785766435456e-07,42.4683644,-57.5316356,2.559808072276964e-06,2.9364866489205097e-06,144.36472,44.364720000000005,4.987658000000011e-08,70.24116957765932,-0.26890250000000293,-0.26890250000000293,-0.283119892,1.6689025000000028,0,100,2,5,-2,8,2,8,8,10n,0,4n,8,25,100V_2A_25C
1.255522270718447e-06,5.891756073779716e-07,6.15038759790144e-07,100.787339,0.7873390000000029,1.8446978780964186e-06,2.4597366378865624e-06,102.182905,2.182905000000005,1.392500000000004e-08,43.85247502299074,1.0457071999999954,1.0457071999999954,0.00865175527,0.3542928000000045,0,100,2,5,0,8,8,8,1,15n,1,4n,8,25,100V_2A_25C
1.230987415908218e-06,1.0997587751095848e-06,1.2988634251938043e-07,14.5305632,-85.4694368,2.330746191017803e-06,2.460632533537183e-06,166.322531,66.322531,4.1055040000000085e-08,68.30818084792432,0.8552077000000011,0.8552077000000011,0.514641045,0.5447922999999988,0,100,2,5,0,8,8,8,8,5n,1,4n,8,25,100V_2A_25C
2.0252748957208424e-06,6.134316262624932e-07,3.766767505870499e-07,42.4681154,-57.53188459999999,2.6387065219833355e-06,3.0153832725703855e-06,144.364986,44.36498599999999,4.987658000000011e-08,70.2413902926129,-0.283113585,-0.48762770000000444,-0.283113585,1.6831135849999999,0,100,2,5,-2,6,2,8,8,10n,0,4n,8,25,100V_2A_25C
2.167418457774942e-06,6.134322422100335e-07,3.7667312569424584e-07,42.4676207,-57.5323793,2.7808506999849756e-06,3.1575238256792215e-06,144.365515,44.36551499999999,4.987658000000011e-08,70.24182877198295,-0.283101031,-0.7863199000000023,-0.283101031,1.6831010309999999,0,100,2,5,-2,4,2,8,8,10n,0,4n,8,25,100V_2A_25C
2.2690211564342385e-06,6.134328353646675e-07,3.766697547252448e-07,42.4671574,-57.5328426,2.882453991798906e-06,3.2591237465241506e-06,144.366009,44.36600899999999,4.987658000000011e-08,70.2422404891669,-0.28308924,-0.909083904,-0.28308924,1.68308924,0,100,2,5,-2,3,2,8,8,10n,0,4n,8,25,100V_2A_25C
2.422873913059963e-06,6.134339705110935e-07,3.766635246099545e-07,42.4662942,-57.5337058,3.0363078835710564e-06,3.4129714081810107e-06,144.366925,44.36692500000001,4.987658000000011e-08,70.243009744859,-0.283067211,-1.098167822,-0.283067211,1.683067211,0,100,2,5,-2,2,2,8,8,10n,0,4n,8,25,100V_2A_25C
2.719815595809256e-06,6.134354533726963e-07,3.7664848066089986e-07,42.4641564,-57.5358436,3.333251049181952e-06,3.709899529842852e-06,144.369161,44.36916099999999,4.987658000000011e-08,70.24493187355806,-0.283012238,-1.3001673699999996,-0.283012238,1.6830122379999999,0,100,2,5,-2,1,2,8,8,10n,0,4n,8,25,100V_2A_25C
2.0892708510585896e-06,6.135213292170894e-07,3.704146691426296e-07,42.4701038,-57.5298962,2.702792180275679e-06,3.0732068494183083e-06,144.392794,44.39279400000001,4.9876090000000025e-08,70.24284707485523,-0.025782899999995834,-0.025782899999995834,-0.281879569,1.4257828999999957,0,100,2,5,-2,6,2,8,4,10n,0,4n,8,25,100V_2A_25C
2.2251652378310663e-06,6.135219430287883e-07,3.703534817516316e-07,42.4696153,-57.53038469999999,2.8386871808598546e-06,3.2090406626114862e-06,144.393316,44.393316,4.9876090000000025e-08,70.24328127502761,-0.281867198,-0.3297589619999999,-0.281867198,1.681867198,0,100,2,5,-2,4,2,8,4,10n,0,4n,8,25,100V_2A_25C
2.3199676513830095e-06,6.135225414151347e-07,3.7035006530260734e-07,42.4691429,-57.530857100000006,2.9334901927981443e-06,3.3038402581007518e-06,144.39382,44.393820000000005,4.9876090000000025e-08,70.24370155672162,-0.281855215,-0.41174569699999997,-0.281855215,1.681855215,0,100,2,5,-2,3,2,8,4,10n,0,4n,8,25,100V_2A_25C
2.457255275690939e-06,6.135236781695647e-07,3.7034384980077426e-07,42.4682755,-57.5317245,3.070778953860504e-06,3.441122803661278e-06,144.39474,44.39474000000001,4.9876090000000025e-08,70.24447598660878,-0.281833136,-0.575250189,-0.281833136,1.6818331359999998,0,100,2,5,-2,2,2,8,4,10n,0,4n,8,25,100V_2A_25C
2.698268215136391e-06,6.135244868452437e-07,3.7032875766812476e-07,42.4661181,-57.5338819,3.311792701981635e-06,3.6821214596497597e-06,144.396996,44.396996,4.9876090000000025e-08,70.24641843580139,-0.281777808,-0.7574432999999914,-0.281777808,1.6817778079999999,0,100,2,5,-2,1,2,8,4,10n,0,4n,8,25,100V_2A_25C
1.9009382294566496e-06,1.1918552373465251e-06,1.476039256445711e-07,14.7166285,-85.28337149999999,3.0927934668031745e-06,3.2403973924477456e-06,142.025566,42.025566,4.335503000000001e-08,74.01210413569095,2.61741146,0.8321606000000088,2.61741146,-1.2174114600000001,1,100,2,5,0,1,2,8,8,10n,0,4n,8,25,100V_2A_25C
1.6677546181086308e-06,1.1917932388998664e-06,1.4759419973670688e-07,14.7183483,-85.2816517,2.859547857008497e-06,3.007142056745204e-06,142.026663,42.02666300000001,4.335503000000001e-08,74.01210084921713,2.61734784,1.0202697,2.61734784,-1.21734784,1,100,2,5,0,2,2,8,8,10n,0,4n,8,25,100V_2A_25C
1.529939305777632e-06,1.1917739934136752e-06,1.4759958309947676e-07,14.7189266,-85.28107340000001,2.7217132991913072e-06,2.869312882290784e-06,142.027031,42.027030999999994,4.335503000000001e-08,74.01209981448079,2.61732654,1.1626882000000052,2.61732654,-1.2173265400000002,1,100,2,5,0,3,2,8,8,10n,0,4n,8,25,100V_2A_25C
1.9533879666542753e-06,5.889854636579112e-07,6.487950955486278e-07,89.6277972,-10.372202799999995,2.5423734303121867e-06,3.1911685258608143e-06,106.750169,6.750169,2.095635000000015e-08,45.955673965953395,-0.30266579999999976,-0.30266579999999976,-1.61405814,1.7026657999999997,0,100,2,5,-2,8,2,8,8,15n,0,4n,8,25,100V_2A_25C
2.0357027971634356e-06,5.889854616212107e-07,6.487939434832166e-07,89.6275259,-10.372474100000003,2.6246882587846464e-06,3.273482202267863e-06,106.750347,6.750347000000005,2.095635000000015e-08,45.95565075049948,-0.5227626000000001,-0.5227626000000001,-1.61405096,1.9227626,0,100,2,5,-2,6,2,8,8,15n,0,4n,8,25,100V_2A_25C
1.9506886523081257e-06,5.914310803763954e-07,6.874650010326417e-07,105.637287,5.6372870000000015,2.542119732684521e-06,3.2295847337171624e-06,105.637287,5.6372870000000015,2.4775000000000114e-08,45.70858070491821,-0.2997749999999968,-0.2997749999999968,-1.97335876,1.6997749999999967,0,100,2,5,-2,8,2,8,8,25n,0,4n,8,25,100V_2A_25C
2.0331757375478646e-06,5.914311587442509e-07,6.874650411899495e-07,105.63726,5.637259999999998,2.6246068962921153e-06,3.312071937482065e-06,105.63726,5.637259999999998,2.4775000000000114e-08,45.70851760785831,-0.5195792000000026,-0.5195792000000026,-1.97335858,1.9195792000000025,0,100,2,5,-2,6,2,8,8,25n,0,4n,8,25,100V_2A_25C
2.1797839399534747e-06,5.889854594533215e-07,6.487514114204657e-07,89.6269878,-10.373012200000005,2.768769399406796e-06,3.417520810827262e-06,106.7507,6.750699999999995,2.095635000000015e-08,45.95560499694648,-0.7952905450000001,-0.7952905450000001,-1.61403668,2.1952905449999998,0,100,2,5,-2,4,2,8,8,15n,0,4n,8,25,100V_2A_25C
2.286095412297713e-06,5.889854782592187e-07,6.487493218928587e-07,89.6264924,-10.373507599999996,2.8750808905569315e-06,3.52383021244979e-06,106.751027,6.7510269999999934,2.095635000000015e-08,45.95556518349917,-0.906030932,-0.906030932,-1.61402343,2.3060309319999996,0,100,2,5,-2,3,2,8,8,15n,0,4n,8,25,100V_2A_25C
2.1768330184566115e-06,5.914313163110821e-07,6.874651222439195e-07,105.637206,5.637206000000005,2.7682643347676937e-06,3.455729457011613e-06,105.637206,5.637206000000005,2.4775000000000114e-08,45.708392837180526,-0.7953223110000001,-0.7953223110000001,-1.97335819,2.195322311,0,100,2,5,-2,4,2,8,8,25n,0,4n,8,25,100V_2A_25C
1.9494579042242756e-06,5.921420031748627e-07,6.653589443170314e-07,105.637287,5.6372870000000015,2.541599907399138e-06,3.2069588517161696e-06,105.637287,5.6372870000000015,3.4474999999999996e-08,44.538055749719796,-0.2984726999999978,-0.2984726999999978,-1.96887644,1.6984726999999977,0,100,2,5,-2,8,2,8,8,35n,0,4n,8,25,100V_2A_25C
2.031745756717991e-06,5.921417940527778e-07,6.653589690276038e-07,105.63726,5.637259999999998,2.6238875507707686e-06,3.2892465197983722e-06,105.63726,5.637259999999998,3.4474999999999996e-08,44.53799162732816,-0.5179807999999966,-0.5179807999999966,-1.96887643,1.9179807999999965,0,100,2,5,-2,6,2,8,8,35n,0,4n,8,25,100V_2A_25C
2.282357389710161e-06,5.914312643243865e-07,6.87465212645793e-07,105.637158,5.6371579999999994,2.8737886540345476e-06,3.5612538666803405e-06,105.637158,5.6371579999999994,2.4775000000000114e-08,45.70828054754922,-0.9066732040000001,-0.9066732040000001,-1.97335785,2.306673204,0,100,2,5,-2,3,2,8,8,25n,0,4n,8,25,100V_2A_25C
2.448305912659503e-06,5.889855573685212e-07,6.487455251030334e-07,89.6255875,-10.374412500000005,3.0372914700280244e-06,3.6860369951310576e-06,106.751626,6.751626000000001,2.095635000000015e-08,45.95549744583222,-1.097386941,-1.097386941,-1.61399902,2.497386941,0,100,2,5,-2,2,2,8,8,15n,0,4n,8,25,100V_2A_25C
2.175177552097733e-06,5.921419049865625e-07,6.653590274773583e-07,105.637206,5.637206000000005,2.7673194570842954e-06,3.4326784845616536e-06,105.637206,5.637206000000005,3.4474999999999996e-08,44.53786362271639,-0.7954306349999999,-0.7954306349999999,-1.96887638,2.1954306349999997,0,100,2,5,-2,4,2,8,8,35n,0,4n,8,25,100V_2A_25C
2.4433369527535258e-06,5.914316565285456e-07,6.874654144439406e-07,105.637072,5.6370720000000025,3.0347686092820714e-06,3.7222340237260122e-06,105.637072,5.6370720000000025,2.4775000000000114e-08,45.70807931234858,-1.096397541,-1.096397541,-1.97335724,2.496397541,0,100,2,5,-2,2,2,8,8,25n,0,4n,8,25,100V_2A_25C
2.280456738590811e-06,5.921420284835608e-07,6.653590931242431e-07,105.637158,5.6371579999999994,2.8725987670743717e-06,3.5379578601986147e-06,105.637158,5.6371579999999994,3.4474999999999996e-08,44.537747930319505,-0.905974219,-0.905974219,-1.96887633,2.305974219,0,100,2,5,-2,3,2,8,8,35n,0,4n,8,25,100V_2A_25C
2.4401187553294773e-06,5.921422996621255e-07,6.653592507902428e-07,105.637072,5.6370720000000025,3.032261054991603e-06,3.6976203057818455e-06,105.637072,5.6370720000000025,3.4474999999999996e-08,44.53754144953911,-1.097033539,-1.097033539,-1.96887625,2.497033539,0,100,2,5,-2,2,2,8,8,35n,0,4n,8,25,100V_2A_25C
2.737863835029477e-06,5.889845272350515e-07,6.487368601112605e-07,89.6234853,-10.376514700000003,3.3268483622645283e-06,3.975585222375789e-06,106.753035,6.753034999999998,2.095635000000015e-08,45.955379171032135,-1.2983692099999997,-1.2983692099999997,-1.61394066,2.6983692099999996,0,100,2,5,-2,1,2,8,8,15n,0,4n,8,25,100V_2A_25C
2.7328761117698165e-06,5.914311072668187e-07,6.874661665180833e-07,105.636886,5.636886000000004,3.324307219036635e-06,4.011773385554718e-06,105.636886,5.636886000000004,2.4775000000000114e-08,45.70765120169675,-1.29863464,-1.29863464,-1.9733561,2.69863464,0,100,2,5,-2,1,2,8,8,25n,0,4n,8,25,100V_2A_25C
2.7292034020583126e-06,5.921416250591441e-07,6.653598994811953e-07,105.636886,5.636886000000004,3.3213450271174566e-06,3.986704926598652e-06,105.636886,5.636886000000004,3.4474999999999996e-08,44.53709916811523,-1.2988369300000002,-1.2988369300000002,-1.96887621,2.69883693,0,100,2,5,-2,1,2,8,8,35n,0,4n,8,25,100V_2A_25C
1.9107751508713503e-06,5.954941236779186e-07,6.451204585702139e-07,103.89346,3.8934600000000046,2.506269274549269e-06,3.151389733119483e-06,103.89346,3.8934600000000046,1.8824999999999985e-08,42.04611783593818,0.8345515999999975,0.8345515999999975,0.022008545,0.5654484000000024,0,100,2,5,0,1,2,8,8,25n,0,4n,8,25,100V_2A_25C
2.3352129648878825e-06,5.892655841018197e-07,5.834089020542261e-07,100.992223,0.9922229999999956,2.9244785489897023e-06,3.507887451043928e-06,102.250398,2.250398000000004,1.392500000000004e-08,43.8862227772458,4.407896099999995,4.407896099999995,0.0226394214,-3.007896099999995,1,100,2,5,0,8,8,8,1,15n,0,4n,8,25,100V_2A_25C
1.2761887978007702e-06,5.892234755923869e-07,6.193361893004027e-07,100.886716,0.8867160000000069,1.865412273393157e-06,2.48474846269356e-06,102.223959,2.2239589999999936,1.392500000000004e-08,43.86048425696522,2.4192082,2.4192082,0.0205471089,-1.0192082,1,100,2,5,0,8,8,8,4,15n,0,4n,8,25,100V_2A_25C
1.2493711931097393e-06,5.89213760606867e-07,6.257666217856883e-07,100.850718,0.8507180000000005,1.8385849537166064e-06,2.4643515755022946e-06,102.207455,2.207454999999996,1.392500000000004e-08,43.85431568426054,1.6917969,1.6917969,0.0208057009,-0.2917969,1,100,2,5,0,8,8,8,8,15n,0,4n,8,25,100V_2A_25C
1.5497276845133289e-06,1.0744059381054249e-06,1.5450608110321287e-07,15.5236848,-84.4763152,2.6241336226187535e-06,2.7786397037219665e-06,142.214403,42.214403000000004,4.335505000000008e-08,73.57495900494334,2.47985733,1.2278115999999955,2.47985733,-1.1548573300000002,1,100,2,5,0,4,2,8,8,10n,0,4n,8,75,100V_2A_75C
1.4340247698762557e-06,1.2021371330274411e-06,7.321913779217648e-09,0.64282842,-99.35717158,2.636161902903697e-06,2.6434838166829143e-06,165.578079,65.578079,3.479712e-08,73.75227085487761,0.90804318,0.7115802000000002,0.90804318,0.41695682,0,100,2,5,0,8,2,8,4,5n,1,4n,8,75,100V_2A_75C
2.2247336225633665e-06,6.122753280946261e-07,3.734181314532222e-07,42.9331552,-57.0668448,2.8370089506579927e-06,3.210427082111215e-06,142.400107,42.40010699999999,4.977604000000005e-08,68.41963903292634,0.1355677999999969,0.1355677999999969,-0.355103872,1.189432200000003,0,100,2,5,-2,8,2,8,4,10n,0,4n,8,75,100V_2A_75C
1.3852228502772019e-06,1.2021369080126517e-06,1.231862159576386e-08,0.642840579,-99.35715942099999,2.5873597582898537e-06,2.5996783798856177e-06,165.57829,65.57829000000001,3.479710000000014e-08,73.75228194815709,0.908043288,0.8077928999999955,0.908043288,0.41695671199999995,0,100,2,5,0,8,2,8,8,5n,1,4n,8,75,100V_2A_75C
2.1543091780780934e-06,6.121898389819518e-07,3.799762164735062e-07,42.9310412,-57.0689588,2.766499017060045e-06,3.1464752335335513e-06,142.386946,42.386945999999995,4.9776520000000095e-08,68.41601846525643,-0.3465971000000039,-0.3465971000000039,-0.356736265,1.6715971000000038,0,100,2,5,-2,8,2,8,8,10n,0,4n,8,75,100V_2A_75C
1.3920036999571213e-06,5.895536923417628e-07,6.163389697679078e-07,100.828396,0.8283959999999979,1.9815573922988843e-06,2.5978963620667922e-06,102.193704,2.1937039999999968,1.3875000000000142e-08,43.83225260809825,0.9963155000000015,0.9963155000000015,0.00870434855,0.3286844999999985,0,100,2,5,0,8,8,8,1,15n,1,4n,8,75,100V_2A_75C
1.3851901707865605e-06,9.898234493379173e-07,1.3070396928618014e-07,14.6563308,-85.34366919999998,2.375013620124478e-06,2.505717589410658e-06,161.293241,61.293240999999995,4.119752000000003e-08,68.04260045648583,0.8076672999999985,0.8076672999999985,0.484391629,0.5173327000000014,0,100,2,5,0,8,8,8,8,5n,1,4n,8,75,100V_2A_75C
2.2242607059502046e-06,6.121902314749079e-07,3.7997376458466664e-07,42.9307018,-57.069298200000006,2.8364509374251124e-06,3.216424702009779e-06,142.38727,42.38727,4.9776520000000095e-08,68.41629096448196,-0.356728002,-0.5633252000000013,-0.356728002,1.6817280019999998,0,100,2,5,-2,6,2,8,8,10n,0,4n,8,75,100V_2A_75C
2.338116247634036e-06,6.121910014201266e-07,3.800138055822977e-07,42.9300464,-57.0699536,2.9503072490541625e-06,3.33032105463646e-06,142.387894,42.38789399999999,4.9776520000000095e-08,68.41681800096711,-0.356712008,-0.8528106000000051,-0.356712008,1.6817120079999999,0,100,2,5,-2,4,2,8,8,10n,0,4n,8,75,100V_2A_75C
2.4246167849958066e-06,6.121917443578923e-07,3.7996467068324576e-07,42.9294332,-57.07056680000001,3.036808529353699e-06,3.416773200036945e-06,142.388475,42.388475,4.9776520000000095e-08,68.41731252687563,-0.356697017,-1.0237190999999939,-0.356697017,1.6816970169999998,0,100,2,5,-2,3,2,8,8,10n,0,4n,8,75,100V_2A_75C
2.556816572444907e-06,6.12193167652388e-07,3.7995666455702675e-07,42.9283004,-57.0716996,3.1690097400972947e-06,3.5489664046543214e-06,142.389544,42.38954400000001,4.9776520000000095e-08,68.41822983573391,-0.356669259,-1.2283203000000071,-0.356669259,1.681669259,0,100,2,5,-2,2,2,8,8,10n,0,4n,8,75,100V_2A_75C
2.8289171587266123e-06,6.121948839397607e-07,3.7998125707847363e-07,42.9253828,-57.074617200000006,3.441112042666373e-06,3.821093299744847e-06,142.392265,42.39226500000001,4.9776520000000095e-08,68.42061225716144,-0.35659748,-1.3996131900000002,-0.35659748,1.68159748,0,100,2,5,-2,1,2,8,8,10n,0,4n,8,75,100V_2A_75C
2.3014610264917075e-06,6.122757173212422e-07,3.734157500631727e-07,42.9328216,-57.0671784,2.9137367438129498e-06,3.2871524938761226e-06,142.400425,42.40042500000001,4.977604000000005e-08,68.4199077052186,-0.15331019999999995,-0.15331019999999995,-0.355095767,1.4783102,0,100,2,5,-2,6,2,8,4,10n,0,4n,8,75,100V_2A_75C
2.4079095103639474e-06,6.12276485374839e-07,3.734111267309869e-07,42.9321723,-57.067827699999995,3.0201859957387864e-06,3.3935971224697733e-06,142.401042,42.40104199999999,4.977604000000005e-08,68.42043101438593,-0.355079961,-0.500897033,-0.355079961,1.680079961,0,100,2,5,-2,4,2,8,4,10n,0,4n,8,75,100V_2A_75C
2.488395655612268e-06,6.12277232721126e-07,3.7340671491729814e-07,42.9315496,-57.0684504,3.1006728883333936e-06,3.474079603250692e-06,142.401632,42.401632000000006,4.977604000000005e-08,68.420933986193,-0.355064777,-0.6045331650000001,-0.355064777,1.680064777,0,100,2,5,-2,3,2,8,4,10n,0,4n,8,75,100V_2A_75C
2.60383791045478e-06,6.122786602848505e-07,3.7339873781878934e-07,42.9304113,-57.0695887,3.2161165707396306e-06,3.58951530855842e-06,142.402706,42.402705999999995,4.977604000000005e-08,68.4218573572354,-0.355036954,-0.7128774999999905,-0.355036954,1.680036954,0,100,2,5,-2,2,2,8,4,10n,0,4n,8,75,100V_2A_75C
2.8201161347788135e-06,6.122794085162257e-07,3.733785888668288e-07,42.9274746,-57.0725254,3.4323955432950393e-06,3.8057741321618682e-06,142.405444,42.40544399999999,4.977604000000005e-08,68.42425911343672,-0.354964877,-0.8013250000000056,-0.354964877,1.679964877,0,100,2,5,-2,1,2,8,4,10n,0,4n,8,75,100V_2A_75C
1.97527120059946e-06,1.0745101762648068e-06,1.5447305751225337e-07,15.520006,-84.479994,3.049781376864267e-06,3.20425443437652e-06,142.21233,42.21233000000001,4.335505000000008e-08,73.57486764124677,2.47998701,0.7871293999999978,2.47998701,-1.15498701,1,100,2,5,0,1,2,8,8,10n,0,4n,8,75,100V_2A_75C
1.751964560681865e-06,1.074438931282596e-06,1.5449487083256633e-07,15.5224376,-84.47756239999998,2.826403491964461e-06,2.9808983627970274e-06,142.213703,42.213703,4.335505000000008e-08,73.57492748732174,2.47990099,0.9608751999999896,2.47990099,-1.15490099,1,100,2,5,0,2,2,8,8,10n,0,4n,8,75,100V_2A_75C
1.631809828541877e-06,1.074417046454908e-06,1.5450229552504277e-07,15.5232641,-84.47673589999998,2.706226874996785e-06,2.8607291705218275e-06,142.214167,42.214167,4.335505000000008e-08,73.57494827939426,2.47987199,1.098330400000009,2.47987199,-1.15487199,1,100,2,5,0,3,2,8,8,10n,0,4n,8,75,100V_2A_75C
2.1520006657087685e-06,5.899186686209615e-07,6.504642433043133e-07,89.9334197,-10.066580299999998,2.74191933432973e-06,3.392383577634043e-06,106.402069,6.4020689999999965,2.0856390000000076e-08,45.8795227357902,-0.38227889999999576,-0.38227889999999576,-1.63158606,1.7072788999999957,0,100,2,5,-2,8,2,8,8,15n,0,4n,8,75,100V_2A_75C
2.230667618480166e-06,5.899186840847594e-07,6.504627443878046e-07,89.9330623,-10.066937699999997,2.8205863025649255e-06,3.47104904695273e-06,106.402305,6.402304999999999,2.0856390000000076e-08,45.879490388873165,-0.6000624000000059,-0.6000624000000059,-1.63157701,1.9250624000000058,0,100,2,5,-2,6,2,8,8,15n,0,4n,8,75,100V_2A_75C
2.148843231208683e-06,5.926839430571514e-07,6.885209442817778e-07,105.679875,5.679874999999995,2.741527174265834e-06,3.430048118547612e-06,105.679875,5.679874999999995,2.4825000000000012e-08,45.68571900312705,-0.3777625000000029,-0.3777625000000029,-1.97269209,1.7027625000000028,0,100,2,5,-2,8,2,8,8,25n,0,4n,8,75,100V_2A_75C
2.2271508363815053e-06,5.92684051952692e-07,6.88521014751772e-07,105.679839,5.679839000000002,2.8198348883341973e-06,3.508355903085969e-06,105.679839,5.679839000000002,2.4825000000000012e-08,45.6856380136668,-0.5954196999999937,-0.5954196999999937,-1.97269225,1.9204196999999936,0,100,2,5,-2,6,2,8,8,25n,0,4n,8,75,100V_2A_75C
2.344768282304809e-06,5.899187303887414e-07,6.504598808543485e-07,89.9323786,-10.067621399999993,2.9346870126935505e-06,3.585146893547899e-06,106.402757,6.402756999999995,2.0856390000000076e-08,45.879430283358424,-0.8916025999999988,-0.8916025999999988,-1.6315596,2.216602599999999,0,100,2,5,-2,4,2,8,8,15n,0,4n,8,75,100V_2A_75C
2.4366238011466e-06,5.899188033815639e-07,6.5045726762595e-07,89.931751,-10.068248999999994,3.026542604528164e-06,3.6769998721541143e-06,106.403174,6.403174000000007,2.0856390000000076e-08,45.879378525813564,-1.0604761999999965,-1.0604761999999965,-1.63154347,2.3854761999999967,0,100,2,5,-2,3,2,8,8,15n,0,4n,8,75,100V_2A_75C
2.3412136619042255e-06,5.926841243414087e-07,6.88521159454447e-07,105.679771,5.679771000000003,2.9338977862456343e-06,3.622418945700081e-06,105.679771,5.679771000000003,2.4825000000000012e-08,45.685484700779476,-0.886688399999997,-0.886688399999997,-1.97269254,2.2116883999999972,0,100,2,5,-2,4,2,8,8,25n,0,4n,8,75,100V_2A_75C
2.147358573345921e-06,5.938382622718602e-07,6.656615080998533e-07,105.679875,5.679874999999995,2.741196835617781e-06,3.4068583437176344e-06,105.679875,5.679874999999995,3.4525000000000106e-08,44.51310801464022,-0.37631980000000453,-0.37631980000000453,-1.96939004,1.7013198000000045,0,100,2,5,-2,8,2,8,8,35n,0,4n,8,75,100V_2A_75C
2.2213382920662653e-06,5.938383403940607e-07,6.65661560526234e-07,105.679839,5.679839000000002,2.815176632460326e-06,3.48083819298656e-06,105.679839,5.679839000000002,3.4525000000000106e-08,44.51302499739783,-0.5937220000000067,-0.5937220000000067,-1.96939021,1.9187220000000067,0,100,2,5,-2,6,2,8,8,35n,0,4n,8,75,100V_2A_75C
2.4324005721899397e-06,5.92684374771568e-07,6.88521317425792e-07,105.679709,5.679709000000003,3.0250849469615076e-06,3.7136062643872996e-06,105.679709,5.679709000000003,2.4825000000000012e-08,45.68534755516647,-1.0558161000000013,-1.0558161000000013,-1.97269283,2.3808161000000014,0,100,2,5,-2,3,2,8,8,25n,0,4n,8,75,100V_2A_75C
2.5782365393828884e-06,5.899189986812699e-07,6.50452590070205e-07,89.9306196,-10.0693804,3.1681555380641584e-06,3.818608128134363e-06,106.40393,6.403930000000003,2.0856390000000076e-08,45.87929339319033,-1.2524099999999976,-1.2524099999999976,-1.63151405,2.5774099999999978,0,100,2,5,-2,2,2,8,8,15n,0,4n,8,75,100V_2A_75C
2.339151278081596e-06,5.938385070275607e-07,6.65661673974299e-07,105.679771,5.679771000000003,2.9329897851091565e-06,3.5986514590834558e-06,105.679771,5.679771000000003,3.4525000000000106e-08,44.512867789821655,-0.884635000000003,-0.884635000000003,-1.96939052,2.209635000000003,0,100,2,5,-2,4,2,8,8,35n,0,4n,8,75,100V_2A_75C
2.5726939686846983e-06,5.926848775648466e-07,6.885216650737209e-07,105.679601,5.679601000000004,3.165378846249545e-06,3.853900511323266e-06,105.679601,5.679601000000004,2.4825000000000012e-08,45.685108247113305,-1.2498626000000002,-1.2498626000000002,-1.9726934,2.5748626000000003,0,100,2,5,-2,2,2,8,8,25n,0,4n,8,75,100V_2A_75C
2.4298953097478e-06,5.938386912401218e-07,6.656617980710855e-07,105.679709,5.679709000000003,3.0237340009879217e-06,3.689395799059007e-06,105.679709,5.679709000000003,3.4525000000000106e-08,44.5127267615522,-1.0535641999999967,-1.0535641999999967,-1.9693908,2.378564199999997,0,100,2,5,-2,3,2,8,8,35n,0,4n,8,75,100V_2A_75C
2.569228806826051e-06,5.938390980626367e-07,6.656620859697028e-07,105.679601,5.679601000000004,3.1630679048886878e-06,3.828729990858391e-06,105.679601,5.679601000000004,3.4525000000000106e-08,44.51248023901289,-1.2485173999999972,-1.2485173999999972,-1.96939134,2.5735173999999974,0,100,2,5,-2,2,2,8,8,35n,0,4n,8,75,100V_2A_75C
2.847280137046356e-06,5.899176905142179e-07,6.504413815758915e-07,89.9278633,-10.072136700000001,3.4371978275605738e-06,4.087639209136465e-06,106.405797,6.405797000000007,2.0856390000000076e-08,45.87913244326705,-1.3982294400000006,-1.3982294400000006,-1.63144043,2.723229440000001,0,100,2,5,-2,1,2,8,8,15n,0,4n,8,75,100V_2A_75C
1.423071535580772e-06,5.896072711207261e-07,6.203575501150095e-07,100.925282,0.9252819999999957,2.012678806701498e-06,2.6330363568165078e-06,102.234237,2.234236999999993,1.392500000000004e-08,43.84107551001667,2.316905900000002,2.316905900000002,0.0205876074,-0.9919059000000019,1,100,2,5,0,8,8,8,4,15n,0,4n,8,75,100V_2A_75C
1.3888207678326152e-06,5.895973628750597e-07,6.268321645887718e-07,100.890879,0.8908789999999982,1.9784181307076747e-06,2.6052502952964464e-06,102.217719,2.2177190000000024,1.392500000000004e-08,43.83425590100417,1.6182476999999977,1.6182476999999977,0.0208342168,-0.2932476999999978,1,100,2,5,0,8,8,8,8,15n,0,4n,8,75,100V_2A_75C
1.6259739698268127e-06,1.003885268477836e-06,1.5900256942444015e-07,16.1014593,-83.8985407,2.6298592383046487e-06,2.788861807729089e-06,141.250081,41.250080999999994,4.330506000000001e-08,72.85394718836307,2.37796918,1.1750286999999986,2.37796918,-1.12796918,1,100,2,5,0,4,2,8,8,10n,0,4n,8,125,100V_2A_125C
1.5183566849071216e-06,1.0733464420967816e-06,7.239128523921705e-09,0.700707363,-99.299292637,2.5917031270039032e-06,2.598942255527825e-06,159.010497,59.01049699999999,3.804714e-08,73.48306262028305,0.902293406,0.6728858999999972,0.902293406,0.34770659400000004,0,100,2,5,0,8,2,8,4,5n,1,4n,8,125,100V_2A_125C
2.8415248123025877e-06,5.926839992515448e-07,6.885228448725048e-07,105.679358,5.679357999999993,3.4342088115541323e-06,4.122731656426637e-06,105.679358,5.679357999999993,2.4825000000000012e-08,45.684570894399045,-1.39867102,-1.39867102,-1.97269515,2.7236710200000003,0,100,2,5,-2,1,2,8,8,25n,0,4n,8,75,100V_2A_75C
2.837613572635735e-06,5.938381928361199e-07,6.656631177607436e-07,105.679358,5.679357999999993,3.431451765471855e-06,4.097114883232599e-06,105.679358,5.679357999999993,3.4525000000000106e-08,44.51192421434033,-1.39872687,-1.39872687,-1.96939284,2.72372687,0,100,2,5,-2,1,2,8,8,35n,0,4n,8,75,100V_2A_75C
1.983318360930249e-06,5.973566657463281e-07,6.459249975285794e-07,103.911244,3.9112439999999964,2.5806750266765773e-06,3.2266000242051567e-06,103.911244,3.9112439999999964,1.8724999999999977e-08,42.20417275510137,0.7894330000000025,0.7894330000000025,0.0225467268,0.5355669999999975,0,100,2,5,0,1,2,8,8,25n,0,4n,8,75,100V_2A_75C
2.46154436271234e-06,5.896498269857137e-07,5.845712752286811e-07,101.03462,1.0346200000000039,3.051194189698054e-06,3.635765464926735e-06,102.26139,2.261390000000006,1.3875000000000142e-08,43.86495473804811,4.291914399999996,4.291914399999996,0.0227169802,-2.966914399999996,1,100,2,5,0,8,8,8,1,15n,0,4n,8,75,100V_2A_75C
2.36374176517934e-06,6.111478097901001e-07,3.757261880566318e-07,43.3006956,-56.6993044,2.97488957496944e-06,3.350615763026072e-06,140.762717,40.76271700000001,4.9675980000000034e-08,66.99290508402785,0.03189959999999559,0.03189959999999559,-0.413646688,1.2181004000000044,0,100,2,5,-2,8,2,8,4,10n,0,4n,8,125,100V_2A_125C
1.491146658966176e-06,1.0733459987674222e-06,1.2032255555698637e-08,0.700721117,-99.299278883,2.564492657733598e-06,2.5765249132892968e-06,159.010577,59.01057700000001,3.804714e-08,73.48308161601983,0.902293589,0.7683985999999976,0.902293589,0.347706411,0,100,2,5,0,8,2,8,8,5n,1,4n,8,125,100V_2A_125C
2.290908423033731e-06,6.110752560915028e-07,3.825043979273385e-07,43.2985118,-56.7014882,2.901983679125234e-06,3.2844880770525723e-06,140.733475,40.733475,4.967646000000008e-08,66.98676046628363,-0.41402109999999936,-0.41402109999999936,-0.414755974,1.6640210999999994,0,100,2,5,-2,8,2,8,8,10n,0,4n,8,125,100V_2A_125C
1.4863432312022165e-06,5.899155879367686e-07,6.172224258405053e-07,100.856964,0.8569640000000049,2.076258819138985e-06,2.6934812449794905e-06,102.201151,2.201150999999996,1.3875000000000142e-08,43.818646755034514,0.9592886000000007,0.9592886000000007,0.00877954442,0.2907113999999993,0,100,2,5,0,8,8,8,1,15n,1,4n,8,125,100V_2A_125C
1.4916236615347226e-06,9.166450584596874e-07,1.313031615841189e-07,14.7502762,-85.2497238,2.40826871999441e-06,2.5395718815785288e-06,157.066334,57.06633400000001,3.814394000000005e-08,67.45585842160433,0.7680872999999977,0.7680872999999977,0.457112194,0.4819127000000023,0,100,2,5,0,8,8,8,8,5n,1,4n,8,125,100V_2A_125C
2.3551798556524536e-06,6.110757090625229e-07,3.825014632571301e-07,43.2980989,-56.70190110000001,2.9662555647149763e-06,3.3487570279721064e-06,140.73385,40.73384999999999,4.967646000000008e-08,66.98706495193561,-0.414746699,-0.6271464000000009,-0.414746699,1.664746699,0,100,2,5,-2,6,2,8,8,10n,0,4n,8,125,100V_2A_125C
2.4527786975977344e-06,6.11076611841572e-07,3.824957175984769e-07,43.2972889,-56.70271110000001,3.0638553094393064e-06,3.4463510270377832e-06,140.734585,40.73458500000001,4.967646000000008e-08,66.98766288459413,-0.414728473,-0.9085200000000029,-0.414728473,1.664728473,0,100,2,5,-2,4,2,8,8,10n,0,4n,8,125,100V_2A_125C
2.5299911210862536e-06,6.110774781930852e-07,3.82524835128343e-07,43.2965377,-56.7034623,3.1410685992793388e-06,3.5235934344076818e-06,140.735262,40.735262000000006,4.967646000000008e-08,66.98821963662667,-0.414711527,-1.072945599999997,-0.414711527,1.6647115270000001,0,100,2,5,-2,3,2,8,8,10n,0,4n,8,125,100V_2A_125C
2.6484512581128415e-06,6.110791475469496e-07,3.8251515384883846e-07,43.2951451,-56.7048549,3.259530405659791e-06,3.6420455595086295e-06,140.736511,40.73651100000001,4.967646000000008e-08,66.98925649017373,-0.41468003,-1.2712515999999994,-0.41468003,1.66468003,0,100,2,5,-2,2,2,8,8,10n,0,4n,8,125,100V_2A_125C
2.908878529341636e-06,6.110809982361478e-07,3.8245580195848677e-07,43.2914801,-56.7085199,3.5199595275777836e-06,3.90241532953627e-06,140.739756,40.739756,4.967646000000008e-08,66.9920083581385,-0.414596764,-1.429208800000012,-0.414596764,1.6645967640000001,0,100,2,5,-2,1,2,8,8,10n,0,4n,8,125,100V_2A_125C
2.430030930077148e-06,6.111482626138934e-07,3.7572328899622165e-07,43.3002833,-56.699716699999996,3.0411791926910414e-06,3.416902481687263e-06,140.763091,40.763091,4.9675980000000034e-08,66.99320982993358,-0.25360179999999843,-0.25360179999999843,-0.41363745,1.5036017999999984,0,100,2,5,-2,6,2,8,4,10n,0,4n,8,125,100V_2A_125C
2.524527177702444e-06,6.111491621280801e-07,3.7571762423373587e-07,43.2994759,-56.7005241,3.135676339830524e-06,3.51139396406426e-06,140.763823,40.763823,4.9675980000000034e-08,66.9938073189567,-0.413619326,-0.6117668999999992,-0.413619326,1.663619326,0,100,2,5,-2,4,2,8,4,10n,0,4n,8,125,100V_2A_125C
2.5964348594843794e-06,6.111500316164423e-07,3.7571234675892697e-07,43.2987178,-56.70128220000001,3.2075848911008214e-06,3.5832972378597483e-06,140.764507,40.76450700000001,4.9675980000000034e-08,66.9943701780002,-0.413602269,-0.7821564999999999,-0.413602269,1.663602269,0,100,2,5,-2,3,2,8,4,10n,0,4n,8,125,100V_2A_125C
2.69990139766969e-06,6.111517065280649e-07,3.757027121969426e-07,43.297319,-56.702681000000005,3.311053104197755e-06,3.6867558163946977e-06,140.76576,40.76576,4.9675980000000034e-08,66.9954135149733,-0.41357071,-0.763810399999997,-0.41357071,1.6635707100000001,0,100,2,5,-2,2,2,8,4,10n,0,4n,8,125,100V_2A_125C
2.909420152563633e-06,6.111516976828706e-07,3.7567781127123217e-07,43.293633,-56.706367,3.5205718502465035e-06,3.896249661517736e-06,140.769023,40.769023000000004,4.9675980000000034e-08,66.99817480480057,-0.413487168,-0.8376587999999998,-0.413487168,1.663487168,0,100,2,5,-2,1,2,8,4,10n,0,4n,8,125,100V_2A_125C
2.0321338122619816e-06,1.0039975149015072e-06,1.589614324086381e-07,16.0967271,-83.9032729,3.0361313271634886e-06,3.195092759572127e-06,141.247707,41.24770699999999,4.330506000000001e-08,72.85388913060751,2.3781241,0.7512743999999998,2.3781241,-1.1281241,1,100,2,5,0,1,2,8,8,10n,0,4n,8,125,100V_2A_125C
1.807515439865287e-06,1.0039205944982275e-06,1.589885785006159e-07,16.09985,-83.90015,2.8114360343635143e-06,2.97042461286413e-06,141.249276,41.24927600000001,4.330506000000001e-08,72.85392244340416,2.37802144,0.9141039000000006,2.37802144,-1.12802144,1,100,2,5,0,2,2,8,8,10n,0,4n,8,125,100V_2A_125C
1.6991985565914594e-06,1.0038972096185257e-06,1.5899784395855107e-07,16.1009139,-83.8990861,2.703095766209985e-06,2.8620936101685363e-06,141.249809,41.249809,4.330506000000001e-08,72.8539385167177,2.37798677,1.0480825000000067,2.37798677,-1.1279867700000001,1,100,2,5,0,3,2,8,8,10n,0,4n,8,125,100V_2A_125C
2.2828905605336187e-06,5.907698683241979e-07,6.516271660488477e-07,90.1723487,-9.8276513,2.8736604288578167e-06,3.5252875949066645e-06,106.145535,6.145534999999995,2.0756419999999966e-08,45.823698471158245,-0.4448472000000052,-0.4448472000000052,-1.64425016,1.6948472000000052,0,100,2,5,-2,8,2,8,8,15n,0,4n,8,125,100V_2A_125C
2.351755493283917e-06,5.907699143572056e-07,6.516254212971612e-07,90.1719287,-9.828071300000005,2.9425254076411223e-06,3.5941508289382836e-06,106.145805,6.145804999999996,2.0756419999999966e-08,45.82366004365791,-0.6602825999999951,-0.6602825999999951,-1.64423979,1.910282599999995,0,100,2,5,-2,6,2,8,8,15n,0,4n,8,125,100V_2A_125C
2.2810485968767184e-06,5.936235699354198e-07,6.890992100533785e-07,105.698154,5.6981540000000015,2.8746721668121384e-06,3.563771376865517e-06,105.698154,5.6981540000000015,2.4825000000000012e-08,45.667705995886664,-0.44041930000000207,-0.44041930000000207,-1.97158901,1.690419300000002,0,100,2,5,-2,8,2,8,8,25n,0,4n,8,125,100V_2A_125C
2.348993523670546e-06,5.936237166133336e-07,6.890993119649171e-07,105.698106,5.698105999999996,2.94261724028388e-06,3.631716552248797e-06,105.698106,5.698105999999996,2.4825000000000012e-08,45.667613879128474,-0.6555321000000021,-0.6555321000000021,-1.97158954,1.905532100000002,0,100,2,5,-2,6,2,8,8,25n,0,4n,8,125,100V_2A_125C
2.453752342018569e-06,5.907700158782118e-07,6.516220246779326e-07,90.1711093,-9.828890700000002,3.044522357896781e-06,3.6961443825747135e-06,106.146333,6.1463329999999985,2.0756419999999966e-08,45.82358649545478,-0.9449637999999965,-0.9449637999999965,-1.64421948,2.1949637999999965,0,100,2,5,-2,4,2,8,8,15n,0,4n,8,125,100V_2A_125C
2.5366447752565878e-06,5.907701532450661e-07,6.51618967080769e-07,90.1703666,-9.829633400000006,3.127414928501654e-06,3.779033895582423e-06,106.146814,6.146814000000006,2.0756419999999966e-08,45.82352476471601,-1.109189299999997,-1.109189299999997,-1.64420085,2.359189299999997,0,100,2,5,-2,3,2,8,8,15n,0,4n,8,125,100V_2A_125C
2.4506523265738404e-06,5.936240198411165e-07,6.890995170900774e-07,105.698014,5.698014000000001,3.044276346414957e-06,3.7333758635050344e-06,105.698014,5.698014000000001,2.4825000000000012e-08,45.667435463589094,-0.939645800000001,-0.939645800000001,-1.97159056,2.189645800000001,0,100,2,5,-2,4,2,8,8,25n,0,4n,8,125,100V_2A_125C
2.279094177701678e-06,5.950245136168688e-07,6.656697174718046e-07,105.698154,5.6981540000000015,2.874118691318547e-06,3.5397884087903515e-06,105.698154,5.6981540000000015,3.4575000000000004e-08,44.49709561870485,-0.4388922999999991,-0.4388922999999991,-1.96940218,1.6888922999999991,0,100,2,5,-2,8,2,8,8,35n,0,4n,8,125,100V_2A_125C
2.3468921030898213e-06,5.950246233878989e-07,6.656697992780689e-07,105.698106,5.698105999999996,2.9419167264777203e-06,3.607586525755789e-06,105.698106,5.698105999999996,3.4575000000000004e-08,44.497000980150084,-0.6537807999999998,-0.6537807999999998,-1.96940258,1.9037807999999998,0,100,2,5,-2,6,2,8,8,35n,0,4n,8,125,100V_2A_125C
2.5325048329500314e-06,5.936241884961721e-07,6.890997410995606e-07,105.697932,5.697931999999994,3.1261290214462036e-06,3.815228762545764e-06,105.697932,5.697931999999994,2.4825000000000012e-08,45.66727842996764,-1.104307300000002,-1.104307300000002,-1.97159151,2.354307300000002,0,100,2,5,-2,3,2,8,8,25n,0,4n,8,125,100V_2A_125C
2.664213530371835e-06,5.907704952821251e-07,6.516134834318993e-07,90.169024,-9.830976000000007,3.2549840256539604e-06,3.90659750908586e-06,106.147689,6.147689000000001,2.0756419999999966e-08,45.82342355655774,-1.2967449000000073,-1.2967449000000073,-1.64416674,2.5467449000000073,0,100,2,5,-2,2,2,8,8,15n,0,4n,8,125,100V_2A_125C
2.4482421876287733e-06,5.950248495009608e-07,6.656699710886799e-07,105.698014,5.698014000000001,3.043267037129734e-06,3.708937008218414e-06,105.698014,5.698014000000001,3.4575000000000004e-08,44.49681762607406,-0.9375028999999984,-0.9375028999999984,-1.96940334,2.1875028999999984,0,100,2,5,-2,4,2,8,8,35n,0,4n,8,125,100V_2A_125C
2.658915973184635e-06,5.936248703461143e-07,6.891002244793307e-07,105.697788,5.697788000000003,3.252540843530749e-06,3.94164106801008e-06,105.697788,5.697788000000003,2.4825000000000012e-08,45.667005104013974,-1.293187599999996,-1.293187599999996,-1.97159329,2.543187599999996,0,100,2,5,-2,2,2,8,8,25n,0,4n,8,125,100V_2A_125C
2.5297073916216615e-06,5.950249948259656e-07,6.656701610172192e-07,105.697932,5.697931999999994,3.124732386447627e-06,3.7904025474648464e-06,105.697932,5.697931999999994,3.4575000000000004e-08,44.4966565793679,-1.102130499999987,-1.102130499999987,-1.96940404,2.352130499999987,0,100,2,5,-2,3,2,8,8,35n,0,4n,8,125,100V_2A_125C
2.655277145491637e-06,5.950255441053127e-07,6.656705829761462e-07,105.697788,5.697788000000003,3.25030268959695e-06,3.915973272573096e-06,105.697788,5.697788000000003,3.4575000000000004e-08,44.49637447311026,-1.2921046000000018,-1.2921046000000018,-1.96940534,2.542104600000002,0,100,2,5,-2,2,2,8,8,35n,0,4n,8,125,100V_2A_125C
2.926105899519237e-06,5.907684834301548e-07,6.516426995848462e-07,90.1656639,-9.834336100000002,3.5168743829493916e-06,4.168517082534238e-06,106.149921,6.149921000000006,2.075641000000014e-08,45.82323317023176,-1.4287352999999996,-1.4287352999999996,-1.64407919,2.6787352999999996,0,100,2,5,-2,1,2,8,8,15n,0,4n,8,125,100V_2A_125C
2.920203639103738e-06,5.936238569236671e-07,6.891018305346395e-07,105.697475,5.697474999999997,3.5138274960274053e-06,4.202929326562044e-06,105.697475,5.697474999999997,2.4825000000000012e-08,45.66637304357423,-1.4285165999999947,-1.4285165999999947,-1.97159815,2.6785165999999947,0,100,2,5,-2,1,2,8,8,25n,0,4n,8,125,100V_2A_125C
2.916048504977244e-06,5.950244539382497e-07,6.656720194305004e-07,105.697475,5.697474999999997,3.5110729589154936e-06,4.176744978345994e-06,105.697475,5.697474999999997,3.4575000000000004e-08,44.4957193307281,-1.4285481999999945,-1.4285481999999945,-1.96940878,2.6785481999999945,0,100,2,5,-2,1,2,8,8,35n,0,4n,8,125,100V_2A_125C
2.039101896900761e-06,5.990267193872532e-07,6.462946052227623e-07,103.892116,3.8921160000000015,2.638128616288014e-06,3.2844232215107762e-06,103.892116,3.8921160000000015,1.862499999999997e-08,42.30306092328367,0.7539325999999988,0.7539325999999988,0.0225802719,0.49606740000000116,0,100,2,5,0,1,2,8,8,25n,0,4n,8,125,100V_2A_125C
2.5412057488434627e-06,5.900160151688573e-07,5.855195797850381e-07,101.064842,1.0648419999999987,3.13122176401232e-06,3.716741343797358e-06,102.269806,2.2698060000000027,1.3875000000000142e-08,43.85006505714172,4.202138300000001,4.202138300000001,0.0226598277,-2.9521383000000014,1,100,2,5,0,8,8,8,1,15n,0,4n,8,125,100V_2A_125C
1.526470820148678e-06,5.8997331475815e-07,6.209960134732887e-07,100.954358,0.9543579999999992,2.116444134906828e-06,2.737440148380117e-06,102.241621,2.241620999999995,1.3875000000000142e-08,43.82685325985394,2.2346220999999957,2.2346220999999957,0.0206278299,-0.9846220999999957,1,100,2,5,0,8,8,8,4,15n,0,4n,8,125,100V_2A_125C
1.4854127488212311e-06,5.899640485802607e-07,6.274726100383077e-07,100.918902,0.9189020000000028,2.075376797401492e-06,2.7028494074397998e-06,102.225055,2.2250549999999976,1.3875000000000142e-08,43.82076411943317,1.5602868999999941,1.5602868999999941,0.0208686424,-0.31028689999999415,1,100,2,5,0,8,8,8,8,15n,0,4n,8,125,100V_2A_125C
1.990801649599612e-06,7.333746221072861e-07,3.961872650135849e-07,42.75984,-57.24016,2.7241762717068982e-06,3.1203635367204834e-06,135.069143,35.069143,4.951365000000008e-08,70.50995250317347,1.99990889,1.224833199999999,1.99990889,-0.59990889,1,100,5,5,0,4,2,8,8,10n,0,4n,8,25,100V_5A_25C
1.8871281566734318e-06,1.2575819601834206e-06,1.4924779451156454e-08,2.16277133,-97.83722867,3.144710116856852e-06,3.1596348963080084e-06,177.059624,77.05962400000001,4.4415179999999956e-08,76.55146510678203,0.977388926,0.7837946000000002,0.977388926,0.42261107399999986,0,100,5,5,0,8,2,8,4,5n,1,4n,8,25,100V_5A_25C
2.5238131211351457e-06,6.084682688992829e-07,7.215615610916765e-07,101.286083,1.286083000000005,3.1322813900344286e-06,3.853842951126105e-06,107.15092,7.150919999999998,1.772153000000002e-08,55.139861314231695,0.3845468000000025,0.3845468000000025,-1.21924377,1.0154531999999974,0,100,5,5,-2,8,2,8,4,10n,0,4n,8,25,100V_5A_25C
1.6555937631014576e-06,1.2575880113576856e-06,3.1408711933308405e-08,2.16279961,-97.83720038999999,2.913181774459143e-06,2.9445904863924517e-06,177.059736,77.05973599999999,4.441525e-08,76.55124585369457,0.97738719,0.8912654999999958,0.97738719,0.42261280999999995,0,100,5,5,0,8,2,8,8,5n,1,4n,8,25,100V_5A_25C
2.6049147686225303e-06,6.084976542685014e-07,7.369405553879696e-07,101.269181,1.2691810000000032,3.2134124228910316e-06,3.9503529782790014e-06,107.144439,7.1444390000000055,1.7724750000000054e-08,55.132839049132514,-0.28350900000000223,-0.28350900000000223,-1.21981793,1.6835090000000021,0,100,5,5,-2,8,2,8,8,10n,0,4n,8,25,100V_5A_25C
1.729320327411941e-06,6.003404643764122e-07,6.032863254018954e-07,107.982057,7.9820569999999975,2.329660791788353e-06,2.9329471171902487e-06,107.982057,7.9820569999999975,1.5737070000000125e-08,45.74602733332436,1.0868810000000053,1.0868810000000053,0.0226494948,0.3131189999999946,0,100,5,5,0,8,8,8,1,15n,1,4n,8,25,100V_5A_25C
1.6555201443645626e-06,5.975339622353133e-07,3.894178829772256e-07,46.7454609,-53.2545391,2.253054106599876e-06,2.642471989577102e-06,132.186094,32.186094,4.43562600000001e-08,53.467714536068186,0.8911239999999978,0.8911239999999978,0.259271966,0.5088760000000021,0,100,5,5,0,8,8,8,8,5n,1,4n,8,25,100V_5A_25C
2.7281298215131205e-06,6.084975644609822e-07,7.369403082456225e-07,101.269037,1.2690369999999973,3.336627385974103e-06,4.073567694219726e-06,107.144437,7.1444369999999955,1.7724750000000054e-08,55.13286268844356,-0.5073287000000022,-0.5073287000000022,-1.21981335,1.907328700000002,0,100,5,5,-2,6,2,8,8,10n,0,4n,8,25,100V_5A_25C
2.920550546177527e-06,6.084973559483439e-07,7.369397514996662e-07,101.268735,1.2687350000000066,3.529047902125871e-06,4.2659876536255375e-06,107.144437,7.1444369999999955,1.7724750000000054e-08,55.13290886165817,-0.8092790000000036,-0.8092790000000036,-1.21980398,2.2092790000000035,0,100,5,5,-2,4,2,8,8,10n,0,4n,8,25,100V_5A_25C
3.0756867361613596e-06,6.084971675326541e-07,7.370094111171888e-07,101.268429,1.2684289999999976,3.684183903694014e-06,4.421193314811203e-06,107.144437,7.1444369999999955,1.7724750000000054e-08,55.13295477069753,-0.945585231,-0.945585231,-1.21979453,2.345585231,0,100,5,5,-2,3,2,8,8,10n,0,4n,8,25,100V_5A_25C
3.3280633806743874e-06,6.085013157788666e-07,7.369380401762561e-07,101.267819,1.267819000000003,3.936564696453254e-06,4.67350273662951e-06,107.144437,7.1444369999999955,1.7724750000000054e-08,55.133046718339756,-1.109229551,-1.109229551,-1.21977566,2.509229551,0,100,5,5,-2,2,2,8,8,10n,0,4n,8,25,100V_5A_25C
3.938380142934649e-06,6.085221808873592e-07,7.369349448423563e-07,101.266061,1.2660609999999934,4.546902323822008e-06,5.283837268664365e-06,107.144423,7.144423000000004,1.7724740000000018e-08,55.13332792807976,-1.21972004,-1.2831254699999999,-1.21972004,2.61972004,0,100,5,5,-2,1,2,8,8,10n,0,4n,8,25,100V_5A_25C
2.645263587957073e-06,6.084681758667511e-07,7.2170597385691e-07,101.285938,1.2859380000000016,3.2537317638238242e-06,3.975437737680734e-06,107.150918,7.150918000000003,1.772153000000002e-08,55.13988493250698,0.07619989999999888,0.07619989999999888,-1.21923917,1.323800100000001,0,100,5,5,-2,6,2,8,4,10n,0,4n,8,25,100V_5A_25C
2.837357230849887e-06,6.08467971029928e-07,7.217054675690892e-07,101.285633,1.2856330000000042,3.4458252018798148e-06,4.167530669448904e-06,107.150917,7.150917000000006,1.772153000000002e-08,55.13993087616461,-0.33924500000000535,-0.33924500000000535,-1.21922971,1.7392450000000053,0,100,5,5,-2,4,2,8,4,10n,0,4n,8,25,100V_5A_25C
2.9946793903848192e-06,6.084677620008055e-07,7.217049466477721e-07,101.285325,1.2853250000000003,3.6031471523856247e-06,4.324852099033397e-06,107.150917,7.150917000000006,1.772153000000002e-08,55.13997659522897,-0.46894159299999993,-0.46894159299999993,-1.2192202,1.8689415929999997,0,100,5,5,-2,3,2,8,4,10n,0,4n,8,25,100V_5A_25C
3.2508265248923496e-06,6.084692505400835e-07,7.217039344278162e-07,101.284715,1.2847150000000056,3.859295775432433e-06,4.58099970986025e-06,107.150914,7.150914,1.772153000000002e-08,55.140068624115926,-0.616799718,-0.616799718,-1.21920127,2.0167997179999997,0,100,5,5,-2,2,2,8,4,10n,0,4n,8,25,100V_5A_25C
3.8539289852527505e-06,6.084881590887275e-07,7.215564983781445e-07,101.28295,1.2829499999999996,4.462417144341478e-06,5.183973642719623e-06,107.150895,7.150895000000005,1.7721519999999984e-08,55.140349709536174,-0.7246354999999909,-0.7246354999999909,-1.21914534,2.124635499999991,0,100,5,5,-2,1,2,8,4,10n,0,4n,8,25,100V_5A_25C
2.9214490825304515e-06,7.334494851348154e-07,3.9614433408047173e-07,42.7536038,-57.2463962,3.654898567665267e-06,4.051042901745738e-06,135.072115,35.072115,4.951365000000008e-08,70.5116654321699,2.00007482,0.8264466000000112,2.00007482,-0.6000748200000001,1,100,5,5,0,1,2,8,8,10n,0,4n,8,25,100V_5A_25C
2.3743487359378376e-06,7.333942340335735e-07,3.961733253943433e-07,42.7578081,-57.242191899999995,3.107742969971411e-06,3.5039162953657543e-06,135.070104,35.070103999999986,4.951365000000008e-08,70.51051054864507,1.99996311,0.9271006000000028,1.99996311,-0.59996311,1,100,5,5,0,2,2,8,8,10n,0,4n,8,25,100V_5A_25C
2.1362593529279095e-06,7.333801449983856e-07,3.962477595767863e-07,42.7591686,-57.2408314,2.869639497926295e-06,3.265887257503081e-06,135.06946,35.06945999999999,4.951365000000008e-08,70.51013696755355,1.99992683,1.060813599999996,1.99992683,-0.59992683,1,100,5,5,0,3,2,8,8,10n,0,4n,8,25,100V_5A_25C
2.5823068297753087e-06,6.098196773714003e-07,7.458457484984227e-07,110.230562,10.230562000000006,3.192126507146709e-06,3.937972255645132e-06,110.230562,10.230562000000006,1.5204150000000102e-08,56.50248914115058,-0.28378620000000154,-0.28378620000000154,-1.9054533,1.6837862000000015,0,100,5,5,-2,8,2,8,8,15n,0,4n,8,25,100V_5A_25C
2.709378275899458e-06,6.098195694304086e-07,7.458459500492049e-07,110.230571,10.230570999999998,3.3191978453298664e-06,4.065043795379072e-06,110.230571,10.230570999999998,1.5204150000000102e-08,56.502513045504635,-0.5110197999999997,-0.5110197999999997,-1.90545303,1.9110197999999996,0,100,5,5,-2,6,2,8,8,15n,0,4n,8,25,100V_5A_25C
2.583509999510243e-06,6.10764375915703e-07,7.214644424078542e-07,110.230562,10.230562000000006,3.194274375425946e-06,3.9157388178338e-06,110.230562,10.230562000000006,2.5229870000000132e-08,56.38317957324582,-0.28081770000000006,-0.28081770000000006,-1.96125301,1.6808177,0,100,5,5,-2,8,2,8,8,25n,0,4n,8,25,100V_5A_25C
2.708551033922048e-06,6.107641248839983e-07,7.214646031560249e-07,110.230571,10.230570999999998,3.319315158806046e-06,4.040779761962071e-06,110.230571,10.230570999999998,2.522990000000003e-08,56.38320432746818,-0.5071872999999982,-0.5071872999999982,-1.9612528,1.9071872999999981,0,100,5,5,-2,6,2,8,8,25n,0,4n,8,25,100V_5A_25C
2.9083222139020013e-06,6.098193357801387e-07,7.458463342164286e-07,110.230593,10.230592999999999,3.5181415496821403e-06,4.2639878838985685e-06,110.230593,10.230592999999999,1.5204150000000102e-08,56.502559592763205,-0.8199316999999979,-0.8199316999999979,-1.90545238,2.219931699999998,0,100,5,5,-2,4,2,8,8,15n,0,4n,8,25,100V_5A_25C
3.0711665155717423e-06,6.09819095188416e-07,7.457661433003523e-07,110.230616,10.230615999999998,3.6809856107601584e-06,4.426751754060511e-06,110.230616,10.230615999999998,1.5204150000000102e-08,56.50260563054999,-0.9477159639999999,-0.9477159639999999,-1.90545168,2.347715964,0,100,5,5,-2,3,2,8,8,15n,0,4n,8,25,100V_5A_25C
2.9056479836289803e-06,6.107637120537753e-07,7.214649140878214e-07,110.230593,10.230592999999999,3.5164116956827557e-06,4.237876609770577e-06,110.230593,10.230592999999999,2.5229960000000035e-08,56.38325291717563,-0.8145996000000011,-0.8145996000000011,-1.9612523,2.214599600000001,0,100,5,5,-2,4,2,8,8,25n,0,4n,8,25,100V_5A_25C
2.5827703961982454e-06,6.117699092228202e-07,7.11731043346104e-07,110.230562,10.230562000000006,3.1945403054210656e-06,3.90627134876717e-06,110.230562,10.230562000000006,3.530479000000012e-08,55.604498629726244,-0.2796295999999998,-0.2796295999999998,-1.97937209,1.6796295999999997,0,100,5,5,-2,8,2,8,8,35n,0,4n,8,25,100V_5A_25C
2.707551676125058e-06,6.117698098252732e-07,7.117291000050927e-07,110.230571,10.230570999999998,3.3193214859503308e-06,4.0310505859554236e-06,110.230571,10.230570999999998,3.530479000000012e-08,55.60452241588584,-0.5053887999999986,-0.5053887999999986,-1.97937235,1.9053887999999986,0,100,5,5,-2,6,2,8,8,35n,0,4n,8,25,100V_5A_25C
3.067182776141443e-06,6.107633323053338e-07,7.214652086710982e-07,110.230616,10.230615999999998,3.6779461084467768e-06,4.399411317117875e-06,110.230616,10.230615999999998,2.523002000000004e-08,56.383301133302666,-0.9480182930000001,-0.9480182930000001,-1.96125177,2.348018293,0,100,5,5,-2,3,2,8,8,25n,0,4n,8,25,100V_5A_25C
3.3386650316197543e-06,6.098231664443538e-07,7.45766907108708e-07,110.23066,10.23066,3.948488198064108e-06,4.694255105172816e-06,110.23066,10.23066,1.5204150000000102e-08,56.50269802581425,-1.1105484460000001,-1.1105484460000001,-1.90545028,2.510548446,0,100,5,5,-2,2,2,8,8,15n,0,4n,8,25,100V_5A_25C
2.903881683616454e-06,6.117695939705811e-07,7.117247823070797e-07,110.230593,10.230592999999999,3.515651277587035e-06,4.227376059894115e-06,110.230593,10.230592999999999,3.530479000000012e-08,55.604568826371064,-0.8122795999999965,-0.8122795999999965,-1.97937287,2.2122795999999965,0,100,5,5,-2,4,2,8,8,35n,0,4n,8,25,100V_5A_25C
3.3321361938317653e-06,6.107674875325555e-07,7.2146581789001e-07,110.23066,10.23066,3.942903681364321e-06,4.664369499254331e-06,110.23066,10.23066,2.5230130000000017e-08,56.383399274424974,-1.111048812,-1.111048812,-1.9612507,2.511048812,0,100,5,5,-2,2,2,8,8,25n,0,4n,8,25,100V_5A_25C
3.0646591799402797e-06,6.117693717758993e-07,7.117203272346966e-07,110.230616,10.230615999999998,3.676428551716179e-06,4.388148878950876e-06,110.230616,10.230615999999998,3.530479000000012e-08,55.60461481394308,-0.948197493,-0.948197493,-1.97937339,2.348197493,0,100,5,5,-2,3,2,8,8,35n,0,4n,8,25,100V_5A_25C
3.3284117804535333e-06,6.117734795173044e-07,7.117114876967873e-07,110.23066,10.23066,3.940185259970838e-06,4.651896747667625e-06,110.23066,10.23066,3.530479000000012e-08,55.60470699235888,-1.111330653,-1.111330653,-1.9793744,2.511330653,0,100,5,5,-2,2,2,8,8,35n,0,4n,8,25,100V_5A_25C
3.942710249013958e-06,6.098446951198835e-07,7.458498481557422e-07,110.230776,10.230776000000006,4.552554944133842e-06,5.298404792289584e-06,110.230776,10.230776000000006,1.5204150000000102e-08,56.502982418808784,-1.2829841500000008,-1.2829841500000008,-1.90544657,2.6829841500000007,0,100,5,5,-2,1,2,8,8,15n,0,4n,8,25,100V_5A_25C
3.9386368518016725e-06,6.107884750933013e-07,7.214677124003056e-07,110.230776,10.230776000000006,4.549425326894974e-06,5.2708930392952796e-06,110.230776,10.230776000000006,2.523046999999998e-08,56.38369701378253,-1.28303791,-1.28303791,-1.96124782,2.68303791,0,100,5,5,-2,1,2,8,8,25n,0,4n,8,25,100V_5A_25C
3.9357288537118954e-06,6.117948796136794e-07,7.116873314102231e-07,110.230776,10.230776000000006,4.5475237333255746e-06,5.259211064735798e-06,110.230776,10.230776000000006,3.530479999999995e-08,55.604989973488046,-1.28240701,-1.28240701,-1.97937724,2.68240701,0,100,5,5,-2,1,2,8,8,35n,0,4n,8,25,100V_5A_25C
2.9375709720026044e-06,6.754861739627193e-07,6.859842086622055e-07,107.202798,7.202798000000001,3.6130571459653237e-06,4.299041354627529e-06,107.202798,7.202798000000001,2.4275000000000077e-08,59.16725945068759,0.8307096999999999,0.8307096999999999,0.0456953506,0.5692903,0,100,5,5,0,1,2,8,8,25n,0,4n,8,25,100V_5A_25C
3.4697764283801427e-06,6.004413455023385e-07,4.5938708495745645e-07,110.403989,10.403988999999997,4.070217773882481e-06,4.529604858839938e-06,110.403989,10.403988999999997,2.2407109999999946e-08,46.596612332042675,4.272654299999999,4.272654299999999,0.0664194918,-2.8726542999999993,1,100,5,5,0,8,8,8,1,15n,0,4n,8,25,100V_5A_25C
1.7710755076999711e-06,6.002244576291653e-07,6.0498323647763e-07,108.233628,8.233627999999996,2.3712999653291365e-06,2.9762832018067664e-06,108.233628,8.233627999999996,1.900531000000015e-08,45.97531507532885,2.2689939999999993,2.2689939999999993,0.057094239,-0.8689939999999994,1,100,5,5,0,8,8,8,4,15n,0,4n,8,25,100V_5A_25C
1.73377920986853e-06,6.002217960164283e-07,6.298928616162634e-07,108.153743,8.153743000000006,2.334001005884958e-06,2.9638938675012216e-06,108.153743,8.153743000000006,1.5855340000000127e-08,45.84296803162081,1.661053299999999,1.661053299999999,0.0514267849,-0.26105329999999904,1,100,5,5,0,8,8,8,8,15n,0,4n,8,25,100V_5A_25C
2.2039591093409153e-06,7.014623045766295e-07,4.399618065990831e-07,49.1732501,-50.8267499,2.905421413917545e-06,3.345383220516628e-06,130.570295,30.570294999999987,4.926668000000015e-08,67.52847634572896,1.76964748,1.1735053000000022,1.76964748,-0.44464748,1,100,5,5,0,4,2,8,8,10n,0,4n,8,75,100V_5A_75C
2.1258650629934756e-06,1.1154913781240334e-06,1.4988673050797397e-08,2.7319534,-97.26804659999999,3.2413564411175087e-06,3.2563451141683063e-06,171.257847,71.257847,4.456164000000015e-08,76.70519307340116,0.968712207,0.7275218999999993,0.968712207,0.3562877929999999,0,100,5,5,0,8,2,8,4,5n,1,4n,8,75,100V_5A_75C
2.840108955436418e-06,6.127073052487412e-07,7.239045566598725e-07,102.591855,2.5918549999999954,3.4528162606851593e-06,4.176720817345032e-06,107.18369,7.1836899999999995,1.4522030000000111e-08,54.66842979273066,0.30165200000000425,0.30165200000000425,-1.27620411,1.0233479999999957,0,100,5,5,-2,8,2,8,4,10n,0,4n,8,75,100V_5A_75C
1.899753148472102e-06,1.1154954686413734e-06,3.07831982787256e-08,2.73198578,-97.26801422,3.0152486171134753e-06,3.046031815392201e-06,171.258868,71.258868,4.4561720000000016e-08,76.70489329096655,0.968709849,0.8624690000000044,0.968709849,0.35629015099999994,0,100,5,5,0,8,2,8,8,5n,1,4n,8,75,100V_5A_75C
2.908025561191427e-06,6.127329914197818e-07,7.40421276594329e-07,102.570186,2.5701860000000067,3.520758552611209e-06,4.261179829205538e-06,107.177921,7.177920999999998,1.4525000000000085e-08,54.66189064443246,-0.35270810000000097,-0.35270810000000097,-1.27649878,1.677708100000001,0,100,5,5,-2,8,2,8,8,10n,0,4n,8,75,100V_5A_75C
1.98298069200892e-06,6.021149452938267e-07,6.045478809052874e-07,107.89981,7.899810000000002,2.5850956373027467e-06,3.1896435182080343e-06,107.89981,7.899810000000002,1.5805290000000048e-08,45.38813548352599,1.0068549000000004,1.0068549000000004,0.0242185815,0.3181450999999995,0,100,5,5,0,8,8,8,1,15n,1,4n,8,75,100V_5A_75C
1.8997652086507642e-06,5.998097169887857e-07,3.965348209509097e-07,48.1860223,-51.8139777,2.49957492563955e-06,2.8961097465904596e-06,129.692428,29.69242800000001,4.110876999999996e-08,51.72969703452411,0.8624030000000005,0.8624030000000005,0.235793195,0.4625969999999995,0,100,5,5,0,8,8,8,8,5n,1,4n,8,75,100V_5A_75C
3.025270879443125e-06,6.127328263440447e-07,7.40420949122878e-07,102.569985,2.5699850000000026,3.6380037057871697e-06,4.378424654910048e-06,107.177926,7.177926,1.4525000000000085e-08,54.66192792910693,-0.5755881000000045,-0.5755881000000045,-1.27649154,1.9005881000000044,0,100,5,5,-2,6,2,8,8,10n,0,4n,8,75,100V_5A_75C
3.2103747236902714e-06,6.127324870801457e-07,7.404202624715265e-07,102.569577,2.5695769999999953,3.823107210770417e-06,4.563527473241943e-06,107.177938,7.177937999999997,1.4525000000000085e-08,54.662002197603464,-0.8721037000000038,-0.8721037000000038,-1.27647689,2.197103700000004,0,100,5,5,-2,4,2,8,8,10n,0,4n,8,75,100V_5A_75C
3.3618820032454227e-06,6.127321454355888e-07,7.404195760923832e-07,102.569168,2.569168000000005,3.974614148681011e-06,4.715033724773394e-06,107.17795,7.1779499999999965,1.4525000000000085e-08,54.662076355611205,-1.0458607000000057,-1.0458607000000057,-1.27646222,2.370860700000006,0,100,5,5,-2,3,2,8,8,10n,0,4n,8,75,100V_5A_75C
3.610964376613051e-06,6.127380055013117e-07,7.404182944595092e-07,102.568371,2.568370999999999,4.2237023821143624e-06,4.964120676573872e-06,107.177969,7.177969000000005,1.4525000000000085e-08,54.66222627034169,-1.2499314000000084,-1.2499314000000084,-1.27643328,2.5749314000000085,0,100,5,5,-2,2,2,8,8,10n,0,4n,8,75,100V_5A_75C
4.242793003872048e-06,6.127688385662486e-07,7.404146194463057e-07,102.566019,2.566018999999997,4.855561842438296e-06,5.595976461884602e-06,107.178016,7.178016,1.4525000000000085e-08,54.66267854154144,-1.27634719,-1.3855692000000062,-1.27634719,2.6013471900000003,0,100,5,5,-2,1,2,8,8,10n,0,4n,8,75,100V_5A_75C
2.947047099652516e-06,6.12707143192567e-07,7.23904260759305e-07,102.591652,2.5916519999999963,3.5597542428450827e-06,4.283658503604388e-06,107.183695,7.183695,1.4522030000000111e-08,54.66846696140762,-0.0021513000000012994,-0.0021513000000012994,-1.27619679,1.3271513000000013,0,100,5,5,-2,6,2,8,4,10n,0,4n,8,75,100V_5A_75C
3.1206155894439972e-06,6.127068115029378e-07,7.240494457476913e-07,102.591241,2.5912409999999966,3.733322400946935e-06,4.457371846694626e-06,107.183706,7.183706000000001,1.4522030000000111e-08,54.668541131959216,-0.40221459999999354,-0.40221459999999354,-1.27618203,1.7272145999999935,0,100,5,5,-2,4,2,8,4,10n,0,4n,8,75,100V_5A_75C
3.263640716416697e-06,6.127064802203212e-07,7.239030419945661e-07,102.59083,2.590829999999997,3.876347196637018e-06,4.600250238631584e-06,107.183717,7.1837170000000015,1.4522030000000111e-08,54.66861525478977,-0.6270437000000015,-0.6270437000000015,-1.27616724,1.9520437000000015,0,100,5,5,-2,3,2,8,4,10n,0,4n,8,75,100V_5A_75C
3.5033919510797337e-06,6.127085707354744e-07,7.239019204852797e-07,102.590033,2.5900330000000054,4.116100521815208e-06,4.840002442300488e-06,107.183733,7.183733000000005,1.4522030000000111e-08,54.66876526375847,-0.6454225000000093,-0.6454225000000093,-1.27613816,1.9704225000000093,0,100,5,5,-2,2,2,8,4,10n,0,4n,8,75,100V_5A_75C
4.131287785804763e-06,6.12736709355991e-07,7.238986657793668e-07,102.587671,2.5876710000000003,4.744024495160754e-06,5.467923160940121e-06,107.183775,7.183774999999997,1.4522030000000111e-08,54.66921746133566,-0.7568952000000024,-0.7568952000000024,-1.27605147,2.0818952000000026,0,100,5,5,-2,1,2,8,4,10n,0,4n,8,75,100V_5A_75C
3.151408960643821e-06,7.015237420256066e-07,4.39900767428532e-07,49.1637699,-50.8362301,3.852932702669428e-06,4.2928334700979605e-06,130.576332,30.576332000000008,4.926668000000015e-08,67.53178269354218,1.76987895,0.8077040000000011,1.76987895,-0.4448789500000001,1,100,5,5,0,1,2,8,8,10n,0,4n,8,75,100V_5A_75C
2.56885532434098e-06,7.014754105474992e-07,4.399419227720573e-07,49.1701412,-50.82985879999999,3.2703307348884793e-06,3.7102726576605367e-06,130.572269,30.572269000000006,4.926668000000015e-08,67.5295619136352,1.76972354,0.9017691999999897,1.76972354,-0.44472354000000003,1,100,5,5,0,2,2,8,8,10n,0,4n,8,75,100V_5A_75C
2.3407752524035495e-06,7.014652519612539e-07,4.3995525315527344e-07,49.1722126,-50.8277874,3.0422405043648034e-06,3.4821957575200766e-06,130.570954,30.570954,4.926668000000015e-08,67.52883871959314,1.76967286,1.0153187000000088,1.76967286,-0.44467286000000006,1,100,5,5,0,3,2,8,8,10n,0,4n,8,75,100V_5A_75C
2.9005434407841425e-06,6.144829948338791e-07,7.473107007536825e-07,110.219424,10.219424000000004,3.5150264356180216e-06,4.262337136371704e-06,110.219424,10.219424000000004,1.51254000000001e-08,56.04443269200324,-0.3506003999999976,-0.3506003999999976,-1.90385308,1.6756003999999975,0,100,5,5,-2,8,2,8,8,15n,0,4n,8,75,100V_5A_75C
3.0115294627443423e-06,6.144828695868456e-07,7.473109909992907e-07,110.219442,10.219442,3.626012332331188e-06,4.3733233233304785e-06,110.219442,10.219442,1.51254000000001e-08,56.04446830175927,-0.5760652000000022,-0.5760652000000022,-1.90385195,1.9010652000000021,0,100,5,5,-2,6,2,8,8,15n,0,4n,8,75,100V_5A_75C
3.2008763865355605e-06,6.15690277583001e-07,7.213651284605658e-07,110.21948,10.219480000000004,3.816566664118561e-06,4.537931792579127e-06,110.21948,10.219480000000004,2.5143620000000028e-08,55.879139159224216,-0.8737793000000025,-0.8737793000000025,-1.96001694,2.1987793000000027,0,100,5,5,-2,4,2,8,8,25n,0,4n,8,75,100V_5A_75C
2.8986916216317933e-06,6.170436195390796e-07,7.491795864252e-07,110.219424,10.219424000000004,3.515735241170873e-06,4.264914827596073e-06,110.219424,10.219424000000004,3.529975000000005e-08,55.11559355650259,-0.3472009999999983,-0.3472009999999983,-1.97301352,1.6722009999999983,0,100,5,5,-2,8,2,8,8,35n,0,4n,8,75,100V_5A_75C
3.0095174479556544e-06,6.170432789499832e-07,7.491746138131638e-07,110.219442,10.219442,3.6265607269056377e-06,4.375735340718802e-06,110.219442,10.219442,3.529976000000009e-08,55.11563010341008,-0.5718631000000016,-0.5718631000000016,-1.97301417,1.8968631000000016,0,100,5,5,-2,6,2,8,8,35n,0,4n,8,75,100V_5A_75C
3.35401352176822e-06,6.156898976325417e-07,7.213655752295578e-07,110.219518,10.219517999999994,3.969703419400762e-06,4.691068994630319e-06,110.219518,10.219517999999994,2.5143620000000028e-08,55.87921707742372,-1.0487904999999955,-1.0487904999999955,-1.96001548,2.3737904999999957,0,100,5,5,-2,3,2,8,8,25n,0,4n,8,75,100V_5A_75C
2.899796547484532e-06,6.156908388464788e-07,7.213644452133653e-07,110.219424,10.219424000000004,3.515487386331011e-06,4.2368518315443765e-06,110.219424,10.219424000000004,2.5143620000000028e-08,55.87902192085141,-0.3491471999999973,-0.3491471999999973,-1.96001907,1.6741471999999973,0,100,5,5,-2,8,2,8,8,25n,0,4n,8,75,100V_5A_75C
3.0108665620351077e-06,6.156906548819813e-07,7.213646719982477e-07,110.219442,10.219442,3.626557216917089e-06,4.347921888915337e-06,110.219442,10.219442,2.5143620000000028e-08,55.87906113168858,-0.5739923999999945,-0.5739923999999945,-1.96001838,1.8989923999999945,0,100,5,5,-2,6,2,8,8,25n,0,4n,8,75,100V_5A_75C
3.2017857285482966e-06,6.144826118113458e-07,7.473970598795504e-07,110.21948,10.219480000000004,3.816268340359643e-06,4.563665400239193e-06,110.21948,10.219480000000004,1.51254000000001e-08,56.044538968377175,-0.8772836000000055,-0.8772836000000055,-1.9038496,2.2022836000000057,0,100,5,5,-2,4,2,8,8,15n,0,4n,8,75,100V_5A_75C
3.3565149105396744e-06,6.14482352005247e-07,7.47397636910915e-07,110.219518,10.219517999999994,3.970997262544921e-06,4.718394899455836e-06,110.219518,10.219517999999994,1.51254000000001e-08,56.04460950098093,-1.0526114000000035,-1.0526114000000035,-1.90384722,2.3776114000000037,0,100,5,5,-2,3,2,8,8,15n,0,4n,8,75,100V_5A_75C
3.614182692137171e-06,6.144883706304469e-07,7.473133061557084e-07,110.219589,10.219589,4.228671062767618e-06,4.975984368923326e-06,110.219589,10.219589,1.51254000000001e-08,56.044752696767,-1.2525552000000033,-1.2525552000000033,-1.90384268,2.5775552000000035,0,100,5,5,-2,2,2,8,8,15n,0,4n,8,75,100V_5A_75C
3.198680063037696e-06,6.170429543627725e-07,7.49164431728538e-07,110.21948,10.219480000000004,3.815723017400468e-06,4.564887449129006e-06,110.21948,10.219480000000004,3.529976000000009e-08,55.11570328749911,-0.8713750000000005,-0.8713750000000005,-1.97301546,2.1963750000000006,0,100,5,5,-2,4,2,8,8,35n,0,4n,8,75,100V_5A_75C
3.609107218594335e-06,6.156956786581057e-07,7.213665080514513e-07,110.219589,10.219589,4.224802897252441e-06,4.946169405303892e-06,110.219589,10.219589,2.514360999999999e-08,55.87937458845688,-1.249420900000004,-1.249420900000004,-1.96001267,2.5744209000000042,0,100,5,5,-2,2,2,8,8,25n,0,4n,8,75,100V_5A_75C
3.3510810211722717e-06,6.170426273377788e-07,7.491540160875431e-07,110.219518,10.219517999999994,3.968123648510051e-06,4.717277664597594e-06,110.219518,10.219517999999994,3.529976000000009e-08,55.11577636965881,-1.0461578000000031,-1.0461578000000031,-1.97301674,2.3711578000000033,0,100,5,5,-2,3,2,8,8,35n,0,4n,8,75,100V_5A_75C
3.605101752821138e-06,6.170485156003581e-07,7.491344626136568e-07,110.219589,10.219589,4.222150268421496e-06,4.971284731035153e-06,110.219589,10.219589,3.529976000000009e-08,55.115924323260735,-1.2481214999999963,-1.2481214999999963,-1.97301921,2.5731214999999965,0,100,5,5,-2,2,2,8,8,35n,0,4n,8,75,100V_5A_75C
4.2452455651601846e-06,6.145190631223283e-07,7.474023437603267e-07,110.219788,10.219787999999994,4.859764628282513e-06,5.60716697204284e-06,110.219788,10.219787999999994,1.5125410000000135e-08,56.04518692565111,-1.3865155000000016,-1.3865155000000016,-1.90382944,2.7115155000000017,0,100,5,5,-2,1,2,8,8,15n,0,4n,8,75,100V_5A_75C
4.239811064923299e-06,6.157266284317818e-07,7.213693466494735e-07,110.219788,10.219787999999994,4.855537693355081e-06,5.5769070400045545e-06,110.219788,10.219787999999994,2.514360999999999e-08,55.87985115510216,-1.3863040999999896,-1.3863040999999896,-1.96000445,2.71130409999999,0,100,5,5,-2,1,2,8,8,25n,0,4n,8,75,100V_5A_75C
4.236048044028899e-06,6.170792296806947e-07,7.490833507493707e-07,110.219788,10.219787999999994,4.853127273709594e-06,5.602210624458965e-06,110.219788,10.219787999999994,3.5299770000000124e-08,55.11637090606259,-1.386359799999994,-1.386359799999994,-1.97302648,2.711359799999994,0,100,5,5,-2,1,2,8,8,35n,0,4n,8,75,100V_5A_75C
3.164430936669205e-06,6.86060495393021e-07,6.867301964960722e-07,107.342072,7.342072000000002,3.850491432062226e-06,4.537221628558298e-06,107.342072,7.342072000000002,2.4075000000000062e-08,59.14361764043572,0.8104306999999977,0.8104306999999977,0.0487479766,0.5145693000000022,0,100,5,5,0,1,2,8,8,25n,0,4n,8,75,100V_5A_75C
3.861720328453863e-06,6.023217963758e-07,4.593504995417229e-07,110.379477,10.379476999999994,4.464042124829663e-06,4.9233926243713855e-06,110.379477,10.379476999999994,2.230937000000009e-08,46.20915493581423,4.153714299999997,4.153714299999997,0.0631867491,-2.828714299999997,1,100,5,5,0,8,8,8,1,15n,0,4n,8,75,100V_5A_75C
2.0195989516690144e-06,6.019645390293495e-07,6.049903574517268e-07,108.148283,8.148283000000006,2.6215634906983638e-06,3.2265538481500905e-06,108.148283,8.148283000000006,1.8905280000000033e-08,45.59729719086619,2.1824556999999984,2.1824556999999984,0.0520209221,-0.8574556999999985,1,100,5,5,0,8,8,8,4,15n,0,4n,8,75,100V_5A_75C
1.960956111299821e-06,6.020167885590319e-07,6.312686886152646e-07,108.069235,8.069235000000006,2.5629728998588528e-06,3.1942415884741173e-06,108.069235,8.069235000000006,1.590543000000014e-08,45.475404973421945,1.596937000000004,1.596937000000004,0.0505804001,-0.2719370000000041,1,100,5,5,0,8,8,8,8,15n,0,4n,8,75,100V_5A_75C
2.3686470852027484e-06,7.000848013190543e-07,4.724943935713949e-07,54.2643471,-45.7356529,3.0687318865218026e-06,3.5412262800931975e-06,126.608999,26.608998999999997,4.596885000000015e-08,65.06564746397092,1.60177401,1.1257440999999986,1.60177401,-0.35177400999999997,1,100,5,5,0,4,2,8,8,10n,0,4n,8,125,100V_5A_125C
2.3008048824766286e-06,1.0262462691626803e-06,1.5786529310112774e-08,3.28672159,-96.71327841,3.327051151639309e-06,3.3428376809494218e-06,166.962659,66.962659,4.4607750000000124e-08,76.21758223101448,0.952808716,0.6823964000000018,0.952808716,0.29719128399999994,0,100,5,5,0,8,2,8,4,5n,1,4n,8,125,100V_5A_125C
3.07820738576206e-06,6.164732184635774e-07,7.246801568609456e-07,103.64192,3.641919999999999,3.694680604225637e-06,4.419360761086583e-06,107.233912,7.233912000000004,1.4372220000000048e-08,54.24715497360946,0.21418429999999944,0.21418429999999944,-1.32677028,1.0358157000000006,0,100,5,5,-2,8,2,8,4,10n,0,4n,8,125,100V_5A_125C
2.0953652370259216e-06,1.026247164154464e-06,3.0859137865182566e-08,3.28675556,-96.71324444,3.1216124011803857e-06,3.1524715390455683e-06,166.962907,66.962907,4.46078600000001e-08,76.21719144157835,0.952805701,0.8265261000000024,0.952805701,0.29719429900000005,0,100,5,5,0,8,2,8,8,5n,1,4n,8,125,100V_5A_125C
3.121880334699029e-06,6.164938051122797e-07,7.424891085002591e-07,103.615933,3.6159329999999983,3.7383741398113084e-06,4.480863248311568e-06,107.227171,7.2271709999999985,1.4374999999999968e-08,54.24099436338894,-0.3999779000000032,-0.3999779000000032,-1.32675074,1.6499779000000032,0,100,5,5,-2,8,2,8,8,10n,0,4n,8,125,100V_5A_125C
2.156017209502893e-06,6.037525711651297e-07,6.056828846930395e-07,107.839696,7.8396960000000036,2.7597697806680226e-06,3.365452665361062e-06,107.839696,7.8396960000000036,1.5856040000000125e-08,45.06700188864529,0.9608565999999996,0.9608565999999996,0.0241551439,0.2891434000000004,0,100,5,5,0,8,8,8,1,15n,1,4n,8,125,100V_5A_125C
2.094447923529704e-06,6.019705685940394e-07,4.0216784377327424e-07,49.4214845,-50.5785155,2.6964184921237433e-06,3.0985863358970176e-06,127.790986,27.790986000000004,4.1010929999999954e-08,50.440325358168025,0.8264369999999985,0.8264369999999985,0.218761713,0.42356300000000147,0,100,5,5,0,8,8,8,8,5n,1,4n,8,125,100V_5A_125C
3.233166128782009e-06,6.164935762818383e-07,7.424887199542246e-07,103.615689,3.6156890000000033,3.849659705063847e-06,4.592148425018072e-06,107.227162,7.227162000000008,1.4374999999999968e-08,54.24104718072031,-0.621634499999999,-0.621634499999999,-1.32674067,1.871634499999999,0,100,5,5,-2,6,2,8,8,10n,0,4n,8,125,100V_5A_125C
3.4233957740584074e-06,6.164931239172886e-07,7.424879586039794e-07,103.615203,3.615202999999994,4.039888897975696e-06,4.7823768565796755e-06,107.227143,7.227142999999999,1.4374999999999968e-08,54.24115297001476,-0.9141560999999996,-0.9141560999999996,-1.32672058,2.1641560999999996,0,100,5,5,-2,4,2,8,8,10n,0,4n,8,125,100V_5A_125C
3.573058646934576e-06,6.164926831079904e-07,7.424872296822824e-07,103.614725,3.614725000000007,4.189551330042567e-06,4.9320385597248495e-06,107.227124,7.227124000000003,1.4374999999999968e-08,54.24125918777289,-1.085110499999999,-1.085110499999999,-1.32670065,2.335110499999999,0,100,5,5,-2,3,2,8,8,10n,0,4n,8,125,100V_5A_125C
3.824064124453171e-06,6.16500264104787e-07,7.424858751268048e-07,103.61379,3.6137899999999945,4.440564388557959e-06,5.1830502636847635e-06,107.22708,7.227080000000001,1.4374999999999968e-08,54.24147285983108,-1.2888784000000015,-1.2888784000000015,-1.32666136,2.5388784000000015,0,100,5,5,-2,2,2,8,8,10n,0,4n,8,125,100V_5A_125C
4.492269215247095e-06,6.165400404470678e-07,7.424817384327123e-07,103.610969,3.610968999999997,5.1088092556941625e-06,5.851290994126875e-06,107.22695,7.226950000000001,1.4374999999999968e-08,54.2421129191168,-1.32654307,-1.3992292999999876,-1.32654307,2.57654307,0,100,5,5,-2,1,2,8,8,10n,0,4n,8,125,100V_5A_125C
3.1823711633254706e-06,6.16472990144255e-07,7.248266492464724e-07,103.641675,3.6416750000000064,3.798844153469726e-06,4.523670802716199e-06,107.233903,7.233902999999998,1.4372220000000048e-08,54.247207710600506,-0.08324489999999685,-0.08324489999999685,-1.32676013,1.3332448999999968,0,100,5,5,-2,6,2,8,4,10n,0,4n,8,125,100V_5A_125C
3.3467657462234523e-06,6.164725357822438e-07,7.246791527639945e-07,103.641186,3.6411860000000047,3.9632382820056965e-06,4.687917434769691e-06,107.233883,7.233883000000005,1.4372220000000048e-08,54.24731335893977,-0.4672668999999985,-0.4672668999999985,-1.32673982,1.7172668999999985,0,100,5,5,-2,4,2,8,4,10n,0,4n,8,125,100V_5A_125C
3.479039124148913e-06,6.164720943882413e-07,7.246785200752726e-07,103.640706,3.6407059999999944,4.095511218537154e-06,4.820189738612427e-06,107.233863,7.233862999999999,1.4372220000000048e-08,54.2474194627058,-0.61545670000001,-0.61545670000001,-1.32671972,1.86545670000001,0,100,5,5,-2,3,2,8,4,10n,0,4n,8,125,100V_5A_125C
3.7078765357835163e-06,6.16474771377826e-07,7.246773547900451e-07,103.639768,3.6397680000000037,4.324351307161342e-06,5.049028661951387e-06,107.233816,7.233816000000004,1.4372220000000048e-08,54.24763309694778,-0.6430172000000027,-0.6430172000000027,-1.32668014,1.8930172000000027,0,100,5,5,-2,2,2,8,4,10n,0,4n,8,125,100V_5A_125C
4.3597399788283516e-06,6.165109957173627e-07,7.246737817815941e-07,103.636937,3.636937000000003,4.976250974545714e-06,5.700924756327308e-06,107.23368,7.233680000000006,1.4372220000000048e-08,54.2482729157319,-0.784918200000007,-0.784918200000007,-1.32656092,2.034918200000007,0,100,5,5,-2,1,2,8,4,10n,0,4n,8,125,100V_5A_125C
3.3505424060444555e-06,7.001360438731388e-07,4.7241614342262924e-07,54.2517228,-45.74827719999999,4.050678449917594e-06,4.523094593340224e-06,126.617482,26.617481999999995,4.5968840000000114e-08,65.06993798430852,1.60206964,0.7948312999999985,1.60206964,-0.3520696400000001,1,100,5,5,0,1,2,8,8,10n,0,4n,8,125,100V_5A_125C
2.7258341238291915e-06,7.000929678944407e-07,4.7246879874368373e-07,54.2602083,-45.7397917,3.4259270917236323e-06,3.898395890467316e-06,126.611774,26.611773999999997,4.596885000000015e-08,65.06704525190119,1.60187113,0.884409699999992,1.60187113,-0.3518711299999999,1,100,5,5,0,2,2,8,8,10n,0,4n,8,125,100V_5A_125C
2.500481413070535e-06,7.00085689443111e-07,4.724858561140486e-07,54.2629669,-45.7370331,3.2005671025136456e-06,3.673052958627694e-06,126.609924,26.609924000000007,4.596885000000015e-08,65.06611354479975,1.60180639,0.9725360999999992,1.60180639,-0.3518063899999999,1,100,5,5,0,3,2,8,8,10n,0,4n,8,125,100V_5A_125C
3.1286097759103897e-06,6.184840984388525e-07,7.479116848106494e-07,110.186015,10.186014999999998,3.7470938743492424e-06,4.4950055591598915e-06,110.186015,10.186014999999998,1.5055000000000104e-08,55.649085248153995,-0.407117999999997,-0.407117999999997,-1.90676368,1.657117999999997,0,100,5,5,-2,8,2,8,8,15n,0,4n,8,125,100V_5A_125C
3.238312355314798e-06,6.184839093586191e-07,7.479120687590432e-07,110.18604,10.186040000000006,3.8567962646734175e-06,4.604708333432461e-06,110.18604,10.186040000000006,1.5055000000000104e-08,55.64913460187693,-0.6293890999999974,-0.6293890999999974,-1.9067615,1.8793890999999974,0,100,5,5,-2,6,2,8,8,15n,0,4n,8,125,100V_5A_125C
3.127807688409798e-06,6.198097786163104e-07,7.206766237859591e-07,110.186015,10.186014999999998,3.7476174670261084e-06,4.468294090812067e-06,110.186015,10.186014999999998,2.5089079999999966e-08,55.43859517877408,-0.40708459999999747,-0.40708459999999747,-1.96205631,1.6570845999999975,0,100,5,5,-2,8,2,8,8,25n,0,4n,8,125,100V_5A_125C
3.237268965256222e-06,6.198095250117591e-07,7.206769278942821e-07,110.18604,10.186040000000006,3.857078490267981e-06,4.577755418162264e-06,110.18604,10.186040000000006,2.5089079999999966e-08,55.43864986740173,-0.6288461999999981,-0.6288461999999981,-1.962055,1.8788461999999981,0,100,5,5,-2,6,2,8,8,25n,0,4n,8,125,100V_5A_125C
3.4261070089055563e-06,6.184835358509531e-07,7.479128329868028e-07,110.186088,10.186087999999998,4.0445905447565095e-06,4.792503377743312e-06,110.186088,10.186087999999998,1.5055000000000104e-08,55.649233555200915,-0.9227263000000079,-0.9227263000000079,-1.90675715,2.172726300000008,0,100,5,5,-2,4,2,8,8,15n,0,4n,8,125,100V_5A_125C
3.5758539197060216e-06,6.184831727269736e-07,7.480009117395001e-07,110.186134,10.186133999999996,4.194337092432995e-06,4.942338004172495e-06,110.186134,10.186133999999996,1.5055000000000104e-08,55.64933312351967,-1.0929228999999907,-1.0929228999999907,-1.90675289,2.3429228999999907,0,100,5,5,-2,3,2,8,8,15n,0,4n,8,125,100V_5A_125C
3.4245884571502282e-06,6.198090242172256e-07,7.206775459902602e-07,110.186088,10.186087999999998,4.044397481367454e-06,4.765075027357714e-06,110.186088,10.186087999999998,2.5089079999999966e-08,55.4387594358423,-0.9211317000000037,-0.9211317000000037,-1.96205237,2.1711317000000037,0,100,5,5,-2,4,2,8,8,25n,0,4n,8,125,100V_5A_125C
3.1220250348092175e-06,6.215635729584502e-07,7.779418154152583e-07,110.186015,10.186014999999998,3.7435886077676676e-06,4.521530423182926e-06,110.186015,10.186014999999998,3.5292460000000076e-08,54.68878337667307,-0.4055302000000012,-0.4055302000000012,-1.96584601,1.6555302000000012,0,100,5,5,-2,8,2,8,8,35n,0,4n,8,125,100V_5A_125C
3.824702956206261e-06,6.198160135055439e-07,7.206794469642647e-07,110.18622,10.186220000000006,4.444518969711805e-06,5.16519841667607e-06,110.18622,10.186220000000006,2.5089079999999966e-08,55.439090851710844,-1.286340199999998,-1.286340199999998,-1.96204479,2.536340199999998,0,100,5,5,-2,2,2,8,8,25n,0,4n,8,125,100V_5A_125C
3.5705092899407335e-06,6.2156245412001e-07,7.77919899603431e-07,110.186134,10.186133999999996,4.192071744060743e-06,4.969991643664174e-06,110.186134,10.186133999999996,3.5292460000000076e-08,54.68904343951747,-1.0880657999999954,-1.0880657999999954,-1.96584993,2.3380657999999954,0,100,5,5,-2,3,2,8,8,35n,0,4n,8,125,100V_5A_125C
3.820510880005938e-06,6.215700279764154e-07,7.779037701353238e-07,110.18622,10.186220000000006,4.442080907982354e-06,5.219984678117678e-06,110.18622,10.186220000000006,3.5292460000000076e-08,54.689253741042606,-1.2848328999999978,-1.2848328999999978,-1.96585292,2.534832899999998,0,100,5,5,-2,2,2,8,8,35n,0,4n,8,125,100V_5A_125C
4.493425615084835e-06,6.18530073264563e-07,7.4791986001714e-07,110.186481,10.186481,5.111955688349398e-06,5.8598755483665385e-06,110.186481,10.186481,1.5055000000000104e-08,55.650137248056474,-1.3999086000000034,-1.3999086000000034,-1.90671982,2.6499086000000034,0,100,5,5,-2,1,2,8,8,15n,0,4n,8,125,100V_5A_125C
3.2354876039828833e-06,6.215633448095567e-07,7.779373221635731e-07,110.18604,10.186040000000006,3.85705094879244e-06,4.634988270956014e-06,110.18604,10.186040000000006,3.5292460000000076e-08,54.68883519493,-0.6270243000000022,-0.6270243000000022,-1.96584682,1.8770243000000022,0,100,5,5,-2,6,2,8,8,35n,0,4n,8,125,100V_5A_125C
3.573678356934605e-06,6.198085331067409e-07,7.206781736733586e-07,110.186134,10.186133999999996,4.1934868900413465e-06,4.914165063714705e-06,110.186134,10.186133999999996,2.5089079999999966e-08,55.4388694251953,-1.0905005000000045,-1.0905005000000045,-1.96204978,2.3405005000000045,0,100,5,5,-2,3,2,8,8,25n,0,4n,8,125,100V_5A_125C
3.82896339465685e-06,6.184903716587113e-07,7.479151704672165e-07,110.18622,10.186220000000006,4.447453766315562e-06,5.195368936782778e-06,110.18622,10.186220000000006,1.5055000000000104e-08,55.64953483777597,-1.2881708000000032,-1.2881708000000032,-1.90674469,2.538170800000003,0,100,5,5,-2,2,2,8,8,15n,0,4n,8,125,100V_5A_125C
3.421965762575027e-06,6.215628938827743e-07,7.779284536099658e-07,110.186088,10.186087999999998,4.043528656457801e-06,4.821457110067767e-06,110.186088,10.186087999999998,3.5292460000000076e-08,54.68893908446656,-0.9189076000000043,-0.9189076000000043,-1.96584839,2.1689076000000043,0,100,5,5,-2,4,2,8,8,35n,0,4n,8,125,100V_5A_125C
4.487802404354694e-06,6.198557770138603e-07,7.206831150611346e-07,110.186481,10.186481,5.107658181368554e-06,5.8283412964296884e-06,110.186481,10.186481,2.5089070000000142e-08,55.439755100553576,-1.3999588000000074,-1.3999588000000074,-1.96202964,2.6499588000000074,0,100,5,5,-2,1,2,8,8,25n,0,4n,8,125,100V_5A_125C
4.483357797690011e-06,6.216098057753006e-07,7.778546369596053e-07,110.186481,10.186481,5.104967603465311e-06,5.882822240424917e-06,110.186481,10.186481,3.5292460000000076e-08,54.68988333538878,-1.400088800000006,-1.400088800000006,-1.96586192,2.650088800000006,0,100,5,5,-2,1,2,8,8,35n,0,4n,8,125,100V_5A_125C
3.3598474763678866e-06,6.960564130879948e-07,6.86763002864396e-07,107.534953,7.534953000000002,4.055903889455881e-06,4.742666892320277e-06,107.534953,7.534953000000002,2.3875000000000047e-08,59.0305966504062,0.7947210999999896,0.7947210999999896,0.043280462,0.45527890000001037,0,100,5,5,0,1,2,8,8,25n,0,4n,8,125,100V_5A_125C
4.16044906936485e-06,6.040675032680341e-07,4.5992506523089473e-07,110.341539,10.341538999999997,4.764516572632884e-06,5.2244416378637784e-06,110.341539,10.341538999999997,1.9210850000000143e-08,45.85654278987214,4.0643486999999965,4.0643486999999965,0.0579017442,-2.8143486999999965,1,100,5,5,0,8,8,8,1,15n,0,4n,8,125,100V_5A_125C
2.215442196657655e-06,6.035536661575918e-07,6.045351098914424e-07,108.318259,8.318258999999998,2.8189958628152472e-06,3.42353097270669e-06,108.318259,8.318258999999998,1.5855220000000115e-08,45.26653958750281,2.109583399999998,2.109583399999998,0.0483085349,-0.8595833999999982,1,100,5,5,0,8,8,8,4,15n,0,4n,8,125,100V_5A_125C
2.1323835810443614e-06,6.036725788140194e-07,6.317911624467099e-07,108.006279,8.006279000000006,2.736056159858381e-06,3.3678473223050908e-06,108.006279,8.006279000000006,1.5905470000000073e-08,45.14530758648646,1.5429554000000039,1.5429554000000039,0.0482563698,-0.29295540000000386,1,100,5,5,0,8,8,8,8,15n,0,4n,8,125,100V_5A_125C
3.1998338542757427e-06,1.1721960316633345e-06,7.540703249249579e-07,96.4305244,-3.569475600000004,4.372029885939077e-06,5.126100210864035e-06,118.001727,18.001727000000002,4.797499999999995e-08,65.58957709969872,1.35341553,1.1982987999999963,1.35341553,0.04658446999999999,0,100,10,5,0,4,2,8,8,10n,0,4n,8,25,100V_10A_25C
2.9572753099519597e-06,9.077208351366066e-07,4.3276746629416455e-08,7.53616355,-92.46383645,3.864996145088567e-06,3.908272891717984e-06,162.297244,62.297244000000006,6.065231999999995e-08,76.3669563955516,1.02385431,0.8079638000000031,1.02385431,0.37614569,0,100,10,5,0,8,2,8,4,5n,1,4n,8,25,100V_10A_25C
3.775313193645097e-06,7.073148946138097e-07,7.881778178577242e-07,117.775203,17.775203000000005,4.482628088258907e-06,5.270805906116631e-06,117.775203,17.775203000000005,4.787137000000012e-08,58.73762934658574,0.38341239999999743,0.38341239999999743,-1.49520005,1.0165876000000025,0,100,10,5,-2,8,2,8,4,10n,0,4n,8,25,100V_10A_25C
2.6980135065934274e-06,9.078385123847685e-07,7.949198680122359e-08,7.53683176,-92.46316824,3.605852018978196e-06,3.6853440057794194e-06,162.30466,62.30466000000001,6.065208000000014e-08,76.3678462965186,1.02383646,0.8981606999999983,1.02383646,0.37616353999999985,0,100,10,5,0,8,2,8,8,5n,1,4n,8,25,100V_10A_25C
3.888768233041511e-06,7.077128268565627e-07,8.272231539842608e-07,117.712692,17.712692000000004,4.596481059898073e-06,5.423704213882334e-06,117.712692,17.712692000000004,4.4725000000000025e-08,58.50495181568953,-0.2412895000000006,-0.2412895000000006,-1.50180798,1.6412895000000005,0,100,10,5,-2,8,2,8,8,10n,0,4n,8,25,100V_10A_25C
2.7428258665932054e-06,6.362940407481992e-07,5.657808889109348e-07,122.1557,22.155699999999996,3.3791199073414045e-06,3.94490079625234e-06,122.1557,22.155699999999996,4.29250000000001e-08,42.937676827903886,1.1268877000000046,1.1268877000000046,0.0740120029,0.2731122999999953,0,100,10,5,0,8,8,8,1,15n,1,4n,8,25,100V_10A_25C
2.6983318642279137e-06,6.366726070976876e-07,6.404716657845247e-07,99.5224723,-0.477527699999996,3.3350044713256012e-06,3.975476137110126e-06,121.42946,21.42946000000001,4.607500000000002e-08,42.33069763677967,0.8969568999999993,0.8969568999999993,0.167538768,0.5030431000000006,0,100,10,5,0,8,8,8,8,5n,1,4n,8,25,100V_10A_25C
4.090022991186397e-06,7.076993364322799e-07,8.272234440508894e-07,117.712696,17.712695999999994,4.797722327618677e-06,5.624945771669566e-06,117.712696,17.712695999999994,4.4725000000000025e-08,58.50499957954747,-0.46978469999999817,-0.46978469999999817,-1.50180073,1.869784699999998,0,100,10,5,-2,6,2,8,8,10n,0,4n,8,25,100V_10A_25C
4.406666447061108e-06,7.076782066278849e-07,8.272240394326112e-07,117.712704,17.712704000000002,5.114344653688993e-06,5.941568693121604e-06,117.712704,17.712704000000002,4.4725000000000025e-08,58.505094965643615,-0.7762037999999976,-0.7762037999999976,-1.5017864,2.1762037999999975,0,100,10,5,-2,4,2,8,8,10n,0,4n,8,25,100V_10A_25C
4.668689859784881e-06,7.076646173469883e-07,8.272246489500211e-07,117.71271,17.71271,5.376354477131869e-06,6.20357912608189e-06,117.71271,17.71271,4.4725000000000025e-08,58.50519025296336,-0.9567367999999874,-0.9567367999999874,-1.50177229,2.3567367999999873,0,100,10,5,-2,3,2,8,8,10n,0,4n,8,25,100V_10A_25C
5.13243097437327e-06,7.076411235256228e-07,8.272258554676417e-07,117.712724,17.712723999999994,5.840072097898893e-06,6.667297953366534e-06,117.712724,17.712723999999994,4.4725000000000025e-08,58.50538098133892,-1.167223817,-1.167223817,-1.50174382,2.567223817,0,100,10,5,-2,2,2,8,8,10n,0,4n,8,25,100V_10A_25C
6.441845682126242e-06,7.077181081914489e-07,8.272289809172032e-07,117.712786,17.712785999999994,7.149563790317691e-06,7.976792771234894e-06,117.712786,17.712785999999994,4.4725000000000025e-08,58.505956584413084,-1.288942360000001,-1.288942360000001,-1.50165235,2.688942360000001,0,100,10,5,-2,1,2,8,8,10n,0,4n,8,25,100V_10A_25C
3.96305277784562e-06,7.073013836783603e-07,7.88178196188243e-07,117.775208,17.775208000000006,4.67035416152398e-06,5.458532357712223e-06,117.775208,17.775208000000006,4.787137000000012e-08,58.7376771867543,0.06803590000000526,0.06803590000000526,-1.49519277,1.3319640999999947,0,100,10,5,-2,6,2,8,4,10n,0,4n,8,25,100V_10A_25C
4.271592125344442e-06,7.072799022590852e-07,7.881789590460487e-07,117.775215,17.775215000000003,4.978872027603527e-06,5.767050986649576e-06,117.775215,17.775215000000003,4.787137000000012e-08,58.73777274504466,-0.3572412999999983,-0.3572412999999983,-1.4951784,1.7572412999999982,0,100,10,5,-2,4,2,8,4,10n,0,4n,8,25,100V_10A_25C
4.527870787311642e-06,7.072662554710158e-07,7.881797239784501e-07,117.775223,17.775222999999997,5.235137042782658e-06,6.023316766761108e-06,117.775223,17.775222999999997,4.787137000000012e-08,58.73786823187991,-0.5663043469999999,-0.5663043469999999,-1.49516418,1.966304347,0,100,10,5,-2,3,2,8,4,10n,0,4n,8,25,100V_10A_25C
4.973824621510083e-06,7.072430543018303e-07,7.881812613156787e-07,117.775237,17.775237000000004,5.6810676758119136e-06,6.469248937127593e-06,117.775237,17.775237000000004,4.787137000000012e-08,58.73805928083677,-0.6072598999999883,-0.6072598999999883,-1.49513558,2.007259899999988,0,100,10,5,-2,2,2,8,4,10n,0,4n,8,25,100V_10A_25C
6.226235796303425e-06,7.072572592486485e-07,7.881855850681828e-07,117.775303,17.775302999999994,6.933493055552073e-06,7.721678640620255e-06,117.775303,17.775302999999994,4.787137000000012e-08,58.73863539420203,-0.700663899999995,-0.700663899999995,-1.4950437,2.100663899999995,0,100,10,5,-2,1,2,8,4,10n,0,4n,8,25,100V_10A_25C
5.127547183706185e-06,1.1721951477490436e-06,7.540383522443445e-07,96.4209395,-3.579060499999997,6.299742331455229e-06,7.0537806836995734e-06,118.00072,18.00072,4.797499999999995e-08,65.58958391263151,1.35351319,0.8474049999999949,1.35351319,0.04648680999999999,0,100,10,5,0,1,2,8,8,10n,0,4n,8,25,100V_10A_25C
3.897406864096581e-06,1.1721881787479126e-06,7.54060447172975e-07,96.4274835,-3.572516500000006,5.069595042844494e-06,5.823655490017469e-06,118.001438,18.001437999999993,4.797499999999995e-08,65.58959845084972,1.35344724,0.8471035000000029,1.35344724,0.04655275999999997,0,100,10,5,0,2,2,8,8,10n,0,4n,8,25,100V_10A_25C
3.4520298101627913e-06,1.1721937731838582e-06,7.540670745887863e-07,96.4295184,-3.5704815999999937,4.624223583346649e-06,5.378290657935435e-06,118.001633,18.001632999999998,4.797499999999995e-08,65.58958510991143,1.35342606,1.0295836000000094,1.35342606,0.046573939999999814,0,100,10,5,0,3,2,8,8,10n,0,4n,8,25,100V_10A_25C
3.887684973113784e-06,7.083911035457577e-07,8.082093236342222e-07,118.355235,18.355234999999993,4.596076076659542e-06,5.404285400293764e-06,118.355235,18.355234999999993,3.491511000000005e-08,59.150012753465205,-0.2626156000000037,-0.2626156000000037,-1.83571214,1.6626156000000036,0,100,10,5,-2,8,2,8,8,15n,0,4n,8,25,100V_10A_25C
4.090520799223503e-06,7.083776612468243e-07,8.080792784190898e-07,118.355237,18.355237000000002,4.798898460470328e-06,5.606977738889418e-06,118.355237,18.355237000000002,3.491511000000005e-08,59.15007170413717,-0.4951565000000002,-0.4951565000000002,-1.83571316,1.8951565000000001,0,100,10,5,-2,6,2,8,8,15n,0,4n,8,25,100V_10A_25C
3.8847550316335185e-06,7.092731128189455e-07,1.3832902968918333e-06,118.355235,18.355234999999993,4.594028144452464e-06,5.977318441344297e-06,118.355235,18.355234999999993,3.1404560000000054e-08,58.793783387640204,-0.2599451999999971,-0.2599451999999971,-1.91331464,1.659945199999997,0,100,10,5,-2,8,2,8,8,25n,0,4n,8,25,100V_10A_25C
4.087661516865195e-06,7.092596201286417e-07,1.3832873458180677e-06,118.355237,18.355237000000002,4.796921136993837e-06,6.1802084828119046e-06,118.355237,18.355237000000002,3.1404560000000054e-08,58.79384125456082,-0.4919757000000047,-0.4919757000000047,-1.91331522,1.8919757000000046,0,100,10,5,-2,6,2,8,8,25n,0,4n,8,25,100V_10A_25C
4.418928232566492e-06,7.083552315103969e-07,8.080801506614423e-07,118.355242,18.355242000000004,5.12728346407689e-06,5.935363614738332e-06,118.355242,18.355242000000004,3.491512000000008e-08,59.150191552477736,-0.8127688000000006,-0.8127688000000006,-1.83571515,2.2127688000000005,0,100,10,5,-2,4,2,8,8,15n,0,4n,8,25,100V_10A_25C
4.692600473988196e-06,7.083417351065653e-07,8.080810169435908e-07,118.355245,18.355244999999996,5.400942209094761e-06,6.209023226038352e-06,118.355245,18.355244999999996,3.491512000000008e-08,59.15030865977745,-0.9989246999999892,-0.9989246999999892,-1.83571711,2.398924699999989,0,100,10,5,-2,3,2,8,8,15n,0,4n,8,25,100V_10A_25C
4.415258832644646e-06,7.092384865113319e-07,1.3832817544541382e-06,118.355242,18.355242000000004,5.124497319155978e-06,6.507779073610116e-06,118.355242,18.355242000000004,3.1404560000000054e-08,58.79395664047856,-0.808207699999997,-0.808207699999997,-1.91331636,2.208207699999997,0,100,10,5,-2,4,2,8,8,25n,0,4n,8,25,100V_10A_25C
3.883104561786654e-06,7.104678262398132e-07,2.3555864908716772e-06,118.355235,18.355234999999993,4.593572388026467e-06,6.949158878898144e-06,118.355235,18.355234999999993,3.566384000000005e-08,58.266716850091434,-0.25870159999999487,-0.25870159999999487,-1.95258577,1.6587015999999948,0,100,10,5,-2,8,2,8,8,35n,0,4n,8,25,100V_10A_25C
4.085933080469805e-06,7.104543877462702e-07,2.3555824656943063e-06,118.355237,18.355237000000002,4.796387468216075e-06,7.151969933910381e-06,118.355237,18.355237000000002,3.566384000000005e-08,58.2667719584597,-0.4901985999999994,-0.4901985999999994,-1.95258614,1.8901985999999993,0,100,10,5,-2,6,2,8,8,35n,0,4n,8,25,100V_10A_25C
4.6876523094162436e-06,7.09224893279854e-07,1.383276494427561e-06,118.355245,18.355244999999996,5.396877202696098e-06,6.780153697123658e-06,118.355245,18.355244999999996,3.1404560000000054e-08,58.79407156011005,-0.9940184000000016,-0.9940184000000016,-1.91331747,2.3940184000000015,0,100,10,5,-2,3,2,8,8,25n,0,4n,8,25,100V_10A_25C
5.1664834758658835e-06,7.08318428560435e-07,8.08082753766303e-07,118.355253,18.355253000000005,5.874801904426319e-06,6.682884658192621e-06,118.355253,18.355253000000005,3.491512000000008e-08,59.15054334918582,-1.16415527,-1.16415527,-1.83572104,2.5641552699999997,0,100,10,5,-2,2,2,8,8,15n,0,4n,8,25,100V_10A_25C
4.412542579635352e-06,7.10432843798974e-07,2.3555748268602965e-06,118.355242,18.355242000000004,5.122975423434326e-06,7.478550250294622e-06,118.355242,18.355242000000004,3.5663850000000085e-08,58.26688122299591,-0.8052851000000061,-0.8052851000000061,-1.95258684,2.205285100000006,0,100,10,5,-2,4,2,8,8,35n,0,4n,8,25,100V_10A_25C
5.159651154259517e-06,7.092013917505791e-07,1.3832656313373115e-06,118.355253,18.355253000000005,5.868852546010096e-06,7.252118177347408e-06,118.355253,18.355253000000005,3.1404560000000054e-08,58.79430199146205,-1.163949221,-1.163949221,-1.91331969,2.5639492209999997,0,100,10,5,-2,2,2,8,8,25n,0,4n,8,25,100V_10A_25C
4.683557407677304e-06,7.104193555861985e-07,2.3555676621413797e-06,118.355245,18.355244999999996,5.393976763263503e-06,7.749544425404882e-06,118.355245,18.355244999999996,3.5663850000000085e-08,58.26699089737783,-0.9907799000000068,-0.9907799000000068,-1.95258753,2.3907799000000067,0,100,10,5,-2,3,2,8,8,35n,0,4n,8,25,100V_10A_25C
5.1539802198955184e-06,7.103960798197391e-07,2.3555528611496156e-06,118.355253,18.355253000000005,5.864376299715257e-06,8.219929160864874e-06,118.355253,18.355253000000005,3.5663850000000085e-08,58.267210565583305,-1.164332732,-1.164332732,-1.95258889,2.564332732,0,100,10,5,-2,2,2,8,8,35n,0,4n,8,25,100V_10A_25C
6.444435700439181e-06,7.083960035715224e-07,8.080876317517191e-07,118.355297,18.355296999999993,7.152831704010703e-06,7.960919335762423e-06,118.355297,18.355296999999993,3.491512000000008e-08,59.15125854457751,-1.2900573500000005,-1.2900573500000005,-1.8357333,2.6900573500000005,0,100,10,5,-2,1,2,8,8,15n,0,4n,8,25,100V_10A_25C
6.438696937669855e-06,7.092783321466082e-07,1.3832240702774323e-06,118.355297,18.355296999999993,7.1479752698164635e-06,8.531199340093896e-06,118.355297,18.355296999999993,3.1404560000000054e-08,58.79500379572776,-1.2899325600000004,-1.2899325600000004,-1.9133266,2.6899325600000004,0,100,10,5,-2,1,2,8,8,25n,0,4n,8,25,100V_10A_25C
6.434114688690669e-06,7.104726895338682e-07,2.3554954303037353e-06,118.355297,18.355296999999993,7.144587378224537e-06,9.500082808528273e-06,118.355297,18.355296999999993,3.5663869999999946e-08,58.267877017621544,-1.2895159100000004,-1.2895159100000004,-1.95259314,2.6895159100000003,0,100,10,5,-2,1,2,8,8,35n,0,4n,8,25,100V_10A_25C
5.1444930023024825e-06,1.1738000582747587e-06,7.60585872603838e-07,118.793484,18.793484000000007,6.318293060577241e-06,7.078878933181079e-06,118.793484,18.793484000000007,4.1404050000000014e-08,66.61919260696634,0.8492462000000103,0.8492462000000103,0.108653938,0.5507537999999896,0,100,10,5,0,1,2,8,8,25n,0,4n,8,25,100V_10A_25C
5.623016193344141e-06,6.337541030123258e-07,2.0324453613649423e-07,123.521078,23.521078000000003,6.256770296356467e-06,6.460014832492961e-06,123.521078,23.521078000000003,4.605515000000001e-08,44.488187665512775,3.901326900000001,3.901326900000001,0.171758818,-2.501326900000001,1,100,10,5,0,8,8,8,1,15n,0,4n,8,25,100V_10A_25C
2.7890775042946872e-06,6.34259329324576e-07,5.637506523802288e-07,122.526216,22.526216000000005,3.4233368336192632e-06,3.987087485999492e-06,122.526216,22.526216000000005,4.605577999999997e-08,43.49993988342137,2.237167299999996,2.237167299999996,0.162200167,-0.837167299999996,1,100,10,5,0,8,8,8,4,15n,0,4n,8,25,100V_10A_25C
2.7655406475426235e-06,6.347547723679528e-07,6.196486244385405e-07,122.394579,22.394578999999993,3.4002954199105764e-06,4.019944044349117e-06,122.394579,22.394578999999993,4.600655000000011e-08,43.19546275125853,1.6487601999999981,1.6487601999999981,0.15228665,-0.2487601999999982,1,100,10,5,0,8,8,8,8,15n,0,4n,8,25,100V_10A_25C
3.642860402794442e-06,1.1849671405356671e-06,7.94655902647225e-07,111.362721,11.362720999999992,4.827827543330109e-06,5.6224834459773345e-06,117.993887,17.993887,4.422499999999999e-08,64.53313795616437,1.1651249000000021,1.1651249000000021,1.13651922,0.15987509999999783,0,100,10,5,0,4,2,8,8,10n,0,4n,8,75,100V_10A_75C
3.455333099262871e-06,8.006514187963865e-07,5.409872961379875e-08,11.0480255,-88.95197449999999,4.255984518059257e-06,4.310083247673056e-06,154.956223,54.956222999999994,6.076299999999995e-08,74.32273397759356,0.976160098,0.7448163999999977,0.976160098,0.3488399019999999,0,100,10,5,0,8,2,8,4,5n,1,4n,8,75,100V_10A_75C
4.301774003704085e-06,7.244287982224013e-07,7.879892597176053e-07,117.744705,17.744704999999996,5.026202801926486e-06,5.8141920616440915e-06,118.1592,18.1592,4.772500000000004e-08,57.22364854146298,0.33118619999999765,0.33118619999999765,-1.66089102,0.9938138000000023,0,100,10,5,-2,8,2,8,4,10n,0,4n,8,75,100V_10A_75C
3.120703566095777e-06,8.008274948506376e-07,8.927005012794257e-08,11.0471235,-88.9528765,3.9215310609464146e-06,4.010801111074357e-06,154.96959,54.96959000000001,6.076340999999995e-08,74.325765054518,0.976160637,0.8975094999999982,0.976160637,0.34883936299999996,0,100,10,5,0,8,2,8,8,5n,1,4n,8,75,100V_10A_75C
4.51075779359296e-06,7.247166660081352e-07,8.26679982098653e-07,117.680681,17.680681000000007,5.235474459601095e-06,6.062154441699748e-06,117.680681,17.680681000000007,4.457500000000012e-08,57.04772311288508,-0.3317801999999972,-0.3317801999999972,-1.66515892,1.6567801999999971,0,100,10,5,-2,8,2,8,8,10n,0,4n,8,75,100V_10A_75C
3.2550535479465027e-06,6.411731263967098e-07,5.60699148195141e-07,122.014104,22.014104000000003,3.896226674343213e-06,4.456925822538353e-06,122.014104,22.014104000000003,4.280730000000005e-08,41.71783824012963,1.0239040000000017,1.0239040000000017,0.0704932083,0.30109599999999825,0,100,10,5,0,8,8,8,1,15n,1,4n,8,75,100V_10A_75C
3.120289757557273e-06,6.418194693392533e-07,6.433067123465489e-07,103.847774,3.847774000000001,3.7621092268965265e-06,4.405415939243075e-06,121.355337,21.355337000000006,4.287499999999999e-08,40.99282540058111,0.8968812999999969,0.8968812999999969,0.150640828,0.42811870000000307,0,100,10,5,0,8,8,8,8,5n,1,4n,8,75,100V_10A_75C
4.716367077792069e-06,7.246969828078162e-07,8.266803991992137e-07,117.680686,17.680685999999994,5.441064060599886e-06,6.267744459799099e-06,117.680686,17.680685999999994,4.457500000000012e-08,57.047810078807366,-0.5579807000000017,-0.5579807000000017,-1.66514717,1.8829807000000016,0,100,10,5,-2,6,2,8,8,10n,0,4n,8,75,100V_10A_75C
5.03584800894243e-06,7.246661008007127e-07,8.266812760470446e-07,117.680695,17.680695,5.760514109743142e-06,6.587195385790187e-06,117.680695,17.680695,4.457500000000012e-08,57.04798311753961,-0.8547531999999975,-0.8547531999999975,-1.6651241,2.1797531999999977,0,100,10,5,-2,4,2,8,8,10n,0,4n,8,75,100V_10A_75C
5.2995782068380645e-06,7.246461567864292e-07,8.266821731808279e-07,117.680704,17.680704000000006,6.024224363624494e-06,6.8509065368053216e-06,117.680704,17.680704000000006,4.457500000000012e-08,57.0481549354358,-1.0268516999999946,-1.0268516999999946,-1.66510157,2.3518516999999948,0,100,10,5,-2,3,2,8,8,10n,0,4n,8,75,100V_10A_75C
5.775301116487603e-06,7.246116386663576e-07,8.266839753296687e-07,117.68072,17.680719999999994,6.49991275515396e-06,7.326596730483629e-06,117.68072,17.680719999999994,4.457500000000012e-08,57.04849894462572,-1.2293220999999903,-1.2293220999999903,-1.6650564,2.5543220999999905,0,100,10,5,-2,2,2,8,8,10n,0,4n,8,75,100V_10A_75C
7.229964343735916e-06,7.247210379714301e-07,8.266887295565309e-07,117.680785,17.680785,7.954685381707347e-06,8.781374111263877e-06,117.680785,17.680785,4.457500000000012e-08,57.049552038140945,-1.3740184999999911,-1.3740184999999911,-1.6649108,2.6990184999999913,0,100,10,5,-2,1,2,8,8,10n,0,4n,8,75,100V_10A_75C
4.4922595191480855e-06,7.244091329832476e-07,7.879898084516803e-07,117.744711,17.744710999999995,5.216668652131333e-06,6.004658460583014e-06,118.159157,18.159156999999993,4.772500000000004e-08,57.22373663136351,0.017912000000002593,0.017912000000002593,-1.66087916,1.3070879999999974,0,100,10,5,-2,6,2,8,4,10n,0,4n,8,75,100V_10A_75C
4.801200103002924e-06,7.243778336594128e-07,7.879909347242302e-07,117.744721,17.744721,5.525577936662337e-06,6.3135688713865675e-06,118.159072,18.159071999999995,4.772500000000004e-08,57.22391180978528,-0.39756810000000087,-0.39756810000000087,-1.66085594,1.7225681000000008,0,100,10,5,-2,4,2,8,4,10n,0,4n,8,75,100V_10A_75C
5.064270259156994e-06,7.243579001166638e-07,7.879920733364662e-07,117.744731,17.744731,5.788628159273658e-06,6.576620232610124e-06,118.158989,18.158989000000005,4.772500000000004e-08,57.22408595493736,-0.550426800000011,-0.550426800000011,-1.6608332,1.875426800000011,0,100,10,5,-2,3,2,8,4,10n,0,4n,8,75,100V_10A_75C
5.542472372188919e-06,7.243239778016683e-07,7.879943531321497e-07,117.74475,17.744749999999996,6.266796349990587e-06,7.054790703122737e-06,118.158823,18.158822999999998,4.772500000000004e-08,57.224434280693494,-0.5921662000000083,-0.5921662000000083,-1.66078765,1.9171662000000083,0,100,10,5,-2,2,2,8,4,10n,0,4n,8,75,100V_10A_75C
6.9943992131439955e-06,7.243430884258225e-07,7.8800083541489e-07,117.744823,17.744822999999997,7.718742301569817e-06,8.506743136984708e-06,118.158291,18.158291000000006,4.772500000000004e-08,57.22550071263162,-0.7336396999999977,-0.7336396999999977,-1.66064092,2.058639699999998,0,100,10,5,-2,1,2,8,4,10n,0,4n,8,75,100V_10A_75C
5.8072029581957315e-06,1.1849652019021182e-06,7.946388572232854e-07,111.352191,11.352191000000005,6.9921681600978495e-06,7.786807017321135e-06,117.992861,17.992861000000005,4.422499999999999e-08,64.53352479314924,1.1367387,0.8286910000000063,1.1367387,0.18826129999999996,0,100,10,5,0,1,2,8,8,10n,0,4n,8,75,100V_10A_75C
4.374884439052331e-06,1.1849547024408899e-06,7.946507760085853e-07,111.359368,11.359368000000003,5.559839141493221e-06,6.354489917501806e-06,117.99359,17.993589999999998,4.422499999999999e-08,64.53328167134516,1.1365901,0.8645656000000059,1.1365901,0.1884098999999999,0,100,10,5,0,2,2,8,8,10n,0,4n,8,75,100V_10A_75C
3.901224865998333e-06,1.1849634403833851e-06,7.94654216645853e-07,111.361609,11.361609000000001,5.086188306381718e-06,5.880842523027571e-06,117.99379,17.993790000000004,4.422499999999999e-08,64.53318639821518,1.13654276,1.0018374999999935,1.13654276,0.18845723999999997,0,100,10,5,0,3,2,8,8,10n,0,4n,8,75,100V_10A_75C
4.4795070629464175e-06,7.264434904127378e-07,8.011226323463882e-07,118.759183,18.759182999999993,5.205950553359155e-06,6.007073185705543e-06,118.759183,18.759182999999993,3.437152000000007e-08,57.499838546708254,-0.3277940999999984,-0.3277940999999984,-1.81557603,1.6527940999999984,0,100,10,5,-2,8,2,8,8,15n,0,4n,8,75,100V_10A_75C
4.6897861285432734e-06,7.264230581949776e-07,8.012594692638532e-07,118.759179,18.759179000000003,5.416209186738251e-06,6.217468656002104e-06,118.759179,18.759179000000003,3.437152000000007e-08,57.49992808444871,-0.5597491000000048,-0.5597491000000048,-1.81557641,1.8847491000000047,0,100,10,5,-2,6,2,8,8,15n,0,4n,8,75,100V_10A_75C
4.4776701029893e-06,7.278771429903451e-07,1.476694821032699e-06,118.759183,18.759182999999993,5.205547245979645e-06,6.682242067012344e-06,118.759183,18.759182999999993,3.070883000000003e-08,57.14053016944557,-0.32230820000000193,-0.32230820000000193,-1.90056033,1.6473082000000019,0,100,10,5,-2,8,2,8,8,25n,0,4n,8,75,100V_10A_75C
4.684141664749376e-06,7.278573089216275e-07,1.47668941277382e-06,118.759179,18.759179000000003,5.411998973671004e-06,6.888688386444824e-06,118.759179,18.759179000000003,3.0708819999999996e-08,57.14062046724903,-0.5534952000000004,-0.5534952000000004,-1.90055982,1.8784952000000004,0,100,10,5,-2,6,2,8,8,25n,0,4n,8,75,100V_10A_75C
5.023808502813496e-06,7.263921201247544e-07,8.011245167648797e-07,118.759171,18.759170999999995,5.75020062293825e-06,6.55132513970313e-06,118.759171,18.759170999999995,3.4371510000000034e-08,57.50010607483176,-0.8687005999999968,-0.8687005999999968,-1.81557714,2.193700599999997,0,100,10,5,-2,4,2,8,8,15n,0,4n,8,75,100V_10A_75C
5.3015323189121585e-06,7.263721520752113e-07,8.011258047605869e-07,118.759163,18.759163,6.02790447098737e-06,6.829030275747957e-06,118.759163,18.759163,3.43715e-08,57.500282639882606,-1.0485023000000098,-1.0485023000000098,-1.81557786,2.37350230000001,0,100,10,5,-2,3,2,8,8,15n,0,4n,8,75,100V_10A_75C
5.016775313763034e-06,7.278269511208299e-07,1.4766792598116014e-06,118.759171,18.759170999999995,5.744602264883864e-06,7.221281524695466e-06,118.759171,18.759170999999995,3.07087900000001e-08,57.1408018625706,-0.8615382999999994,-0.8615382999999994,-1.9005588,2.1865382999999996,0,100,10,5,-2,4,2,8,8,25n,0,4n,8,75,100V_10A_75C
4.475475471449036e-06,7.299764435317769e-07,2.4895252143809842e-06,118.759183,18.759182999999993,5.205451914980813e-06,7.694977129361796e-06,118.759183,18.759182999999993,3.679175999999998e-08,56.66886954342516,-0.32050160000000005,-0.32050160000000005,-1.94654642,1.6455016,0,100,10,5,-2,8,2,8,8,35n,0,4n,8,75,100V_10A_75C
4.681626451400625e-06,7.299567795211828e-07,2.4895177406986997e-06,118.759179,18.759179000000003,5.411583230921808e-06,7.901100971620507e-06,118.759179,18.759179000000003,3.679175999999998e-08,56.66895662951212,-0.5511562000000012,-0.5511562000000012,-1.94654588,1.8761562000000012,0,100,10,5,-2,6,2,8,8,35n,0,4n,8,75,100V_10A_75C
5.293040029246506e-06,7.278067883118687e-07,1.476669886369283e-06,118.759163,18.759163,6.020846817558375e-06,7.4975167039276585e-06,118.759163,18.759163,3.0708770000000027e-08,57.14098041643266,-1.040124800000001,-1.040124800000001,-1.90055781,2.365124800000001,0,100,10,5,-2,3,2,8,8,25n,0,4n,8,75,100V_10A_75C
5.795039240762839e-06,7.263375825938334e-07,8.012645687596367e-07,118.759146,18.759146,6.521376823356672e-06,7.322641392116309e-06,118.759146,18.759146,3.437148000000014e-08,57.50063633366138,-1.2525059000000027,-1.2525059000000027,-1.81557929,2.577505900000003,0,100,10,5,-2,2,2,8,8,15n,0,4n,8,75,100V_10A_75C
5.01340795386989e-06,7.29925934378375e-07,2.4895037370520188e-06,118.759171,18.759170999999995,5.743333888248264e-06,8.232837625300282e-06,118.759171,18.759170999999995,3.679175999999998e-08,56.66912997035983,-0.8583031000000005,-0.8583031000000005,-1.94654481,2.1833031000000007,0,100,10,5,-2,4,2,8,8,35n,0,4n,8,75,100V_10A_75C
5.785716831742571e-06,7.277718381557132e-07,1.4766509895991587e-06,118.759146,18.759146,6.513488669898284e-06,7.990139659497444e-06,118.759146,18.759146,3.070873000000009e-08,57.141338068272226,-1.246445399999999,-1.246445399999999,-1.90055582,2.571445399999999,0,100,10,5,-2,2,2,8,8,25n,0,4n,8,75,100V_10A_75C
5.289206728244096e-06,7.299060299939261e-07,2.4894908803103757e-06,118.759163,18.759163,6.019112758238023e-06,8.508603638548398e-06,118.759163,18.759163,3.679175999999998e-08,56.6693021708919,-1.037087800000009,-1.037087800000009,-1.94654376,2.362087800000009,0,100,10,5,-2,3,2,8,8,35n,0,4n,8,75,100V_10A_75C
5.7805063433496635e-06,7.298715892714257e-07,2.4894649416192355e-06,118.759146,18.759146,6.510377932621089e-06,8.999842874240325e-06,118.759146,18.759146,3.679175999999998e-08,56.66964683676784,-1.2445127000000014,-1.2445127000000014,-1.94654165,2.5695127000000015,0,100,10,5,-2,2,2,8,8,35n,0,4n,8,75,100V_10A_75C
7.237319930958318e-06,7.264461215382469e-07,8.011349440109593e-07,118.759103,18.759102999999996,7.963766052496565e-06,8.764900996507525e-06,118.759103,18.759102999999996,3.437142000000013e-08,57.501718341324015,-1.3728387999999967,-1.3728387999999967,-1.81558353,2.697838799999997,0,100,10,5,-2,1,2,8,8,15n,0,4n,8,75,100V_10A_75C
7.230711993287652e-06,7.278806110904206e-07,1.4765801201228506e-06,118.759103,18.759102999999996,7.958592604378073e-06,9.435172724500923e-06,118.759103,18.759102999999996,3.070859000000001e-08,57.14243441207683,-1.3727657999999963,-1.3727657999999963,-1.90054907,2.6977657999999964,0,100,10,5,-2,1,2,8,8,25n,0,4n,8,75,100V_10A_75C
7.225690544180097e-06,7.299808119657076e-07,2.489366578654453e-06,118.759103,18.759102999999996,7.955671356145804e-06,1.0445037934800257e-05,118.759103,18.759102999999996,3.6791770000000016e-08,56.67069996698327,-1.3723888000000102,-1.3723888000000102,-1.94653458,2.6973888000000104,0,100,10,5,-2,1,2,8,8,35n,0,4n,8,75,100V_10A_75C
5.816795725990424e-06,1.1864230160638983e-06,7.549608261401754e-07,118.475656,18.475656,7.0032187420543225e-06,7.758179568194498e-06,118.475656,18.475656,4.060422999999997e-08,65.61693115599782,0.8301377000000087,0.8301377000000087,0.113973826,0.4948622999999912,0,100,10,5,0,1,2,8,8,25n,0,4n,8,75,100V_10A_75C
6.681650974209218e-06,6.390067045093856e-07,1.8088560027254556e-07,123.640962,23.640962,7.320657678718603e-06,7.5015432789911486e-06,123.640962,23.640962,4.5955100000000035e-08,43.30869784347619,3.7505080000000106,3.7505080000000106,0.167473718,-2.4255080000000104,1,100,10,5,0,8,8,8,1,15n,0,4n,8,75,100V_10A_75C
3.2703053486590824e-06,6.395529813876984e-07,5.603867324746883e-07,122.34929,22.349289999999996,3.909858330046781e-06,4.470245062521469e-06,122.34929,22.349289999999996,4.595572999999999e-08,42.32423930079523,2.161660000000005,2.161660000000005,0.158297292,-0.8366600000000048,1,100,10,5,0,8,8,8,4,15n,0,4n,8,75,100V_10A_75C
3.2001307104590625e-06,6.39875933417475e-07,6.171559664495959e-07,122.221958,22.221958,3.840006643876538e-06,4.457162610326134e-06,122.221958,22.221958,4.595642999999999e-08,42.043709916875976,1.5938270000000045,1.5938270000000045,0.150389837,-0.2688270000000046,1,100,10,5,0,8,8,8,8,15n,0,4n,8,75,100V_10A_75C
4.0317780542256575e-06,1.19803819852158e-06,8.018584005977993e-07,117.571801,17.571800999999994,5.229816252747238e-06,6.031674653345037e-06,118.126349,18.126349000000005,4.367500000000005e-08,63.336680470536926,1.1195008999999914,1.1195008999999914,0.891793479,0.13049910000000864,0,100,10,5,0,4,2,8,8,10n,0,4n,8,125,100V_10A_125C
3.876422302517319e-06,7.48008867641676e-07,6.594715118660588e-08,14.8626761,-85.1373239,4.624431170158995e-06,4.690378321345601e-06,149.404227,49.40422699999999,6.071994000000002e-08,71.85817380747741,0.908434152,0.6893294999999995,0.908434152,0.341565848,0,100,10,5,0,8,2,8,4,5n,1,4n,8,125,100V_10A_125C
4.754238330413354e-06,7.395486585510232e-07,7.853800923893683e-07,117.722565,17.722565000000003,5.493786988964377e-06,6.279167081353746e-06,118.707597,18.707597000000007,4.4425e-08,55.63726265187461,0.27697579999999533,0.27697579999999533,-1.74910423,0.9730242000000047,0,100,10,5,-2,8,2,8,4,10n,0,4n,8,125,100V_10A_125C
3.511181225939326e-06,7.48201501123961e-07,9.996559194790541e-08,14.8626523,-85.13734769999999,4.259382727063287e-06,4.359348319011192e-06,149.42385,49.42384999999999,6.072052000000001e-08,71.86290207714916,0.908414857,0.8717504000000034,0.908414857,0.341585143,0,100,10,5,0,8,2,8,8,5n,1,4n,8,125,100V_10A_125C
5.024867503196628e-06,7.397890375759526e-07,8.250116620883016e-07,117.657588,17.657588000000004,5.764656540772581e-06,6.589668202860882e-06,118.115195,18.115195,4.4375000000000105e-08,55.52013619748521,-0.39606239999999815,-0.39606239999999815,-1.74342107,1.6460623999999981,0,100,10,5,-2,8,2,8,8,10n,0,4n,8,125,100V_10A_125C
3.6712492095000474e-06,6.465992712616658e-07,5.578380154239735e-07,121.897971,21.897971,4.317848480761713e-06,4.8756864961856865e-06,121.897971,21.897971,4.5757299999999954e-08,40.70516027387871,0.9535172000000003,0.9535172000000003,0.0688829347,0.2964827999999997,0,100,10,5,0,8,8,8,1,15n,1,4n,8,125,100V_10A_125C
3.5100901007336315e-06,6.472162099865413e-07,6.432824054430032e-07,107.456031,7.456030999999996,4.157306310720173e-06,4.800588716163176e-06,121.315091,21.315090999999992,4.2725000000000086e-08,39.826709650133616,0.8722645999999941,0.8722645999999941,0.145347901,0.37773540000000594,0,100,10,5,0,8,8,8,8,5n,1,4n,8,125,100V_10A_125C
5.233025258059738e-06,7.397632427513596e-07,8.250122892502587e-07,117.65761,17.657610000000005,5.972788500811098e-06,6.797800790061357e-06,118.115148,18.115148000000005,4.4375000000000105e-08,55.52026971433973,-0.6215912999999986,-0.6215912999999986,-1.74341866,1.8715912999999986,0,100,10,5,-2,6,2,8,8,10n,0,4n,8,125,100V_10A_125C
5.561087577416049e-06,7.397227589314037e-07,8.250135721100561e-07,117.657651,17.657651,6.300810336347453e-06,7.125823908457509e-06,118.115058,18.115058000000005,4.4375000000000105e-08,55.52053420837634,-0.9156717999999984,-0.9156717999999984,-1.74341395,2.1656717999999984,0,100,10,5,-2,4,2,8,8,10n,0,4n,8,125,100V_10A_125C
5.834788470741181e-06,7.396965345331089e-07,8.25014883856996e-07,117.657691,17.657691,6.5744850052742905e-06,7.399499889131287e-06,118.114969,18.114969000000002,4.4375000000000105e-08,55.52079635927424,-1.085071400000004,-1.085071400000004,-1.74340935,2.335071400000004,0,100,10,5,-2,3,2,8,8,10n,0,4n,8,125,100V_10A_125C
6.341172866702758e-06,7.396509793588976e-07,8.25017493484301e-07,117.657771,17.657770999999997,7.080823846061656e-06,7.905841339545958e-06,118.11479,18.11479,4.4375000000000105e-08,55.521322677315965,-1.2839776,-1.2839776,-1.74340004,2.5339776,0,100,10,5,-2,2,2,8,8,10n,0,4n,8,125,100V_10A_125C
7.949888169840135e-06,7.397877590921836e-07,8.250179984977257e-07,117.658069,17.658068999999998,8.689675928932318e-06,9.514693927430043e-06,118.114645,18.114644999999996,4.4375000000000105e-08,55.52215622952969,-1.4086355000000026,-1.4086355000000026,-1.74337983,2.6586355000000026,0,100,10,5,-2,1,2,8,8,10n,0,4n,8,125,100V_10A_125C
4.941198706051092e-06,7.395228958592201e-07,7.853809001907375e-07,117.722587,17.722587000000004,5.680721601910312e-06,6.466102502101049e-06,118.707544,18.707544,4.4425e-08,55.63739811578117,-0.030664500000000317,-0.030664500000000317,-1.7491017,1.2806645000000003,0,100,10,5,-2,6,2,8,4,10n,0,4n,8,125,100V_10A_125C
5.247706051950593e-06,7.394818690476475e-07,7.853825257193795e-07,117.72263,17.722629999999995,5.9871879209982404e-06,6.77257044671762e-06,118.707442,18.707442,4.4425e-08,55.63766651477766,-0.43187000000000353,-0.43187000000000353,-1.74909678,1.6818700000000035,0,100,10,5,-2,4,2,8,4,10n,0,4n,8,125,100V_10A_125C
5.517296765307693e-06,7.394556649752724e-07,7.853841702143521e-07,117.722672,17.722672000000003,6.256752430282965e-06,7.042136600497317e-06,118.707342,18.707341999999997,4.4425e-08,55.63793264186919,-0.5100960000000043,-0.5100960000000043,-1.74909197,1.7600960000000043,0,100,10,5,-2,3,2,8,4,10n,0,4n,8,125,100V_10A_125C
6.034608236762665e-06,7.394109090043383e-07,7.853874481065735e-07,117.722756,17.722756000000004,6.774019145767003e-06,7.559406593873576e-06,118.707139,18.707138999999998,4.4425e-08,55.638466914991405,-0.5842928999999941,-0.5842928999999941,-1.74908223,1.8342928999999941,0,100,10,5,-2,2,2,8,4,10n,0,4n,8,125,100V_10A_125C
7.688223313072715e-06,7.394346230610951e-07,7.853969766081194e-07,117.723028,17.723028,8.42765793613381e-06,9.213054912741929e-06,118.70648,18.70648,4.4425e-08,55.64011251001778,-0.7823858000000001,-0.7823858000000001,-1.74905062,2.0323858,0,100,10,5,-2,1,2,8,4,10n,0,4n,8,125,100V_10A_125C
6.4429661540827126e-06,1.1980399071928315e-06,8.018554893033527e-07,117.566117,17.566117000000006,7.641006061275544e-06,8.442861550578897e-06,118.124581,18.124581000000006,4.367500000000005e-08,63.337602899407365,0.892139341,0.8025869999999884,0.892139341,0.35786065899999997,0,100,10,5,0,1,2,8,8,10n,0,4n,8,125,100V_10A_125C
4.8125448216227335e-06,1.1980220095155247e-06,8.018577391739213e-07,117.569981,17.569981,6.010566831138258e-06,6.812424570312179e-06,118.125801,18.125800999999996,4.367500000000005e-08,63.336995583848946,0.891905966,0.8866586999999981,0.891905966,0.35809403399999995,0,100,10,5,0,2,2,8,8,10n,0,4n,8,125,100V_10A_125C
4.299239879319956e-06,1.198033434275921e-06,8.01858203749081e-07,117.5712,17.571200000000005,5.4972733135958775e-06,6.299131517344959e-06,118.126169,18.126169000000004,4.367500000000005e-08,63.336786130553634,0.9625158000000056,0.9625158000000056,0.891830741,0.2874841999999944,0,100,10,5,0,3,2,8,8,10n,0,4n,8,125,100V_10A_125C
4.9827673897417045e-06,7.419706102948438e-07,7.933154701763265e-07,119.005235,19.005235,5.724738000036548e-06,6.518053470212874e-06,119.005235,19.005235,4.050433999999994e-08,56.11405719526717,-0.37737729999999914,-0.37737729999999914,-1.81991711,1.6273772999999991,0,100,10,5,-2,8,2,8,8,15n,0,4n,8,125,100V_10A_125C
5.192728920174265e-06,7.419448272777778e-07,7.933162878901881e-07,119.005236,19.005235999999996,5.934673747452043e-06,6.727990035342231e-06,119.005236,19.005235999999996,4.050433999999994e-08,56.114178948598244,-0.6062803000000017,-0.6062803000000017,-1.81991586,1.8562803000000017,0,100,10,5,-2,6,2,8,8,15n,0,4n,8,125,100V_10A_125C
4.983357100941879e-06,7.437709789766759e-07,1.5518884343571138e-06,119.005235,19.005235,5.727128079918554e-06,7.279016514275668e-06,119.005235,19.005235,4.045454000000013e-08,55.70329177675648,-0.3775276999999946,-0.3775276999999946,-1.9075167,1.6275276999999946,0,100,10,5,-2,8,2,8,8,25n,0,4n,8,125,100V_10A_125C
5.192108646499714e-06,7.437452136759841e-07,1.5518804872229759e-06,119.005236,19.005235999999996,5.9358538601756985e-06,7.487734347398674e-06,119.005236,19.005235999999996,4.045454000000013e-08,55.70341737309617,-0.6052857000000031,-0.6052857000000031,-1.90751496,1.8552857000000031,0,100,10,5,-2,6,2,8,8,25n,0,4n,8,125,100V_10A_125C
5.52979064259767e-06,7.419039697818566e-07,7.934634327082991e-07,119.005257,19.005257,6.271694612379527e-06,7.065158045087826e-06,119.005257,19.005257,4.050433999999994e-08,56.11442634496645,-0.9079148000000004,-0.9079148000000004,-1.8199125,2.1579148000000004,0,100,10,5,-2,4,2,8,8,15n,0,4n,8,125,100V_10A_125C
5.815302767961391e-06,7.418777675561936e-07,7.933196855310609e-07,119.005258,19.005257999999998,6.5571805355175845e-06,7.350500221048645e-06,119.005258,19.005257999999998,4.050433999999994e-08,56.11466638579589,-1.0835640000000097,-1.0835640000000097,-1.81991012,2.3335640000000097,0,100,10,5,-2,3,2,8,8,15n,0,4n,8,125,100V_10A_125C
5.526605309349375e-06,7.437043978849104e-07,1.5518656580892303e-06,119.005257,19.005257,6.270309707234286e-06,7.822175365323515e-06,119.005257,19.005257,4.045454000000013e-08,55.703673025128374,-0.9043287000000078,-0.9043287000000078,-1.90751106,2.1543287000000078,0,100,10,5,-2,4,2,8,8,25n,0,4n,8,125,100V_10A_125C
4.980084568640551e-06,7.462721637467802e-07,2.5971018013128175e-06,119.005235,19.005235,5.726356732387331e-06,8.323458533700148e-06,119.005235,19.005235,4.6804820000000036e-08,55.25808459005289,-0.37391259999999704,-0.37391259999999704,-1.94711318,1.623912599999997,0,100,10,5,-2,8,2,8,8,35n,0,4n,8,125,100V_10A_125C
5.1887978024097484e-06,7.462463430059015e-07,2.5970907772439294e-06,119.005236,19.005235999999996,5.93504414541565e-06,8.53213492265958e-06,119.005236,19.005235999999996,4.6804820000000036e-08,55.25820862020077,-0.6017285000000001,-0.6017285000000001,-1.94711456,1.8517285,0,100,10,5,-2,6,2,8,8,35n,0,4n,8,125,100V_10A_125C
5.809623726297449e-06,7.436782291601164e-07,1.5518518559232537e-06,119.005258,19.005257999999998,6.5533019554575655e-06,8.105153811380819e-06,119.005258,19.005257999999998,4.045454000000013e-08,55.70392030682081,-1.078361000000001,-1.078361000000001,-1.90750776,2.328361000000001,0,100,10,5,-2,3,2,8,8,25n,0,4n,8,125,100V_10A_125C
6.342056718763071e-06,7.418326537834367e-07,7.934684510588982e-07,119.005239,19.005239000000003,7.083889372546508e-06,7.877357823605406e-06,119.005239,19.005239000000003,4.050433999999994e-08,56.11514215384696,-1.2844067999999993,-1.2844067999999993,-1.81990619,2.5344067999999993,0,100,10,5,-2,2,2,8,8,15n,0,4n,8,125,100V_10A_125C
5.5225832076546845e-06,7.46205717666586e-07,2.597070282853217e-06,119.005257,19.005257,6.268788925321271e-06,8.865859208174488e-06,119.005257,19.005257,4.680481e-08,55.258462182607246,-0.9011579000000012,-0.9011579000000012,-1.94711693,2.151157900000001,0,100,10,5,-2,4,2,8,8,35n,0,4n,8,125,100V_10A_125C
6.333183403571818e-06,7.436331765573086e-07,1.5518234158153472e-06,119.005239,19.005239000000003,7.076816580129127e-06,8.628639995944474e-06,119.005239,19.005239000000003,4.045454000000013e-08,55.70440998038496,-1.2791242999999923,-1.2791242999999923,-1.90750157,2.5291242999999923,0,100,10,5,-2,2,2,8,8,25n,0,4n,8,125,100V_10A_125C
5.8050352979103384e-06,7.461794371952693e-07,2.5970512484583565e-06,119.005258,19.005257999999998,6.551214735105608e-06,9.148265983563965e-06,119.005258,19.005257999999998,4.680481e-08,55.25870632545514,-1.0752353000000028,-1.0752353000000028,-1.94711952,2.325235300000003,0,100,10,5,-2,3,2,8,8,35n,0,4n,8,125,100V_10A_125C
6.327635480419279e-06,7.461345984442185e-07,2.597011946242905e-06,119.005239,19.005239000000003,7.073770078863498e-06,9.670782025106402e-06,119.005239,19.005239000000003,4.680479000000014e-08,55.25919109633213,-1.2772364000000067,-1.2772364000000067,-1.94712502,2.5272364000000067,0,100,10,5,-2,2,2,8,8,35n,0,4n,8,125,100V_10A_125C
7.96018572047582e-06,7.419693489988815e-07,7.934702782616742e-07,119.005423,19.005422999999993,8.7021550694747e-06,9.495625347736376e-06,119.005423,19.005422999999993,4.050433999999994e-08,56.115889549349085,-1.4067869000000002,-1.4067869000000002,-1.81989333,2.6567869,0,100,10,5,-2,1,2,8,8,15n,0,4n,8,125,100V_10A_125C
7.951531873421835e-06,7.43770028930349e-07,1.5517278908061188e-06,119.005423,19.005422999999993,8.695301902352183e-06,1.0247029793158302e-05,119.005423,19.005422999999993,4.045454000000013e-08,55.705187741714745,-1.4072340000000025,-1.4072340000000025,-1.90748734,2.6572340000000025,0,100,10,5,-2,1,2,8,8,25n,0,4n,8,125,100V_10A_125C
7.945434444346367e-06,7.462715754267371e-07,2.596875791517106e-06,119.005423,19.005422999999993,8.691706019773105e-06,1.128858181129021e-05,119.005423,19.005422999999993,4.68047800000001e-08,55.25996174936948,-1.407262700000004,-1.407262700000004,-1.94713273,2.657262700000004,0,100,10,5,-2,1,2,8,8,35n,0,4n,8,125,100V_10A_125C
6.450110554128942e-06,1.1992570636661536e-06,7.497326230356741e-07,118.199028,18.199028,7.649367617795096e-06,8.39910024083077e-06,118.199028,18.199028,4.667283000000003e-08,64.56696090593223,0.804595599999999,0.804595599999999,0.122859874,0.44540440000000103,0,100,10,5,0,1,2,8,8,25n,0,4n,8,125,100V_10A_125C
7.579335219589974e-06,6.446768266175093e-07,1.6201352863859131e-07,123.671298,23.671297999999993,8.224012046207483e-06,8.386025574846075e-06,123.671298,23.671297999999993,4.900504999999998e-08,42.258706030955594,3.741166200000009,3.741166200000009,0.160464755,-2.491166200000009,1,100,10,5,0,8,8,8,1,15n,0,4n,8,125,100V_10A_125C
3.7092236875780835e-06,6.451612405080123e-07,5.55939607889732e-07,122.211786,22.211786000000004,4.3543849280860955e-06,4.910324535975828e-06,122.211786,22.211786000000004,4.590568999999995e-08,41.2568688140048,2.0932148999999995,2.0932148999999995,0.15104191,-0.8432148999999995,1,100,10,5,0,8,8,8,4,15n,0,4n,8,125,100V_10A_125C
3.56951980593965e-06,6.454110682765877e-07,6.1377509120035e-07,122.085231,22.085230999999993,4.214930874216238e-06,4.828705965416588e-06,122.085231,22.085230999999993,4.585626e-08,41.0099171781974,1.545691600000005,1.545691600000005,0.145416841,-0.29569160000000494,1,100,10,5,0,8,8,8,8,15n,0,4n,8,125,100V_10A_125C
2.8633093410138063e-06,2.2069582178804143e-06,2.026229639229703e-07,17.7681201,-88.1545866,5.07026755889422e-06,5.27289052281719e-06,180.274687,20.183124666666664,2.8614100000000145e-08,150.9230605525832,3.16712876,1.423330000000007,3.16712876,-1.7671287600000003,1,150,2,5,0,4,2,8,8,10n,0,4n,8,25,150V_2A_25C
2.76413686845689e-06,2.096304644206661e-06,7.320144466334358e-09,0.681550157,-99.54563322866666,4.860441512663551e-06,4.867761657129885e-06,201.268417,34.178944666666666,8.102530000000045e-09,146.6849650342222,0.920776318,0.8758121000000045,0.920776318,0.4792236819999999,0,150,2,5,0,8,2,8,4,5n,1,4n,8,25,150V_2A_25C
3.919986361719224e-06,1.0540110179876773e-06,5.549048989141332e-07,54.1500778,-63.89994813333333,4.9739973797069016e-06,5.528902278621035e-06,215.245247,43.49683133333334,4.915506000000013e-08,157.59189830995442,0.7102868999999998,0.7102868999999998,0.333339182,0.6897131000000001,0,150,2,5,-2,8,2,8,4,10n,0,4n,8,25,150V_2A_25C
2.6426759514257423e-06,2.096801247514765e-06,1.2771493091543493e-08,0.681171749,-99.54588550066667,4.739477198940507e-06,4.752248692032051e-06,201.130473,34.08698199999999,8.062320000000085e-09,146.68418808398383,0.9607222000000064,0.9607222000000064,0.920740891,0.4392777999999935,0,150,2,5,0,8,2,8,8,5n,1,4n,8,25,150V_2A_25C
3.7991585458285438e-06,1.0542153542277301e-06,5.613130394655418e-07,54.1471443,-63.9019038,4.853373900056274e-06,5.414686939521816e-06,215.131291,43.42086066666667,4.915509000000003e-08,157.50657888113145,0.329219132,0.04549399999999082,0.329219132,1.070780868,0,150,2,5,-2,8,2,8,8,10n,0,4n,8,25,150V_2A_25C
2.6703482037007365e-06,1.0792453698670059e-06,1.0771086894346343e-06,139.990697,-6.672868666666659,3.7495935735677424e-06,4.826702263002377e-06,156.449928,4.299952,1.5366950000000065e-08,95.56182138496605,1.1824943000000019,1.1824943000000019,0.0590675993,0.21750569999999803,0,150,2,5,0,8,8,8,1,15n,1,4n,8,25,150V_2A_25C
2.6415752807904977e-06,1.9316481015126846e-06,1.9369519578702197e-07,17.9614641,-88.0256906,4.573223382303183e-06,4.766918578090205e-06,215.595991,43.730660666666665,2.547581000000014e-08,136.4515250722356,0.9607067000000029,0.9607067000000029,0.593845178,0.439293299999997,0,150,2,5,0,8,8,8,8,5n,1,4n,8,25,150V_2A_25C
3.890427481449178e-06,1.0542156258105369e-06,5.613161301932077e-07,54.1474208,-63.90171946666667,4.944643107259715e-06,5.505959237452923e-06,215.131114,43.42074266666666,4.915509000000003e-08,157.50638393925956,0.329214199,-0.24639179999999783,0.329214199,1.070785801,0,150,2,5,-2,6,2,8,8,10n,0,4n,8,25,150V_2A_25C
4.02592410095535e-06,1.0542159406636025e-06,5.613193401148139e-07,54.1476644,-63.90155706666667,5.080140041618953e-06,5.641459381733767e-06,215.130934,43.42062266666667,4.915509000000003e-08,157.50623834478722,0.329210217,-0.6359369999999984,0.329210217,1.070789783,0,150,2,5,-2,4,2,8,8,10n,0,4n,8,25,150V_2A_25C
4.133162396022168e-06,1.0542160834036373e-06,5.613202838079819e-07,54.1476721,-63.90155193333333,5.187378479425805e-06,5.748698763233787e-06,215.130887,43.420591333333334,4.915509000000003e-08,157.50627899624823,0.329210713,-0.859304999999992,0.329210713,1.070789287,0,150,2,5,-2,3,2,8,8,10n,0,4n,8,25,150V_2A_25C
4.299245056902142e-06,1.054216121519857e-06,5.613188399990172e-07,54.1473407,-63.90177286666666,5.353461178421999e-06,5.914780018421016e-06,215.130988,43.42065866666667,4.915509000000003e-08,157.5066340012011,0.329218286,-1.1112059999999957,0.329218286,1.0707817139999998,0,150,2,5,-2,2,2,8,8,10n,0,4n,8,25,150V_2A_25C
4.679776863311823e-06,1.054215419435505e-06,5.613038382162957e-07,54.1452359,-63.90317606666666,5.733992282747327e-06,6.295296120963623e-06,215.131917,43.42127799999999,4.915509000000003e-08,157.50857556429904,0.329262064,-1.2278428000000012,0.329262064,1.070737936,0,150,2,5,-2,1,2,8,8,10n,0,4n,8,25,150V_2A_25C
4.000465124826256e-06,1.0540112865083206e-06,5.549688877649673e-07,54.1503512,-63.89976586666666,5.054476411334577e-06,5.609445299099544e-06,215.245072,43.49671466666666,4.915506000000013e-08,157.5917048323633,0.333334312,0.311609500000003,0.333334312,1.0666656879999998,0,150,2,5,-2,6,2,8,4,10n,0,4n,8,25,150V_2A_25C
4.133334994146134e-06,1.0540116034969733e-06,5.549720254335326e-07,54.1505911,-63.89960593333333,5.187346597643107e-06,5.74231862307664e-06,215.244894,43.49659599999999,4.915506000000013e-08,157.59156091689977,0.333330394,-0.20399100000000203,0.333330394,1.066669606,0,150,2,5,-2,4,2,8,4,10n,0,4n,8,25,150V_2A_25C
4.225028625869324e-06,1.054011747595889e-06,5.549119206863764e-07,54.1505916,-63.899605599999994,5.279040373465213e-06,5.83395229415159e-06,215.244851,43.49656733333334,4.915506000000013e-08,157.59160682067352,0.333331008,-0.41398443100000004,0.333331008,1.0666689919999999,0,150,2,5,-2,3,2,8,4,10n,0,4n,8,25,150V_2A_25C
4.351471270248738e-06,1.0540117760232379e-06,5.549713085338906e-07,54.1502482,-63.89983453333334,5.405483046271976e-06,5.9604543548058665e-06,215.244958,43.49663866666666,4.915506000000013e-08,157.5919712706821,0.333338753,-0.5268496500000001,0.333338753,1.0666612469999999,0,150,2,5,-2,2,2,8,4,10n,0,4n,8,25,150V_2A_25C
4.645573564443557e-06,1.054011101112341e-06,5.548955306834248e-07,54.1481582,-63.901227866666666,5.699584665555898e-06,6.254480196239322e-06,215.245874,43.49724933333332,4.915506000000013e-08,157.59390413459988,0.333382029,-0.6581252000000006,0.333382029,1.0666179709999999,0,150,2,5,-2,1,2,8,4,10n,0,4n,8,25,150V_2A_25C
3.412289598559868e-06,2.2071080411856123e-06,2.0255793610516453e-07,17.7646849,-88.15687673333333,5.61939763974548e-06,5.8219555758506445e-06,180.271864,20.181242666666662,2.8613950000000024e-08,150.92417024408394,3.16722812,0.8415609999999987,3.16722812,-1.76722812,1,150,2,5,0,1,2,8,8,10n,0,4n,8,25,150V_2A_25C
3.1054848198503726e-06,2.207001425004015e-06,2.025850748742227e-07,17.7672004,-88.15519973333333,5.312486244854388e-06,5.515071319728611e-06,180.273953,20.182635333333337,2.861406e-08,150.92337444917518,3.16715937,1.0331510000000037,3.16715937,-1.76715937,1,150,2,5,0,2,2,8,8,10n,0,4n,8,25,150V_2A_25C
2.9605600157935174e-06,2.206971172689671e-06,2.0259214496624133e-07,17.7678634,-88.15475773333333,5.167531188483188e-06,5.37012333344943e-06,180.274488,20.182991999999995,2.861409000000011e-08,150.92314602852366,3.1671384,1.2346569999999986,3.1671384,-1.7671383999999999,1,150,2,5,0,3,2,8,8,10n,0,4n,8,25,150V_2A_25C
3.8025961478682498e-06,1.0932263945749946e-06,1.0560156501678247e-06,120.530837,-19.646108666666663,4.895822542443244e-06,5.951838192611069e-06,168.559228,12.37281866666666,3.265633000000011e-08,101.66999425303888,0.016787499999992406,0.016787499999992406,-1.19750861,1.3832125000000075,0,150,2,5,-2,8,2,8,8,15n,0,4n,8,25,150V_2A_25C
3.895175385606531e-06,1.0932259964746241e-06,1.056019342947292e-06,120.531415,-19.645723333333336,4.988401382081156e-06,6.044420725028447e-06,168.558765,12.372509999999997,3.265633000000011e-08,101.67002502129343,-0.2712924000000072,-0.2712924000000072,-1.19752261,1.6712924000000071,0,150,2,5,-2,6,2,8,8,15n,0,4n,8,25,150V_2A_25C
3.804791849590497e-06,1.0771573935043852e-06,1.180510482396868e-06,155.709981,3.8066539999999995,4.881949243094882e-06,6.06245972549175e-06,155.712909,3.8086059999999975,1.7225000000000076e-08,96.56450845281366,0.017146499999995513,0.017146499999995513,-1.9571334,1.3828535000000044,0,150,2,5,-2,8,2,8,8,25n,0,4n,8,25,150V_2A_25C
3.896712385310965e-06,1.0771574386874625e-06,1.1805107597564192e-06,155.710049,3.806699333333332,4.973869823998428e-06,6.154380583754846e-06,155.712971,3.80864733333334,1.7225000000000076e-08,96.56481733180367,-0.2730008000000055,-0.2730008000000055,-1.95713481,1.6730008000000054,0,150,2,5,-2,6,2,8,8,25n,0,4n,8,25,150V_2A_25C
4.034762199794856e-06,1.0932255404344327e-06,1.0560237563636293e-06,120.532067,-19.64528866666667,5.127987740229289e-06,6.184011496592919e-06,168.558224,12.372149333333331,3.265633000000011e-08,101.67009608910871,-0.6514860000000056,-0.6514860000000056,-1.197539,2.0514860000000055,0,150,2,5,-2,4,2,8,8,15n,0,4n,8,25,150V_2A_25C
4.142506031543863e-06,1.0932253447430063e-06,1.0560649818909322e-06,120.532337,-19.64510866666667,5.23573137628687e-06,6.291796358177802e-06,168.557977,12.371984666666663,3.265633000000011e-08,101.67017429054393,-0.8643709999999913,-0.8643709999999913,-1.19754656,2.2643709999999913,0,150,2,5,-2,3,2,8,8,15n,0,4n,8,25,150V_2A_25C
4.036093837682018e-06,1.077157492758152e-06,1.1805112237108477e-06,155.710138,3.806758666666667,5.11325133044017e-06,6.293762554151018e-06,155.713054,3.8087026666666666,1.7225000000000076e-08,96.5652143449694,-0.6571399999999983,-0.6571399999999983,-1.95713643,2.057139999999998,0,150,2,5,-2,4,2,8,8,25n,0,4n,8,25,150V_2A_25C
3.806230244769258e-06,1.0826378728672681e-06,1.1467357831493148e-06,155.712452,3.808301333333342,4.888868117636526e-06,6.035603900785841e-06,155.712452,3.808301333333342,1.7225000000000076e-08,94.75576029992004,0.007188899999988507,0.007188899999988507,-1.965428,1.3928111000000114,0,150,2,5,-2,8,2,8,8,35n,0,4n,8,25,150V_2A_25C
3.893157384619456e-06,1.0826378908320623e-06,1.1467360514676073e-06,155.712508,3.808338666666676,4.975795275451518e-06,6.122531326919125e-06,155.712508,3.808338666666676,1.7225000000000076e-08,94.7560687196788,-0.28256170000000225,-0.28256170000000225,-1.96542799,1.6825617000000022,0,150,2,5,-2,6,2,8,8,35n,0,4n,8,25,150V_2A_25C
4.145071444139476e-06,1.077157519881967e-06,1.180511619682384e-06,155.710192,3.8067946666666708,5.222228964021444e-06,6.402740583703828e-06,155.713106,3.8087373333333403,1.7225000000000076e-08,96.56544321159404,-0.8742210000000057,-0.8742210000000057,-1.95713713,2.2742210000000056,0,150,2,5,-2,3,2,8,8,25n,0,4n,8,25,150V_2A_25C
4.301117256637675e-06,1.0932253340134655e-06,1.0560268653260383e-06,120.532312,-19.64512533333333,5.394342590651141e-06,6.4503694559771795e-06,168.557916,12.371944000000003,3.265633000000011e-08,101.67034127741157,-1.1049110000000013,-1.1049110000000013,-1.19754869,2.504911000000001,0,150,2,5,-2,2,2,8,8,15n,0,4n,8,25,150V_2A_25C
4.032185826495142e-06,1.0826379340450604e-06,1.1467365024645502e-06,155.712583,3.8083886666666635,5.114823760540202e-06,6.2615602630047526e-06,155.712583,3.8083886666666635,1.7225000000000076e-08,94.7564640954375,-0.6607350000000025,-0.6607350000000025,-1.96542806,2.0607350000000024,0,150,2,5,-2,4,2,8,8,35n,0,4n,8,25,150V_2A_25C
4.309482850956784e-06,1.0771575314631786e-06,1.180512315781454e-06,155.710251,3.806834,5.386640382419963e-06,6.5671526982014165e-06,155.713164,3.808776000000004,1.7225000000000076e-08,96.56565365981413,-1.1155849999999958,-1.1155849999999958,-1.95713707,2.5155849999999957,0,150,2,5,-2,2,2,8,8,25n,0,4n,8,25,150V_2A_25C
4.142638876347592e-06,1.0826379526036425e-06,1.1467368816771391e-06,155.712632,3.8084213333333423,5.225276828951234e-06,6.372013710628373e-06,155.712632,3.8084213333333423,1.7225000000000076e-08,94.75669079309384,-0.8755729999999886,-0.8755729999999886,-1.96542821,2.2755729999999885,0,150,2,5,-2,3,2,8,8,35n,0,4n,8,25,150V_2A_25C
4.306558514916614e-06,1.0826379573852377e-06,1.1467375471456455e-06,155.71269,3.808460000000006,5.389196472301851e-06,6.535934019447496e-06,155.71269,3.808460000000006,1.7225000000000076e-08,94.75689570664811,-1.1120779999999968,-1.1120779999999968,-1.96542862,2.5120779999999967,0,150,2,5,-2,2,2,8,8,35n,0,4n,8,25,150V_2A_25C
4.6587954611454835e-06,1.093226524223704e-06,1.0560190816991937e-06,120.530436,-19.646376000000004,5.7520219853691875e-06,6.808041067068381e-06,168.559113,12.372741999999999,3.265633000000011e-08,101.67087594711258,-1.19751351,-1.227155100000001,-1.19751351,2.5975135099999997,0,150,2,5,-2,1,2,8,8,15n,0,4n,8,25,150V_2A_25C
4.671908065207103e-06,1.077157446853185e-06,1.1805140938201762e-06,155.710259,3.8068393333333383,5.749065512060288e-06,6.929579605880465e-06,155.713187,3.8087913333333367,1.7225000000000076e-08,96.56549254907556,-1.2269581999999986,-1.2269581999999986,-1.95713305,2.6269581999999985,0,150,2,5,-2,1,2,8,8,25n,0,4n,8,25,150V_2A_25C
4.659686045794957e-06,1.0826378359824586e-06,1.1467392601938059e-06,155.712729,3.808485999999997,5.742323881777416e-06,6.889063141971221e-06,155.712729,3.808485999999997,1.7225000000000076e-08,94.75671583388323,-1.2273695000000018,-1.2273695000000018,-1.96543025,2.6273695000000017,0,150,2,5,-2,1,2,8,8,35n,0,4n,8,25,150V_2A_25C
3.410176115789082e-06,1.0835268311633335e-06,1.135970187627906e-06,153.931389,2.620925999999997,4.493702946952416e-06,5.6296731345803216e-06,153.961803,2.641202000000002,2.0274999999999988e-08,86.78709611326786,0.8405199999999979,0.8405199999999979,0.0451689143,0.559480000000002,0,150,2,5,0,1,2,8,8,25n,0,4n,8,25,150V_2A_25C
5.8142744623162265e-06,1.0794634188344283e-06,1.0452984248968971e-06,139.978841,-6.680772666666674,6.893737881150654e-06,7.93903630604755e-06,156.279253,4.186168666666674,1.5358049999999967e-08,95.53158658255145,4.690254699999997,4.690254699999997,0.100697208,-3.290254699999997,1,150,2,5,0,8,8,8,1,15n,0,4n,8,25,150V_2A_25C
2.796661980601322e-06,1.0792494895584594e-06,1.081204467513765e-06,139.928325,-6.714449999999999,3.875911470159781e-06,4.957115937673546e-06,156.447229,4.298152666666662,1.5365140000000063e-08,95.56029836306178,2.7072749999999957,2.7072749999999957,0.103956595,-1.3072749999999957,1,150,2,5,0,8,8,8,4,15n,0,4n,8,25,150V_2A_25C
2.671319521712557e-06,1.0791875813106255e-06,1.0877359796183615e-06,139.931043,-6.712638000000008,3.7505071030231824e-06,4.8382430826415435e-06,156.483449,4.322299333333338,1.5366500000000126e-08,95.56711935784236,1.9422945000000027,1.9422945000000027,0.104618771,-0.5422945000000028,1,150,2,5,0,8,8,8,8,15n,0,4n,8,25,150V_2A_25C
2.983702512496747e-06,1.9528597653852086e-06,2.140701848636475e-07,18.9348881,-87.37674126666667,4.936562277881956e-06,5.150632462745603e-06,179.521455,19.680970000000002,2.8448209999999985e-08,148.4781116892317,2.98067136,1.3346870000000024,2.98067136,-1.6556713600000001,1,150,2,5,0,4,2,8,8,10n,0,4n,8,75,150V_2A_75C
2.87197985849242e-06,1.8267733451740534e-06,7.182127288233174e-09,0.763754449,-99.49083036733333,4.698753203666473e-06,4.705935330954706e-06,190.007129,26.671419333333326,8.549280000000042e-09,145.65714273521888,0.915723921,0.8192973000000023,0.915723921,0.40927607899999996,0,150,2,5,0,8,2,8,4,5n,1,4n,8,75,150V_2A_75C
4.112679198673376e-06,1.0567358943239456e-06,5.603704716730028e-07,54.8624673,-63.42502180000001,5.169415092997321e-06,5.729785564670324e-06,210.237975,40.15865,4.6205060000000015e-08,151.90913695654228,0.5354514999999935,0.5354514999999935,0.212326928,0.7895485000000064,0,150,2,5,-2,8,2,8,4,10n,0,4n,8,75,150V_2A_75C
2.800550273171681e-06,1.8267276235359634e-06,1.239565261144101e-08,0.762991291,-99.49133913933333,4.627277896707644e-06,4.639673549319085e-06,189.994665,26.663109999999996,8.574440000000042e-09,145.66375881005877,0.915689434,0.9018668000000076,0.915689434,0.40931056599999993,0,150,2,5,0,8,2,8,8,5n,1,4n,8,75,150V_2A_75C
3.987254321675845e-06,1.056890072436554e-06,5.670683125161882e-07,54.8591427,-63.42723819999999,5.044144394112399e-06,5.611212706628587e-06,210.112676,40.07511733333333,4.6205090000000124e-08,151.8278346647129,0.209573024,-0.06520820000000072,0.209573024,1.115426976,0,150,2,5,-2,8,2,8,8,10n,0,4n,8,75,150V_2A_75C
2.803302289462015e-06,1.0795210827374979e-06,1.0786455226536673e-06,140.144013,-6.570657999999999,3.882823372199513e-06,4.96146889485318e-06,156.202609,4.135072666666663,1.5317069999999967e-08,95.47032540088087,1.1215396999999996,1.1215396999999996,0.055943542,0.20346030000000037,0,150,2,5,0,8,8,8,1,15n,1,4n,8,75,150V_2A_75C
2.8012196724834485e-06,1.7116091688769724e-06,1.9523009829337414e-07,18.1539573,-87.8973618,4.512828841360421e-06,4.708058939653795e-06,206.051313,37.36754199999999,2.557599999999999e-08,134.86490846424746,0.9015859000000006,0.9015859000000006,0.545956344,0.42341409999999935,0,150,2,5,0,8,8,8,8,5n,1,4n,8,75,150V_2A_75C
4.067244288567857e-06,1.0568902404104175e-06,5.670245315101733e-07,54.8592542,-63.42716386666666,5.1241345289782744e-06,5.6911590604884474e-06,210.112606,40.07507066666666,4.6205090000000124e-08,151.82780882153776,0.20957161,-0.35052120000000286,0.20957161,1.11542839,0,150,2,5,-2,6,2,8,8,10n,0,4n,8,75,150V_2A_75C
4.203908853996157e-06,1.0568904058392951e-06,5.670254303089115e-07,54.8592193,-63.427187133333334,5.260799259835452e-06,5.827824690144363e-06,210.112578,40.07505200000001,4.6205090000000124e-08,151.8279186711874,0.209573198,-0.7228179999999895,0.209573198,1.115426802,0,150,2,5,-2,4,2,8,8,10n,0,4n,8,75,150V_2A_75C
4.299527763060652e-06,1.0568904205558368e-06,5.67069604410559e-07,54.8589546,-63.4273636,5.356418183616489e-06,5.923487788027048e-06,210.112649,40.075099333333334,4.6205090000000124e-08,151.82817268918043,0.209578708,-0.9375730000000004,0.209578708,1.115421292,0,150,2,5,-2,3,2,8,8,10n,0,4n,8,75,150V_2A_75C
4.447830828764503e-06,1.0568902720020855e-06,5.670188889817185e-07,54.858144,-63.42790399999999,5.504721100766588e-06,6.071739989748307e-06,210.112915,40.07527666666665,4.6205090000000124e-08,151.8288568098589,0.209594527,-1.179547999999997,0.209594527,1.115405473,0,150,2,5,-2,2,2,8,8,10n,0,4n,8,75,150V_2A_75C
4.827700314112898e-06,1.0568891474816593e-06,5.669933321866181e-07,54.8546842,-63.43021053333332,5.884589461594557e-06,6.451582793781175e-06,210.114158,40.07610533333334,4.6205090000000124e-08,151.8315530494282,0.209659503,-1.3360447000000022,0.209659503,1.115340497,0,150,2,5,-2,1,2,8,8,10n,0,4n,8,75,150V_2A_75C
4.197646521267288e-06,1.0567360582668877e-06,5.603720872949482e-07,54.8625752,-63.42494986666666,5.254382579534176e-06,5.8147546668291244e-06,210.237907,40.15860466666667,4.6205060000000015e-08,151.9091130147245,0.212325579,0.14620680000000164,0.212325579,1.112674421,0,150,2,5,-2,6,2,8,4,10n,0,4n,8,75,150V_2A_75C
4.322429824621048e-06,1.0567362206718639e-06,5.603728758533845e-07,54.8625317,-63.42497886666667,5.379166045292912e-06,5.939538921146297e-06,210.237882,40.15858800000001,4.6205060000000015e-08,151.90922801118828,0.212327304,-0.3482130000000012,0.212327304,1.112672696,0,150,2,5,-2,4,2,8,4,10n,0,4n,8,75,150V_2A_75C
4.402683978892124e-06,1.0567362368112896e-06,5.604339935747884e-07,54.8622605,-63.42515966666667,5.459420215703413e-06,6.019854209278202e-06,210.237956,40.15863733333333,4.6205060000000015e-08,151.90948591292607,0.212332908,-0.6130099999999885,0.212332908,1.112667092,0,150,2,5,-2,3,2,8,4,10n,0,4n,8,75,150V_2A_75C
4.517762586241837e-06,1.05673608428802e-06,5.603661068500306e-07,54.8614334,-63.425711066666665,5.574498670529857e-06,6.1348647773798874e-06,210.238225,40.15881666666667,4.6205060000000015e-08,151.91018041508207,0.212348962,-0.6608432299999998,0.212348962,1.1126510379999999,0,150,2,5,-2,2,2,8,4,10n,0,4n,8,75,150V_2A_75C
4.814306984053908e-06,1.0567350059538987e-06,5.603408441697582e-07,54.8579939,-63.42800406666667,5.8710419900078065e-06,6.4313828341775645e-06,210.239447,40.15963133333334,4.6205060000000015e-08,151.91286491204508,0.212413409,-0.7702490000000068,0.212413409,1.112586591,0,150,2,5,-2,1,2,8,4,10n,0,4n,8,75,150V_2A_75C
3.5243292467763924e-06,1.9530285155977507e-06,2.140151904770533e-07,18.9295415,-87.38030566666667,5.477357762374143e-06,5.6913729528511965e-06,179.517093,19.67806199999999,2.844813000000012e-08,148.47932876924725,2.98082545,0.7930389999999932,2.98082545,-1.6558254500000003,1,150,2,5,0,1,2,8,8,10n,0,4n,8,75,150V_2A_75C
3.1987362258919443e-06,1.9529108296618586e-06,2.1405455034053057e-07,18.9333484,-87.37776773333334,5.151647055553803e-06,5.365701605894334e-06,179.520233,19.680155333333325,2.8448190000000124e-08,148.47848229525178,2.98071952,0.9566590000000019,2.98071952,-1.6557195200000001,1,150,2,5,0,2,2,8,8,10n,0,4n,8,75,150V_2A_75C
3.0692295971626836e-06,1.952875457658208e-06,2.1406554315729433e-07,18.9344281,-87.37704793333334,5.0221050548208915e-06,5.236170597978186e-06,179.521098,19.680731999999995,2.844819999999995e-08,148.47825673860393,2.98068671,1.1510609999999986,2.98068671,-1.6556867100000001,1,150,2,5,0,3,2,8,8,10n,0,4n,8,75,150V_2A_75C
3.973446336341952e-06,1.0927226220759107e-06,1.0594838014320677e-06,121.148576,-19.23428266666666,5.066168958417863e-06,6.1256527598499306e-06,167.621576,11.747717333333336,3.250651000000001e-08,101.21287045961466,-0.09085319999999797,-0.09085319999999797,-1.23757262,1.415853199999998,0,150,2,5,-2,8,2,8,8,15n,0,4n,8,75,150V_2A_75C
4.061292692624932e-06,1.0927229146564995e-06,1.0594862967323968e-06,121.148933,-19.23404466666667,5.1540156072814314e-06,6.213501904013828e-06,167.621275,11.747516666666664,3.250651000000001e-08,101.21293926103402,-0.3730415999999934,-0.3730415999999934,-1.23758177,1.6980415999999934,0,150,2,5,-2,6,2,8,8,15n,0,4n,8,75,150V_2A_75C
3.976606839914092e-06,1.079099436676271e-06,1.1815360874111913e-06,155.742274,3.8281826666666725,5.0557062765903625e-06,6.237242364001554e-06,155.743031,3.8286873333333347,1.7174999999999967e-08,96.57040588489575,-0.09018670000000384,-0.09018670000000384,-1.96357537,1.4151867000000038,0,150,2,5,-2,8,2,8,8,25n,0,4n,8,75,150V_2A_75C
4.063670623918119e-06,1.0790994535277572e-06,1.1815364110190344e-06,155.742327,3.8282179999999926,5.142770077445876e-06,6.3243064884649105e-06,155.743081,3.8287206666666598,1.7174999999999967e-08,96.57063921489328,-0.37423230000000274,-0.37423230000000274,-1.96357648,1.6992323000000027,0,150,2,5,-2,6,2,8,8,25n,0,4n,8,75,150V_2A_75C
4.197890561243859e-06,1.092722720384323e-06,1.0594888681242026e-06,121.149234,-19.233843999999998,5.2906132816281825e-06,6.350102149752385e-06,167.620983,11.747321999999997,3.250651000000001e-08,101.21306184642717,-0.736778000000001,-0.736778000000001,-1.23759065,2.061778000000001,0,150,2,5,-2,4,2,8,8,15n,0,4n,8,75,150V_2A_75C
4.296017907837391e-06,1.0927227500161547e-06,1.0594892906219834e-06,121.14917,-19.233886666666667,5.388740657853546e-06,6.4482299484755295e-06,167.620967,11.747311333333338,3.250651000000001e-08,101.21318178031663,-0.9427209999999917,-0.9427209999999917,-1.23759116,2.267720999999992,0,150,2,5,-2,3,2,8,8,15n,0,4n,8,75,150V_2A_75C
4.200387068256042e-06,1.0790994676268017e-06,1.1815369814748624e-06,155.742398,3.828265333333339,5.279486535882844e-06,6.461023517357706e-06,155.743149,3.8287659999999923,1.7174999999999967e-08,96.57092775850201,-0.7424970000000002,-0.7424970000000002,-1.96357759,2.0674970000000004,0,150,2,5,-2,4,2,8,8,25n,0,4n,8,75,150V_2A_75C
3.973876320596871e-06,1.082716511857886e-06,1.146643791541501e-06,155.743156,3.828770666666666,5.056592832454757e-06,6.203236623996258e-06,155.743156,3.828770666666666,1.7174999999999967e-08,94.76121702478616,-0.0981860999999924,-0.0981860999999924,-1.96520942,1.4231860999999923,0,150,2,5,-2,8,2,8,8,35n,0,4n,8,75,150V_2A_75C
4.059361858285271e-06,1.0827165430745207e-06,1.146644091297606e-06,155.743208,3.82880533333334,5.142078401359792e-06,6.288722492657398e-06,155.743208,3.82880533333334,1.7174999999999967e-08,94.76144967139783,-0.38037830000000383,-0.38037830000000383,-1.96520925,1.7053783000000038,0,150,2,5,-2,6,2,8,8,35n,0,4n,8,75,150V_2A_75C
4.29929689050712e-06,1.0790994650178724e-06,1.1815374879107656e-06,155.742436,3.8282906666666654,5.378396355524993e-06,6.559933843435759e-06,155.743187,3.828791333333337,1.7174999999999967e-08,96.57105769675029,-0.9525019999999955,-0.9525019999999955,-1.96357773,2.2775019999999957,0,150,2,5,-2,3,2,8,8,25n,0,4n,8,75,150V_2A_75C
4.442770707475491e-06,1.0927230780945871e-06,1.0594875046379562e-06,121.148592,-19.234272000000004,5.535493785570078e-06,6.594981290208035e-06,167.621275,11.747516666666664,3.250651000000001e-08,101.21341857221894,-1.1755930000000063,-1.1755930000000063,-1.23758194,2.5005930000000065,0,150,2,5,-2,2,2,8,8,15n,0,4n,8,75,150V_2A_75C
4.19528503283503e-06,1.0827165708458041e-06,1.1466446317109702e-06,155.743276,3.8288506666666726,5.278001603680834e-06,6.424646235391805e-06,155.743276,3.8288506666666726,1.7174999999999967e-08,94.76173565356278,-0.7470599999999905,-0.7470599999999905,-1.9652092,2.0720599999999907,0,150,2,5,-2,4,2,8,8,35n,0,4n,8,75,150V_2A_75C
4.450148834515386e-06,1.0790994392560328e-06,1.1815384143288146e-06,155.742473,3.8283153333333266,5.529248273771419e-06,6.710786688100234e-06,155.743228,3.8288186666666584,1.7174999999999967e-08,96.57112369687052,-1.1866409999999945,-1.1866409999999945,-1.9635768,2.5116409999999947,0,150,2,5,-2,2,2,8,8,25n,0,4n,8,75,150V_2A_75C
4.295231976801271e-06,1.0827165691860613e-06,1.146645110312302e-06,155.743314,3.828875999999999,5.377948545987332e-06,6.5245936562996346e-06,155.743314,3.828875999999999,1.7174999999999967e-08,94.76186204078883,-0.9531780000000083,-0.9531780000000083,-1.96520941,2.2781780000000085,0,150,2,5,-2,3,2,8,8,35n,0,4n,8,75,150V_2A_75C
4.445143329123682e-06,1.0827165300871072e-06,1.146645998029194e-06,155.743354,3.8289026666666737,5.5278598592107895e-06,6.674505857239984e-06,155.743354,3.8289026666666737,1.7174999999999967e-08,94.76191961052027,-1.1818310000000025,-1.1818310000000025,-1.96521015,2.5068310000000027,0,150,2,5,-2,2,2,8,8,35n,0,4n,8,75,150V_2A_75C
4.812641495766197e-06,1.0927245431825226e-06,1.0594725200049033e-06,121.145221,-19.23651933333333,5.905366038948719e-06,6.964838558953623e-06,167.623436,11.748957333333331,3.255651000000012e-08,101.21411162370477,-1.23751683,-1.334813999999998,-1.23751683,2.56251683,0,150,2,5,-2,1,2,8,8,15n,0,4n,8,75,150V_2A_75C
4.822483267475304e-06,1.079099286345754e-06,1.1815408891318132e-06,155.742436,3.8282906666666654,5.901582553821058e-06,7.083123442952871e-06,155.743218,3.8288120000000085,1.7174999999999967e-08,96.5706121260853,-1.3349264000000005,-1.3349264000000005,-1.9635697,2.6599264000000007,0,150,2,5,-2,1,2,8,8,25n,0,4n,8,75,150V_2A_75C
4.810932839362033e-06,1.082716129500254e-06,1.1466484032292208e-06,155.743337,3.828891333333331,5.8936489688622875e-06,7.040297372091509e-06,155.743337,3.828891333333331,1.7174999999999967e-08,94.76137951381443,-1.3347915000000015,-1.3347915000000015,-1.9652136,2.6597915000000016,0,150,2,5,-2,1,2,8,8,35n,0,4n,8,75,150V_2A_75C
3.518842419988694e-06,1.0860226654423085e-06,1.1368260888644537e-06,153.985583,2.6570553333333273,4.604865085431003e-06,5.741691174295456e-06,154.004937,2.6699580000000083,2.0125000000000083e-08,87.23574039297935,0.7904380000000231,0.7904380000000231,0.0358795107,0.5345619999999769,0,150,2,5,0,1,2,8,8,25n,0,4n,8,75,150V_2A_75C
5.770556337025747e-06,1.0797166195252539e-06,1.0467729119820438e-06,140.136319,-6.575787333333342,6.850272956551001e-06,7.897045868533045e-06,156.038495,4.025663333333341,1.5358080000000076e-08,95.44255223414942,4.538424300000003,4.538424300000003,0.0955507481,-3.2134243000000025,1,150,2,5,0,8,8,8,1,15n,0,4n,8,75,150V_2A_75C
2.951298901305064e-06,1.0795300593995843e-06,1.0825214484736563e-06,140.083622,-6.610918666666673,4.030828960704649e-06,5.1133504091783055e-06,156.198823,4.132548666666669,1.536520000000007e-08,95.46863864186459,2.569371600000011,2.569371600000011,0.0986756241,-1.244371600000011,1,150,2,5,0,8,8,8,4,15n,0,4n,8,75,150V_2A_75C
2.8078558155928783e-06,1.0794761878263926e-06,1.0890824797069358e-06,140.085382,-6.6097453333333265,3.8873320034192705e-06,4.976414483126206e-06,156.234885,4.156589999999994,1.536659000000003e-08,95.47474291896191,1.845716600000003,1.845716600000003,0.0993276976,-0.520716600000003,1,150,2,5,0,8,8,8,8,15n,0,4n,8,75,150V_2A_75C
3.0621887062704466e-06,1.8054033921363206e-06,2.2189073161300655e-07,19.7859771,-86.8093486,4.867592098406767e-06,5.089482830019774e-06,177.941714,18.627809333333328,2.550504000000008e-08,146.52619592135366,2.83735594,1.2681539999999956,2.83735594,-1.5873559400000001,1,150,2,5,0,4,2,8,8,10n,0,4n,8,125,150V_2A_125C
2.9411846238129383e-06,1.6555959044110454e-06,7.036191827212069e-09,0.837499028,-99.44166731466666,4.596780528223984e-06,4.603816720051196e-06,181.450805,20.967203333333334,1.453372999999999e-08,144.88531211559527,0.909576208,0.7712472000000048,0.909576208,0.34042379199999995,0,150,2,5,0,8,2,8,4,5n,1,4n,8,125,150V_2A_125C
4.23823805866488e-06,1.059520591518333e-06,5.646734267821923e-07,55.4479333,-63.03471113333333,5.297758650183213e-06,5.862432076965406e-06,206.176246,37.45083066666666,4.610506000000001e-08,147.6545836128994,0.3971152000000018,0.3971152000000018,0.117314078,0.8528847999999982,0,150,2,5,-2,8,2,8,4,10n,0,4n,8,125,150V_2A_125C
2.9039431866863076e-06,1.6555030415650474e-06,1.1988468625973192e-08,0.836842822,-99.44210478533333,4.559446228251355e-06,4.571434696877328e-06,181.388925,20.92595,1.4558769999999978e-08,144.8911028213376,0.909547113,0.8523998999999947,0.909547113,0.340452887,0,150,2,5,0,8,2,8,8,5n,1,4n,8,125,150V_2A_125C
4.117586736117869e-06,1.059655361492362e-06,5.715247744765028e-07,55.4442576,-63.0371616,5.177242097610231e-06,5.748766872086734e-06,206.061172,37.374114666666664,4.610508000000008e-08,147.5754907193193,0.113477029,-0.15619440000000395,0.113477029,1.136522971,0,150,2,5,-2,8,2,8,8,10n,0,4n,8,125,150V_2A_125C
2.8902085395375932e-06,1.079808129357812e-06,1.0797540733922832e-06,140.26067,-6.492886666666664,3.970016668895405e-06,5.049770742287688e-06,156.026068,4.017378666666673,1.531716000000008e-08,95.40530234695588,1.0767166000000117,1.0767166000000117,0.0536922658,0.17328339999998832,0,150,2,5,0,8,8,8,1,15n,1,4n,8,125,150V_2A_125C
2.904455421504346e-06,1.5694094702518729e-06,1.9640671296243688e-07,18.3022584,-87.79849440000001,4.473864891756219e-06,4.670271604718656e-06,198.972843,32.648562000000005,2.292617000000009e-08,133.69835942621498,0.8520302000000015,0.8520302000000015,0.517699733,0.3979697999999985,0,150,2,5,0,8,8,8,8,5n,1,4n,8,125,150V_2A_125C
4.19730076793321e-06,1.0596554548044198e-06,5.715609185681868e-07,55.4442171,-63.03718859999999,5.256956222737629e-06,5.828517141305816e-06,206.061171,37.374114000000006,4.610508000000008e-08,147.57557807035846,0.113478426,-0.4333542000000108,0.113478426,1.136521574,0,150,2,5,-2,6,2,8,8,10n,0,4n,8,125,150V_2A_125C
4.3233064787126424e-06,1.0596554893062157e-06,5.71559323438176e-07,55.4438819,-63.037412066666654,5.382961968018858e-06,5.954521291457034e-06,206.061241,37.37416066666666,4.610508000000008e-08,147.5758839029196,0.113485421,-0.7936310000000049,0.113485421,1.136514579,0,150,2,5,-2,4,2,8,8,10n,0,4n,8,125,150V_2A_125C
4.412105425572808e-06,1.0596554183504845e-06,5.715202964430868e-07,55.4433679,-63.03775473333334,5.471760843923292e-06,6.043281140366379e-06,206.06136,37.37424,4.610508000000008e-08,147.57628163810182,0.113495367,-0.9995540000000034,0.113495367,1.136504633,0,150,2,5,-2,3,2,8,8,10n,0,4n,8,125,150V_2A_125C
4.553904747553824e-06,1.0596551215428866e-06,5.715112981233544e-07,55.4420832,-63.0386112,5.613559869096711e-06,6.1850711672200655e-06,206.061671,37.37444733333332,4.610508000000008e-08,147.5772100212166,0.113519492,-1.2331709999999987,0.113519492,1.136480508,0,150,2,5,-2,2,2,8,8,10n,0,4n,8,125,150V_2A_125C
4.9426810736061245e-06,1.0596536795122415e-06,5.714753986276715e-07,55.4372869,-63.04180873333333,6.0023347531183655e-06,6.573810151746037e-06,206.06287,37.37524666666667,4.610508000000008e-08,147.58048004837624,0.113607373,-1.3950529999999972,0.113607373,1.136392627,0,150,2,5,-2,1,2,8,8,10n,0,4n,8,125,150V_2A_125C
4.315921740433815e-06,1.0595206827649733e-06,5.646737864120963e-07,55.4478904,-63.03473973333334,5.375442423198788e-06,5.940116209610884e-06,206.176241,37.450827333333336,4.610506000000001e-08,147.6546719024276,0.1173155,0.019396600000007425,0.1173155,1.1326845,0,150,2,5,-2,6,2,8,4,10n,0,4n,8,125,150V_2A_125C
4.438243629327114e-06,1.05952071762547e-06,5.647317958923034e-07,55.4475465,-63.034969,5.497764346952584e-06,6.062496142844887e-06,206.17632,37.450880000000005,4.610506000000001e-08,147.6549822014663,0.117322594,-0.45518599999999765,0.117322594,1.132677406,0,150,2,5,-2,4,2,8,4,10n,0,4n,8,125,150V_2A_125C
4.516027419228626e-06,1.05952064361716e-06,5.646686935535216e-07,55.4470206,-63.0353196,5.575548062845786e-06,6.140216756399308e-06,206.176462,37.45097466666665,4.610506000000001e-08,147.65538648260002,0.117332681,-0.7123199999999912,0.117332681,1.132667319,0,150,2,5,-2,3,2,8,4,10n,0,4n,8,125,150V_2A_125C
4.629391395396347e-06,1.0595203465851897e-06,5.647192230064185e-07,55.4457143,-63.03619046666667,5.688911741981537e-06,6.253630964987955e-06,206.176837,37.45122466666667,4.610506000000001e-08,147.65632681473036,0.117357037,-0.7112445000000012,0.117357037,1.132642963,0,150,2,5,-2,2,2,8,4,10n,0,4n,8,125,150V_2A_125C
4.942189198559511e-06,1.0595189589456002e-06,5.646241319420962e-07,55.4409546,-63.039363599999994,6.0017081575051115e-06,6.566332289447208e-06,206.178256,37.45217066666667,4.610506000000001e-08,147.6595825187683,0.117443898,-0.8034260000000017,0.117443898,1.132556102,0,150,2,5,-2,1,2,8,4,10n,0,4n,8,125,150V_2A_125C
3.6138995261406447e-06,1.8055863163370478e-06,2.217920660993636e-07,19.7786943,-86.8142038,5.419485842477692e-06,5.641277908577056e-06,177.935075,18.62338333333334,2.550504000000008e-08,146.52761786569215,2.83755196,0.7559720000000141,2.83755196,-1.5875519599999999,1,150,2,5,0,1,2,8,8,10n,0,4n,8,125,150V_2A_125C
3.2645928719249995e-06,1.8054600561328205e-06,2.2186905155528183e-07,19.7837993,-86.81080046666668,5.07005292805782e-06,5.291921979613101e-06,177.939774,18.626516,2.550504000000008e-08,146.5266653965313,2.837418,0.8986289999999997,2.837418,-1.587418,1,150,2,5,0,2,2,8,8,10n,0,4n,8,125,150V_2A_125C
3.140313798975698e-06,1.805421355694221e-06,2.2185871713248753e-07,19.7853047,-86.80979686666666,4.945735154669919e-06,5.167593871802407e-06,177.941126,18.62741733333333,2.550504000000008e-08,146.52635145167673,2.83737592,1.08847200000001,2.83737592,-1.58737592,1,150,2,5,0,3,2,8,8,10n,0,4n,8,125,150V_2A_125C
4.084547644343168e-06,1.09234535790765e-06,1.062050436898633e-06,121.652586,-18.898276,5.176893002250818e-06,6.238943439149451e-06,166.88916,11.259440000000003,2.9706660000000132e-08,100.86473114697803,-0.175104300000001,-0.175104300000001,-1.26644469,1.425104300000001,0,150,2,5,-2,8,2,8,8,15n,0,4n,8,125,150V_2A_125C
4.170110237650818e-06,1.0923452688434892e-06,1.0620519003470004e-06,121.652748,-18.898168,5.262455506494307e-06,6.324507406841307e-06,166.889003,11.259335333333334,2.9706660000000132e-08,100.86481404701816,-0.4499251999999956,-0.4499251999999956,-1.26644943,1.6999251999999956,0,150,2,5,-2,6,2,8,8,15n,0,4n,8,125,150V_2A_125C
4.09702599341248e-06,1.0805496512146552e-06,1.1819880486435347e-06,155.750967,3.833978000000002,5.177575644627135e-06,6.35956369327067e-06,155.750967,3.833978000000002,1.712500000000007e-08,96.57687632625706,-0.17497720000000072,-0.17497720000000072,-1.96795512,1.4249772000000007,0,150,2,5,-2,8,2,8,8,25n,0,4n,8,125,150V_2A_125C
4.1742574999548536e-06,1.080549671063508e-06,1.1819884194625976e-06,155.751009,3.834006000000007,5.254807171018361e-06,6.436795590480959e-06,155.751009,3.834006000000007,1.712500000000007e-08,96.57704711706994,-0.45147849999999323,-0.45147849999999323,-1.96795591,1.7014784999999932,0,150,2,5,-2,6,2,8,8,25n,0,4n,8,125,150V_2A_125C
4.304589236386208e-06,1.092345305753026e-06,1.062052498271302e-06,121.652672,-18.898218666666672,5.396934542139234e-06,6.458987040410536e-06,166.888975,11.259316666666658,2.9706660000000132e-08,100.86496880885926,-0.8034849999999949,-0.8034849999999949,-1.26645034,2.053484999999995,0,150,2,5,-2,4,2,8,8,15n,0,4n,8,125,150V_2A_125C
4.39753338164479e-06,1.0923454955741567e-06,1.0620514622188999e-06,121.652315,-18.898456666666664,5.489878877218946e-06,6.5519303394378465e-06,166.889149,11.259432666666669,2.9706660000000132e-08,100.86511570838833,-1.0022880000000072,-1.0022880000000072,-1.26644523,2.252288000000007,0,150,2,5,-2,3,2,8,8,15n,0,4n,8,125,150V_2A_125C
4.3086685620953895e-06,1.0805496788598588e-06,1.181989085575037e-06,155.75106,3.834039999999997,5.389218240955248e-06,6.571207326530285e-06,155.75106,3.834039999999997,1.712500000000007e-08,96.57721811278856,-0.809597999999994,-0.809597999999994,-1.9679564,2.059597999999994,0,150,2,5,-2,4,2,8,8,25n,0,4n,8,125,150V_2A_125C
4.081759535319152e-06,1.082785109084263e-06,1.1462825018433144e-06,155.75023,3.8334866666666585,5.164544644403415e-06,6.3108271462467295e-06,155.75023,3.8334866666666585,1.712500000000007e-08,94.77308828689965,-0.18350790000000927,-0.18350790000000927,-1.96431505,1.4335079000000093,0,150,2,5,-2,8,2,8,8,35n,0,4n,8,125,150V_2A_125C
4.171324397335303e-06,1.0827851330693472e-06,1.1462828446546107e-06,155.750273,3.8335153333333287,5.2541095304046495e-06,6.400392375059261e-06,155.750273,3.8335153333333287,1.712500000000007e-08,94.77325763744658,-0.4595753999999914,-0.4595753999999914,-1.96431488,1.7095753999999914,0,150,2,5,-2,6,2,8,8,35n,0,4n,8,125,150V_2A_125C
4.401890775513802e-06,1.0805496636860549e-06,1.181989695596348e-06,155.751087,3.834058000000008,5.482440439199857e-06,6.6644301347962045e-06,155.751087,3.834058000000008,1.712500000000007e-08,96.5772691197828,-1.0122199999999992,-1.0122199999999992,-1.96795613,2.2622199999999992,0,150,2,5,-2,3,2,8,8,25n,0,4n,8,125,150V_2A_125C
4.54051958967414e-06,1.0923460905079206e-06,1.0620470349352246e-06,121.651198,-18.899201333333338,5.63286568018206e-06,6.694912715117285e-06,166.889789,11.259859333333338,2.9706660000000132e-08,100.86539830464636,-1.2284839999999946,-1.2284839999999946,-1.26642637,2.4784839999999946,0,150,2,5,-2,2,2,8,8,15n,0,4n,8,125,150V_2A_125C
4.304125637319254e-06,1.082785138848464e-06,1.1462834745649203e-06,155.750324,3.8335493333333375,5.386910776167718e-06,6.533194250732638e-06,155.750324,3.8335493333333375,1.712500000000007e-08,94.77342445069868,-0.8144340000000057,-0.8144340000000057,-1.96431498,2.0644340000000057,0,150,2,5,-2,4,2,8,8,35n,0,4n,8,125,150V_2A_125C
4.547956982591137e-06,1.0805495991437679e-06,1.1819908457828952e-06,155.751107,3.834071333333327,5.628506581734905e-06,6.8104974275178e-06,155.751107,3.834071333333327,1.712500000000007e-08,96.5771985369182,-1.2399750000000012,-1.2399750000000012,-1.9679545,2.489975000000001,0,150,2,5,-2,2,2,8,8,25n,0,4n,8,125,150V_2A_125C
4.397128766401121e-06,1.0827851141046097e-06,1.146284057319234e-06,155.750349,3.833566,5.4799138805057305e-06,6.626197937824965e-06,155.750349,3.833566,1.712500000000007e-08,94.7734702252335,-1.0136930000000035,-1.0136930000000035,-1.96431539,2.2636930000000035,0,150,2,5,-2,3,2,8,8,35n,0,4n,8,125,150V_2A_125C
4.542334091119321e-06,1.0827850199338786e-06,1.1462851684144464e-06,155.750362,3.8335746666666637,5.6251191110532e-06,6.771404279467646e-06,155.750362,3.8335746666666637,1.712500000000007e-08,94.77338785445542,-1.2346819999999923,-1.2346819999999923,-1.96431668,2.4846819999999923,0,150,2,5,-2,2,2,8,8,35n,0,4n,8,125,150V_2A_125C
4.928146353983879e-06,1.0923486758262086e-06,1.062025125901803e-06,121.646367,-18.902422,6.020495029810088e-06,7.082520155711891e-06,166.892774,11.261849333333336,2.9706660000000132e-08,100.86620502276877,-1.26633811,-1.393917800000004,-1.26633811,2.51633811,0,150,2,5,-2,1,2,8,8,15n,0,4n,8,125,150V_2A_125C
4.936176931454354e-06,1.08054928504349e-06,1.1819939941701102e-06,155.751039,3.8340259999999944,6.016726216497844e-06,7.1987202106679546e-06,155.751039,3.8340259999999944,1.712500000000007e-08,96.57635380855284,-1.3942643999999973,-1.3942643999999973,-1.96794568,2.6442643999999973,0,150,2,5,-2,1,2,8,8,25n,0,4n,8,125,150V_2A_125C
4.924628597462531e-06,1.0827844338489483e-06,1.146288274559611e-06,155.750267,3.833511333333339,6.007413031311479e-06,7.15370130587109e-06,155.750267,3.833511333333339,1.712500000000007e-08,94.77250422129936,-1.394533199999998,-1.394533199999998,-1.96432225,2.644533199999998,0,150,2,5,-2,1,2,8,8,35n,0,4n,8,125,150V_2A_125C
3.6071550662866167e-06,1.0883774304112367e-06,1.137158376109895e-06,153.983155,2.6554366666666738,4.695532496697854e-06,5.832690872807748e-06,153.994387,2.6629246666666595,2.0074999999999973e-08,87.53101516108343,0.7533129999999915,0.7533129999999915,0.0295876246,0.49668700000000854,0,150,2,5,0,1,2,8,8,25n,0,4n,8,125,150V_2A_125C
5.727299005769037e-06,1.0799893877615595e-06,1.0479100031285344e-06,140.253879,-6.497413999999992,6.8072883935305964e-06,7.855198396659131e-06,155.867559,3.911706,1.530810000000004e-08,95.37978712122039,4.428221499999992,4.428221499999992,0.0918312478,-3.1782214999999923,1,150,2,5,0,8,8,8,1,15n,0,4n,8,125,150V_2A_125C
3.0581607361958307e-06,1.0798188158604986e-06,1.083340852601781e-06,140.201143,-6.532571333333332,4.13797955205633e-06,5.221320404658111e-06,156.027231,4.018154,1.5315259999999966e-08,95.40378549377361,2.459530600000008,2.459530600000008,0.0948842029,-1.209530600000008,1,150,2,5,0,8,8,8,4,15n,0,4n,8,125,150V_2A_125C
2.9007852092977417e-06,1.0797703131720718e-06,1.0899001127915596e-06,140.202443,-6.531704666666674,3.9805555224698135e-06,5.070455635261373e-06,156.061827,4.041217999999996,1.5316659999999962e-08,95.40966451560172,1.7674626000000018,1.7674626000000018,0.0955704961,-0.5174626000000018,1,150,2,5,0,8,8,8,8,15n,0,4n,8,125,150V_2A_125C
3.816053464820782e-06,1.6431914645093317e-06,5.311904345065769e-07,48.6585644,-67.56095706666667,5.459244929330113e-06,5.990435363836691e-06,195.795441,30.530294000000005,3.991109000000003e-08,150.24565598680437,2.64793622,1.389763000000002,2.64793622,-1.2479362200000002,1,150,5,5,0,4,2,8,8,10n,0,4n,8,25,150V_5A_25C
3.727690291405777e-06,2.188587399662009e-06,1.4034700394973632e-08,2.33924718,-98.44050188,5.9162776910677864e-06,5.93031239146276e-06,223.892012,49.26134133333333,2.526455000000015e-08,148.66077496112214,0.983821391,0.900496600000011,0.983821391,0.4161786089999999,0,150,5,5,0,8,2,8,4,5n,1,4n,8,25,150V_5A_25C
4.7570734691652315e-06,1.1037163240446304e-06,1.1651760101704938e-06,136.526927,-8.982048666666666,5.860789793209862e-06,7.025965803380356e-06,155.691521,3.7943473333333295,1.0220630000000004e-08,121.13409719342336,0.8358544000000023,0.8358544000000023,-1.10604519,0.5641455999999976,0,150,5,5,-2,8,2,8,4,10n,0,4n,8,25,150V_5A_25C
3.3533780120919185e-06,2.188605749876424e-06,3.0820078708716403e-08,2.33929,-98.44047333333333,5.541983761968343e-06,5.5728038406770595e-06,223.892324,49.261549333333335,2.526460000000012e-08,148.66095111009776,0.9996043000000014,0.9996043000000014,0.98381509,0.40039569999999847,0,150,5,5,0,8,2,8,8,5n,1,4n,8,25,150V_5A_25C
4.863818375821766e-06,1.103761882835554e-06,1.180649358949647e-06,136.49966,-9.000226666666663,5.96758025865732e-06,7.148229617606967e-06,155.760831,3.8405539999999974,1.0224580000000145e-08,121.1401943540711,0.024447700000010286,0.024447700000010286,-1.10613853,1.3755522999999896,0,150,5,5,-2,8,2,8,8,10n,0,4n,8,25,150V_5A_25C
3.4644297128563626e-06,1.0901678575749587e-06,1.0949236268884844e-06,156.753513,4.502341999999999,4.554597570431322e-06,5.649521197319806e-06,156.770763,4.513841999999992,8.175000000000138e-09,103.43543478577573,1.2059296999999987,1.2059296999999987,0.0323675149,0.19407030000000125,0,150,5,5,0,8,8,8,1,15n,1,4n,8,25,150V_5A_25C
3.353226123773429e-06,1.4503812244360127e-06,5.624514737869789e-07,56.1655061,-62.556329266666665,4.803607348209442e-06,5.3660588219964205e-06,204.858712,36.572474666666665,3.440661000000009e-08,120.12480061191197,1.0000012999999939,1.0000012999999939,0.534133821,0.39999870000000604,0,150,5,5,0,8,8,8,8,5n,1,4n,8,25,150V_5A_25C
5.027583344982321e-06,1.1037620974690932e-06,1.1806503772090245e-06,136.499695,-9.000203333333332,6.131345442451414e-06,7.311995819660438e-06,155.760899,3.84059933333333,1.0224580000000145e-08,121.14031596591383,-0.2710714999999908,-0.2710714999999908,-1.1061331,1.6710714999999907,0,150,5,5,-2,6,2,8,8,10n,0,4n,8,25,150V_5A_25C
5.286767918217927e-06,1.1037624601603962e-06,1.1806512797916e-06,136.499542,-9.000305333333339,6.390530378378323e-06,7.571181658169923e-06,155.761047,3.840697999999994,1.0224580000000145e-08,121.14053800477424,-0.663109999999989,-0.663109999999989,-1.10612172,2.063109999999989,0,150,5,5,-2,4,2,8,8,10n,0,4n,8,25,150V_5A_25C
5.48673016937039e-06,1.1037627695695366e-06,1.1806512647921344e-06,136.499208,-9.000527999999994,6.5904929389399265e-06,7.77114420373206e-06,155.761207,3.8408046666666755,1.0224580000000145e-08,121.1407430918335,-0.8856509999999957,-0.8856509999999957,-1.10610993,2.2856509999999957,0,150,5,5,-2,3,2,8,8,10n,0,4n,8,25,150V_5A_25C
5.816491096953714e-06,1.1037632953882226e-06,1.1807313817441807e-06,136.498222,-9.001185333333334,6.920254392341937e-06,8.100985774086117e-06,155.761547,3.8410313333333383,1.0224580000000145e-08,121.14112269744781,-1.10608561,-1.130857794,-1.10608561,2.50608561,0,150,5,5,-2,2,2,8,8,10n,0,4n,8,25,150V_5A_25C
6.711603253106783e-06,1.1037657169625105e-06,1.1806372718663093e-06,136.49382,-9.00412,7.815368970069293e-06,8.996006241935601e-06,155.762656,3.841770666666662,1.0224580000000145e-08,121.14212481114065,-1.10600939,-1.215865800000003,-1.10600939,2.50600939,0,150,5,5,-2,1,2,8,8,10n,0,4n,8,25,150V_5A_25C
4.914196595685005e-06,1.103716529762205e-06,1.1650256227118823e-06,136.526959,-8.98202733333333,6.01791312544721e-06,7.182938748159092e-06,155.691592,3.794394666666676,1.0220630000000004e-08,121.13421893256131,0.4215744999999913,0.4215744999999913,-1.10603972,0.9784255000000086,0,150,5,5,-2,6,2,8,4,10n,0,4n,8,25,150V_5A_25C
5.165455055296636e-06,1.10371686862213e-06,1.1650264012051228e-06,136.526797,-8.982135333333341,6.269171923918766e-06,7.434198325123889e-06,155.691744,3.794496,1.0220630000000004e-08,121.13444063016848,-0.12028600000000722,-0.12028600000000722,-1.10602824,1.5202860000000071,0,150,5,5,-2,4,2,8,4,10n,0,4n,8,25,150V_5A_25C
5.359619473958703e-06,1.1037171478804935e-06,1.1650262907427597e-06,136.526454,-8.982363999999999,6.463336621839197e-06,7.628362912581957e-06,155.691904,3.7946026666666626,1.0220630000000004e-08,121.13464468589966,-0.4290049999999894,-0.4290049999999894,-1.10601635,1.8290049999999893,0,150,5,5,-2,3,2,8,4,10n,0,4n,8,25,150V_5A_25C
5.682232270662425e-06,1.1037176047848193e-06,1.1650245239353175e-06,136.525452,-8.983032,6.785949875447244e-06,7.950974399382561e-06,155.692239,3.7948260000000005,1.0220630000000004e-08,121.13502244613272,-0.55224139,-0.55224139,-1.10599183,1.95224139,0,150,5,5,-2,2,2,8,4,10n,0,4n,8,25,150V_5A_25C
6.5908942149379105e-06,1.1037198736950184e-06,1.16501249537021e-06,136.521073,-8.985951333333333,7.694614088632929e-06,8.859626584003139e-06,155.693307,3.7955380000000027,1.0220630000000004e-08,121.136022719332,-0.6547269,-0.6547269,-1.10591521,2.0547269,0,150,5,5,-2,1,2,8,4,10n,0,4n,8,25,150V_5A_25C
5.1678441983861745e-06,1.643372016852341e-06,5.311119017869385e-07,48.6494779,-67.56701473333334,6.811216215238515e-06,7.3423281170254536e-06,195.794598,30.529732000000003,3.991109000000003e-08,150.24661519638738,2.64814186,0.8349330000000066,2.64814186,-1.24814186,1,150,5,5,0,1,2,8,8,10n,0,4n,8,25,150V_5A_25C
4.313183643111954e-06,1.6432473862782318e-06,5.311678931557246e-07,48.655899,-67.56273399999999,5.956431029390186e-06,6.487598922545911e-06,195.795138,30.530092000000003,3.991109000000003e-08,150.24596055547642,2.64799773,0.935483000000005,2.64799773,-1.2479977300000002,1,150,5,5,0,2,2,8,8,10n,0,4n,8,25,150V_5A_25C
4.000978120131535e-06,1.6432093431224468e-06,5.312548200707407e-07,48.657749,-67.56150066666666,5.644187463253981e-06,6.1754422833247215e-06,195.795336,30.530223999999993,3.991109000000003e-08,150.24575447813294,2.64795531,1.1861710000000016,2.64795531,-1.24795531,1,150,5,5,0,3,2,8,8,10n,0,4n,8,25,150V_5A_25C
4.826991595806545e-06,1.1009446062870696e-06,1.2514274981041156e-06,158.903693,5.935795333333336,5.927936202093615e-06,7.179363700197731e-06,158.903693,5.935795333333336,1.4825000000000108e-08,122.94122818633271,0.038771100000005276,0.038771100000005276,-1.89803779,1.3612288999999946,0,150,5,5,-2,8,2,8,8,15n,0,4n,8,25,150V_5A_25C
4.996750431565689e-06,1.1009448223436558e-06,1.2514279687986784e-06,158.903808,5.935871999999999,6.097695253909345e-06,7.349123222708023e-06,158.903808,5.935871999999999,1.4825000000000108e-08,122.94135853349067,-0.2564815000000067,-0.2564815000000067,-1.89803519,1.6564815000000066,0,150,5,5,-2,6,2,8,8,15n,0,4n,8,25,150V_5A_25C
4.83629683251025e-06,1.1017719659326496e-06,1.2123123227930713e-06,158.903693,5.935795333333336,5.9380687984429e-06,7.150381121235971e-06,158.903693,5.935795333333336,2.0525000000000113e-08,122.98463022389873,0.037705099999996605,0.037705099999996605,-1.93896131,1.3622949000000033,0,150,5,5,-2,8,2,8,8,25n,0,4n,8,25,150V_5A_25C
4.9974540211863565e-06,1.1017721663288608e-06,1.2123127778655428e-06,158.903808,5.935871999999999,6.099226187515217e-06,7.31153896538076e-06,158.903808,5.935871999999999,2.0525000000000113e-08,122.98476411604172,-0.25873049999999864,-0.25873049999999864,-1.93896027,1.6587304999999986,0,150,5,5,-2,6,2,8,8,25n,0,4n,8,25,150V_5A_25C
5.2558738522920506e-06,1.1009451452675835e-06,1.2514288650389353e-06,158.90397,5.935979999999991,6.356818997559634e-06,7.608247862598569e-06,158.90397,5.935979999999991,1.4825000000000108e-08,122.9415842235546,-0.6442849999999964,-0.6442849999999964,-1.89803128,2.0442849999999964,0,150,5,5,-2,4,2,8,8,15n,0,4n,8,25,150V_5A_25C
5.454363284836691e-06,1.1009453809189818e-06,1.251429714110908e-06,158.904078,5.936051999999999,6.555308665755672e-06,7.80673837986658e-06,158.904078,5.936051999999999,1.4825000000000108e-08,122.94178160138566,-0.8630899999999997,-0.8630899999999997,-1.89802842,2.2630899999999996,0,150,5,5,-2,3,2,8,8,15n,0,4n,8,25,150V_5A_25C
5.257168621563579e-06,1.101772462541271e-06,1.212313614501828e-06,158.90397,5.935979999999991,6.3589410841048506e-06,7.5712546986066785e-06,158.90397,5.935979999999991,2.0525000000000113e-08,122.98499678895159,-0.6510329999999982,-0.6510329999999982,-1.93895902,2.051032999999998,0,150,5,5,-2,4,2,8,8,25n,0,4n,8,25,150V_5A_25C
4.828864070591182e-06,1.1079682888635878e-06,1.1755937545041612e-06,158.903693,5.935795333333336,5.93683235945477e-06,7.112426113958931e-06,158.903693,5.935795333333336,2.0525000000000113e-08,121.64153690203162,0.027199799999991114,0.027199799999991114,-1.95145285,1.3728002000000088,0,150,5,5,-2,8,2,8,8,35n,0,4n,8,25,150V_5A_25C
4.992375901021063e-06,1.107968491453934e-06,1.1755942461654862e-06,158.903808,5.935871999999999,6.1003443924749965e-06,7.275938638640483e-06,158.903808,5.935871999999999,2.0525000000000113e-08,121.64166903003672,-0.2673805000000016,-0.2673805000000016,-1.95145262,1.6673805000000015,0,150,5,5,-2,6,2,8,8,35n,0,4n,8,25,150V_5A_25C
5.458731608011035e-06,1.1017726761499237e-06,1.212314401885149e-06,158.904078,5.936051999999999,6.560504284160959e-06,7.772818686046108e-06,158.904078,5.936051999999999,2.0525000000000113e-08,122.98520139506584,-0.8737680000000125,-0.8737680000000125,-1.93895843,2.2737680000000124,0,150,5,5,-2,3,2,8,8,25n,0,4n,8,25,150V_5A_25C
5.776919246950406e-06,1.1009456980053207e-06,1.251431324247012e-06,158.904199,5.93613266666667,6.8778649449557265e-06,8.129296269202738e-06,158.904199,5.93613266666667,1.4825000000000108e-08,122.94212598723826,-1.1098510000000061,-1.1098510000000061,-1.89802458,2.509851000000006,0,150,5,5,-2,2,2,8,8,15n,0,4n,8,25,150V_5A_25C
5.2539610884911e-06,1.107968791105367e-06,1.17559513469211e-06,158.90397,5.935979999999991,6.361929879596467e-06,7.537525014288577e-06,158.90397,5.935979999999991,2.0525000000000113e-08,121.64189820063967,-0.6551829999999939,-0.6551829999999939,-1.9514521,2.0551829999999938,0,150,5,5,-2,4,2,8,8,35n,0,4n,8,25,150V_5A_25C
5.790281597879329e-06,1.1017729422366367e-06,1.2123158309655626e-06,158.904199,5.93613266666667,6.892054540115966e-06,8.104370371081529e-06,158.904199,5.93613266666667,2.0525000000000113e-08,122.98556044945151,-1.1222989999999982,-1.1222989999999982,-1.93895846,2.522298999999998,0,150,5,5,-2,2,2,8,8,25n,0,4n,8,25,150V_5A_25C
5.456146757709986e-06,1.107969006538161e-06,1.175595941624087e-06,158.904078,5.936051999999999,6.564115764248146e-06,7.739711705872233e-06,158.904078,5.936051999999999,2.0525000000000113e-08,121.64209909609572,-0.8747410000000002,-0.8747410000000002,-1.95145154,2.274741,0,150,5,5,-2,3,2,8,8,35n,0,4n,8,25,150V_5A_25C
5.784959510511261e-06,1.1079692742486147e-06,1.1755973866091993e-06,158.904199,5.93613266666667,6.892928784759876e-06,8.068526171369075e-06,158.904199,5.93613266666667,2.0525000000000113e-08,121.6424503428686,-1.1179479999999984,-1.1179479999999984,-1.95145035,2.5179479999999983,0,150,5,5,-2,2,2,8,8,35n,0,4n,8,25,150V_5A_25C
6.682822060029305e-06,1.1009471940194983e-06,1.2514329569204518e-06,158.903975,5.935983333333335,7.783769254048803e-06,9.035202210969254e-06,158.903975,5.935983333333335,1.4825000000000108e-08,122.94299596275891,-1.2150551000000007,-1.2150551000000007,-1.89802835,2.6150551000000006,0,150,5,5,-2,1,2,8,8,15n,0,4n,8,25,150V_5A_25C
6.693361651192429e-06,1.101774429015385e-06,1.2123167999967395e-06,158.903975,5.935983333333335,7.795136080207814e-06,9.007452880204553e-06,158.903975,5.935983333333335,2.0525000000000113e-08,122.98646285230238,-1.2153291999999993,-1.2153291999999993,-1.9389663,2.6153291999999992,0,150,5,5,-2,1,2,8,8,25n,0,4n,8,25,150V_5A_25C
6.678004047361866e-06,1.1079707665102536e-06,1.1755985160693056e-06,158.903975,5.935983333333335,7.78597481387212e-06,8.961573329941425e-06,158.903975,5.935983333333335,2.0525000000000113e-08,121.6433305473392,-1.2158455000000004,-1.2158455000000004,-1.95144712,2.6158455000000003,0,150,5,5,-2,1,2,8,8,35n,0,4n,8,25,150V_5A_25C
5.163219741333868e-06,1.194816992088917e-06,1.1765574818791778e-06,156.612214,4.408142666666663,6.358036733422785e-06,7.534594215301963e-06,156.612214,4.408142666666663,1.357500000000012e-08,125.38887016238303,0.8361169999999873,0.8361169999999873,0.0404230038,0.5638830000000126,0,150,5,5,0,1,2,8,8,25n,0,4n,8,25,150V_5A_25C
8.00896302254366e-06,1.089664172434031e-06,9.539135382460833e-07,158.961255,5.974169999999996,9.098627194977691e-06,1.0052540733223774e-05,158.961255,5.974169999999996,1.531294000000002e-08,104.43877421610287,4.318368400000011,4.318368400000011,0.0524622844,-2.9183684000000114,1,150,5,5,0,8,8,8,1,15n,0,4n,8,25,150V_5A_25C
3.6599026273648673e-06,1.0905026207265753e-06,1.0928525833075513e-06,157.92091,5.280606666666661,4.750405248091442e-06,5.843257831398994e-06,157.92091,5.280606666666661,1.2275000000000022e-08,103.66517850971088,2.6301910000000106,2.6301910000000106,0.0487459928,-1.2301910000000107,1,150,5,5,0,8,8,8,4,15n,0,4n,8,25,150V_5A_25C
3.479931044878297e-06,1.0904245871654773e-06,1.1201447222579934e-06,157.232584,4.821722666666669,4.570355632043774e-06,5.6905003543017676e-06,157.232584,4.821722666666669,8.175000000000138e-09,103.50826908678387,1.9128618000000017,1.9128618000000017,0.0524133111,-0.5128618000000018,1,150,5,5,0,8,8,8,8,15n,0,4n,8,25,150V_5A_25C
4.082351542435957e-06,1.459470030819854e-06,6.026027451194046e-07,56.7493946,-62.16707026666667,5.541821573255811e-06,6.144424318375216e-06,195.117994,30.078662666666673,3.996371000000011e-08,148.3270825452871,2.36920833,1.3110989999999987,2.36920833,-1.0442083300000002,1,150,5,5,0,4,2,8,8,10n,0,4n,8,75,150V_5A_75C
3.993797419494427e-06,1.9318036728559027e-06,1.5265627118264927e-08,2.97845113,-98.01436591333334,5.92560109235033e-06,5.940866719468595e-06,215.517907,43.67860466666667,2.5610439999999984e-08,147.59136295310378,0.974059188,0.8327813000000077,0.974059188,0.35094081199999994,0,150,5,5,0,8,2,8,4,5n,1,4n,8,75,150V_5A_75C
5.108290030875217e-06,1.1071231499072828e-06,1.1748755207054672e-06,139.621858,-6.918761333333332,6.2154131807825e-06,7.390288701487967e-06,155.066689,3.3777926666666644,1.0100000000000124e-08,120.19369980659764,0.7061522000000053,0.7061522000000053,-1.16299248,0.6188477999999946,0,150,5,5,-2,8,2,8,4,10n,0,4n,8,75,150V_5A_75C
3.6421927732532205e-06,1.9318194346015364e-06,3.126681070928513e-08,2.97851008,-98.01432661333332,5.574012207854757e-06,5.605279018564042e-06,215.518742,43.67916133333333,2.5610510000000026e-08,147.59136744049974,0.974052107,0.9584412999999898,0.974052107,0.35094789299999996,0,150,5,5,0,8,2,8,8,5n,1,4n,8,75,150V_5A_75C
5.196631629129312e-06,1.10715486332728e-06,1.1915822597225224e-06,139.585827,-6.942782000000004,6.3037864924565925e-06,7.495368752179115e-06,155.120945,3.4139633333333372,1.010500000000005e-08,120.19619752749999,-0.07317500000000621,-0.07317500000000621,-1.16274319,1.3981750000000062,0,150,5,5,-2,8,2,8,8,10n,0,4n,8,75,150V_5A_75C
3.758062997778708e-06,1.0921427965651392e-06,1.0960806189540524e-06,156.906121,4.604080666666675,4.850205794343847e-06,5.9462864132979e-06,156.906121,4.604080666666675,8.125000000000028e-09,102.6415774243104,1.1255657999999897,1.1255657999999897,0.0269281122,0.19943420000001022,0,150,5,5,0,8,8,8,1,15n,1,4n,8,75,150V_5A_75C
3.641669238129534e-06,1.3524386392138416e-06,5.740482205911309e-07,58.1089542,-61.260697199999996,4.994107877343375e-06,5.568156097934506e-06,200.912457,33.94163799999999,3.450987000000007e-08,118.40474403369126,0.9583403000000033,0.9583403000000033,0.500562778,0.3666596999999967,0,150,5,5,0,8,8,8,8,5n,1,4n,8,75,150V_5A_75C
5.369124908613359e-06,1.1071550501778028e-06,1.1915824684853985e-06,139.585641,-6.942905999999994,6.4762799587911615e-06,7.66786242727656e-06,155.121045,3.414030000000006,1.010500000000005e-08,120.19634690848613,-0.3651763000000017,-0.3651763000000017,-1.16273573,1.6901763000000016,0,150,5,5,-2,6,2,8,8,10n,0,4n,8,75,150V_5A_75C
5.636837236049972e-06,1.1071553371419814e-06,1.1915819366129093e-06,139.585077,-6.943281999999992,6.743992573191954e-06,7.935574509804863e-06,155.121229,3.4141526666666664,1.010500000000005e-08,120.1966278139922,-0.7457529999999934,-0.7457529999999934,-1.16272015,2.0707529999999936,0,150,5,5,-2,4,2,8,8,10n,0,4n,8,75,150V_5A_75C
5.840612722914282e-06,1.1071555539307882e-06,1.1915806606214805e-06,139.584358,-6.9437613333333275,6.947768276845071e-06,8.139348937466552e-06,155.121402,3.4142679999999928,1.010500000000005e-08,120.19689432461918,-0.9630140000000011,-0.9630140000000011,-1.16270405,2.2880140000000013,0,150,5,5,-2,3,2,8,8,10n,0,4n,8,75,150V_5A_75C
6.184689994385917e-06,1.107155868235097e-06,1.191576786700724e-06,139.58265,-6.9449,7.291845862621014e-06,8.483422649321738e-06,155.121727,3.4144846666666617,1.010500000000005e-08,120.19740217719645,-1.16267094,-1.2042539999999917,-1.16267094,2.48767094,0,150,5,5,-2,2,2,8,8,10n,0,4n,8,75,150V_5A_75C
7.166744131354546e-06,1.1071580235504406e-06,1.191557764195973e-06,139.575995,-6.949336666666662,8.273902154904987e-06,9.465459919100959e-06,155.122582,3.415054666666663,1.010500000000005e-08,120.19878335506209,-1.16256654,-1.3348036999999984,-1.16256654,2.48756654,0,150,5,5,-2,1,2,8,8,10n,0,4n,8,75,150V_5A_75C
5.263945130660397e-06,1.1071233502641268e-06,1.1748756646847291e-06,139.621668,-6.918888,6.3710684809245245e-06,7.545944145609253e-06,155.066789,3.3778593333333333,1.0100000000000124e-08,120.1938486086031,0.3032287999999994,0.3032287999999994,-1.16298496,1.0217712000000005,0,150,5,5,-2,6,2,8,4,10n,0,4n,8,75,150V_5A_75C
5.505565064890444e-06,1.107123679641501e-06,1.1748750268481983e-06,139.621089,-6.919273999999993,6.612688744531945e-06,7.787563771380144e-06,155.066971,3.3779806666666636,1.0100000000000124e-08,120.19412733096662,-0.2154040000000066,-0.2154040000000066,-1.16296923,1.5404040000000065,0,150,5,5,-2,4,2,8,4,10n,0,4n,8,75,150V_5A_75C
5.689012725129931e-06,1.107123951655751e-06,1.1750252447473379e-06,139.620359,-6.919760666666662,6.796136676785682e-06,7.97116192153302e-06,155.067139,3.378092666666665,1.0100000000000124e-08,120.19439156006855,-0.5085950000000139,-0.5085950000000139,-1.162953,1.8335950000000139,0,150,5,5,-2,3,2,8,4,10n,0,4n,8,75,150V_5A_75C
6.010988418095263e-06,1.107124398152599e-06,1.174869736552153e-06,139.618627,-6.920915333333331,7.118112816247862e-06,8.292982552800014e-06,155.067448,3.378298666666675,1.0100000000000124e-08,120.1948938912171,-0.6111709999999988,-0.6111709999999988,-1.16291961,1.9361709999999988,0,150,5,5,-2,2,2,8,4,10n,0,4n,8,75,150V_5A_75C
6.999962131772554e-06,1.107124971393076e-06,1.174851220518774e-06,139.611997,-6.925335333333333,8.10708710316563e-06,9.281938323684404e-06,155.068244,3.3788293333333286,1.0100000000000124e-08,120.19627833132277,-0.7277310000000057,-0.7277310000000057,-1.16281472,2.052731000000006,0,150,5,5,-2,1,2,8,4,10n,0,4n,8,75,150V_5A_75C
5.526476247982927e-06,1.459660889104502e-06,6.024801158415819e-07,56.7349294,-62.17671373333333,6.986137137087429e-06,7.588617252929011e-06,195.119206,30.079470666666662,3.996371000000011e-08,148.32960035958715,2.36951234,0.8191479999999842,2.36951234,-1.04451234,1,150,5,5,0,1,2,8,8,10n,0,4n,8,75,150V_5A_75C
4.578116021099671e-06,1.4595302949851465e-06,6.026343458012531e-07,56.7449689,-62.17002073333333,6.037646316084817e-06,6.64028066188607e-06,195.118329,30.07888599999999,3.996371000000011e-08,148.3278769117358,2.36930261,0.8758959999999973,2.36930261,-1.0443026100000001,1,150,5,5,0,2,2,8,8,10n,0,4n,8,75,150V_5A_75C
4.262367922946231e-06,1.4594894964741546e-06,6.025912468551968e-07,56.7480125,-62.167991666666666,5.721857419420386e-06,6.324448666275582e-06,195.11809,30.07872666666666,3.996371000000011e-08,148.32733682929697,2.36923809,1.1162199999999984,2.36923809,-1.0442380900000001,1,150,5,5,0,3,2,8,8,10n,0,4n,8,75,150V_5A_75C
5.172890442352363e-06,1.1045701790062984e-06,1.2532768153740235e-06,158.907381,5.938253999999991,6.2774606213586615e-06,7.530737436732685e-06,158.907381,5.938253999999991,1.47250000000001e-08,122.13794133939776,-0.05688840000000539,-0.05688840000000539,-1.89705391,1.3818884000000053,0,150,5,5,-2,8,2,8,8,15n,0,4n,8,75,150V_5A_75C
5.344903587655903e-06,1.1045703605798566e-06,1.2532774461379794e-06,158.907463,5.938308666666671,6.4494739482357595e-06,7.702751394373739e-06,158.907463,5.938308666666671,1.47250000000001e-08,122.13809011303881,-0.34664030000000423,-0.34664030000000423,-1.89705169,1.6716403000000042,0,150,5,5,-2,6,2,8,8,15n,0,4n,8,75,150V_5A_75C
5.179904101797875e-06,1.1067280303473476e-06,1.2120529097354001e-06,158.907381,5.938253999999991,6.286632132145223e-06,7.498685041880623e-06,158.907381,5.938253999999991,2.332500000000011e-08,122.09763433726526,-0.0611953000000085,-0.0611953000000085,-1.93527646,1.3861953000000085,0,150,5,5,-2,8,2,8,8,25n,0,4n,8,75,150V_5A_75C
5.3505387465658515e-06,1.106728240292369e-06,1.2120535057760224e-06,158.907463,5.938308666666671,6.457266986858221e-06,7.669320492634243e-06,158.907463,5.938308666666671,2.332500000000011e-08,122.0977879611869,-0.3522547999999972,-0.3522547999999972,-1.93527575,1.6772547999999972,0,150,5,5,-2,6,2,8,8,25n,0,4n,8,75,150V_5A_75C
5.607056970154559e-06,1.1045706358305409e-06,1.253278642715759e-06,158.907565,5.93837666666667,6.7116276059851005e-06,7.96490624870086e-06,158.907565,5.93837666666667,1.47250000000001e-08,122.13836045006697,-0.7197879999999941,-0.7197879999999941,-1.89704801,2.0447879999999943,0,150,5,5,-2,4,2,8,8,15n,0,4n,8,75,150V_5A_75C
5.8054464941781215e-06,1.1045708388417175e-06,1.2532798009376298e-06,158.90762,5.938413333333339,6.910017333019839e-06,8.16329713395747e-06,158.90762,5.938413333333339,1.47250000000001e-08,122.13860859140745,-0.9310689999999937,-0.9310689999999937,-1.89704494,2.256068999999994,0,150,5,5,-2,3,2,8,8,15n,0,4n,8,75,150V_5A_75C
5.61357552243542e-06,1.1067285818392012e-06,1.2120545982793124e-06,158.907565,5.93837666666667,6.720304104274621e-06,7.932358702553933e-06,158.907565,5.93837666666667,2.332500000000011e-08,122.09806898877524,-0.7294279999999986,-0.7294279999999986,-1.93527495,2.054427999999999,0,150,5,5,-2,4,2,8,8,25n,0,4n,8,75,150V_5A_75C
5.1755542217522795e-06,1.1107048451048198e-06,1.1735260984788081e-06,158.907381,5.938253999999991,6.286259066857099e-06,7.459785165335907e-06,158.907381,5.938253999999991,2.332500000000011e-08,120.75883092727136,-0.07045399999999802,-0.07045399999999802,-1.9609574,1.395453999999998,0,150,5,5,-2,8,2,8,8,35n,0,4n,8,75,150V_5A_75C
5.349608091811291e-06,1.1107050131239987e-06,1.1735267059678987e-06,158.907463,5.938308666666671,6.4603131049352894e-06,7.633839810903189e-06,158.907463,5.938308666666671,2.332500000000011e-08,120.75898141319794,-0.35947299999999416,-0.35947299999999416,-1.96095727,1.6844729999999941,0,150,5,5,-2,6,2,8,8,35n,0,4n,8,75,150V_5A_75C
5.813624193709392e-06,1.1067287065350975e-06,1.2120556171125006e-06,158.90762,5.938413333333339,6.92035290024449e-06,8.132408517356991e-06,158.90762,5.938413333333339,2.332500000000011e-08,122.09833090431816,-0.944028000000003,-0.944028000000003,-1.93527464,2.269028000000003,0,150,5,5,-2,3,2,8,8,25n,0,4n,8,75,150V_5A_75C
6.140509455110117e-06,1.1045711229324946e-06,1.2532820568953348e-06,158.907645,5.938430000000001,7.245080578042612e-06,8.498362634937946e-06,158.907645,5.938430000000001,1.47250000000001e-08,122.1390662513442,-1.171568999999991,-1.171568999999991,-1.89703987,2.496568999999991,0,150,5,5,-2,2,2,8,8,15n,0,4n,8,75,150V_5A_75C
5.609110053633588e-06,1.1107052645026197e-06,1.1735278108893502e-06,158.907565,5.93837666666667,6.7198153181362074e-06,7.893343129025558e-06,158.907565,5.93837666666667,2.332500000000011e-08,120.7592561245573,-0.7335349999999892,-0.7335349999999892,-1.9609567,2.0585349999999893,0,150,5,5,-2,4,2,8,8,35n,0,4n,8,75,150V_5A_75C
6.153656027244948e-06,1.1067289818949597e-06,1.2120575222883373e-06,158.907645,5.938430000000001,7.260385009139908e-06,8.472442531428246e-06,158.907645,5.938430000000001,2.332500000000011e-08,122.09881568080404,-1.1842079999999982,-1.1842079999999982,-1.93527489,2.5092079999999983,0,150,5,5,-2,2,2,8,8,25n,0,4n,8,75,150V_5A_75C
5.808943731000032e-06,1.1107054465505279e-06,1.1735288482970819e-06,158.90762,5.938413333333339,6.91964917755056e-06,8.093178025847643e-06,158.90762,5.938413333333339,2.332500000000011e-08,120.75950976064306,-0.9451999999999998,-0.9451999999999998,-1.96095589,2.2702,0,150,5,5,-2,3,2,8,8,35n,0,4n,8,75,150V_5A_75C
6.1468633195875935e-06,1.1107056934917727e-06,1.1735308252680552e-06,158.907645,5.938430000000001,7.257569013079366e-06,8.43109983834742e-06,158.907645,5.938430000000001,2.332500000000011e-08,120.75998012233595,-1.1789149999999893,-1.1789149999999893,-1.96095385,2.5039149999999895,0,150,5,5,-2,2,2,8,8,35n,0,4n,8,75,150V_5A_75C
7.1336217215143736e-06,1.1045731709829301e-06,1.2532884264626239e-06,158.907244,5.938162666666661,8.238194892497304e-06,9.491483318959928e-06,158.907244,5.938162666666661,1.47250000000001e-08,122.14022166316056,-1.3346565000000012,-1.3346565000000012,-1.89703079,2.6596565000000014,0,150,5,5,-2,1,2,8,8,15n,0,4n,8,75,150V_5A_75C
7.14189126046864e-06,1.1067312620476234e-06,1.2120624871808337e-06,158.907244,5.938162666666661,8.248622522516263e-06,9.460685009697095e-06,158.907244,5.938162666666661,2.332500000000011e-08,122.10005946031015,-1.3351176000000038,-1.3351176000000038,-1.93528062,2.660117600000004,0,150,5,5,-2,1,2,8,8,25n,0,4n,8,75,150V_5A_75C
7.127445536229535e-06,1.1107076570127472e-06,1.1735360737417393e-06,158.907244,5.938162666666661,8.238153193242281e-06,9.411689266984021e-06,158.907244,5.938162666666661,2.332500000000011e-08,120.76118310950284,-1.3347539000000026,-1.3347539000000026,-1.96094547,2.659753900000003,0,150,5,5,-2,1,2,8,8,35n,0,4n,8,75,150V_5A_75C
5.5205618656027395e-06,1.207297496661965e-06,1.1767649424061002e-06,157.073772,4.715847999999994,6.727859362264705e-06,7.904624304670805e-06,157.073772,4.715847999999994,1.3275000000000097e-08,125.69813939671126,0.8195039999999949,0.8195039999999949,0.0474610128,0.505496000000005,0,150,5,5,0,1,2,8,8,25n,0,4n,8,75,150V_5A_75C
8.354971623696386e-06,1.091744345472391e-06,9.551983312522229e-07,159.00671,6.004473333333332,9.446715969168778e-06,1.0401914300421e-05,159.00671,6.004473333333332,1.536434999999995e-08,103.63338497707213,4.149334999999994,4.149334999999994,0.0405941613,-2.8243349999999934,1,150,5,5,0,8,8,8,1,15n,0,4n,8,75,150V_5A_75C
3.973880657780548e-06,1.092775868418499e-06,1.0925122263345598e-06,158.046009,5.364005999999999,5.066656526199047e-06,6.159168752533607e-06,158.046009,5.364005999999999,1.2275000000000022e-08,102.89184518580169,2.505056300000007,2.505056300000007,0.0434345927,-1.1800563000000068,1,150,5,5,0,8,8,8,4,15n,0,4n,8,75,150V_5A_75C
3.740416954037901e-06,1.0926886544578885e-06,1.1208582702149204e-06,157.44265,4.961766666666658,4.833105608495789e-06,5.9539638787107095e-06,157.44265,4.961766666666658,8.07500000000013e-09,102.71178713256711,1.825554100000005,1.825554100000005,0.0433459715,-0.5005541000000051,1,150,5,5,0,8,8,8,8,15n,0,4n,8,75,150V_5A_75C
4.295053513004966e-06,1.377206354424148e-06,6.583836019561876e-07,63.2102019,-57.859865400000004,5.672259867429114e-06,6.330643469385301e-06,192.742843,28.495228666666662,3.991521000000015e-08,145.70967792928732,2.15810055,1.2448189999999926,2.15810055,-0.9081005499999999,1,150,5,5,0,4,2,8,8,10n,0,4n,8,125,150V_5A_125C
4.196634042369192e-06,1.7640751624256106e-06,1.804420615080041e-08,3.60662396,-97.59558402666666,5.960709204794803e-06,5.9787534109456035e-06,209.052696,39.368463999999996,2.5806560000000112e-08,146.7266103108088,0.956577616,0.780437500000005,0.956577616,0.293422384,0,150,5,5,0,8,2,8,4,5n,1,4n,8,125,150V_5A_125C
5.415681844440548e-06,1.110318034108957e-06,1.1816241613391578e-06,142.100587,-5.26627533333334,6.5259998785495055e-06,7.707624039888663e-06,154.807152,3.2047680000000014,9.975000000000061e-09,119.39104727896404,0.5810726999999929,0.5810726999999929,-1.20764051,0.6689273000000071,0,150,5,5,-2,8,2,8,4,10n,0,4n,8,125,150V_5A_125C
3.883175391653797e-06,1.7640855878497685e-06,3.327401748457345e-08,3.60669581,-97.59553612666667,5.6472609795035655e-06,5.680534996988139e-06,209.052658,39.36843866666668,2.580661000000008e-08,146.7262440709859,0.956569632,0.9117805000000061,0.956569632,0.293430368,0,150,5,5,0,8,2,8,8,5n,1,4n,8,125,150V_5A_125C
5.461677238151213e-06,1.1103339319452751e-06,1.1995638497914832e-06,142.057663,-5.294891333333339,6.572011170096488e-06,7.771575019887971e-06,154.842404,3.228269333333325,9.975000000000061e-09,119.38971997444592,-0.1456277000000057,-0.1456277000000057,-1.20714061,1.3956277000000057,0,150,5,5,-2,8,2,8,8,10n,0,4n,8,125,150V_5A_125C
3.964719381904653e-06,1.0941294249718414e-06,1.0966044976820535e-06,157.071795,4.714530000000006,5.0588488068764936e-06,6.155453304558547e-06,157.071795,4.714530000000006,8.07500000000013e-09,101.95116773885259,1.0735310000000027,1.0735310000000027,0.0241317095,0.17646899999999732,0,150,5,5,0,8,8,8,1,15n,1,4n,8,125,150V_5A_125C
3.881476454992762e-06,1.2975533377320992e-06,5.835307434098521e-07,59.7802729,-60.14648473333333,5.179029792724861e-06,5.762560536134713e-06,197.966618,31.97774533333334,3.176260000000013e-08,116.7019259933103,0.9118700000000075,0.9118700000000075,0.473547226,0.3381299999999925,0,150,5,5,0,8,8,8,8,5n,1,4n,8,125,150V_5A_125C
5.634313108316639e-06,1.1103340924486437e-06,1.1995634057337898e-06,142.057288,-5.2951413333333335,6.744647200765282e-06,7.944210606499072e-06,154.842491,3.2283273333333304,9.975000000000061e-09,119.38989954578084,-0.4300296999999915,-0.4300296999999915,-1.20713142,1.6800296999999915,0,150,5,5,-2,6,2,8,8,10n,0,4n,8,125,150V_5A_125C
5.901998380171898e-06,1.1103343248100324e-06,1.1995616757152176e-06,142.056356,-5.295762666666671,7.01233270498193e-06,8.211894380697148e-06,154.842629,3.2284193333333255,9.975000000000061e-09,119.39024289886181,-0.8005679999999984,-0.8005679999999984,-1.20711226,2.0505679999999984,0,150,5,5,-2,4,2,8,8,10n,0,4n,8,125,150V_5A_125C
6.110161142232732e-06,1.110334496397157e-06,1.1995593926648304e-06,142.055305,-5.296463333333331,7.220495638629889e-06,8.42005503129472e-06,154.842745,3.228496666666672,9.975000000000061e-09,119.39057578297785,-1.0134919999999994,-1.0134919999999994,-1.2070926,2.2634919999999994,0,150,5,5,-2,3,2,8,8,10n,0,4n,8,125,150V_5A_125C
6.479055861554703e-06,1.1103347274684762e-06,1.1995537338803096e-06,142.052969,-5.298020666666673,7.589390589023179e-06,8.788944322903488e-06,154.842932,3.228621333333327,9.975000000000061e-09,119.39122124506058,-1.20705228,-1.2527359999999987,-1.20705228,2.45705228,0,150,5,5,-2,2,2,8,8,10n,0,4n,8,125,150V_5A_125C
7.54610035706294e-06,1.1103370858460715e-06,1.1995293010452254e-06,142.044355,-5.303763333333336,8.65643744290901e-06,9.855966743954235e-06,154.843188,3.2287919999999986,9.975000000000061e-09,119.39301722109448,-1.20692467,-1.3797390000000007,-1.20692467,2.4569246700000003,0,150,5,5,-2,1,2,8,8,10n,0,4n,8,125,150V_5A_125C
5.564405869595124e-06,1.1103182156098037e-06,1.1816236515395866e-06,142.100202,-5.266532000000002,6.674724085204928e-06,7.856347736744514e-06,154.807235,3.204823333333328,9.975000000000061e-09,119.39122539812318,0.19242450000000133,0.19242450000000133,-1.20763122,1.0575754999999987,0,150,5,5,-2,6,2,8,4,10n,0,4n,8,125,150V_5A_125C
5.793458376063684e-06,1.1103185073479079e-06,1.1816218656152835e-06,142.099258,-5.2671613333333385,6.903776883411592e-06,8.085398749026875e-06,154.807368,3.204911999999998,9.975000000000061e-09,119.39156625857991,-0.3031879999999916,-0.3031879999999916,-1.20761191,1.5531879999999916,0,150,5,5,-2,4,2,8,4,10n,0,4n,8,125,150V_5A_125C
5.969827646527218e-06,1.1103187440028515e-06,1.1816195033684214e-06,142.098186,-5.267876000000001,7.08014639053007e-06,8.261765893898491e-06,154.807475,3.2049833333333404,9.975000000000061e-09,119.39189565504512,-0.5474779999999981,-0.5474779999999981,-1.20759206,1.7974779999999981,0,150,5,5,-2,3,2,8,4,10n,0,4n,8,125,150V_5A_125C
6.297632340361016e-06,1.1103191331298193e-06,1.1817661095918357e-06,142.09583,-5.269446666666663,7.407951473490835e-06,8.589717583082671e-06,154.807646,3.205097333333337,9.975000000000061e-09,119.39253537397504,-0.6017460000000057,-0.6017460000000057,-1.20755145,1.8517460000000057,0,150,5,5,-2,2,2,8,4,10n,0,4n,8,125,150V_5A_125C
7.3454358050077395e-06,1.1103221602037693e-06,1.181742401612514e-06,142.087251,-5.275165999999994,8.45575796521151e-06,9.637500366824024e-06,154.807857,3.2052380000000085,9.975000000000061e-09,119.3943195933943,-0.7575130000000172,-0.7575130000000172,-1.20742337,2.007513000000017,0,150,5,5,-2,1,2,8,4,10n,0,4n,8,125,150V_5A_125C
5.842593858528688e-06,1.3773921011028088e-06,6.582167208523094e-07,63.1903357,-57.873109533333334,7.219985959631496e-06,7.878202680483806e-06,192.747544,28.498362666666672,3.991521000000015e-08,145.71456919600507,2.15850197,0.8080209999999965,2.15850197,-0.9085019700000001,1,150,5,5,0,1,2,8,8,10n,0,4n,8,125,150V_5A_125C
4.808000154339803e-06,1.3772659405026565e-06,6.58396466252192e-07,63.203926,-57.86404933333334,6.18526609484246e-06,6.843662561094652e-06,192.744303,28.496202,3.991521000000015e-08,145.71124810182434,2.15822849,0.8570679999999982,2.15822849,-0.9082284899999999,1,150,5,5,0,2,2,8,8,10n,0,4n,8,125,150V_5A_125C
4.475508477276094e-06,1.377225765118321e-06,6.58367122431564e-07,63.2082184,-57.861187733333345,5.852734242394414e-06,6.511101364825978e-06,192.743296,28.49553066666666,3.991521000000015e-08,145.71018235597913,2.15814136,1.0564010000000081,2.15814136,-0.9081413600000001,1,150,5,5,0,3,2,8,8,10n,0,4n,8,125,150V_5A_125C
5.457187852808657e-06,1.1079725172577227e-06,1.2539193619537712e-06,158.898765,5.932509999999998,6.56516037006638e-06,7.819079732020151e-06,158.898765,5.932509999999998,1.4625000000000093e-08,121.41247439227953,-0.13751099999998928,-0.13751099999998928,-1.90026413,1.3875109999999893,0,150,5,5,-2,8,2,8,8,15n,0,4n,8,125,150V_5A_125C
5.62784533819211e-06,1.1079726773011856e-06,1.2539201319917412e-06,158.898823,5.932548666666662,6.735818015493296e-06,7.989738147485038e-06,158.898823,5.932548666666662,1.4625000000000093e-08,121.41264926358589,-0.41880910000000426,-0.41880910000000426,-1.90026184,1.6688091000000043,0,150,5,5,-2,6,2,8,8,15n,0,4n,8,125,150V_5A_125C
5.465044359521413e-06,1.1105528775026453e-06,1.2111017670277326e-06,158.898765,5.932509999999998,6.5755972370240585e-06,7.78669900405179e-06,158.898765,5.932509999999998,2.332500000000011e-08,121.28372261933703,-0.14345259999998916,-0.14345259999998916,-1.93595921,1.3934525999999892,0,150,5,5,-2,8,2,8,8,25n,0,4n,8,125,150V_5A_125C
5.634244620709068e-06,1.1105530705120505e-06,1.2111024708949668e-06,158.898823,5.932548666666662,6.744797691221118e-06,7.955900162116085e-06,158.898823,5.932548666666662,2.332500000000011e-08,121.28390488415087,-0.42595530000001247,-0.42595530000001247,-1.93595856,1.6759553000000125,0,150,5,5,-2,6,2,8,8,25n,0,4n,8,125,150V_5A_125C
5.887098197392579e-06,1.1079729141084605e-06,1.2539216432992748e-06,158.898889,5.932592666666665,6.9950711115010396e-06,8.248992754800314e-06,158.898889,5.932592666666665,1.4625000000000093e-08,121.41297553627871,-0.779910000000001,-0.779910000000001,-1.90025776,2.029910000000001,0,150,5,5,-2,4,2,8,8,15n,0,4n,8,125,150V_5A_125C
6.087382269035825e-06,1.1079730932793588e-06,1.2539231244723187e-06,158.898923,5.932615333333331,7.195355362315184e-06,8.449278486787502e-06,158.898923,5.932615333333331,1.4625000000000093e-08,121.41328635458748,-0.9840260000000001,-0.9840260000000001,-1.90025402,2.234026,0,150,5,5,-2,3,2,8,8,15n,0,4n,8,125,150V_5A_125C
5.894384146347188e-06,1.110553388574417e-06,1.2111037928649182e-06,158.898889,5.932592666666665,7.004937534921605e-06,8.216041327786524e-06,158.898889,5.932592666666665,2.332500000000011e-08,121.28424805253903,-0.7909060000000068,-0.7909060000000068,-1.93595764,2.0409060000000068,0,150,5,5,-2,4,2,8,8,25n,0,4n,8,125,150V_5A_125C
5.460194074639128e-06,1.113040612600469e-06,1.1710749661043097e-06,158.898765,5.932509999999998,6.573234687239597e-06,7.744309653343906e-06,158.898765,5.932509999999998,2.6075e-08,119.9642096636183,-0.1495776999999947,-0.1495776999999947,-1.9685708,1.3995776999999947,0,150,5,5,-2,8,2,8,8,35n,0,4n,8,125,150V_5A_125C
5.625199168474183e-06,1.1130407586975115e-06,1.1710756843563048e-06,158.898823,5.932548666666662,6.738239927171694e-06,7.909315611528e-06,158.898823,5.932548666666662,2.6075e-08,119.96438701666747,-0.4327346999999975,-0.4327346999999975,-1.96857056,1.6827346999999975,0,150,5,5,-2,6,2,8,8,35n,0,4n,8,125,150V_5A_125C
6.096017241112584e-06,1.1105534843883759e-06,1.2111050553732158e-06,158.898923,5.932615333333331,7.20657072550096e-06,8.417675780874176e-06,158.898923,5.932615333333331,2.332500000000011e-08,121.2845794046523,-0.9984109999999902,-0.9984109999999902,-1.93595698,2.24841099999999,0,150,5,5,-2,3,2,8,8,25n,0,4n,8,125,150V_5A_125C
6.44175854999839e-06,1.1079733466055541e-06,1.2540121879145627e-06,158.898926,5.932617333333326,7.549731896603944e-06,8.803744084518506e-06,158.898926,5.932617333333326,1.4625000000000093e-08,121.41387757521441,-1.2173739999999924,-1.2173739999999924,-1.90024723,2.4673739999999924,0,150,5,5,-2,2,2,8,8,15n,0,4n,8,125,150V_5A_125C
5.888677302333046e-06,1.113040970443652e-06,1.1710770503623561e-06,158.898889,5.932592666666665,7.001718272776698e-06,8.172795323139055e-06,158.898889,5.932592666666665,2.6075e-08,119.96472019634278,-0.7957260000000019,-0.7957260000000019,-1.96856967,2.045726000000002,0,150,5,5,-2,4,2,8,8,35n,0,4n,8,125,150V_5A_125C
6.454384583694554e-06,1.1105537353255815e-06,1.2111074877684472e-06,158.898926,5.932617333333326,7.564938319020136e-06,8.776045806788582e-06,158.898926,5.932617333333326,2.332500000000011e-08,121.28521227852261,-1.232292000000001,-1.232292000000001,-1.93595615,2.482292000000001,0,150,5,5,-2,2,2,8,8,25n,0,4n,8,125,150V_5A_125C
6.090339790075098e-06,1.1130411271666306e-06,1.1710783737678374e-06,158.898923,5.932615333333331,7.2033809172417284e-06,8.374459291009565e-06,158.898923,5.932615333333331,2.6075e-08,119.96503924975572,-0.9994110000000092,-0.9994110000000092,-1.96856852,2.249411000000009,0,150,5,5,-2,3,2,8,8,35n,0,4n,8,125,150V_5A_125C
6.446582875259047e-06,1.1130413396320519e-06,1.1710809263230496e-06,158.898926,5.932617333333326,7.559624214891099e-06,8.73070514121415e-06,158.898926,5.932617333333326,2.6075e-08,119.96564949797246,-1.2261490000000066,-1.2261490000000066,-1.96856574,2.4761490000000066,0,150,5,5,-2,2,2,8,8,35n,0,4n,8,125,150V_5A_125C
7.5095965812557144e-06,1.107975340672894e-06,1.2540205231248008e-06,158.898496,5.932330666666663,8.617571921928608e-06,9.871592445053408e-06,158.898496,5.932330666666663,1.4625000000000093e-08,121.41544501340724,-1.3818880000000036,-1.3818880000000036,-1.90023157,2.6318880000000036,0,150,5,5,-2,1,2,8,8,15n,0,4n,8,125,150V_5A_125C
7.517608514804246e-06,1.1105564059464604e-06,1.2111140511894643e-06,158.898496,5.932330666666663,8.628164920750707e-06,9.839278971940172e-06,158.898496,5.932330666666663,2.332500000000011e-08,121.28692220924165,-1.3811919999999986,-1.3811919999999986,-1.93595718,2.6311919999999986,0,150,5,5,-2,1,2,8,8,25n,0,4n,8,125,150V_5A_125C
7.503657343991961e-06,1.1130437187783796e-06,1.1710879881604348e-06,158.898496,5.932330666666663,8.61670106277034e-06,9.787789050930774e-06,158.898496,5.932330666666663,2.6075e-08,119.96729008131284,-1.3812009999999901,-1.3812009999999901,-1.96855407,2.63120099999999,0,150,5,5,-2,1,2,8,8,35n,0,4n,8,125,150V_5A_125C
5.833148477738556e-06,1.2195324459014063e-06,1.1763207375819023e-06,157.361522,4.907681333333339,7.052680923639962e-06,8.229001661221864e-06,157.361522,4.907681333333339,1.3075000000000082e-08,125.75577881914542,0.8062609999999779,0.8062609999999779,0.0439771968,0.4437390000000221,0,150,5,5,0,1,2,8,8,25n,0,4n,8,125,150V_5A_125C
8.621422354060248e-06,1.0937999619837493e-06,9.563944236740109e-07,159.031837,6.021224666666664,9.715222316043998e-06,1.0671616739718008e-05,159.031837,6.021224666666664,1.5415180000000106e-08,102.93290622893713,4.036284000000009,4.036284000000009,0.0397866616,-2.786284000000009,1,150,5,5,0,8,8,8,1,15n,0,4n,8,125,150V_5A_125C
4.231682555191665e-06,1.094845641308018e-06,1.0919244425053384e-06,158.114664,5.4097760000000035,5.3265281964996825e-06,6.418452639005021e-06,158.114664,5.4097760000000035,1.2275000000000022e-08,102.22280029758616,2.4019395000000117,2.4019395000000117,0.0398491733,-1.1519395000000117,1,150,5,5,0,8,8,8,4,15n,0,4n,8,125,150V_5A_125C
3.949472569619775e-06,1.094627536596371e-06,1.1208116711685854e-06,157.561075,5.0407166666666585,5.044100106216146e-06,6.164911777384731e-06,157.561075,5.0407166666666585,1.202500000000011e-08,102.03254115675453,1.7558281000000022,1.7558281000000022,0.0368655254,-0.5058281000000022,1,150,5,5,0,8,8,8,8,15n,0,4n,8,125,150V_5A_125C
5.849819483806294e-06,1.9109962134928738e-06,1.082733268329602e-06,111.511904,-25.658730666666667,7.760815697299169e-06,8.84354896562877e-06,173.381428,15.587618666666668,3.6125000000000014e-08,141.7429895056932,1.5197217,1.376544999999993,1.5197217,-0.11972170000000015,1,150,10,5,0,4,2,8,8,10n,0,4n,8,25,150V_10A_25C
5.510462238621842e-06,2.091397875421266e-06,4.736818011111986e-08,7.88260475,-94.74493016666666,7.601860114043108e-06,7.649228294154229e-06,236.469951,57.646634,4.0253969999999955e-08,154.44156988858194,1.028182,0.9233384999999998,1.028182,0.371818,0,150,10,5,0,8,2,8,4,5n,1,4n,8,25,150V_10A_25C
6.839210942389235e-06,1.2222403851327923e-06,1.3029317473023642e-06,167.873993,11.915995333333342,8.061451327522028e-06,9.364383074824392e-06,167.917553,11.945035333333331,2.9572289999999962e-08,127.89901143280103,0.8360550999999958,0.8360550999999958,-1.22032999,0.5639449000000041,0,150,10,5,-2,8,2,8,4,10n,0,4n,8,25,150V_10A_25C
5.06559725120228e-06,2.0914578793093195e-06,8.375684394646628e-08,7.88272199,-94.74485200666668,7.157055130511599e-06,7.240811974458065e-06,236.472559,57.64837266666665,4.0253770000000077e-08,154.44129827820163,1.02816885,1.0093266000000085,1.02816885,0.37183115,0,150,10,5,0,8,2,8,8,5n,1,4n,8,25,150V_10A_25C
7.002555675408223e-06,1.2217640050309625e-06,1.3409725567820536e-06,167.812128,11.874752,8.224319680439185e-06,9.56529223722124e-06,167.812128,11.874752,2.9523309999999952e-08,127.69269863727074,0.06790209999999774,0.06790209999999774,-1.22530126,1.3320979000000022,0,150,10,5,-2,8,2,8,8,10n,0,4n,8,25,150V_10A_25C
5.168644995508327e-06,1.1310557523983796e-06,1.0578128166798062e-06,171.301554,14.201036000000007,6.299700747906707e-06,7.357513564586513e-06,171.301554,14.201036000000007,2.7375000000000098e-08,96.23107913149387,1.2250980000000027,1.2250980000000027,0.099578405,0.17490199999999723,0,150,10,5,0,8,8,8,1,15n,1,4n,8,25,150V_10A_25C
5.065739598729118e-06,1.1313782103167222e-06,1.0496727269768147e-06,129.571382,-13.619078666666667,6.19711780904584e-06,7.246790536022655e-06,170.83707,13.891380000000009,2.7424999999999996e-08,94.7517984271084,1.0082067999999964,1.0082067999999964,0.172048073,0.3917932000000035,0,150,10,5,0,8,8,8,8,5n,1,4n,8,25,150V_10A_25C
7.293465417998887e-06,1.2217645985809973e-06,1.3411087962667132e-06,167.812173,11.874782000000002,8.515230016579885e-06,9.856338812846599e-06,167.812173,11.874782000000002,2.9523309999999952e-08,127.69284815913646,-0.23146889999999587,-0.23146889999999587,-1.22529315,1.6314688999999958,0,150,10,5,-2,6,2,8,8,10n,0,4n,8,25,150V_10A_25C
7.115637124400351e-06,1.2222409948743163e-06,1.3029325164146638e-06,167.87404,11.916026666666673,8.337878119274667e-06,9.640810635689331e-06,167.917552,11.945034666666666,2.9572289999999962e-08,127.89916178392787,0.41535960000000216,0.41535960000000216,-1.22032188,0.9846403999999978,0,150,10,5,-2,6,2,8,4,10n,0,4n,8,25,150V_10A_25C
7.545387423009609e-06,1.2222419665865918e-06,1.3029339765913767e-06,167.874119,11.916079333333338,8.7676293895962e-06,1.0070563366187576e-05,167.917531,11.945020666666665,2.9572289999999962e-08,127.8994578916826,-0.1368360000000024,-0.1368360000000024,-1.22030491,1.5368360000000023,0,150,10,5,-2,4,2,8,4,10n,0,4n,8,25,150V_10A_25C
7.895224879352823e-06,1.222242809559472e-06,1.302935416218349e-06,167.87419,11.916126666666665,9.117467688912296e-06,1.0420403105130645e-05,167.917501,11.945000666666658,2.9572289999999962e-08,127.89975165518726,-0.45182599999999695,-0.45182599999999695,-1.22028756,1.8518259999999969,0,150,10,5,-2,3,2,8,4,10n,0,4n,8,25,150V_10A_25C
8.526774245219098e-06,1.2222439662001288e-06,1.3029381711632295e-06,167.874299,11.916199333333338,9.749018211419227e-06,1.1051956382582456e-05,167.917401,11.944934000000009,2.9572289999999962e-08,127.90032922579286,-0.5796189999999939,-0.5796189999999939,-1.22025126,1.9796189999999938,0,150,10,5,-2,2,2,8,4,10n,0,4n,8,25,150V_10A_25C
7.74630021899758e-06,1.2217655582383503e-06,1.3409748777536859e-06,167.812252,11.874834666666667,8.96806577723593e-06,1.0309040654989616e-05,167.812252,11.874834666666667,2.9523309999999952e-08,127.69314377200568,-0.6295100000000105,-0.6295100000000105,-1.22527623,2.0295100000000104,0,150,10,5,-2,4,2,8,8,10n,0,4n,8,25,150V_10A_25C
8.117941146779703e-06,1.22176638394046e-06,1.3409763484317468e-06,167.812321,11.874880666666664,9.339707530720162e-06,1.068068387915191e-05,167.812321,11.874880666666664,2.9523309999999952e-08,127.69343707111813,-0.857475000000008,-0.857475000000008,-1.2252589,2.257475000000008,0,150,10,5,-2,3,2,8,8,10n,0,4n,8,25,150V_10A_25C
8.78694509048634e-06,1.2217658577328483e-06,1.340979098105905e-06,167.812429,11.874952666666672,1.0008710948219188e-05,1.1349690046325093e-05,167.812429,11.874952666666672,2.9523300000000128e-08,127.69402147103406,-1.1174680000000023,-1.1174680000000023,-1.22522267,2.5174680000000023,0,150,10,5,-2,2,2,8,8,10n,0,4n,8,25,150V_10A_25C
1.0852190917355984e-05,1.2218212068969248e-06,1.3411211555867007e-06,167.812469,11.874979333333329,1.2074012124252909e-05,1.341513327983961e-05,167.812469,11.874979333333329,2.9523300000000128e-08,127.6956794944708,-1.22510017,-1.2276302999999977,-1.22510017,2.6251001699999996,0,150,10,5,-2,1,2,8,8,10n,0,4n,8,25,150V_10A_25C
1.053287209208568e-05,1.222299987992496e-06,1.3029454391371317e-06,167.874358,11.916238666666668,1.1755172080078177e-05,1.3058117519215309e-05,167.916775,11.944516666666669,2.9572289999999962e-08,127.90197957813528,-0.6738809999999944,-0.6738809999999944,-1.2201295,2.0738809999999943,0,150,10,5,-2,1,2,8,4,10n,0,4n,8,25,150V_10A_25C
8.898549133103171e-06,1.9110320067089728e-06,1.0826366360645142e-06,111.495426,-25.669716000000005,1.0809581139812143e-05,1.1892217775876658e-05,173.38813,15.592086666666662,3.6125000000000014e-08,141.7462866071148,1.51980396,0.8607500000000101,1.51980396,-0.11980396000000004,1,150,10,5,0,1,2,8,8,10n,0,4n,8,25,150V_10A_25C
6.882921927357904e-06,1.910995114703257e-06,1.0827038965508863e-06,111.506799,-25.662134,8.793917042061161e-06,9.876620938612048e-06,173.383558,15.589038666666662,3.6125000000000014e-08,141.74407465608013,1.51974869,0.9122890000000012,1.51974869,-0.11974868999999999,1,150,10,5,0,2,2,8,8,10n,0,4n,8,25,150V_10A_25C
6.2166881762904455e-06,1.910996772030034e-06,1.0827239297476625e-06,111.510263,-25.65982466666667,8.12768494832048e-06,9.210408878068142e-06,173.382122,15.588081333333339,3.6125000000000014e-08,141.7433490634755,1.51973063,1.168650999999997,1.51973063,-0.11973063000000006,1,150,10,5,0,3,2,8,8,10n,0,4n,8,25,150V_10A_25C
6.989560153401502e-06,1.219798964832036e-06,1.3085807690216257e-06,169.587466,13.05831066666667,8.209359118233539e-06,9.517939887255165e-06,169.587466,13.05831066666667,2.0454180000000076e-08,128.99600202993588,0.05623020000000167,0.05623020000000167,-1.76177682,1.3437697999999982,0,150,10,5,-2,8,2,8,8,15n,0,4n,8,25,150V_10A_25C
7.286153007914398e-06,1.2197995150186667e-06,1.3085816644317588e-06,169.587491,13.058327333333333,8.505952522933064e-06,9.814534187364823e-06,169.587491,13.058327333333333,2.0454180000000076e-08,128.99616028841356,-0.24343729999999653,-0.24343729999999653,-1.7617763,1.6434372999999964,0,150,10,5,-2,6,2,8,8,15n,0,4n,8,25,150V_10A_25C
6.9873093211001306e-06,1.2198801443638658e-06,1.2659606673649532e-06,169.587466,13.05831066666667,8.207189465463996e-06,9.47315013282895e-06,169.587466,13.05831066666667,3.23050800000001e-08,128.7529244065102,0.05745939999999905,0.05745939999999905,-1.87021718,1.3425406000000009,0,150,10,5,-2,8,2,8,8,25n,0,4n,8,25,150V_10A_25C
7.284226996345676e-06,1.2198806965866095e-06,1.2659614515700568e-06,169.587491,13.058327333333333,8.504107692932285e-06,9.770069144502342e-06,169.587491,13.058327333333333,3.23050800000001e-08,128.75308296898785,-0.2439595999999966,-0.2439595999999966,-1.87021751,1.6439595999999965,0,150,10,5,-2,6,2,8,8,25n,0,4n,8,25,150V_10A_25C
7.746442939426004e-06,1.219799847608508e-06,1.308699300322706e-06,169.587554,13.05836933333334,8.966242787034512e-06,1.0274942087357219e-05,169.587554,13.05836933333334,2.0454180000000076e-08,128.99648339397677,-0.6357820000000061,-0.6357820000000061,-1.76177388,2.035782000000006,0,150,10,5,-2,4,2,8,8,15n,0,4n,8,25,150V_10A_25C
8.116552768097164e-06,1.219800573403202e-06,1.3085851476997005e-06,169.587585,13.058389999999994,9.336353341500366e-06,1.0644938489200066e-05,169.587585,13.058389999999994,2.0454180000000076e-08,128.99679719697454,-0.857213999999999,-0.857213999999999,-1.76177314,2.257213999999999,0,150,10,5,-2,3,2,8,8,15n,0,4n,8,25,150V_10A_25C
7.747488526941641e-06,1.2198810313458879e-06,1.2659629957908433e-06,169.587554,13.05836933333334,8.96736955828753e-06,1.0233332554078373e-05,169.587554,13.05836933333334,3.23050800000001e-08,128.75340851071743,-0.6421909999999968,-0.6421909999999968,-1.87021754,2.0421909999999968,0,150,10,5,-2,4,2,8,8,25n,0,4n,8,25,150V_10A_25C
6.980487806694598e-06,1.2261688222112705e-06,1.8781802929461567e-06,169.587466,13.05831066666667,8.206656628905868e-06,1.0084836921852025e-05,169.587466,13.05831066666667,3.5855239999999996e-08,127.7526670455326,0.046296800000007465,0.046296800000007465,-1.92234918,1.3537031999999924,0,150,10,5,-2,8,2,8,8,35n,0,4n,8,25,150V_10A_25C
7.27917066856457e-06,1.2261693804037307e-06,1.8781832419483251e-06,169.587491,13.058327333333333,8.5053400489683e-06,1.0383523290916626e-05,169.587491,13.058327333333333,3.5855239999999996e-08,127.75282645188149,-0.2530038000000019,-0.2530038000000019,-1.92234849,1.6530038000000018,0,150,10,5,-2,6,2,8,8,35n,0,4n,8,25,150V_10A_25C
8.123479195588495e-06,1.219881764862324e-06,1.2659644220362828e-06,169.587585,13.058389999999994,9.34336096045082e-06,1.0609325382487103e-05,169.587585,13.058389999999994,3.23050800000001e-08,128.75372220657016,-0.8692340000000058,-0.8692340000000058,-1.87021845,2.2692340000000057,0,150,10,5,-2,3,2,8,8,25n,0,4n,8,25,150V_10A_25C
8.769249885715187e-06,1.2198014763531255e-06,1.3085883964928087e-06,169.587621,13.058414000000008,9.989051362068313e-06,1.1297639758561122e-05,169.587621,13.058414000000008,2.0454180000000076e-08,128.99741999598754,-1.1074610000000007,-1.1074610000000007,-1.76177212,2.5074610000000006,0,150,10,5,-2,2,2,8,8,15n,0,4n,8,25,150V_10A_25C
7.743446504341767e-06,1.2261697215878487e-06,1.878186987404459e-06,169.587554,13.05836933333334,8.969616225929616e-06,1.0847803213334075e-05,169.587554,13.05836933333334,3.5855239999999996e-08,127.75315350314423,-0.6490649999999931,-0.6490649999999931,-1.92234673,2.049064999999993,0,150,10,5,-2,4,2,8,8,35n,0,4n,8,25,150V_10A_25C
8.787563512891197e-06,1.2198826887283427e-06,1.2659671069445812e-06,169.587621,13.058414000000008,1.000744620161954e-05,1.1273413308564121e-05,169.587621,13.058414000000008,3.23050800000001e-08,128.75434410569358,-1.1239029999999985,-1.1239029999999985,-1.8702207,2.5239029999999985,0,150,10,5,-2,2,2,8,8,25n,0,4n,8,25,150V_10A_25C
8.119386128935505e-06,1.2261704672134526e-06,1.878189538190263e-06,169.587585,13.058389999999994,9.345556596148958e-06,1.122374613433922e-05,169.587585,13.058389999999994,3.5855239999999996e-08,127.75346936692712,-0.8728189999999927,-0.8728189999999927,-1.92234521,2.2728189999999926,0,150,10,5,-2,3,2,8,8,35n,0,4n,8,25,150V_10A_25C
8.779104397060954e-06,1.226171415746309e-06,1.8781896950286167e-06,169.587621,13.058414000000008,1.0005275812807264e-05,1.188346550783588e-05,169.587621,13.058414000000008,3.5855239999999996e-08,127.75409653609871,-1.1194310000000058,-1.1194310000000058,-1.92234203,2.5194310000000057,0,150,10,5,-2,2,2,8,8,35n,0,4n,8,25,150V_10A_25C
1.0818509946261406e-05,1.219856539626444e-06,1.3085969324587144e-06,169.587466,13.05831066666667,1.203836648588785e-05,1.3346963418346564e-05,169.587466,13.05831066666667,2.0454180000000076e-08,128.99923917528383,-1.227484399999998,-1.227484399999998,-1.76177485,2.627484399999998,0,150,10,5,-2,1,2,8,8,15n,0,4n,8,25,150V_10A_25C
1.0827391625584968e-05,1.2199378585407734e-06,1.2659736931158008e-06,169.587466,13.05831066666667,1.2047329484125742e-05,1.3313303177241543e-05,169.587466,13.05831066666667,3.23050800000001e-08,128.75615101657004,-1.2277421000000004,-1.2277421000000004,-1.87023199,2.6277421000000003,0,150,10,5,-2,1,2,8,8,25n,0,4n,8,25,150V_10A_25C
1.081121069453871e-05,1.2262266740125344e-06,1.8781466599787286e-06,169.587466,13.05831066666667,1.2037437368551244e-05,1.3915584028529973e-05,169.587466,13.05831066666667,3.5855239999999996e-08,127.75592769764206,-1.2271481000000009,-1.2271481000000009,-1.92233157,2.6271481000000008,0,150,10,5,-2,1,2,8,8,35n,0,4n,8,25,150V_10A_25C
8.885062325069461e-06,1.9046778536233019e-06,1.2522835134731264e-06,167.781622,11.854414666666665,1.0789740178692763e-05,1.2042023692165889e-05,167.781622,11.854414666666665,2.682421000000005e-08,141.24069023674454,0.859209000000007,0.859209000000007,0.146884372,0.5407909999999929,0,150,10,5,0,1,2,8,8,25n,0,4n,8,25,150V_10A_25C
1.1913255889198053e-05,1.1343126431930444e-06,6.784480236184458e-07,174.557421,16.371614,1.3047568532391096e-05,1.3726016556009543e-05,174.557421,16.371614,3.030490999999997e-08,98.3931059607151,4.095095000000001,4.095095000000001,0.20941957,-2.6950950000000007,1,150,10,5,0,8,8,8,1,15n,0,4n,8,25,150V_10A_25C
5.3835939649883385e-06,1.1335034786826634e-06,1.051946702790934e-06,171.746731,14.497820666666673,6.517097443671002e-06,7.569044146461936e-06,171.746731,14.497820666666673,3.0255420000000017e-08,96.98659871858538,2.6043312999999984,2.6043312999999984,0.200577623,-1.2043312999999984,1,150,10,5,0,8,8,8,4,15n,0,4n,8,25,150V_10A_25C
5.187080890748166e-06,1.1332210535184363e-06,1.1095517682773138e-06,171.613502,14.409001333333341,6.3203019442666025e-06,7.429853712543917e-06,171.613502,14.409001333333341,2.742484000000005e-08,96.65235167068904,1.8963707999999997,1.8963707999999997,0.192558163,-0.4963707999999998,1,150,10,5,0,8,8,8,8,15n,0,4n,8,25,150V_10A_25C
6.4598050617542795e-06,1.9027524288591021e-06,1.2110867905691486e-06,135.21994,-9.853373333333328,8.362557490613381e-06,9.57364428118253e-06,166.99688,11.331253333333336,2.9524999999999942e-08,138.14468370966384,1.39386312,1.3103729999999985,1.39386312,-0.06886312000000006,1,150,10,5,0,4,2,8,8,10n,0,4n,8,75,150V_10A_75C
6.183796561948711e-06,1.889324002089212e-06,6.124147239394895e-08,11.7145219,-92.19031873333333,8.073120564037924e-06,8.134362036431872e-06,229.352076,52.90138400000001,4.036315000000002e-08,152.29553361362272,0.976667237,0.8466281999999978,0.976667237,0.34833276299999993,0,150,10,5,0,8,2,8,4,5n,1,4n,8,75,150V_10A_75C
7.540874905067221e-06,1.2349176203158457e-06,1.302875454292068e-06,167.356896,11.571264000000005,8.775792525383068e-06,1.0078667979675136e-05,168.255099,12.170066,2.9375000000000036e-08,124.75372366066858,0.7337657000000064,0.7337657000000064,-1.41826703,0.5912342999999936,0,150,10,5,-2,8,2,8,4,10n,0,4n,8,75,150V_10A_75C
5.633444691997069e-06,1.8894385747065415e-06,9.672765788263563e-08,11.7141042,-92.1905972,7.522883266703611e-06,7.619610924586247e-06,229.367125,52.91141666666666,4.0363549999999986e-08,152.29595746983782,0.9935255999999981,0.9935255999999981,0.976657219,0.33147440000000183,0,150,10,5,0,8,2,8,8,5n,1,4n,8,75,150V_10A_75C
7.854954007838964e-06,1.2345416630491561e-06,1.3403546958573096e-06,167.29958,11.533053333333328,9.08949567088812e-06,1.042985036674543e-05,167.763507,11.842338000000003,2.9375000000000036e-08,124.59991263873516,-0.05620179999999664,-0.05620179999999664,-1.4222208,1.3812017999999966,0,150,10,5,-2,8,2,8,8,10n,0,4n,8,75,150V_10A_75C
5.852599427006871e-06,1.1394158736317575e-06,1.0512482094366765e-06,171.111442,14.074294666666674,6.992015300638629e-06,8.043263510075306e-06,171.111442,14.074294666666674,2.4324999999999975e-08,93.67071967080945,1.1330155999999931,1.1330155999999931,0.102705565,0.19198440000000683,0,150,10,5,0,8,8,8,1,15n,1,4n,8,75,150V_10A_75C
5.63207499533723e-06,1.1397155116491132e-06,1.0662738261102898e-06,136.807371,-8.795086000000007,6.771790506986343e-06,7.838064333096633e-06,170.458275,13.63884999999999,2.722499999999998e-08,92.07304481349439,0.9930039999999991,0.9930039999999991,0.168504512,0.33199600000000085,0,150,10,5,0,8,8,8,8,5n,1,4n,8,75,150V_10A_75C
8.142846607662226e-06,1.2345419208226623e-06,1.3403556713307394e-06,167.2996,11.533066666666665,9.37738852848489e-06,1.0717744199815629e-05,167.763501,11.842333999999994,2.9375000000000036e-08,124.6001494990949,-0.3504976000000113,-0.3504976000000113,-1.42220492,1.6754976000000112,0,150,10,5,-2,6,2,8,8,10n,0,4n,8,75,150V_10A_75C
8.602063096140148e-06,1.2345422522773558e-06,1.3403575828034806e-06,167.29963,11.533086666666671,9.836605348417503e-06,1.1176962931220983e-05,167.763481,11.842320666666675,2.9375000000000036e-08,124.60062350360757,-0.7325150000000065,-0.7325150000000065,-1.42217225,2.0575150000000066,0,150,10,5,-2,4,2,8,8,10n,0,4n,8,75,150V_10A_75C
8.984613936386074e-06,1.2345425744415981e-06,1.3403594750333447e-06,167.299657,11.533104666666665,1.0219156510827673e-05,1.1559515985861018e-05,167.763458,11.842305333333343,2.9375000000000036e-08,124.60109772109516,-0.948285999999996,-0.948285999999996,-1.42213935,2.273285999999996,0,150,10,5,-2,3,2,8,8,10n,0,4n,8,75,150V_10A_75C
9.711454806039117e-06,1.234542626184895e-06,1.3403630936864215e-06,167.299682,11.533121333333327,1.0945997432224011e-05,1.2286360525910433e-05,167.763383,11.842255333333336,2.9375000000000036e-08,124.60204582961073,-1.1880799999999994,-1.1880799999999994,-1.42207095,2.5130799999999995,0,150,10,5,-2,2,2,8,8,10n,0,4n,8,75,150V_10A_75C
1.2052872130690914e-05,1.2346191618428837e-06,1.3403722295906897e-06,167.299439,11.532959333333338,1.3287491292533797e-05,1.4627863522124487e-05,167.762864,11.841909333333339,2.9375000000000036e-08,124.60489267491653,-1.3579029999999932,-1.3579029999999932,-1.42183918,2.6829029999999934,0,150,10,5,-2,1,2,8,8,10n,0,4n,8,75,150V_10A_75C
7.809468765176276e-06,1.234917875837062e-06,1.3028764757802285e-06,167.356917,11.571278000000007,9.044386641013338e-06,1.0347263116793565e-05,168.255089,12.170059333333333,2.9375000000000036e-08,124.7539618986482,0.32287409999999284,0.32287409999999284,-1.4182511,1.0021259000000071,0,150,10,5,-2,6,2,8,4,10n,0,4n,8,75,150V_10A_75C
8.24079664810826e-06,1.2349181856264836e-06,1.302878475287454e-06,167.356948,11.571298666666658,9.475714833734745e-06,1.07785933090222e-05,168.255058,12.17003866666666,2.9375000000000036e-08,124.75443868549488,-0.20803899999999942,-0.20803899999999942,-1.41821822,1.5330389999999994,0,150,10,5,-2,4,2,8,4,10n,0,4n,8,75,150V_10A_75C
8.6142314261401e-06,1.234918419004689e-06,1.3028804648894199e-06,167.356975,11.571316666666672,9.84914984514479e-06,1.115203031003421e-05,168.255024,12.170015999999995,2.9375000000000036e-08,124.7549153551657,-0.508734000000004,-0.508734000000004,-1.41818501,1.833734000000004,0,150,10,5,-2,3,2,8,4,10n,0,4n,8,75,150V_10A_75C
9.342197228497966e-06,1.2349184103572549e-06,1.3028843486720862e-06,167.357,11.571333333333332,1.057711563885522e-05,1.1879999987527306e-05,168.254924,12.169949333333324,2.9375000000000036e-08,124.75586858193203,-0.5647899999999879,-0.5647899999999879,-1.41811612,1.8897899999999879,0,150,10,5,-2,2,2,8,4,10n,0,4n,8,75,150V_10A_75C
1.170218346565239e-05,1.2349954471988278e-06,1.3028949939661006e-06,167.356776,11.571183999999997,1.2937178912851217e-05,1.4240073906817318e-05,168.254321,12.169547333333336,2.9375000000000036e-08,124.75872659662905,-0.7097530000000063,-0.7097530000000063,-1.41788431,2.0347530000000065,0,150,10,5,-2,1,2,8,4,10n,0,4n,8,75,150V_10A_75C
9.959697401610403e-06,1.9027766826843964e-06,1.2109846550922544e-06,135.195902,-9.869398666666674,1.18624740842948e-05,1.3073458739387055e-05,166.997941,11.331960666666664,2.9524999999999942e-08,138.1463561997348,1.39404008,0.8411730000000261,1.39404008,-0.06904007999999995,1,150,10,5,0,1,2,8,8,10n,0,4n,8,75,150V_10A_75C
7.593315473009983e-06,1.9027365936770848e-06,1.211054210571369e-06,135.212192,-9.858538666666675,9.496052066687067e-06,1.0707106277258437e-05,166.997261,11.331507333333338,2.9524999999999942e-08,138.14526100023676,1.3939211,0.8745370000000037,1.3939211,-0.06892110000000007,1,150,10,5,0,2,2,8,8,10n,0,4n,8,75,150V_10A_75C
6.8467849637735656e-06,1.902747590219469e-06,1.2110761252748646e-06,135.217392,-9.855072000000007,8.749532553993035e-06,9.9606086792679e-06,166.997011,11.331340666666657,2.9524999999999942e-08,138.14487886875148,1.39388231,1.1112269999999995,1.39388231,-0.06888231,1,150,10,5,0,3,2,8,8,10n,0,4n,8,75,150V_10A_75C
7.785096018497233e-06,1.2318834494202315e-06,1.301607543836383e-06,169.341778,12.89451866666667,9.016979467917464e-06,1.0318587011753847e-05,169.341778,12.89451866666667,2.3154280000000007e-08,125.88993234948465,-0.03617559999999287,-0.03617559999999287,-1.78319974,1.3611755999999928,0,150,10,5,-2,8,2,8,8,15n,0,4n,8,75,150V_10A_75C
8.082115815916646e-06,1.2318836944238849e-06,1.3016086717470252e-06,169.341771,12.894513999999996,9.31399951034053e-06,1.0615608182087556e-05,169.341771,12.894513999999996,2.3154280000000007e-08,125.8901684881909,-0.3312110999999902,-0.3312110999999902,-1.78319771,1.6562110999999902,0,150,10,5,-2,6,2,8,8,15n,0,4n,8,75,150V_10A_75C
7.787085926464564e-06,1.2328740807517236e-06,1.2592530535833764e-06,169.341778,12.89451866666667,9.019960007216288e-06,1.0279213060799664e-05,169.341778,12.89451866666667,3.225633000000008e-08,125.48850098963258,-0.035937300000000505,-0.035937300000000505,-1.86777705,1.3609373000000005,0,150,10,5,-2,8,2,8,8,25n,0,4n,8,75,150V_10A_75C
8.0823646468072e-06,1.2328743343038838e-06,1.259254028694631e-06,169.341771,12.894513999999996,9.315238981111084e-06,1.0574493009805715e-05,169.341771,12.894513999999996,3.225633000000008e-08,125.48874640135757,-0.3322535000000073,-0.3322535000000073,-1.86777692,1.6572535000000073,0,150,10,5,-2,6,2,8,8,25n,0,4n,8,75,150V_10A_75C
8.556525998102764e-06,1.2318839966162446e-06,1.3016108765978359e-06,169.341748,12.894498666666664,9.788409994719009e-06,1.1090020871316845e-05,169.341748,12.894498666666664,2.3154280000000007e-08,125.89064100016486,-0.710408000000001,-0.710408000000001,-1.78319364,2.035408000000001,0,150,10,5,-2,4,2,8,8,15n,0,4n,8,75,150V_10A_75C
8.948474608460485e-06,1.2318842583447215e-06,1.3017394431706147e-06,169.341723,12.894482000000002,1.0180358866805207e-05,1.1482098309975821e-05,169.341723,12.894482000000002,2.3154280000000007e-08,125.89111354262468,-0.9246359999999925,-0.9246359999999925,-1.78318956,2.2496359999999926,0,150,10,5,-2,3,2,8,8,15n,0,4n,8,75,150V_10A_75C
8.556052641071309e-06,1.2328746573844517e-06,1.2592559713529764e-06,169.341748,12.894498666666664,9.78892729845576e-06,1.1048183269808736e-05,169.341748,12.894498666666664,3.225633000000008e-08,125.48923826438511,-0.7162460000000124,-0.7162460000000124,-1.8677767,2.0412460000000126,0,150,10,5,-2,4,2,8,8,25n,0,4n,8,75,150V_10A_75C
7.77821890237167e-06,1.2371254080836714e-06,2.013324121517188e-06,169.341778,12.89451866666667,9.015344310455341e-06,1.102866843197253e-05,169.341778,12.89451866666667,3.565507e-08,124.44607492344778,-0.044310099999989916,-0.044310099999989916,-1.96229035,1.3693100999999899,0,150,10,5,-2,8,2,8,8,35n,0,4n,8,75,150V_10A_75C
8.07431527411159e-06,1.2371256482887612e-06,2.013323258324504e-06,169.341771,12.894513999999996,9.311440922400351e-06,1.1324764180724856e-05,169.341771,12.894513999999996,3.565507e-08,124.44631791920989,-0.3392649999999975,-0.3392649999999975,-1.96228856,1.6642649999999974,0,150,10,5,-2,6,2,8,8,35n,0,4n,8,75,150V_10A_75C
8.950743616328843e-06,1.232874934410779e-06,1.2592578834832492e-06,169.341723,12.894482000000002,1.0183618550739622e-05,1.1442876434222871e-05,169.341723,12.894482000000002,3.225633000000008e-08,125.48972987429326,-0.9349020000000081,-0.9349020000000081,-1.86777648,2.2599020000000083,0,150,10,5,-2,3,2,8,8,25n,0,4n,8,75,150V_10A_75C
9.684341923729363e-06,1.2318842498670593e-06,1.3016173610432937e-06,169.341642,12.894428000000005,1.0916226173596423e-05,1.2217843534639716e-05,169.341642,12.894428000000005,2.3154280000000007e-08,125.8920594876281,-1.168537999999998,-1.168537999999998,-1.78318144,2.4935379999999983,0,150,10,5,-2,2,2,8,8,15n,0,4n,8,75,150V_10A_75C
8.549139502460306e-06,1.2371259424674481e-06,2.0133198008634557e-06,169.341748,12.894498666666664,9.786265444927755e-06,1.1799585245791211e-05,169.341748,12.894498666666664,3.565507e-08,124.44680495560466,-0.72195099999999,-0.72195099999999,-1.96228485,2.04695099999999,0,150,10,5,-2,4,2,8,8,35n,0,4n,8,75,150V_10A_75C
9.69382038856986e-06,1.2328749740558266e-06,1.2592615852723351e-06,169.341642,12.894428000000005,1.0926695362625685e-05,1.218595694789802e-05,169.341642,12.894428000000005,3.225633000000008e-08,125.49071622266543,-1.1804149999999964,-1.1804149999999964,-1.8677762,2.5054149999999966,0,150,10,5,-2,2,2,8,8,25n,0,4n,8,75,150V_10A_75C
8.943330785179472e-06,1.237126195368601e-06,2.0133159435550647e-06,169.341723,12.894482000000002,1.0180456980548074e-05,1.2193772924103139e-05,169.341723,12.894482000000002,3.565507e-08,124.4472920530123,-0.9363830000000064,-0.9363830000000064,-1.96228109,2.2613830000000066,0,150,10,5,-2,3,2,8,8,35n,0,4n,8,75,150V_10A_75C
9.683010105798795e-06,1.2371261708337928e-06,2.0133032604251278e-06,169.341642,12.894428000000005,1.0920136276632588e-05,1.2933439537057715e-05,169.341642,12.894428000000005,3.565507e-08,124.44826890586273,-1.1745420000000024,-1.1745420000000024,-1.96227323,2.4995420000000026,0,150,10,5,-2,2,2,8,8,35n,0,4n,8,75,150V_10A_75C
1.2026888568846997e-05,1.2319608090148648e-06,1.301629025033466e-06,169.341101,12.89406733333334,1.3258849377861862e-05,1.4560478402895328e-05,169.341101,12.89406733333334,2.3154280000000007e-08,125.8949014479295,-1.3561610000000144,-1.3561610000000144,-1.78315822,2.6811610000000146,0,150,10,5,-2,1,2,8,8,15n,0,4n,8,75,150V_10A_75C
1.2035335401271908e-05,1.2329508491135022e-06,1.259271331670957e-06,169.341101,12.89406733333334,1.326828625038541e-05,1.4527557582056368e-05,169.341101,12.89406733333334,3.2256320000000044e-08,125.49369693540827,-1.35621900000001,-1.35621900000001,-1.86777727,2.6812190000000102,0,150,10,5,-2,1,2,8,8,25n,0,4n,8,75,150V_10A_75C
1.2017455065486562e-05,1.2372026944843165e-06,2.013214413554178e-06,169.341101,12.89406733333334,1.3254657759970879e-05,1.5267872173525057e-05,169.341101,12.89406733333334,3.565507e-08,124.45122045910976,-1.3562899999999871,-1.3562899999999871,-1.96224621,2.6812899999999873,0,150,10,5,-2,1,2,8,8,35n,0,4n,8,75,150V_10A_75C
9.945304326215619e-06,1.9008225996116416e-06,1.247973614095804e-06,167.613492,11.742328000000006,1.1846126925827262e-05,1.3094100539923065e-05,167.613492,11.742328000000006,2.9422909999999976e-08,140.0135682404541,0.8424290000000099,0.8424290000000099,0.128223421,0.4825709999999901,0,150,10,5,0,1,2,8,8,25n,0,4n,8,75,150V_10A_75C
1.3242332217680614e-05,1.1420904016721283e-06,6.550280513035459e-07,174.40499,16.269993333333332,1.4384422619352743e-05,1.5039450670656288e-05,174.40499,16.269993333333332,3.0104810000000016e-08,95.82046603948474,4.087931000000012,4.087931000000012,0.205277797,-2.7629310000000116,1,150,10,5,0,8,8,8,1,15n,0,4n,8,75,150V_10A_75C
6.065710109900439e-06,1.1412883207259296e-06,1.0465221226866139e-06,171.88534,14.590226666666677,7.206998430626368e-06,8.253520553312983e-06,171.88534,14.590226666666677,2.7252040000000024e-08,94.369265186154,2.490938200000002,2.490938200000002,0.192976243,-1.1659382000000023,1,150,10,5,0,8,8,8,4,15n,0,4n,8,75,150V_10A_75C
5.769372610683329e-06,1.140997073462259e-06,1.1047549827926072e-06,171.41289,14.275260000000005,6.9103696841455885e-06,8.015124666938196e-06,171.41289,14.275260000000005,2.7259460000000047e-08,94.06387886307927,1.8234698000000122,1.8234698000000122,0.185437987,-0.4984698000000123,1,150,10,5,0,8,8,8,8,15n,0,4n,8,75,150V_10A_75C
7.021652622505703e-06,1.9079672713112386e-06,1.2717168137712277e-06,151.407836,0.9385573333333355,8.92961989381694e-06,1.0201336707588168e-05,166.664864,11.109909333333329,2.6175000000000008e-08,136.31047786871866,1.2433709999999962,1.2433709999999962,1.23701003,0.006629000000003771,0,150,10,5,0,4,2,8,8,10n,0,4n,8,125,150V_10A_125C
6.767221881906168e-06,1.7628589931718222e-06,7.770557234896786e-08,15.8179113,-89.4547258,8.53008087507799e-06,8.607786447426958e-06,223.91725,49.278166666666664,4.047021000000001e-08,149.9581332779137,0.906740857,0.7842969999999951,0.906740857,0.34325914300000004,0,150,10,5,0,8,2,8,4,5n,1,4n,8,125,150V_10A_125C
8.158883916512718e-06,1.2466596591602234e-06,1.2999973485089405e-06,166.909728,11.273152,9.405543575672942e-06,1.0705540924181883e-05,168.292659,12.19510599999999,2.6275000000000015e-08,121.6515165759264,0.6386021,0.6386021,-1.60240791,0.6113979,0,150,10,5,-2,8,2,8,4,10n,0,4n,8,125,150V_10A_125C
6.1915701523698725e-06,1.7629223344597663e-06,1.1193473252029521e-07,15.8179777,-89.45468153333334,7.954492486829638e-06,8.066427219349934e-06,223.914812,49.27654133333334,4.047079e-08,149.95826500168263,0.9560445999999985,0.9560445999999985,0.906716308,0.29395540000000153,0,150,10,5,0,8,2,8,8,5n,1,4n,8,125,150V_10A_125C
9.333545707089783e-06,1.2463421374998143e-06,1.3383400721205536e-06,166.856766,11.237843999999996,1.0579887844589597e-05,1.1918227916710151e-05,167.877198,11.918131999999996,2.6225000000000117e-08,121.54490406234122,-0.8065780000000018,-0.8065780000000018,-1.60484443,2.056578000000002,0,150,10,5,-2,4,2,8,8,10n,0,4n,8,125,150V_10A_125C
9.746981636148684e-06,1.2463416689459662e-06,1.338342488245066e-06,166.856786,11.237857333333332,1.099332330509465e-05,1.2331665793339717e-05,167.877012,11.918008000000006,2.6225000000000117e-08,121.54559619988873,-1.0180380000000042,-1.0180380000000042,-1.60479649,2.268038000000004,0,150,10,5,-2,3,2,8,8,10n,0,4n,8,125,150V_10A_125C
1.056689956944659e-05,1.2463397830569797e-06,1.3383470592250373e-06,166.856778,11.237851999999993,1.181323935250357e-05,1.3151586411728607e-05,167.876574,11.917716000000004,2.6225000000000117e-08,121.54699503477468,-1.2522579999999977,-1.2522579999999977,-1.60469485,2.5022579999999977,0,150,10,5,-2,2,2,8,8,10n,0,4n,8,125,150V_10A_125C
1.3165198715295245e-05,1.2464369209394912e-06,1.3383596996485403e-06,166.856552,11.237701333333328,1.4411635636234736e-05,1.5749995335883275e-05,167.874987,11.916658000000004,2.6225000000000117e-08,121.55124918689143,-1.3926370000000077,-1.3926370000000077,-1.60436684,2.6426370000000077,0,150,10,5,-2,1,2,8,8,10n,0,4n,8,125,150V_10A_125C
8.541836510619496e-06,1.24634263303782e-06,1.338336403488112e-06,166.856728,11.23781866666667,9.788179143657316e-06,1.1126515547145429e-05,167.877464,11.918309333333337,2.6225000000000117e-08,121.54386815598048,-0.14729859999999917,-0.14729859999999917,-1.60491534,1.3972985999999992,0,150,10,5,-2,8,2,8,8,10n,0,4n,8,125,150V_10A_125C
6.433391038481111e-06,1.1471610985356134e-06,1.0449240964924964e-06,170.869429,13.912952666666664,7.580552137016725e-06,8.625476233509221e-06,170.869429,13.912952666666664,2.412499999999996e-08,91.44669181744325,1.0643230000000017,1.0643230000000017,0.105949833,0.18567699999999832,0,150,10,5,0,8,8,8,1,15n,1,4n,8,125,150V_10A_125C
6.18900215061359e-06,1.147400047449853e-06,1.076711373473703e-06,142.727161,-4.848559333333337,7.336402198063442e-06,8.413113571537146e-06,170.186143,13.457428666666658,2.4224999999999967e-08,89.78805353670231,0.9560587999999939,0.9560587999999939,0.165241608,0.2939412000000061,0,150,10,5,0,8,8,8,8,5n,1,4n,8,125,150V_10A_125C
8.839951468176609e-06,1.2463425438134435e-06,1.3383376457750337e-06,166.856744,11.237829333333329,1.0086294011990052e-05,1.1424631657765086e-05,167.87738,11.918253333333325,2.6225000000000117e-08,121.5442125173285,-0.4352614000000017,-0.4352614000000017,-1.60489209,1.6852614000000017,0,150,10,5,-2,6,2,8,8,10n,0,4n,8,125,150V_10A_125C
8.418425410787717e-06,1.2466595422018597e-06,1.299998654941004e-06,166.909672,11.273114666666666,9.665084952989577e-06,1.096508360793058e-05,168.292567,12.19504466666666,2.6275000000000015e-08,121.65186331279183,0.2428249999999963,0.2428249999999963,-1.60238443,1.0071750000000037,0,150,10,5,-2,6,2,8,4,10n,0,4n,8,125,150V_10A_125C
8.854791960941912e-06,1.2466590721700082e-06,1.3000012395887885e-06,166.909542,11.273027999999991,1.010145103311192e-05,1.1401452272700709e-05,168.292365,12.194909999999993,2.6275000000000015e-08,121.65256040215283,-0.26611400000000174,-0.26611400000000174,-1.60233607,1.5161140000000017,0,150,10,5,-2,4,2,8,4,10n,0,4n,8,125,150V_10A_125C
9.258095158623362e-06,1.246658555629325e-06,1.3000038175376847e-06,166.909538,11.273025333333331,1.0504753714252687e-05,1.1804757531790373e-05,168.29216,12.19477333333333,2.6275000000000015e-08,121.6532581508476,-0.4799370000000067,-0.4799370000000067,-1.60228746,1.7299370000000067,0,150,10,5,-2,3,2,8,4,10n,0,4n,8,125,150V_10A_125C
1.0092082267337901e-05,1.2466566002367753e-06,1.300008823075022e-06,166.909536,11.273024000000001,1.1338738867574676e-05,1.2638747690649698e-05,168.291682,12.194454666666672,2.6275000000000015e-08,121.65466721252103,-0.5631699999999853,-0.5631699999999853,-1.60218476,1.8131699999999853,0,150,10,5,-2,2,2,8,4,10n,0,4n,8,125,150V_10A_125C
1.2773586299945763e-05,1.246754294922599e-06,1.3000232399698205e-06,166.909343,11.272895333333338,1.4020340594868362e-05,1.5320363834838182e-05,168.289977,12.193317999999996,2.6275000000000015e-08,121.65894840962834,-0.7605070000000183,-0.7605070000000183,-1.60185489,2.0105070000000183,0,150,10,5,-2,1,2,8,4,10n,0,4n,8,125,150V_10A_125C
1.0960131029407915e-05,1.907990320293924e-06,1.2716443992370983e-06,151.380325,0.9202166666666661,1.2868121349701839e-05,1.4139765748938936e-05,166.66325,11.108833333333337,2.6175000000000008e-08,136.3130133397429,1.23735529,0.8122720000000072,1.23735529,0.012644710000000003,0,150,10,5,0,1,2,8,8,10n,0,4n,8,125,150V_10A_125C
8.283347042606527e-06,1.907940071867202e-06,1.2716929402475319e-06,151.39873,0.932486666666667,1.019128711447373e-05,1.1462980054721261e-05,166.664341,11.109560666666672,2.6175000000000008e-08,136.31132814055618,1.23712461,0.9043760000000134,1.23712461,0.012875390000000042,0,150,10,5,0,2,2,8,8,10n,0,4n,8,125,150V_10A_125C
7.439603014952451e-06,1.9079580325454473e-06,1.2717087920940608e-06,151.404784,0.9365226666666709,9.3475610474979e-06,1.061926983959196e-05,166.664687,11.109791333333323,2.6175000000000008e-08,136.3107600368488,1.23704837,1.0522260000000045,1.23704837,0.012951630000000103,0,150,10,5,0,3,2,8,8,10n,0,4n,8,125,150V_10A_125C
8.457798129252964e-06,1.243269246512926e-06,1.2941706447753027e-06,169.088863,12.725908666666669,9.70106737576589e-06,1.0995238020541193e-05,169.088863,12.725908666666669,2.5971489999999966e-08,123.0506885759108,-0.10919480000001158,-0.10919480000001158,-1.79361199,1.3591948000000116,0,150,10,5,-2,8,2,8,8,15n,0,4n,8,125,150V_10A_125C
8.761549059633242e-06,1.2432691435435097e-06,1.294172017052579e-06,169.088841,12.725894000000002,1.0004818203176752e-05,1.1298990220229331e-05,169.088841,12.725894000000002,2.5971489999999966e-08,123.05102120013157,-0.39613699999999596,-0.39613699999999596,-1.79361695,1.646136999999996,0,150,10,5,-2,6,2,8,8,15n,0,4n,8,125,150V_10A_125C
8.47050697952312e-06,1.245198259775871e-06,1.2516972404715995e-06,169.088863,12.725908666666669,9.71570523929899e-06,1.096740247977059e-05,169.088863,12.725908666666669,3.2005440000000115e-08,122.4130362973171,-0.116254799999993,-0.116254799999993,-1.88279146,1.366254799999993,0,150,10,5,-2,8,2,8,8,25n,0,4n,8,125,150V_10A_125C
8.771421527406853e-06,1.245198115725898e-06,1.2516985113648216e-06,169.088841,12.725894000000002,1.001661964313275e-05,1.1268318154497572e-05,169.088841,12.725894000000002,3.2005440000000115e-08,122.41338696685206,-0.40372899999999845,-0.40372899999999845,-1.88279005,1.6537289999999985,0,150,10,5,-2,6,2,8,8,25n,0,4n,8,125,150V_10A_125C
8.760428902069587e-06,1.2477422625384124e-06,2.12254417948606e-06,169.088841,12.725894000000002,1.0008171164608e-05,1.213071534409406e-05,169.088841,12.725894000000002,3.5504919999999974e-08,121.44023541475387,-0.41064159999999106,-0.41064159999999106,-1.94269014,1.660641599999991,0,150,10,5,-2,6,2,8,8,35n,0,4n,8,125,150V_10A_125C
9.688672873844484e-06,1.2451971076891468e-06,1.2517036047427037e-06,169.088728,12.725818666666669,1.093386998153363e-05,1.2185573586276333e-05,169.088728,12.725818666666669,3.2005440000000115e-08,122.41479685830528,-0.9863039999999899,-0.9863039999999899,-1.88278427,2.23630399999999,0,150,10,5,-2,3,2,8,8,25n,0,4n,8,125,150V_10A_125C
1.0518913281084693e-05,1.2432657134689651e-06,1.2941826325892117e-06,169.088562,12.725707999999997,1.1762178994553658e-05,1.305636162714287e-05,169.088562,12.725707999999997,2.5971500000000002e-08,123.05370033744356,-1.2115849999999995,-1.2115849999999995,-1.79366049,2.4615849999999995,0,150,10,5,-2,2,2,8,8,15n,0,4n,8,125,150V_10A_125C
9.256711164045968e-06,1.2477417175620197e-06,2.1225328038428136e-06,169.088785,12.725856666666669,1.0504452881607988e-05,1.2626985685450801e-05,169.088785,12.725856666666669,3.5504919999999974e-08,121.44091996534588,-0.7786600000000021,-0.7786600000000021,-1.94269422,2.028660000000002,0,150,10,5,-2,4,2,8,8,35n,0,4n,8,125,150V_10A_125C
9.259619843637257e-06,1.2432687446874817e-06,1.2941747086427277e-06,169.088785,12.725856666666669,1.050288858832474e-05,1.1797063296967467e-05,169.088785,12.725856666666669,2.5971489999999966e-08,123.05168871058368,-0.7644149999999996,-0.7644149999999996,-1.79362726,2.0144149999999996,0,150,10,5,-2,4,2,8,8,15n,0,4n,8,125,150V_10A_125C
9.682870101955235e-06,1.243268302803031e-06,1.2941774120593385e-06,169.088728,12.725818666666669,1.0926138404758266e-05,1.2220315816817605e-05,169.088728,12.725818666666669,2.5971489999999966e-08,123.0523566616004,-0.9730959999999982,-0.9730959999999982,-1.79363765,2.223095999999998,0,150,10,5,-2,3,2,8,8,15n,0,4n,8,125,150V_10A_125C
9.266113449098434e-06,1.2451976336167045e-06,1.251701062758981e-06,169.088785,12.725856666666669,1.0511311082715138e-05,1.176301214547412e-05,169.088785,12.725856666666669,3.2005440000000115e-08,122.41409156277396,-0.7747870000000034,-0.7747870000000034,-1.88278717,2.0247870000000034,0,150,10,5,-2,4,2,8,8,25n,0,4n,8,125,150V_10A_125C
8.464543924306234e-06,1.247742436931588e-06,2.1225489603649083e-06,169.088863,12.725908666666669,9.712286361237822e-06,1.1834835321602731e-05,169.088863,12.725908666666669,3.5504919999999974e-08,121.43989459299074,-0.12169760000000451,-0.12169760000000451,-1.94268816,1.3716976000000045,0,150,10,5,-2,8,2,8,8,35n,0,4n,8,125,150V_10A_125C
1.0525716415053407e-05,1.2451950613867492e-06,1.2517084934967234e-06,169.088562,12.725707999999997,1.1770911476440156e-05,1.3022619969936879e-05,169.088562,12.725707999999997,3.2005440000000115e-08,122.41622361237204,-1.2250180000000057,-1.2250180000000057,-1.88277834,2.4750180000000057,0,150,10,5,-2,2,2,8,8,25n,0,4n,8,125,150V_10A_125C
9.679184434928288e-06,1.2477411278005746e-06,2.1225209923611705e-06,169.088728,12.725818666666669,1.0926925562728863e-05,1.3049446555090033e-05,169.088728,12.725818666666669,3.5504919999999974e-08,121.44160513608591,-0.9863360000000085,-0.9863360000000085,-1.94269832,2.2363360000000085,0,150,10,5,-2,3,2,8,8,35n,0,4n,8,125,150V_10A_125C
1.0513745411639966e-05,1.2477384580787759e-06,2.12248821759246e-06,169.088562,12.725707999999997,1.1761483869718742e-05,1.3883972087311202e-05,169.088562,12.725707999999997,3.550493000000001e-08,121.44298875459111,-1.2185380000000094,-1.2185380000000094,-1.94270725,2.4685380000000094,0,150,10,5,-2,2,2,8,8,35n,0,4n,8,125,150V_10A_125C
1.3140860883387182e-05,1.2433628833707528e-06,1.294197623811121e-06,169.087859,12.725239333333338,1.4384223766757934e-05,1.5678421390569053e-05,169.087859,12.725239333333338,2.5971500000000002e-08,123.05778455526408,-1.3911429999999996,-1.3911429999999996,-1.79373739,2.6411429999999996,0,150,10,5,-2,1,2,8,8,15n,0,4n,8,125,150V_10A_125C
6.684041886732886e-06,1.1485674730644837e-06,1.0400891124217552e-06,171.947658,14.631771999999994,7.83260935979737e-06,8.872698472219125e-06,171.947658,14.631771999999994,2.7052010000000112e-08,92.10826456666636,2.3917782000000045,2.3917782000000045,0.196745498,-1.1417782000000045,1,150,10,5,0,8,8,8,4,15n,0,4n,8,125,150V_10A_125C
6.2924680762420356e-06,1.1483544876771868e-06,1.0993167282943345e-06,171.152989,14.101992666666659,7.440822563919222e-06,8.540139292213556e-06,171.152989,14.101992666666659,2.7073430000000098e-08,91.79301630255634,1.756732900000003,1.756732900000003,0.186582138,-0.5067329000000029,1,150,10,5,0,8,8,8,8,15n,0,4n,8,125,150V_10A_125C
4.454946196348128e-06,3.407560772722213e-06,2.646762607075122e-07,20.6790095,-89.66049525,7.862506969070342e-06,8.127183229777854e-06,229.553064,14.776532000000001,2.5108240000000013e-08,259.6985680929592,3.55667165,1.5033779999999979,3.55667165,-2.1566716500000003,1,200,2,5,0,4,2,8,8,10n,0,4n,8,25,200V_2A_25C
4.311737355411808e-06,2.6521187449956138e-06,7.47040288507037e-09,0.797522719,-99.6012386405,6.963856100407422e-06,6.971326503292492e-06,234.985942,17.492970999999997,2.58316000000001e-08,260.15860614831416,0.9599240000000009,0.9599240000000009,0.935019315,0.440075999999999,0,200,2,5,0,8,2,8,4,5n,1,4n,8,25,200V_2A_25C
1.3145813973475728e-05,1.2452916889704777e-06,1.251722435464029e-06,169.087859,12.725239333333338,1.4391105662446205e-05,1.5642828097910234e-05,169.087859,12.725239333333338,3.2005440000000115e-08,122.4205681245371,-1.3913780000000031,-1.3913780000000031,-1.88276005,2.641378000000003,0,150,10,5,-2,1,2,8,8,25n,0,4n,8,125,150V_10A_125C
1.3126676395260802e-05,1.2478346397500205e-06,2.122353002985344e-06,169.087859,12.725239333333338,1.4374511035010822e-05,1.6496864037996166e-05,169.087859,12.725239333333338,3.550493000000001e-08,121.44720049992804,-1.391447999999997,-1.391447999999997,-1.94273703,2.641447999999997,0,150,10,5,-2,1,2,8,8,35n,0,4n,8,125,150V_10A_125C
1.0946304668489982e-05,1.90585051109146e-06,1.2426890389237219e-06,167.428703,11.619135333333343,1.2852155179581443e-05,1.4094844218505166e-05,167.428703,11.619135333333343,3.195571000000014e-08,138.26428664902056,0.8150090000000034,0.8150090000000034,0.131027302,0.4349909999999966,0,150,10,5,0,1,2,8,8,25n,0,4n,8,125,150V_10A_125C
1.4374891715951802e-05,1.1491848775746043e-06,6.354333131798926e-07,174.183928,16.122618666666675,1.5524076593526405e-05,1.6159509906706298e-05,174.183928,16.122618666666675,2.7104760000000033e-08,93.54673896841376,4.079136999999989,4.079136999999989,0.209803201,-2.8291369999999887,1,150,10,5,0,8,8,8,1,15n,0,4n,8,125,150V_10A_125C
5.898709731915983e-06,1.6820606767143135e-06,7.64045373787687e-07,65.9148695,-67.04256525,7.580770408630296e-06,8.344815782417984e-06,269.790181,34.89509050000001,4.375505000000011e-08,261.6258837590379,1.0014079999999979,1.0014079999999979,0.77313809,0.39859200000000206,0,200,2,5,-2,8,2,8,4,10n,0,4n,8,25,200V_2A_25C
4.153632345347202e-06,2.6521933662227744e-06,1.3020092279585842e-08,0.797492007,-99.6012539965,6.805825711569976e-06,6.818845803849562e-06,234.987235,17.4936175,2.5831610000000136e-08,260.1599444427518,1.0309680000000014,1.0309680000000014,0.935057691,0.3690319999999985,0,200,2,5,0,8,2,8,8,5n,1,4n,8,25,200V_2A_25C
5.716426771694324e-06,1.6821725735891975e-06,7.706154181015469e-07,65.9110371,-67.04448145,7.398599345283521e-06,8.169214763385067e-06,269.609336,34.80466799999999,4.375508000000001e-08,261.4580463981414,0.769195008,0.23489299999999957,0.769195008,0.630804992,0,200,2,5,-2,8,2,8,8,10n,0,4n,8,25,200V_2A_25C
4.192598240967537e-06,1.6556947212673345e-06,1.6018146364774007e-06,178.105125,-10.947437500000005,5.848292962234871e-06,7.4501075987122716e-06,212.663088,6.331543999999995,2.001853000000011e-08,167.72292984297343,1.2854010000000073,1.2854010000000073,0.13939956,0.11459899999999257,0,200,2,5,0,8,8,8,1,15n,1,4n,8,25,200V_2A_25C
4.15329062628886e-06,2.658514778651978e-06,2.605210209311333e-07,21.632072,-89.183964,6.811805404940838e-06,7.072326425871971e-06,247.89595,23.947975,9.620000000000003e-09,231.77390423374982,1.030967000000004,1.030967000000004,0.669895012,0.36903299999999595,0,200,2,5,0,8,8,8,8,5n,1,4n,8,25,200V_2A_25C
5.843253356013777e-06,1.6821732541388477e-06,7.706256517217086e-07,65.9119335,-67.04403325,7.525426610152625e-06,8.296052261874334e-06,269.609382,34.80469099999999,4.375508000000001e-08,261.4578073541616,0.769183646,-0.10295899999999847,0.769183646,0.6308163539999999,0,200,2,5,-2,6,2,8,8,10n,0,4n,8,25,200V_2A_25C
6.021926494511965e-06,1.6821742562337095e-06,7.706397964817601e-07,65.9131439,-67.04342805,7.704100750745674e-06,8.474740547227434e-06,269.609465,34.8047325,4.375508000000001e-08,261.4575639636511,0.769169417,-0.5466640000000211,0.769169417,0.630830583,0,200,2,5,-2,4,2,8,8,10n,0,4n,8,25,200V_2A_25C
6.14809835594667e-06,1.6821749216231295e-06,7.706994897532045e-07,65.9138153,-67.04309235,7.8302732775698e-06,8.600972767323004e-06,269.609539,34.80476949999999,4.375508000000001e-08,261.4575378118434,0.769163042,-0.7925340000000176,0.769163042,0.630836958,0,200,2,5,-2,3,2,8,8,10n,0,4n,8,25,200V_2A_25C
6.338640912883392e-06,1.6821756911193545e-06,7.706550496747945e-07,65.9142705,-67.04286475,8.020816604002747e-06,8.79147165367754e-06,269.609673,34.80483649999999,4.375508000000001e-08,261.4578429499149,0.769163213,-1.0542179999999917,0.769163213,0.6308367869999999,0,200,2,5,-2,2,2,8,8,10n,0,4n,8,25,200V_2A_25C
6.8246884534383e-06,1.682175657327741e-06,7.7063555509136e-07,65.9119162,-67.0440419,8.50686411076604e-06,9.2774996658574e-06,269.610012,34.80500599999999,4.375508000000001e-08,261.46025743311446,0.769217866,-1.2083007999999964,0.769217866,0.6307821339999999,0,200,2,5,-2,1,2,8,8,10n,0,4n,8,25,200V_2A_25C
6.009515265879712e-06,1.6820613527106364e-06,7.640554042163938e-07,65.9157544,-67.0421228,7.691576618590349e-06,8.455632022806743e-06,269.790231,34.8951155,4.375505000000011e-08,261.6256487197597,0.773126933,0.5310670000000073,0.773126933,0.6268730669999999,0,200,2,5,-2,6,2,8,4,10n,0,4n,8,25,200V_2A_25C
6.1781716801187305e-06,1.682062344469111e-06,7.64069295654038e-07,65.9169516,-67.0415242,7.860234024587841e-06,8.62430332024188e-06,269.790318,34.89515900000001,4.375505000000011e-08,261.62540925018277,0.773112945,-0.07231300000000829,0.773112945,0.6268870549999999,0,200,2,5,-2,4,2,8,4,10n,0,4n,8,25,200V_2A_25C
6.278086991244749e-06,1.682063005259183e-06,7.640774543120627e-07,65.9176175,-67.04119125,7.960149996503933e-06,8.724227450815996e-06,269.790395,34.895197499999995,4.375505000000011e-08,261.62538423062017,0.773106677,-0.39085099999999784,0.773106677,0.6268933229999999,0,200,2,5,-2,3,2,8,4,10n,0,4n,8,25,200V_2A_25C
6.412318940806402e-06,1.6820637817575318e-06,7.640843218780701e-07,65.9180725,-67.04096375,8.094382722563933e-06,8.858467044442002e-06,269.790529,34.895264499999996,4.375505000000011e-08,261.6256874590035,0.773106868,-0.4802138899999999,0.773106868,0.626893132,0,200,2,5,-2,2,2,8,4,10n,0,4n,8,25,200V_2A_25C
6.794843977664002e-06,1.682063963147521e-06,7.640679172031529e-07,65.9160051,-67.04199745,8.476907940811523e-06,9.240975858014677e-06,269.790863,34.8954315,4.375505000000011e-08,261.6279801986019,0.773157245,-0.5868644999999972,0.773157245,0.6268427549999999,0,200,2,5,-2,1,2,8,4,10n,0,4n,8,25,200V_2A_25C
5.159604828175479e-06,3.4078497577824088e-06,2.646517889119133e-07,20.6743033,-89.66284835,8.567454585957887e-06,8.8321063748698e-06,229.556597,14.778298500000005,2.5108080000000067e-08,259.70107212827685,3.55686772,0.843874999999997,3.55686772,-2.15686772,1,200,2,5,0,1,2,8,8,10n,0,4n,8,25,200V_2A_25C
4.7409955993772454e-06,3.407639577722923e-06,2.64663202147446e-07,20.6778706,-89.66106469999998,8.148635177100169e-06,8.413298379247615e-06,229.553964,14.776982000000002,2.5108190000000043e-08,259.6993512924011,3.55672957,1.0457979999999907,3.55672957,-2.15672957,1,200,2,5,0,2,2,8,8,10n,0,4n,8,25,200V_2A_25C
4.571970257290125e-06,3.4075820223569884e-06,2.646733968539974e-07,20.678748,-89.66062600000001,7.979552279647114e-06,8.244225676501112e-06,229.553288,14.776644000000006,2.510821999999994e-08,259.6988580277241,3.5566889,1.2864040000000045,3.5566889,-2.1566889000000002,1,200,2,5,0,3,2,8,8,10n,0,4n,8,25,200V_2A_25C
5.726370303577383e-06,1.6749717232074448e-06,1.5138593153057403e-06,150.903791,-24.548104499999994,7.401342026784828e-06,8.915201342090568e-06,231.579126,15.789563000000001,3.710748000000006e-08,181.06218284487613,0.23327700000000107,0.23327700000000107,-0.836743102,1.1667229999999988,0,200,2,5,-2,8,2,8,8,15n,0,4n,8,25,200V_2A_25C
5.84581589170814e-06,1.6749704985950345e-06,1.5139193065586093e-06,150.9056,-24.547200000000004,7.520786390303174e-06,9.034705696861784e-06,231.577774,15.788887000000003,3.710748000000006e-08,181.06202117665842,-0.10751400000000899,-0.10751400000000899,-0.836778106,1.507514000000009,0,200,2,5,-2,6,2,8,8,15n,0,4n,8,25,200V_2A_25C
5.710196334196116e-06,1.657332103160822e-06,1.7563367433190216e-06,205.355603,2.677801500000001,7.367528437356938e-06,9.12386518067596e-06,205.355603,2.677801500000001,1.7975000000000027e-08,165.5356586588315,0.2286409999999961,0.2286409999999961,-1.93658964,1.1713590000000038,0,200,2,5,-2,8,2,8,8,25n,0,4n,8,25,200V_2A_25C
5.841397449991002e-06,1.6573309767630214e-06,1.7563372611312083e-06,205.355698,2.677848999999995,7.498728426754024e-06,9.255065687885233e-06,205.355698,2.677848999999995,1.7975000000000027e-08,165.53687140938735,-0.11013400000001639,-0.11013400000001639,-1.9365902,1.5101340000000163,0,200,2,5,-2,6,2,8,8,25n,0,4n,8,25,200V_2A_25C
6.0363315485751496e-06,1.674968733109759e-06,1.5139380661026384e-06,150.908196,-24.545901999999998,7.711300281684908e-06,9.225238347787547e-06,231.575819,15.787909499999998,3.710748000000006e-08,181.06183823013785,-0.551353000000006,-0.551353000000006,-0.83682814,1.9513530000000059,0,200,2,5,-2,4,2,8,8,15n,0,4n,8,25,200V_2A_25C
6.159826483788587e-06,1.6749676095094268e-06,1.5139031531668269e-06,150.909848,-24.545075999999995,7.834794093298015e-06,9.348697246464842e-06,231.574559,15.787279499999997,3.710748000000006e-08,181.06178489821605,-0.7997790000000009,-0.7997790000000009,-0.836859694,2.199779000000001,0,200,2,5,-2,3,2,8,8,15n,0,4n,8,25,200V_2A_25C
6.024031496773695e-06,1.6573314982137482e-06,1.7563381407405102e-06,205.355844,2.6779219999999953,7.681362994987443e-06,9.437701135727954e-06,205.355844,2.6779219999999953,1.7975000000000027e-08,165.53867035310003,-0.5479950000000144,-0.5479950000000144,-1.93659094,1.9479950000000144,0,200,2,5,-2,4,2,8,8,25n,0,4n,8,25,200V_2A_25C
5.7099424642124656e-06,1.649241158576382e-06,1.7108053169644245e-06,206.073064,3.036531999999994,7.359183622788848e-06,9.069988939753272e-06,206.073064,3.036531999999994,1.7975000000000027e-08,163.0942127158726,0.22626999999999953,0.22626999999999953,-1.96702105,1.1737300000000004,0,200,2,5,-2,8,2,8,8,35n,0,4n,8,25,200V_2A_25C
5.833103551920382e-06,1.6492410602107286e-06,1.7108057812780264e-06,206.073085,3.036542499999996,7.4823446121311105e-06,9.193150393409137e-06,206.073085,3.036542499999996,1.7975000000000027e-08,163.09541096845976,-0.11316800000000171,-0.11316800000000171,-1.96701931,1.5131680000000016,0,200,2,5,-2,6,2,8,8,35n,0,4n,8,25,200V_2A_25C
6.148705160311203e-06,1.6573311158329268e-06,1.7563388768826744e-06,205.355948,2.677974000000006,7.80603627614413e-06,9.562375153026804e-06,205.355948,2.677974000000006,1.7975000000000027e-08,165.53989716256856,-0.79131000000001,-0.79131000000001,-1.93659132,2.19131000000001,0,200,2,5,-2,3,2,8,8,25n,0,4n,8,25,200V_2A_25C
6.3466604907016586e-06,1.6749664209870627e-06,1.5139634274230062e-06,150.911595,-24.544202499999997,8.021626911688721e-06,9.535590339111727e-06,231.573182,15.786591000000001,3.710748000000006e-08,181.06189198774408,-0.836892385,-1.0683249999999873,-0.836892385,2.236892385,0,200,2,5,-2,2,2,8,8,15n,0,4n,8,25,200V_2A_25C
6.022508001973462e-06,1.6492409203930002e-06,1.710806572781453e-06,206.073119,3.0365594999999956,7.671748922366463e-06,9.382555495147916e-06,206.073119,3.0365594999999956,1.7975000000000027e-08,163.09719267889523,-0.5537610000000086,-0.5537610000000086,-1.96701684,1.9537610000000085,0,200,2,5,-2,4,2,8,8,35n,0,4n,8,25,200V_2A_25C
6.328977949542992e-06,1.6573308908513607e-06,1.7563401129374214e-06,205.356091,2.678045499999996,7.986308840394354e-06,9.742648953331776e-06,205.356091,2.678045499999996,1.7975000000000027e-08,165.54140254912733,-1.0558530000000133,-1.0558530000000133,-1.9365915,2.455853000000013,0,200,2,5,-2,2,2,8,8,25n,0,4n,8,25,200V_2A_25C
6.147393072021147e-06,1.6492412237057777e-06,1.7108072540230916e-06,206.073144,3.0365720000000067,7.796634295726924e-06,9.507441549750016e-06,206.073144,3.0365720000000067,1.7975000000000027e-08,163.098400578662,-0.7986779999999953,-0.7986779999999953,-1.96701533,2.1986779999999952,0,200,2,5,-2,3,2,8,8,35n,0,4n,8,25,200V_2A_25C
6.331489819562296e-06,1.64924127894253e-06,1.710808424848375e-06,206.07318,3.036590000000004,7.980731098504825e-06,9.6915395233532e-06,206.07318,3.036590000000004,1.7975000000000027e-08,163.09988549227603,-1.062164000000024,-1.062164000000024,-1.96701386,2.462164000000024,0,200,2,5,-2,2,2,8,8,35n,0,4n,8,25,200V_2A_25C
6.8324661669583175e-06,1.6749672891873085e-06,1.5139572679729693e-06,150.910315,-24.5448425,8.507433456145626e-06,1.0021390724118595e-05,231.573845,15.786922500000003,3.710748000000006e-08,181.0631078263788,-0.836862986,-1.206710600000001,-0.836862986,2.2368629859999998,0,200,2,5,-2,1,2,8,8,15n,0,4n,8,25,200V_2A_25C
6.8053462876296044e-06,1.6573319170457773e-06,1.7563428334618327e-06,205.356237,2.6781184999999965,8.462678204675382e-06,1.0219021038137215e-05,205.356237,2.6781184999999965,1.7975000000000027e-08,165.5419434094656,-1.2068662999999944,-1.2068662999999944,-1.93658961,2.6068662999999943,0,200,2,5,-2,1,2,8,8,25n,0,4n,8,25,200V_2A_25C
6.805993620166256e-06,1.649241853022085e-06,1.710811145083871e-06,206.073234,3.036617000000007,8.455235473188341e-06,1.0166046618272213e-05,206.073234,3.036617000000007,1.7975000000000027e-08,163.10040855130097,-1.2069548999999995,-1.2069548999999995,-1.9670161,2.6069548999999994,0,200,2,5,-2,1,2,8,8,35n,0,4n,8,25,200V_2A_25C
5.138041358037279e-06,1.6661288833947448e-06,1.7123565653405413e-06,203.032816,1.5164079999999984,6.804170241432023e-06,8.516526806772565e-06,203.085609,1.5428045000000026,2.1124999999999946e-08,146.86047220923982,0.8398820000000171,0.8398820000000171,0.081361672,0.5601179999999828,0,200,2,5,0,1,2,8,8,25n,0,4n,8,25,200V_2A_25C
1.0285673260327343e-05,1.6563239431920311e-06,1.5698574625413337e-06,178.161752,-10.919123999999996,1.1941997203519375e-05,1.3511854666060708e-05,212.189749,6.094874500000003,2.0058080000000006e-08,167.57133728349257,4.895071999999999,4.895071999999999,0.237049745,-3.495071999999999,1,200,2,5,0,8,8,8,1,15n,0,4n,8,25,200V_2A_25C
4.5331568333072736e-06,1.6553263235991917e-06,1.6058928978857457e-06,178.109279,-10.945360500000007,6.1884831569064654e-06,7.79437605479221e-06,212.432783,6.216391499999999,2.006541999999995e-08,167.70749402800973,2.935966999999991,2.935966999999991,0.24206945,-1.535966999999991,1,200,2,5,0,8,8,8,4,15n,0,4n,8,25,200V_2A_25C
4.220076500630829e-06,1.6550643344954876e-06,1.6123449232518341e-06,178.100041,-10.949979499999998,5.875140835126317e-06,7.487485758378151e-06,212.517826,6.258913000000007,2.0067370000000036e-08,167.74233826897458,2.117324999999994,2.117324999999994,0.243777431,-0.717324999999994,1,200,2,5,0,8,8,8,8,15n,0,4n,8,25,200V_2A_25C
4.585570159664272e-06,2.971442588162244e-06,2.8233929992120193e-07,22.2712905,-88.86435475,7.557012747826516e-06,7.839352047747718e-06,225.392769,12.696384499999995,2.4938790000000068e-08,255.5488223442497,3.32871717,1.4018350000000055,3.32871717,-2.00371717,1,200,2,5,0,4,2,8,8,10n,0,4n,8,75,200V_2A_75C
4.426038712863036e-06,2.3640355952787113e-06,7.1999802615226006e-09,0.901199663,-99.5494001685,6.7900743081417476e-06,6.79727428840327e-06,234.056279,17.028139499999995,2.57812800000001e-08,258.1894739697496,0.92380334,0.8948990000000094,0.92380334,0.40119666,0,200,2,5,0,8,2,8,4,5n,1,4n,8,75,200V_2A_75C
6.117443270526839e-06,1.676339686737805e-06,7.730337020529521e-07,66.8962202,-66.55188989999999,7.793782957264643e-06,8.566816659317596e-06,261.894835,30.9474175,4.100505000000001e-08,252.01626918661378,0.7966040000000021,0.7966040000000021,0.609877338,0.5283959999999979,0,200,2,5,-2,8,2,8,4,10n,0,4n,8,75,200V_2A_75C
4.331940531426368e-06,2.36409802079512e-06,1.245918896415837e-08,0.901171102,-99.549414449,6.696038552221488e-06,6.708497741185646e-06,234.056532,17.028266000000002,2.57812800000001e-08,258.19030144508633,0.9631880000000024,0.9631880000000024,0.923792578,0.3618119999999976,0,200,2,5,0,8,2,8,8,5n,1,4n,8,75,200V_2A_75C
5.937502606110849e-06,1.6764516391254502e-06,7.798620373410986e-07,66.8919594,-66.55402029999999,7.6139542452362995e-06,8.393816282577397e-06,261.70527,30.852634999999992,4.1005070000000084e-08,251.8687339105694,0.604600808,0.1054460000000006,0.604600808,0.7203991919999999,0,200,2,5,-2,8,2,8,8,10n,0,4n,8,75,200V_2A_75C
4.334064849301222e-06,1.6561576155420088e-06,1.6038897249845178e-06,178.37253,-10.813734999999994,5.990222464843231e-06,7.5941121898277485e-06,212.116775,6.058387499999994,1.7368620000000132e-08,167.44627788157305,1.2161299999999926,1.2161299999999926,0.132249251,0.10887000000000735,0,200,2,5,0,8,8,8,1,15n,1,4n,8,75,200V_2A_75C
4.331584432019373e-06,2.369303310059859e-06,2.6316387340723084e-07,21.9094819,-89.04525905,6.700887742079232e-06,6.964051615486462e-06,236.480084,18.240042000000003,7.920350000000086e-09,229.44382159771467,0.9634199999999851,0.9634199999999851,0.6257294,0.3615800000000149,0,200,2,5,0,8,8,8,8,5n,1,4n,8,75,200V_2A_75C
6.042253243095021e-06,1.6764522318921142e-06,7.798697787183263e-07,66.8926156,-66.5536922,7.718705474987135e-06,8.498575253705462e-06,261.705409,30.852704499999987,4.1005070000000084e-08,251.8687284820014,0.604594393,-0.22441499999999337,0.604594393,0.720405607,0,200,2,5,-2,6,2,8,8,10n,0,4n,8,75,200V_2A_75C
6.217520962291373e-06,1.6764530404735463e-06,7.798788900816675e-07,66.8933371,-66.55333145,7.89397400276492e-06,8.673852892846588e-06,261.705614,30.852807000000013,4.1005070000000084e-08,251.86888808887892,0.60458972,-0.6481410000000096,0.60458972,0.72041028,0,200,2,5,-2,4,2,8,8,10n,0,4n,8,75,200V_2A_75C
6.332323526654913e-06,1.6764535494060501e-06,7.798830879168245e-07,66.893603,-66.55319850000001,8.008777076060962e-06,8.788660163977788e-06,261.705763,30.852881499999995,4.1005070000000084e-08,251.86917883607944,0.604591329,-0.8816380000000095,0.604591329,0.720408671,0,200,2,5,-2,3,2,8,8,10n,0,4n,8,75,200V_2A_75C
6.516553268444581e-06,1.6764540291742569e-06,7.798823193694914e-07,66.8932851,-66.55335745,8.193007297618838e-06,8.97288961698833e-06,261.705955,30.852977500000005,4.1005070000000084e-08,251.87000494903353,0.604606254,-1.1305150000000026,0.604606254,0.720393746,0,200,2,5,-2,2,2,8,8,10n,0,4n,8,75,200V_2A_75C
7.027770850411291e-06,1.6764531178790047e-06,7.798405019617328e-07,66.8886673,-66.55566635,8.704223968290296e-06,9.48406447025203e-06,261.706076,30.853037999999998,4.1005070000000084e-08,251.873537758071,0.604701475,-1.3086391999999947,0.604701475,0.7202985249999999,0,200,2,5,-2,1,2,8,8,10n,0,4n,8,75,200V_2A_75C
6.226549027132291e-06,1.6763402723926744e-06,7.731059091011644e-07,66.8968671,-66.55156645,7.902889299524965e-06,8.67599520862613e-06,261.894975,30.947487499999994,4.100505000000001e-08,252.01626613835663,0.609871082,0.3391859999999838,0.609871082,0.715128918,0,200,2,5,-2,6,2,8,4,10n,0,4n,8,75,200V_2A_75C
6.3819783777440565e-06,1.6763410661224514e-06,7.730500809528546e-07,66.8975715,-66.55121425,8.058319443866507e-06,8.831369524819361e-06,261.895181,30.947590499999986,4.100505000000001e-08,252.01642966738092,0.609866668,-0.23693399999999087,0.609866668,0.715133332,0,200,2,5,-2,4,2,8,4,10n,0,4n,8,75,200V_2A_75C
6.474510437274103e-06,1.6763415777460932e-06,7.730540631113594e-07,66.8978241,-66.55108795000001,8.150852015020197e-06,8.923906078131557e-06,261.895328,30.947664000000003,4.100505000000001e-08,252.01672343066213,0.609868458,-0.5387000000000057,0.609868458,0.715131542,0,200,2,5,-2,3,2,8,4,10n,0,4n,8,75,200V_2A_75C
6.61375810645977e-06,1.676342064510617e-06,7.730532564631285e-07,66.8975099,-66.55124505,8.290100170970387e-06,9.063153427433516e-06,261.895518,30.94775899999999,4.100505000000001e-08,252.01754598295116,0.609883276,-0.5743215999999975,0.609883276,0.7151167239999999,0,200,2,5,-2,2,2,8,4,10n,0,4n,8,75,200V_2A_75C
7.022630231163296e-06,1.676341443861639e-06,7.7301576333918e-07,66.8932895,-66.55335525000001,8.698971675024935e-06,9.471987438364115e-06,261.895667,30.9478335,4.100505000000001e-08,252.0209558248568,0.609972662,-0.6995328000000001,0.609972662,0.715027338,0,200,2,5,-2,1,2,8,4,10n,0,4n,8,75,200V_2A_75C
5.313363904615694e-06,2.9717692894410542e-06,2.8227959237623484e-07,22.2635492,-88.86822539999999,8.285133194056749e-06,8.567412786432985e-06,225.397401,12.6987005,2.4938620000000086e-08,255.55292314790404,3.32897304,0.7926209999999969,3.32897304,-2.00397304,1,200,2,5,0,1,2,8,8,10n,0,4n,8,75,200V_2A_75C
4.847614284644361e-06,2.971540405750466e-06,2.8231462973724345e-07,22.2691074,-88.8654463,7.819154690394828e-06,8.101469320132071e-06,225.394101,12.697050500000003,2.4938740000000098e-08,255.5500847680891,3.32879581,0.9575940000000003,3.32879581,-2.0037958099999997,1,200,2,5,0,2,2,8,8,10n,0,4n,8,75,200V_2A_75C
4.68814390418292e-06,2.971471684631165e-06,2.823618989298296e-07,22.2706974,-88.8646513,7.659615588814086e-06,7.941977487743916e-06,225.393141,12.696570500000007,2.493878000000003e-08,255.54916101073746,3.32874111,1.1913720000000012,3.32874111,-2.00374111,1,200,2,5,0,3,2,8,8,10n,0,4n,8,75,200V_2A_75C
5.920642052194084e-06,1.674556153752999e-06,1.5199011213195065e-06,151.798808,-24.100595999999996,7.5951982059470835e-06,9.11509932726659e-06,229.890556,14.945278000000004,3.4407569999999975e-08,179.77487526586185,0.10285999999999262,0.10285999999999262,-0.904785804,1.2221400000000073,0,200,2,5,-2,8,2,8,8,15n,0,4n,8,75,200V_2A_75C
6.037598725418595e-06,1.6745552677823585e-06,1.5199116267599921e-06,151.800264,-24.099868,7.712153993200954e-06,9.232065619960946e-06,229.889545,14.9447725,3.4407569999999975e-08,179.7748731683034,-0.2290450000000135,-0.2290450000000135,-0.904811013,1.5540450000000134,0,200,2,5,-2,6,2,8,8,15n,0,4n,8,75,200V_2A_75C
5.906299873458632e-06,1.658651443781429e-06,1.7571601370393784e-06,205.354586,2.677293000000006,7.564951317240062e-06,9.32211145427944e-06,205.410308,2.705153999999993,1.792500000000013e-08,165.62269712343942,0.09936900000001003,0.09936900000001003,-1.94177147,1.22563099999999,0,200,2,5,-2,8,2,8,8,25n,0,4n,8,75,200V_2A_75C
6.025220222219052e-06,1.6586514569827958e-06,1.757160731819046e-06,205.354668,2.677334000000002,7.683871679201848e-06,9.441032411020894e-06,205.410478,2.705239000000006,1.792500000000013e-08,165.62372368319265,-0.22918099999998276,-0.22918099999998276,-1.9417732,1.5541809999999827,0,200,2,5,-2,6,2,8,8,25n,0,4n,8,75,200V_2A_75C
6.21244851514978e-06,1.6745541192290152e-06,1.5199255354027506e-06,151.802162,-24.098918999999995,7.887002634378795e-06,9.406928169781545e-06,229.88821,14.944104999999993,3.4407569999999975e-08,179.77495925200455,-0.6522790000000214,-0.6522790000000214,-0.90484332,1.9772790000000213,0,200,2,5,-2,4,2,8,8,15n,0,4n,8,75,200V_2A_75C
6.329041569325083e-06,1.6745534529762946e-06,1.519933962760507e-06,151.803276,-24.098361999999995,8.003595022301377e-06,9.523528985061883e-06,229.887405,14.943702499999999,3.4407569999999975e-08,179.77511537426864,-0.8910720000000083,-0.8910720000000083,-0.904861671,2.2160720000000085,0,200,2,5,-2,3,2,8,8,15n,0,4n,8,75,200V_2A_75C
6.198579688306556e-06,1.658651530027899e-06,1.7571617643200869e-06,205.354791,2.677395500000003,7.857231218334455e-06,9.614392982654542e-06,205.410699,2.705349499999997,1.792500000000013e-08,165.6251686026022,-0.6471920000000182,-0.6471920000000182,-1.94177529,1.9721920000000182,0,200,2,5,-2,4,2,8,8,25n,0,4n,8,75,200V_2A_75C
5.90665607464377e-06,1.6501812855357713e-06,1.7101705697037872e-06,206.110617,3.0553084999999953,7.556837360179541e-06,9.267007929883327e-06,206.110617,3.0553084999999953,1.792500000000013e-08,163.17081636968675,0.09684000000000026,0.09684000000000026,-1.96431796,1.2281599999999997,0,200,2,5,-2,8,2,8,8,35n,0,4n,8,75,200V_2A_75C
6.023263122534406e-06,1.650181270180428e-06,1.7101710700570617e-06,206.110653,3.0553265000000067,7.673444392714834e-06,9.383615462771896e-06,206.110653,3.0553265000000067,1.792500000000013e-08,163.17183583648367,-0.23366300000000706,-0.23366300000000706,-1.96431615,1.558663000000007,0,200,2,5,-2,6,2,8,8,35n,0,4n,8,75,200V_2A_75C
6.315018035599878e-06,1.6586515454373375e-06,1.7571626597289295e-06,205.354882,2.6774410000000017,7.973669581037215e-06,9.730832240766145e-06,205.410829,2.7054145000000034,1.792500000000013e-08,165.62614424056443,-0.8803299999999865,-0.8803299999999865,-1.94177635,2.2053299999999867,0,200,2,5,-2,3,2,8,8,25n,0,4n,8,75,200V_2A_75C
6.5163885103952815e-06,1.6745530225183902e-06,1.5199405989452184e-06,151.804044,-24.097977999999998,8.19094153291367e-06,9.710882131858889e-06,229.886782,14.943391000000005,3.4407569999999975e-08,179.77555768824624,-0.904872348,-1.1501420000000167,-0.904872348,2.229872348,0,200,2,5,-2,2,2,8,8,15n,0,4n,8,75,200V_2A_75C
6.196992657496494e-06,1.6501812892864721e-06,1.7101719702889718e-06,206.110705,3.055352499999998,7.847173946782967e-06,9.557345917071939e-06,206.110705,3.055352499999998,1.792500000000013e-08,163.17326972060422,-0.6534440000000075,-0.6534440000000075,-1.96431385,1.9784440000000074,0,200,2,5,-2,4,2,8,8,35n,0,4n,8,75,200V_2A_75C
7.00981560616889e-06,1.6586526533661905e-06,1.7571678340744193e-06,205.355116,2.6775580000000048,8.66846825953508e-06,1.04256360936095e-05,205.410471,2.7052355000000006,1.792500000000013e-08,165.62670086950297,-1.3072070000000053,-1.3072070000000053,-1.9417687,2.6322070000000055,0,200,2,5,-2,1,2,8,8,25n,0,4n,8,75,200V_2A_75C
7.008184759275634e-06,1.6501824367793424e-06,1.7101779605041793e-06,206.110821,3.0554104999999936,8.658367196054976e-06,1.0368545156559155e-05,206.110821,3.0554104999999936,1.792500000000013e-08,163.17474663356427,-1.3070996000000008,-1.3070996000000008,-1.96431849,2.632099600000001,0,200,2,5,-2,1,2,8,8,35n,0,4n,8,75,200V_2A_75C
5.288763440715592e-06,1.6687371962558489e-06,1.7130247571222062e-06,203.050788,1.5253940000000057,6.95750063697144e-06,8.670525394093647e-06,203.338666,1.6693329999999946,2.097500000000004e-08,147.8096287895847,0.787934000000007,0.787934000000007,0.0706163041,0.5370659999999929,0,200,2,5,0,1,2,8,8,25n,0,4n,8,75,200V_2A_75C
9.942136407548172e-06,1.6567560650305096e-06,1.571869165724915e-06,178.434278,-10.782860999999999,1.1598892472578682e-05,1.3170761638303596e-05,211.689105,5.844552500000007,1.740811000000002e-08,167.30358701252646,4.72018300000002,4.72018300000002,0.225614551,-3.39518300000002,1,200,2,5,0,8,8,8,1,15n,0,4n,8,75,200V_2A_75C
6.496455608567279e-06,1.6586518077391282e-06,1.7571642187376517e-06,205.355005,2.677502500000003,8.155107416306407e-06,9.912271635044059e-06,205.410921,2.705460500000001,1.792500000000013e-08,165.62722555794556,-1.135093999999981,-1.135093999999981,-1.94177651,2.460093999999981,0,200,2,5,-2,2,2,8,8,25n,0,4n,8,75,200V_2A_75C
6.313640640473815e-06,1.6501815763150704e-06,1.7101727756384816e-06,206.110743,3.055371500000007,7.963822216788886e-06,9.673994992427367e-06,206.110743,3.055371500000007,1.792500000000013e-08,163.1742345766622,-0.8882330000000138,-0.8882330000000138,-1.96431258,2.213233000000014,0,200,2,5,-2,3,2,8,8,35n,0,4n,8,75,200V_2A_75C
6.497698915375283e-06,1.6501817687980277e-06,1.7101742442924457e-06,206.110792,3.0553960000000018,8.147880684173312e-06,9.858054928465757e-06,206.110792,3.0553960000000018,1.792500000000013e-08,163.1752996563139,-1.1423449999999775,-1.1423449999999775,-1.96431197,2.4673449999999777,0,200,2,5,-2,2,2,8,8,35n,0,4n,8,75,200V_2A_75C
7.036687498425096e-06,1.674555597346723e-06,1.5199164358808601e-06,151.800047,-24.099976499999997,8.71124309577182e-06,1.023115953165268e-05,229.889175,14.944587499999997,3.4407569999999975e-08,179.77744600388033,-0.904792208,-1.3069967999999932,-0.904792208,2.229792208,0,200,2,5,-2,1,2,8,8,15n,0,4n,8,75,200V_2A_75C
4.706773378910715e-06,1.655880359431606e-06,1.6077532753123016e-06,178.379164,-10.810418,6.3626537383423205e-06,7.970407013654622e-06,211.895654,5.947827000000005,1.7415480000000074e-08,167.427016177918,2.7709859999999935,2.7709859999999935,0.2298319,-1.4459859999999936,1,200,2,5,0,8,8,8,4,15n,0,4n,8,75,200V_2A_75C
4.373092972344535e-06,1.6556493352386052e-06,1.6142336178212463e-06,178.366266,-10.816867000000002,6.0287423075831405e-06,7.642975925404387e-06,211.963629,5.981814499999998,1.7367440000000087e-08,167.46171320602716,2.0048329999999908,2.0048329999999908,0.231571411,-0.6798329999999908,1,200,2,5,0,8,8,8,8,15n,0,4n,8,75,200V_2A_75C
4.67363084993498e-06,2.729217965605245e-06,2.948993889345063e-07,23.4519983,-88.27400085,7.402848815540226e-06,7.697748204474733e-06,222.208239,11.104119499999998,2.224657999999996e-08,252.21026314422687,3.15785004,1.3253799999999956,3.15785004,-1.90785004,1,200,2,5,0,4,2,8,8,10n,0,4n,8,125,200V_2A_125C
4.506695032754158e-06,2.1990619932394655e-06,6.906227051948436e-09,0.996457195,-99.5017714025,6.7057570259936235e-06,6.712663253045572e-06,233.590627,16.795313500000006,2.5780990000000107e-08,256.6231119224111,0.917321161,0.8407370000000185,0.917321161,0.33267883899999995,0,200,2,5,0,8,2,8,4,5n,1,4n,8,125,200V_2A_125C
6.262547768673526e-06,1.6731288162332352e-06,7.803424332018107e-07,67.7038416,-66.1480792,7.93567658490676e-06,8.716019018108571e-06,255.828794,27.914396999999994,4.085504000000007e-08,245.18833812600707,0.6302589999999952,0.6302589999999952,0.479594472,0.6197410000000048,0,200,2,5,-2,8,2,8,4,10n,0,4n,8,125,200V_2A_125C
4.457080677872836e-06,2.199114823981778e-06,1.1916411194171182e-08,0.996428627,-99.5017856865,6.656195501854614e-06,6.668111913048786e-06,233.590684,16.795342000000005,2.5781000000000143e-08,256.6239872152411,0.917310637,0.9099009999999907,0.917310637,0.33268936299999996,0,200,2,5,0,8,2,8,8,5n,1,4n,8,125,200V_2A_125C
6.090535530147274e-06,1.6731911850046665e-06,7.873590008418482e-07,67.6992215,-66.15038925,7.763726715151941e-06,8.55108571599379e-06,255.629112,27.814555999999996,4.085506000000014e-08,245.05940050372195,0.475724091,-0.006579999999985375,0.475724091,0.774275909,0,200,2,5,-2,8,2,8,8,10n,0,4n,8,125,200V_2A_125C
4.435966189687087e-06,1.656544291350468e-06,1.6053686626691657e-06,178.579142,-10.710429000000003,6.092510481037555e-06,7.697879143706721e-06,211.700053,5.850026499999999,1.7368680000000138e-08,167.2438987450267,1.1629309999999862,1.1629309999999862,0.126957224,0.08706900000001383,0,200,2,5,0,8,8,8,1,15n,1,4n,8,125,200V_2A_125C
4.45549545660954e-06,2.1933091419428873e-06,2.6524541361419207e-07,22.1279974,-88.9360013,6.648804598552427e-06,6.914050012166619e-06,227.846238,13.923119,7.97062999999994e-09,228.03421170142173,0.910301000000004,0.910301000000004,0.591290208,0.339698999999996,0,200,2,5,0,8,8,8,8,5n,1,4n,8,125,200V_2A_125C
6.189103056883172e-06,1.6731916662863625e-06,7.873642991687124e-07,67.69964,-66.15018,7.862294723169535e-06,8.649659022338247e-06,255.629274,27.814637,4.085506000000014e-08,245.0595538712895,0.475722345,-0.32383500000000254,0.475722345,0.774277655,0,200,2,5,-2,6,2,8,8,10n,0,4n,8,125,200V_2A_125C
6.354122852959569e-06,1.6731922841242507e-06,7.873251285493677e-07,67.6999263,-66.15003684999999,8.02731513708382e-06,8.814640265633188e-06,255.629495,27.814747499999996,4.085506000000014e-08,245.05997965824895,0.475725865,-0.728305000000006,0.475725865,0.774274135,0,200,2,5,-2,4,2,8,8,10n,0,4n,8,125,200V_2A_125C
6.465048956211855e-06,1.6731926277177096e-06,7.87325089442284e-07,67.6997725,-66.15011375,8.138241583929564e-06,8.925566673371847e-06,255.629634,27.814817,4.085506000000014e-08,245.06050034514558,0.475734982,-0.9522029999999972,0.475734982,0.774265018,0,200,2,5,-2,3,2,8,8,10n,0,4n,8,125,200V_2A_125C
6.654387032265236e-06,1.673192798050047e-06,7.873162441222525e-07,67.6986475,-66.15067625,8.327579830315284e-06,9.114896074437537e-06,255.629759,27.814879500000004,4.085506000000014e-08,245.06171823409682,0.475763602,-1.1905410000000245,0.475763602,0.774236398,0,200,2,5,-2,2,2,8,8,10n,0,4n,8,125,200V_2A_125C
7.188409829986791e-06,1.6731911030191471e-06,7.872957003640583e-07,67.6917434,-66.1541283,8.861600933005938e-06,9.648896633369995e-06,255.62947,27.814735,4.085506000000014e-08,245.06613336194135,0.475894254,-1.3593338000000017,0.475894254,0.774105746,0,200,2,5,-2,1,2,8,8,10n,0,4n,8,125,200V_2A_125C
6.364434144099218e-06,1.6731292862279203e-06,7.80347465787701e-07,67.7042424,-66.1478788,8.037563430327138e-06,8.817910896114839e-06,255.828954,27.914477000000005,4.085504000000007e-08,245.18849500743133,0.479592972,0.19140000000001578,0.479592972,0.7704070279999999,0,200,2,5,-2,6,2,8,4,10n,0,4n,8,125,200V_2A_125C
6.511027334641493e-06,1.6731299031038192e-06,7.803520032339056e-07,67.7045245,-66.14773775,8.184157237745312e-06,8.964509240979218e-06,255.829174,27.914586999999997,4.085504000000007e-08,245.18892080109353,0.479596565,-0.35718299999999203,0.479596565,0.770403435,0,200,2,5,-2,4,2,8,4,10n,0,4n,8,125,200V_2A_125C
6.605859661339558e-06,1.6731302338055563e-06,7.802889202594545e-07,67.7043446,-66.1478277,8.278989895145115e-06,9.059278815404569e-06,255.829306,27.914653,4.085504000000007e-08,245.1894458663918,0.479606011,-0.6355838000000027,0.479606011,0.770393989,0,200,2,5,-2,3,2,8,4,10n,0,4n,8,125,200V_2A_125C
6.758337059219537e-06,1.6731304271157338e-06,7.802801709519131e-07,67.7032337,-66.14838315,8.431467486335271e-06,9.211747657287185e-06,255.829426,27.914713000000006,4.085504000000007e-08,245.19065763757322,0.479634411,-0.605485299999998,0.479634411,0.7703655890000001,0,200,2,5,-2,2,2,8,4,10n,0,4n,8,125,200V_2A_125C
7.198321513761363e-06,1.6731291020449785e-06,7.802215729694396e-07,67.6968595,-66.15157024999999,8.871450615806342e-06,9.651672188775781e-06,255.829202,27.914601,4.085504000000007e-08,245.1949462859286,0.47975807,-0.7587192000000016,0.47975807,0.7702419300000001,0,200,2,5,-2,1,2,8,4,10n,0,4n,8,125,200V_2A_125C
5.439205971401605e-06,2.7295688614413784e-06,2.9474847525056144e-07,23.4411932,-88.2794034,8.168774832842983e-06,8.463523308093544e-06,222.216092,11.108046000000002,2.2246409999999978e-08,252.21586273509712,3.15811574,0.7562960000000203,3.15811574,-1.90811574,1,200,2,5,0,1,2,8,8,10n,0,4n,8,125,200V_2A_125C
4.931744117106184e-06,2.7293286469995342e-06,2.9483396968717935e-07,23.4486965,-88.27565175,7.661072764105718e-06,7.955906733792898e-06,222.210643,11.105321500000002,2.224652999999999e-08,252.2120250563136,3.15793514,0.8919999999999959,3.15793514,-1.9079351400000002,1,200,2,5,0,2,2,8,8,10n,0,4n,8,125,200V_2A_125C
4.769200097498136e-06,2.7292517798922433e-06,2.948604004179101e-07,23.451029,-88.2744855,7.498451877390379e-06,7.793312277808289e-06,222.208947,11.104473499999997,2.22465600000001e-08,252.21087011435966,3.15787686,1.1209360000000004,3.15787686,-1.90787686,1,200,2,5,0,3,2,8,8,10n,0,4n,8,125,200V_2A_125C
6.057103670152316e-06,1.6740602677215829e-06,1.5245690736586335e-06,152.527174,-23.736413,7.731163937873899e-06,9.255733011532532e-06,228.54212,14.271060000000007,3.435763000000008e-08,178.81707875575327,0.00223199999999224,0.00223199999999224,-0.955490476,1.2477680000000078,0,200,2,5,-2,8,2,8,8,15n,0,4n,8,125,200V_2A_125C
6.167809605490762e-06,1.6740596654907517e-06,1.524577283147847e-06,152.528298,-23.735850999999997,7.841869270981514e-06,9.36644655412936e-06,228.541341,14.270670499999994,3.435763000000008e-08,178.81718592575493,-0.3180629999999951,-0.3180629999999951,-0.955509217,1.568062999999995,0,200,2,5,-2,6,2,8,8,15n,0,4n,8,125,200V_2A_125C
6.313796443892376e-06,1.6595038009980813e-06,1.7574159403077454e-06,205.354335,2.677167499999996,7.973300244890458e-06,9.730716185198203e-06,205.473457,2.736728499999998,1.787500000000002e-08,165.69623493365296,-0.7243650000000059,-0.7243650000000059,-1.94678819,1.974365000000006,0,200,2,5,-2,4,2,8,8,25n,0,4n,8,125,200V_2A_125C
6.043430483532799e-06,1.6513948799471877e-06,1.7093552811275568e-06,206.122534,3.061267000000001,7.694825363479988e-06,9.404180644607544e-06,206.122534,3.061267000000001,1.787500000000002e-08,163.2445065961938,-0.004314999999991187,-0.004314999999991187,-1.96119173,1.2543149999999912,0,200,2,5,-2,8,2,8,8,35n,0,4n,8,125,200V_2A_125C
6.154066331614131e-06,1.6513949230044828e-06,1.7093558402223402e-06,206.122562,3.061280999999994,7.805461254618614e-06,9.514817094840953e-06,206.122562,3.061280999999994,1.787500000000002e-08,163.2453638613634,-0.323174999999992,-0.323174999999992,-1.96119038,1.573174999999992,0,200,2,5,-2,6,2,8,8,35n,0,4n,8,125,200V_2A_125C
6.4334432357963706e-06,1.659503929099968e-06,1.7574169828317826e-06,205.354415,2.6772074999999944,8.09294716489634e-06,9.850364147728122e-06,205.473524,2.736761999999999,1.787500000000002e-08,165.69697012395383,-0.947671999999983,-0.947671999999983,-1.94678849,2.197671999999983,0,200,2,5,-2,3,2,8,8,25n,0,4n,8,125,200V_2A_125C
6.643752962934339e-06,1.674058943982647e-06,1.5245918298661302e-06,152.529941,-23.735029499999996,8.317811906916986e-06,9.842403736783116e-06,228.540024,14.270011999999994,3.435763000000008e-08,178.8184462631659,-0.955529115,-1.2100529999999878,-0.955529115,2.205529115,0,200,2,5,-2,2,2,8,8,15n,0,4n,8,125,200V_2A_125C
6.311539922447507e-06,1.651395037691559e-06,1.709356871089737e-06,206.122604,3.0613019999999977,7.962934960139067e-06,9.672291831228804e-06,206.122604,3.0613019999999977,1.787500000000002e-08,163.24652912491223,-0.7312430000000063,-0.7312430000000063,-1.96118887,1.9812430000000063,0,200,2,5,-2,4,2,8,8,35n,0,4n,8,125,200V_2A_125C
6.624031111014233e-06,1.6595042786837515e-06,1.7574188310549563e-06,205.354517,2.6772584999999935,8.283535389697984e-06,1.004095422075294e-05,205.473503,2.736751499999997,1.787500000000002e-08,165.69762522321244,-1.1943990000000042,-1.1943990000000042,-1.94678691,2.444399000000004,0,200,2,5,-2,2,2,8,8,25n,0,4n,8,125,200V_2A_125C
6.4319119758369805e-06,1.651395178383544e-06,1.7093578293766572e-06,206.122637,3.0613184999999987,8.083307154220524e-06,9.792664983597181e-06,206.122637,3.0613184999999987,1.787500000000002e-08,163.24725550685665,-0.9563520000000096,-0.9563520000000096,-1.96118834,2.2063520000000096,0,200,2,5,-2,3,2,8,8,35n,0,4n,8,125,200V_2A_125C
6.045105806267174e-06,1.6595035966341141e-06,1.7574140918872965e-06,205.354151,2.677075500000001,7.704609402901288e-06,9.462023494788585e-06,205.47318,2.7365900000000067,1.787500000000002e-08,165.6941971357361,-0.0007999999999981355,-0.0007999999999981355,-1.94678522,1.2507999999999981,0,200,2,5,-2,8,2,8,8,25n,0,4n,8,125,200V_2A_125C
6.156202189683467e-06,1.6595036052873515e-06,1.7574147615675605e-06,205.354225,2.677112500000007,7.815705794970818e-06,9.57312055653838e-06,205.473307,2.7366535000000027,1.787500000000002e-08,165.69505884138533,-0.31898200000000543,-0.31898200000000543,-1.9467867,1.5689820000000054,0,200,2,5,-2,6,2,8,8,25n,0,4n,8,125,200V_2A_125C
6.332988500596683e-06,1.6740589796692536e-06,1.5246263551909737e-06,152.529613,-23.735193499999994,8.007047480265936e-06,9.53167383545691e-06,228.540406,14.270202999999995,3.435763000000008e-08,178.81745130532474,-0.7297609999999963,-0.7297609999999963,-0.955530195,1.9797609999999963,0,200,2,5,-2,4,2,8,8,15n,0,4n,8,125,200V_2A_125C
6.44796167893209e-06,1.6740587097899582e-06,1.5245919583071981e-06,152.530184,-23.734908000000004,8.122020388722048e-06,9.646612347029246e-06,228.53997,14.269985000000005,3.435763000000008e-08,178.81775759333874,-0.955537992,-0.9591210000000103,-0.955537992,2.205537992,0,200,2,5,-2,3,2,8,8,15n,0,4n,8,125,200V_2A_125C
6.624111562251687e-06,1.6513955070700156e-06,1.7093596114703233e-06,206.122682,3.0613409999999988,8.275507069321703e-06,9.984866680792027e-06,206.122682,3.0613409999999988,1.787500000000002e-08,163.2478932051055,-1.2013369999999952,-1.2013369999999952,-1.96118912,2.451336999999995,0,200,2,5,-2,2,2,8,8,35n,0,4n,8,125,200V_2A_125C
7.193247449951306e-06,1.6740629825146095e-06,1.5245498935771204e-06,152.523241,-23.738379499999994,8.867310432465915e-06,1.0391860326043036e-05,228.544184,14.272092,3.435763000000008e-08,178.8208399272097,-0.95539687,-1.3584821000000034,-0.95539687,2.20539687,0,200,2,5,-2,1,2,8,8,15n,0,4n,8,125,200V_2A_125C
7.167148353837252e-06,1.6595053576817415e-06,1.7574233187286779e-06,205.354576,2.6772880000000043,8.826653711518993e-06,1.0584077030247672e-05,205.472773,2.7363864999999947,1.787500000000002e-08,165.69606429149178,-1.3581594999999993,-1.3581594999999993,-1.94677277,2.6081594999999993,0,200,2,5,-2,1,2,8,8,25n,0,4n,8,125,200V_2A_125C
7.16359124994305e-06,1.6513965066980153e-06,1.7093643817073002e-06,206.122736,3.0613680000000016,8.814987756641066e-06,1.0524352138348367e-05,206.122736,3.0613680000000016,1.787500000000002e-08,163.24628943529385,-1.358392699999996,-1.358392699999996,-1.96119936,2.608392699999996,0,200,2,5,-2,1,2,8,8,35n,0,4n,8,125,200V_2A_125C
5.41427114516054e-06,1.6711975415356031e-06,1.7131779403481689e-06,203.21781,1.608904999999993,7.085468686696143e-06,8.798646627044311e-06,203.499735,1.7498674999999935,2.0875000000000033e-08,148.4503623843763,0.7526670000000024,0.7526670000000024,0.0625554936,0.4973329999999976,0,200,2,5,0,1,2,8,8,25n,0,4n,8,125,200V_2A_125C
9.687730922711657e-06,1.6571086729121392e-06,1.573456296404863e-06,178.644662,-10.677668999999995,1.1344839595623797e-05,1.291829589202866e-05,211.301769,5.6508845000000045,1.740814000000013e-08,167.10589608975948,4.586252000000002,4.586252000000002,0.216976012,-3.3362520000000018,1,200,2,5,0,8,8,8,1,15n,0,4n,8,125,200V_2A_125C
4.829166407314046e-06,1.6563108711280143e-06,1.6089905058042971e-06,178.587889,-10.706055500000005,6.4854772784420605e-06,8.094467784246357e-06,211.498408,5.749204000000007,1.736552000000011e-08,167.2221437621001,2.637945000000002,2.637945000000002,0.220997826,-1.387945000000002,1,200,2,5,0,8,8,8,4,15n,0,4n,8,125,200V_2A_125C
4.484743422612635e-06,1.6561000911654464e-06,1.6154972679564158e-06,178.573823,-10.7130885,6.140843513778081e-06,7.756340781734498e-06,211.571979,5.7859894999999995,1.7367490000000056e-08,167.25508670075806,1.912465999999995,1.912465999999995,0.22242346,-0.6624659999999949,1,200,2,5,0,8,8,8,8,15n,0,4n,8,125,200V_2A_125C
7.263071623700687e-06,1.6903037451136914e-06,1.6447177463512706e-06,164.917084,-17.541458000000006,8.953375368814377e-06,1.0598093115165647e-05,215.880821,7.940410499999998,2.0624360000000128e-08,214.44892875873438,0.21072699999999145,0.21072699999999145,-0.926050747,1.1892730000000085,0,200,5,5,-2,8,2,8,8,10n,0,4n,8,25,200V_5A_25C
5.35314303288905e-06,1.665409838626398e-06,1.669363015271769e-06,208.452295,4.226147499999996,7.018552871515448e-06,8.687915886787217e-06,208.452295,4.226147499999996,9.025000000000096e-09,184.2483553615633,1.3034509999999955,1.3034509999999955,0.0507955783,0.09654900000000444,0,200,5,5,0,8,8,8,1,15n,1,4n,8,25,200V_5A_25C
5.196332428853773e-06,2.6281911891195627e-06,7.303250161314761e-07,64.7560793,-67.62196035,7.824523617973336e-06,8.554848634104812e-06,268.1716,34.085800000000006,2.6711190000000034e-08,211.6216884414946,1.073205999999999,1.073205999999999,0.717029006,0.3267940000000009,0,200,5,5,0,8,8,8,8,5n,1,4n,8,25,200V_5A_25C
7.486930295916274e-06,1.690303748011148e-06,1.6446377414244568e-06,164.917615,-17.541192499999994,9.177234043927422e-06,1.0821871785351879e-05,215.880363,7.940181499999994,2.0624360000000128e-08,214.44909995217049,-0.13169600000000514,-0.13169600000000514,-0.926061038,1.531696000000005,0,200,5,5,-2,6,2,8,8,10n,0,4n,8,25,200V_5A_25C
5.844561768864599e-06,2.79839162866972e-06,6.645301340040147e-07,53.6715171,-73.16424144999999,8.642953397534319e-06,9.307483531538333e-06,240.835283,20.417641500000002,2.695914999999996e-08,255.19218236508058,3.11686679,1.478886000000017,3.11686679,-1.71686679,1,200,5,5,0,4,2,8,8,10n,0,4n,8,25,200V_5A_25C
5.707094113888667e-06,2.9568564923788145e-06,1.3285272016618762e-08,2.54231475,-98.728842625,8.663950606267481e-06,8.6772358782841e-06,251.500993,25.7504965,1.7465630000000093e-08,252.48119809342063,0.99008085,0.9793740000000071,0.99008085,0.4099191499999999,0,200,5,5,0,8,2,8,4,5n,1,4n,8,25,200V_5A_25C
7.1249008618548636e-06,1.690232339696481e-06,1.628694017547466e-06,164.957323,-17.5213385,8.815133201551344e-06,1.044382721909881e-05,215.768566,7.8842829999999955,2.061986000000011e-08,214.388556993879,1.1314299999999946,1.1314299999999946,-0.931509966,0.2685700000000053,0,200,5,5,-2,8,2,8,4,10n,0,4n,8,25,200V_5A_25C
5.197240079465168e-06,2.9569287340563983e-06,3.009916838398898e-08,2.54232126,-98.72883937,8.154168813521566e-06,8.184267981905555e-06,251.503149,25.751574500000007,1.74656900000001e-08,252.4822599456077,1.073157000000009,1.073157000000009,0.990067877,0.3268429999999909,0,200,5,5,0,8,2,8,8,5n,1,4n,8,25,200V_5A_25C
7.83062142681117e-06,1.6903038585982083e-06,1.6447276065822037e-06,164.91815,-17.540925,9.520925285409377e-06,1.116565289199158e-05,215.879772,7.939886000000001,2.0624360000000128e-08,214.44947785507313,-0.5761920000000202,-0.5761920000000202,-0.926072305,1.9761920000000202,0,200,5,5,-2,4,2,8,8,10n,0,4n,8,25,200V_5A_25C
8.085910485062878e-06,1.6903040578391894e-06,1.6446456991971257e-06,164.918243,-17.540878500000005,9.776214542902067e-06,1.1420860242099192e-05,215.879454,7.939727000000005,2.0624360000000128e-08,214.4498854025498,-0.8198490000000049,-0.8198490000000049,-0.926075728,2.219849000000005,0,200,5,5,-2,3,2,8,8,10n,0,4n,8,25,200V_5A_25C
8.506692309381582e-06,1.6903046383420175e-06,1.6447291837000888e-06,164.91751,-17.541245000000004,1.0196996947723599e-05,1.1841726131423687e-05,215.879387,7.939693500000004,2.0624360000000128e-08,214.4507622734212,-0.926066293,-1.074622000000005,-0.926066293,2.326066293,0,200,5,5,-2,2,2,8,8,10n,0,4n,8,25,200V_5A_25C
9.743681318652693e-06,1.6903072423166012e-06,1.6446134166774348e-06,164.910959,-17.544520500000004,1.1433988560969294e-05,1.3078601977646729e-05,215.881877,7.940938500000002,2.0624360000000128e-08,214.45368421237973,-0.925960959,-1.1968782000000004,-0.925960959,2.3259609589999997,0,200,5,5,-2,1,2,8,8,10n,0,4n,8,25,200V_5A_25C
7.341939504594934e-06,1.690232348279035e-06,1.6288515202606876e-06,164.957838,-17.521080999999995,9.03217185287397e-06,1.0661023373134657e-05,215.768097,7.884048500000006,2.061986000000011e-08,214.3887303753313,0.6470070000000021,0.6470070000000021,-0.931520779,0.7529929999999978,0,200,5,5,-2,6,2,8,4,10n,0,4n,8,25,200V_5A_25C
7.66793696460477e-06,1.6902324613352606e-06,1.6287032540991773e-06,164.958348,-17.520826,9.35816942594003e-06,1.0986872680039207e-05,215.767494,7.883747,2.061986000000011e-08,214.38911111117363,0.014439000000010083,0.014439000000010083,-0.931532349,1.3855609999999898,0,200,5,5,-2,4,2,8,4,10n,0,4n,8,25,200V_5A_25C
7.911645418238236e-06,1.6902326508071688e-06,1.628705507739406e-06,164.958421,-17.520789500000006,9.601878069045405e-06,1.1230583576784811e-05,215.767173,7.883586500000007,2.061986000000011e-08,214.3895205669501,-0.33431999999999107,-0.33431999999999107,-0.931535496,1.734319999999991,0,200,5,5,-2,3,2,8,4,10n,0,4n,8,25,200V_5A_25C
8.331720197036232e-06,1.6902331827424132e-06,1.6288578550525598e-06,164.957712,-17.521144000000007,1.0021953379778645e-05,1.1650811234831205e-05,215.767081,7.883540499999994,2.061986000000011e-08,214.39039520912792,-0.49967692000000064,-0.49967692000000064,-0.931525289,1.8996769200000005,0,200,5,5,-2,2,2,8,4,10n,0,4n,8,25,200V_5A_25C
9.604401670963707e-06,1.69023548980418e-06,1.6286761595196725e-06,164.951602,-17.524198999999996,1.1294637160767887e-05,1.292331332028756e-05,215.769372,7.884686000000001,2.061986000000011e-08,214.39327904409035,-0.5854325999999972,-0.5854325999999972,-0.931417948,1.985432599999997,0,200,5,5,-2,1,2,8,4,10n,0,4n,8,25,200V_5A_25C
7.731408758477908e-06,2.7986966190760196e-06,6.644029140982888e-07,53.6591344,-73.1704328,1.0530105377553928e-05,1.1194508291652217e-05,240.828672,20.414336000000006,2.695914999999996e-08,255.194951367862,3.11711226,0.8421170000000018,3.11711226,-1.71711226,1,200,5,5,0,1,2,8,8,10n,0,4n,8,25,200V_5A_25C
6.50850307758215e-06,2.7984889035843634e-06,6.644936962402671e-07,53.6679029,-73.16604855,9.306991981166513e-06,9.97148567740678e-06,240.833369,20.416684500000002,2.695914999999996e-08,255.19309584213414,3.1169404,0.9734180000000094,3.1169404,-1.7169404,1,200,5,5,0,2,2,8,8,10n,0,4n,8,25,200V_5A_25C
6.08875305828346e-06,2.7984229410821045e-06,6.645194999165981e-07,53.6704427,-73.16477865,8.887175999365565e-06,9.551695499282163e-06,240.834719,20.417359500000003,2.695914999999996e-08,255.19248440712533,3.11688924,1.2495770000000164,3.11688924,-1.71688924,1,200,5,5,0,3,2,8,8,10n,0,4n,8,25,200V_5A_25C
7.22171142808486e-06,1.6808272066426084e-06,1.8408364944260083e-06,209.322144,4.661072000000004,8.902538634727468e-06,1.0743375129153478e-05,210.058607,5.0293034999999975,1.5310550000000032e-08,213.9666923871584,0.25337000000000387,0.25337000000000387,-1.87738437,1.146629999999996,0,200,5,5,-2,8,2,8,8,15n,0,4n,8,25,200V_5A_25C
7.444164756720694e-06,1.680827706685913e-06,1.8408373528651275e-06,209.322192,4.661096000000001,9.124992463406607e-06,1.0965829816271735e-05,210.058569,5.029284500000003,1.5310550000000032e-08,213.9670580305201,-0.09304099999999949,-0.09304099999999949,-1.87738775,1.4930409999999994,0,200,5,5,-2,6,2,8,8,15n,0,4n,8,25,200V_5A_25C
7.2087487117403884e-06,1.6848823513812559e-06,1.7860152680020105e-06,210.383911,5.191955500000006,8.893631063121645e-06,1.0679646331123656e-05,210.383911,5.191955500000006,1.552499999999995e-08,214.11795299426723,0.25042799999999943,0.25042799999999943,-1.93476666,1.1495720000000005,0,200,5,5,-2,8,2,8,8,25n,0,4n,8,25,200V_5A_25C
7.4336435688685975e-06,1.6848828167290278e-06,1.7860161461763906e-06,210.383854,5.191927000000008,9.118526385597626e-06,1.0904542531774017e-05,210.383854,5.191927000000008,1.552499999999995e-08,214.11831412348323,-0.09478899999999157,-0.09478899999999157,-1.93476655,1.4947889999999915,0,200,5,5,-2,6,2,8,8,25n,0,4n,8,25,200V_5A_25C
7.78388716593043e-06,1.6808284100132118e-06,1.8408388819956082e-06,209.322214,4.661107000000001,9.464715575943643e-06,1.130555445793925e-05,210.058499,5.029249500000006,1.5310550000000032e-08,213.9676807397189,-0.5455399999999884,-0.5455399999999884,-1.8773918,1.9455399999999883,0,200,5,5,-2,4,2,8,8,15n,0,4n,8,25,200V_5A_25C
8.037224160391198e-06,1.6808288597709175e-06,1.8408402449402386e-06,209.322172,4.661085999999997,9.718053020162116e-06,1.1558893265102354e-05,210.058434,5.029217000000003,1.5310550000000032e-08,213.96821179142904,-0.7994600000000105,-0.7994600000000105,-1.87739358,2.1994600000000104,0,200,5,5,-2,3,2,8,8,15n,0,4n,8,25,200V_5A_25C
7.773558450256138e-06,1.6848834433915657e-06,1.78601769346139e-06,210.383767,5.191883500000004,9.458441893647704e-06,1.1244459587109095e-05,210.383767,5.191883500000004,1.552499999999995e-08,214.11893204024594,-0.5406909999999812,-0.5406909999999812,-1.93476692,1.940690999999981,0,200,5,5,-2,4,2,8,8,25n,0,4n,8,25,200V_5A_25C
7.208217457609386e-06,1.6768432012709621e-06,1.7370391133814227e-06,210.383911,5.191955500000006,8.885060658880348e-06,1.062209977226177e-05,210.383911,5.191955500000006,1.552499999999995e-08,212.2043659089753,0.2469819999999885,0.2469819999999885,-1.96570232,1.1530180000000114,0,200,5,5,-2,8,2,8,8,35n,0,4n,8,25,200V_5A_25C
7.430528547855569e-06,1.6768436219581854e-06,1.7370398989192291e-06,210.383854,5.191927000000008,9.107372169813755e-06,1.0844412068732983e-05,210.383854,5.191927000000008,1.552499999999995e-08,212.2047269202187,-0.09860499999999206,-0.09860499999999206,-1.96570293,1.498604999999992,0,200,5,5,-2,6,2,8,8,35n,0,4n,8,25,200V_5A_25C
8.02383859703231e-06,1.6848838630765823e-06,1.7860190574132482e-06,210.383701,5.1918505,9.708722460108892e-06,1.149474151752214e-05,210.383701,5.1918505,1.552499999999995e-08,214.11946012085664,-0.7885850000000119,-0.7885850000000119,-1.9347678,2.1885850000000118,0,200,5,5,-2,3,2,8,8,25n,0,4n,8,25,200V_5A_25C
8.467964727442894e-06,1.680829232325149e-06,1.8408426478107275e-06,209.321956,4.660978,1.0148793959768043e-05,1.198963660757877e-05,210.058316,5.029157999999995,1.5310550000000032e-08,213.96908357791057,-1.075304000000017,-1.075304000000017,-1.87739242,2.475304000000017,0,200,5,5,-2,2,2,8,8,15n,0,4n,8,25,200V_5A_25C
7.772103898101066e-06,1.6768442270042843e-06,1.7370413275220465e-06,210.383767,5.191883500000004,9.44894812510535e-06,1.1185989452627396e-05,210.383767,5.191883500000004,1.552499999999995e-08,212.20534280352015,-0.547269,-0.547269,-1.96570338,1.947269,0,200,5,5,-2,4,2,8,8,35n,0,4n,8,25,200V_5A_25C
8.44129404130128e-06,1.684884254784831e-06,1.786021435435022e-06,210.383616,5.191807999999994,1.012617829608611e-05,1.1912199731521133e-05,210.383616,5.191807999999994,1.552499999999995e-08,214.12033439970403,-1.0589339999999936,-1.0589339999999936,-1.93477063,2.4589339999999935,0,200,5,5,-2,2,2,8,8,25n,0,4n,8,25,200V_5A_25C
8.024128407101554e-06,1.6768446297833473e-06,1.7370426093600277e-06,210.383701,5.1918505,9.700973036884902e-06,1.143801564624493e-05,210.383701,5.1918505,1.552499999999995e-08,212.2058689858167,-0.7968539999999962,-0.7968539999999962,-1.96570318,2.196853999999996,0,200,5,5,-2,3,2,8,8,35n,0,4n,8,25,200V_5A_25C
8.44749615373216e-06,1.6768450152036906e-06,1.737044895639484e-06,210.383616,5.191807999999994,1.0124341168935852e-05,1.1861386064575335e-05,210.383616,5.191807999999994,1.552499999999995e-08,212.20673533107882,-1.0667500000000132,-1.0667500000000132,-1.96570147,2.466750000000013,0,200,5,5,-2,2,2,8,8,35n,0,4n,8,25,200V_5A_25C
9.744673944190089e-06,1.680827861622657e-06,1.8408482816326573e-06,209.320688,4.660343999999995,1.1425501805812747e-05,1.3266350087445403e-05,210.058015,5.029007500000006,1.5310550000000032e-08,213.9707971626872,-1.1960478999999964,-1.1960478999999964,-1.87736666,2.5960478999999963,0,200,5,5,-2,1,2,8,8,15n,0,4n,8,25,200V_5A_25C
9.713747117759138e-06,1.6848832277975336e-06,1.786026862070375e-06,210.383576,5.1917880000000025,1.1398630345556672e-05,1.3184657207627047e-05,210.383576,5.1917880000000025,1.552499999999995e-08,214.12208435544034,-1.1958386000000019,-1.1958386000000019,-1.93478426,2.5958386000000018,0,200,5,5,-2,1,2,8,8,25n,0,4n,8,25,200V_5A_25C
9.712190650905688e-06,1.6768441870382277e-06,1.737050449503442e-06,210.383576,5.1917880000000025,1.1389034837943916e-05,1.3126085287447358e-05,210.383576,5.1917880000000025,1.552499999999995e-08,212.208452749332,-1.1963068999999962,-1.1963068999999962,-1.96569007,2.596306899999996,0,200,5,5,-2,1,2,8,8,35n,0,4n,8,25,200V_5A_25C
7.701807090849102e-06,1.8063284432933647e-06,1.7520359980634507e-06,207.03799,3.518995000000004,9.508135534142467e-06,1.1260171532205917e-05,207.03799,3.518995000000004,1.4374999999999968e-08,213.68930151792082,0.8428130000000067,0.8428130000000067,0.0449556558,0.5571869999999932,0,200,5,5,0,1,2,8,8,25n,0,4n,8,25,200V_5A_25C
1.364366398524395e-05,1.6640890402837735e-06,1.533146758858056e-06,211.468132,5.734065999999998,1.5307753025527724e-05,1.684089978438578e-05,211.468132,5.734065999999998,1.3675000000000127e-08,185.66647787556806,4.462946999999986,4.462946999999986,0.116169777,-3.0629469999999857,1,200,5,5,0,8,8,8,1,15n,0,4n,8,25,200V_5A_25C
5.81439239013695e-06,1.6651355911464427e-06,1.665252865649212e-06,209.510172,4.755086000000006,7.4795279812833925e-06,9.144780846932604e-06,209.510172,4.755086000000006,9.074999999999994e-09,184.63007714665952,2.880230999999995,2.880230999999995,0.0867074854,-1.480230999999995,1,200,5,5,0,8,8,8,4,15n,0,4n,8,25,200V_5A_25C
5.3879449870306435e-06,1.6651636192709258e-06,1.693436184464806e-06,208.75146,4.375730000000004,7.0531086063015695e-06,8.746544790766375e-06,208.75146,4.375730000000004,9.074999999999994e-09,184.38794868335142,2.100369999999998,2.100369999999998,0.0884055463,-0.7003699999999982,1,200,5,5,0,8,8,8,8,15n,0,4n,8,25,200V_5A_25C
6.176220524948458e-06,2.469050188955639e-06,7.662975160769373e-07,63.2671972,-68.3664014,8.645270713904098e-06,9.411568229981035e-06,243.941469,21.970734500000006,2.966129000000009e-08,251.92563156191352,2.79467549,1.3838970000000188,2.79467549,-1.46967549,1,200,5,5,0,4,2,8,8,10n,0,4n,8,75,200V_5A_75C
6.042133083206117e-06,2.6397429231518746e-06,1.6746318640607162e-08,3.26289948,-98.36855026,8.681876006357992e-06,8.698622324998599e-06,241.416014,20.708006999999995,7.861110000000128e-09,249.54850071601984,0.979121126,0.9039580000000171,0.979121126,0.34587887399999995,0,200,5,5,0,8,2,8,4,5n,1,4n,8,75,200V_5A_75C
7.5816528768818e-06,1.6928264197468983e-06,1.6505871626381258e-06,168.927069,-15.536465500000006,9.274479296628699e-06,1.0925066459266824e-05,213.821777,6.910888499999999,1.7820459999999958e-08,212.26968178326084,0.9695449999999965,0.9695449999999965,-1.02678882,0.3554550000000034,0,200,5,5,-2,8,2,8,4,10n,0,4n,8,75,200V_5A_75C
5.566018646103741e-06,2.6397987717429063e-06,3.291375042878666e-08,3.26291031,-98.368544845,8.205817417846647e-06,8.238731168275434e-06,241.418536,20.709267999999994,7.861189999999994e-09,249.54885935367855,1.0210659999999905,1.0210659999999905,0.979107479,0.3039340000000095,0,200,5,5,0,8,2,8,8,5n,1,4n,8,75,200V_5A_75C
7.698677864378937e-06,1.6928628019462743e-06,1.6674296687253848e-06,168.882383,-15.558808499999998,9.391540666325211e-06,1.1058970335050596e-05,213.929408,6.964703999999997,1.782500000000012e-08,212.31565854596735,0.09420900000000643,0.09420900000000643,-1.02153538,1.2307909999999935,0,200,5,5,-2,8,2,8,8,10n,0,4n,8,75,200V_5A_75C
5.719863424798628e-06,1.6678457704330612e-06,1.6700372008383531e-06,208.371551,4.185775500000005,7.387709195231689e-06,9.057746396070042e-06,208.371551,4.185775500000005,8.974999999999986e-09,182.95078234727927,1.217632999999978,1.217632999999978,0.0512027415,0.10736700000002197,0,200,5,5,0,8,8,8,1,15n,1,4n,8,75,200V_5A_75C
5.565722052904197e-06,2.390016228464986e-06,7.474020293030484e-07,67.1486434,-66.4256783,7.955738281369183e-06,8.703140310672231e-06,262.472847,31.2364235,2.6864730000000075e-08,208.25002697146482,1.0214310000000069,1.0214310000000069,0.6699399,0.3035689999999931,0,200,5,5,0,8,8,8,8,5n,1,4n,8,75,200V_5A_75C
7.90948093841986e-06,1.6928630108235886e-06,1.667431782837399e-06,168.882552,-15.558723999999998,9.60234394924345e-06,1.1269775732080849e-05,213.929164,6.964581999999994,1.782500000000012e-08,212.3159592984474,-0.24145699999999692,-0.24145699999999692,-1.02153761,1.5664569999999969,0,200,5,5,-2,6,2,8,8,10n,0,4n,8,75,200V_5A_75C
8.256048018612363e-06,1.692863426450503e-06,1.6674330072537076e-06,168.882411,-15.558794500000003,9.948911445062866e-06,1.1616344452316574e-05,213.928948,6.964473999999996,1.782500000000012e-08,212.31657898636146,-0.6726400000000012,-0.6726400000000012,-1.0215342,1.9976400000000012,0,200,5,5,-2,4,2,8,8,10n,0,4n,8,75,200V_5A_75C
8.523794903676947e-06,1.6928638380059644e-06,1.6674316213422506e-06,168.881856,-15.559072,1.0216658741682911e-05,1.1884090363025161e-05,213.928969,6.9644844999999975,1.782500000000012e-08,212.31721498420612,-0.9080999999999904,-0.9080999999999904,-1.02152397,2.2330999999999905,0,200,5,5,-2,3,2,8,8,10n,0,4n,8,75,200V_5A_75C
8.995883764161012e-06,1.6928646517061611e-06,1.667423491400391e-06,168.879895,-15.560052499999998,1.0688748415867173e-05,1.2356171907267564e-05,213.929497,6.964748499999998,1.782500000000012e-08,212.31852030002005,-1.02148957,-1.154344999999978,-1.02148957,2.34648957,0,200,5,5,-2,2,2,8,8,10n,0,4n,8,75,200V_5A_75C
1.038012363441e-05,1.6928670533522447e-06,1.6673714962247412e-06,168.86963,-15.565185,1.2072990687762246e-05,1.3740362183986987e-05,213.933586,6.966792999999996,1.782500000000012e-08,212.32260534577316,-1.02131437,-1.3064938999999995,-1.02131437,2.34631437,0,200,5,5,-2,1,2,8,8,10n,0,4n,8,75,200V_5A_75C
7.77967577067774e-06,1.6928265960571659e-06,1.6504310141285861e-06,168.927214,-15.536393000000002,9.472502366734905e-06,1.1122933380863491e-05,213.821547,6.910773500000005,1.7820459999999958e-08,212.26998426951823,0.49870099999998274,0.49870099999998274,-1.02679053,0.8262990000000172,0,200,5,5,-2,6,2,8,4,10n,0,4n,8,75,200V_5A_75C
8.084544167837655e-06,1.6928269777924826e-06,1.6504318512707426e-06,168.927038,-15.536480999999995,9.777371145630137e-06,1.142780299690088e-05,213.821349,6.910674499999999,1.7820459999999958e-08,212.27060570253497,-0.10015300000000593,-0.10015300000000593,-1.02678657,1.4251530000000059,0,200,5,5,-2,4,2,8,4,10n,0,4n,8,75,200V_5A_75C
8.323749516206503e-06,1.6928273835725587e-06,1.6504302447103232e-06,168.926464,-15.536767999999995,1.0016576899779062e-05,1.1667007144489385e-05,213.821373,6.910686499999997,1.7820459999999958e-08,212.27124060980339,-0.4284059999999954,-0.4284059999999954,-1.02677633,1.7534059999999954,0,200,5,5,-2,3,2,8,4,10n,0,4n,8,75,200V_5A_75C
8.77004945726881e-06,1.692828249270767e-06,1.6504221283077818e-06,168.924522,-15.537739000000002,1.0462877706539577e-05,1.2113299834847359e-05,213.821868,6.9109339999999975,1.7820459999999958e-08,212.2725391075035,-0.5743750000000034,-0.5743750000000034,-1.02674326,1.8993750000000034,0,200,5,5,-2,2,2,8,4,10n,0,4n,8,75,200V_5A_75C
1.0171633823003666e-05,1.6928310876059101e-06,1.6503741211139348e-06,168.914851,-15.5425745,1.1864464910609576e-05,1.3514839031723511e-05,213.825504,6.9127519999999985,1.7820459999999958e-08,212.2765672626089,-0.7046809999999937,-0.7046809999999937,-1.02658333,2.029680999999994,0,200,5,5,-2,1,2,8,4,10n,0,4n,8,75,200V_5A_75C
8.233214959819312e-06,2.4693871205935616e-06,7.660188709954335e-07,63.2470178,-68.3764911,1.0702602080412873e-05,1.1468620951408306e-05,243.934821,21.9674105,2.966129000000009e-08,251.9287178315607,2.79504667,0.8277730000000076,2.79504667,-1.47004667,1,200,5,5,0,1,2,8,8,10n,0,4n,8,75,200V_5A_75C
6.860454872566595e-06,2.4691598874125058e-06,7.662329049047614e-07,63.2608737,-68.36956315,9.3296147599791e-06,1.0095847664883861e-05,243.939392,21.969696,2.966129000000009e-08,251.92666830929858,2.7947933,0.9042049999999904,2.7947933,-1.4697932999999999,1,200,5,5,0,2,2,8,8,10n,0,4n,8,75,200V_5A_75C
6.417593635910581e-06,2.4690860905514425e-06,7.66277133717808e-07,63.2651922,-68.3674039,8.886679726462024e-06,9.652956860179832e-06,243.940812,21.970405999999997,2.966129000000009e-08,251.92597909539614,2.79471325,1.165740999999997,2.79471325,-1.46971325,1,200,5,5,0,3,2,8,8,10n,0,4n,8,75,200V_5A_75C
7.677242349761085e-06,1.6855440227618623e-06,1.84265797782932e-06,209.905439,4.952719500000001,9.362786372522947e-06,1.1205444350352266e-05,210.124593,5.062296500000002,1.5217150000000038e-08,212.6573474059623,0.13537399999999877,0.13537399999999877,-1.91437828,1.1896260000000012,0,200,5,5,-2,8,2,8,8,15n,0,4n,8,75,200V_5A_75C
7.88389951685253e-06,1.685544390221029e-06,1.842744486241114e-06,209.905407,4.952703499999998,9.56944390707356e-06,1.1412188393314673e-05,210.124549,5.062274500000001,1.5217150000000038e-08,212.65773645372997,-0.2036189999999749,-0.2036189999999749,-1.91437934,1.5286189999999749,0,200,5,5,-2,6,2,8,8,15n,0,4n,8,75,200V_5A_75C
7.66114514018409e-06,1.690295014190912e-06,1.7850412985967596e-06,210.278209,5.139104500000002,9.351440154375002e-06,1.1136481452971762e-05,210.278209,5.139104500000002,1.5375000000000043e-08,212.79338044539753,0.12969800000000475,0.12969800000000475,-1.92140988,1.1953019999999952,0,200,5,5,-2,8,2,8,8,25n,0,4n,8,75,200V_5A_75C
7.874092362252318e-06,1.6902953741927888e-06,1.7850422971496327e-06,210.278161,5.139080500000006,9.564387736445107e-06,1.134943003359474e-05,210.278161,5.139080500000006,1.5375000000000043e-08,212.79376321888958,-0.20703299999999558,-0.20703299999999558,-1.9214106,1.5320329999999955,0,200,5,5,-2,6,2,8,8,25n,0,4n,8,75,200V_5A_75C
8.21783412863352e-06,1.685544799209773e-06,1.8426608641422254e-06,209.905309,4.952654499999994,9.903378927843293e-06,1.1746039791985518e-05,210.124474,5.062236999999996,1.5217150000000038e-08,212.65842701006912,-0.6364020000000039,-0.6364020000000039,-1.9143831,1.9614020000000039,0,200,5,5,-2,4,2,8,8,15n,0,4n,8,75,200V_5A_75C
8.478935899257218e-06,1.6855450980216731e-06,1.8427480900595052e-06,209.905183,4.952591499999997,1.0164480997278892e-05,1.2007229087338397e-05,210.124413,5.062206500000002,1.521714e-08,212.65903289100706,-0.8807210000000225,-0.8807210000000225,-1.91438832,2.2057210000000227,0,200,5,5,-2,3,2,8,8,15n,0,4n,8,75,200V_5A_75C
8.208541160542127e-06,1.690295827723108e-06,1.7850441167306688e-06,210.278095,5.139047500000004,9.898836988265235e-06,1.1683881104995903e-05,210.278095,5.139047500000004,1.5375000000000043e-08,212.79444690476322,-0.6329339999999775,-0.6329339999999775,-1.92141212,1.9579339999999774,0,200,5,5,-2,4,2,8,8,25n,0,4n,8,75,200V_5A_75C
7.668999716906489e-06,1.6818017360276297e-06,1.7336051935537994e-06,210.278209,5.139104500000002,9.350801452934119e-06,1.1084406646487919e-05,210.278209,5.139104500000002,1.5375000000000043e-08,210.8747311644886,0.1259550000000047,0.1259550000000047,-1.96817837,1.1990449999999953,0,200,5,5,-2,8,2,8,8,35n,0,4n,8,75,200V_5A_75C
7.86800606823724e-06,1.681802077656199e-06,1.733606121598309e-06,210.278161,5.139080500000006,9.54980814589344e-06,1.1283414267491749e-05,210.278161,5.139080500000006,1.5375000000000043e-08,210.87511321211895,-0.21132300000002147,-0.21132300000002147,-1.96817883,1.5363230000000214,0,200,5,5,-2,6,2,8,8,35n,0,4n,8,75,200V_5A_75C
8.465871355556364e-06,1.6902961237846347e-06,1.7850457865800021e-06,210.278056,5.139027999999996,1.0156167479340999e-05,1.1941213265921002e-05,210.278056,5.139027999999996,1.5375000000000043e-08,212.79505857466913,-0.8705100000000243,-0.8705100000000243,-1.92141373,2.1955100000000245,0,200,5,5,-2,3,2,8,8,25n,0,4n,8,75,200V_5A_75C
8.951155694136384e-06,1.6855452704939272e-06,1.8426657744558629e-06,209.904873,4.952436500000005,1.0636700964630312e-05,1.2479366739086175e-05,210.124317,5.062158499999995,1.5217129999999965e-08,212.66009951158608,-1.1470779999999934,-1.1470779999999934,-1.91440173,2.4720779999999936,0,200,5,5,-2,2,2,8,8,15n,0,4n,8,75,200V_5A_75C
8.206927577223438e-06,1.6818025613071553e-06,1.7336078552535534e-06,210.278095,5.139047500000004,9.888730138530593e-06,1.1622337993784146e-05,210.278095,5.139047500000004,1.5375000000000043e-08,210.87579153981468,-0.639994999999999,-0.639994999999999,-1.96818005,1.964994999999999,0,200,5,5,-2,4,2,8,8,35n,0,4n,8,75,200V_5A_75C
8.92737914000515e-06,1.6902963901707525e-06,1.785048809753835e-06,210.278033,5.139016499999997,1.0617675530175902e-05,1.2402724339929737e-05,210.278033,5.139016499999997,1.5375000000000043e-08,212.79613338950048,-1.130505999999997,-1.130505999999997,-1.92141711,2.455505999999997,0,200,5,5,-2,2,2,8,8,25n,0,4n,8,75,200V_5A_75C
8.465549114145416e-06,1.6818028680534818e-06,1.733609479060715e-06,210.278056,5.139027999999996,1.0147351982198897e-05,1.1880961461259611e-05,210.278056,5.139027999999996,1.5375000000000043e-08,210.8763962662527,-0.8791470000000174,-0.8791470000000174,-1.96818155,2.2041470000000176,0,200,5,5,-2,3,2,8,8,35n,0,4n,8,75,200V_5A_75C
8.930587275801265e-06,1.6818031182611045e-06,1.733612515373519e-06,210.278033,5.139016499999997,1.061239039406237e-05,1.234600290943589e-05,210.278033,5.139016499999997,1.5375000000000043e-08,210.877453543587,-1.1385539999999992,-1.1385539999999992,-1.96818514,2.4635539999999994,0,200,5,5,-2,2,2,8,8,35n,0,4n,8,75,200V_5A_75C
1.036542650211646e-05,1.6855431929377186e-06,1.8426738382713147e-06,209.903639,4.951819499999999,1.205096969505418e-05,1.3893643533325494e-05,210.124168,5.062083999999999,1.5217090000000032e-08,212.6624908621245,-1.306654800000004,-1.306654800000004,-1.91445741,2.631654800000004,0,200,5,5,-2,1,2,8,8,15n,0,4n,8,75,200V_5A_75C
1.0334973601175842e-05,1.6902951738805912e-06,1.7850562757808805e-06,210.278242,5.139121000000002,1.2025268775056433e-05,1.3810325050837314e-05,210.278242,5.139121000000002,1.5375000000000043e-08,212.7985977788744,-1.3064785000000043,-1.3064785000000043,-1.9214283,2.6314785000000045,0,200,5,5,-2,1,2,8,8,25n,0,4n,8,75,200V_5A_75C
1.0331678106203074e-05,1.681802002259887e-06,1.7336205266522538e-06,210.278242,5.139121000000002,1.2013480108462962e-05,1.3747100635115215e-05,210.278242,5.139121000000002,1.5375000000000043e-08,210.8798421086141,-1.3065111999999957,-1.3065111999999957,-1.96819898,2.631511199999996,0,200,5,5,-2,1,2,8,8,35n,0,4n,8,75,200V_5A_75C
8.204672106384976e-06,1.822918333061611e-06,1.7515618521544944e-06,207.307275,3.653637500000002,1.0027590439446586e-05,1.1779152291601081e-05,207.307275,3.653637500000002,1.4074999999999946e-08,214.6890122288791,0.8294250000000147,0.8294250000000147,0.0505061792,0.4955749999999852,0,200,5,5,0,1,2,8,8,25n,0,4n,8,75,200V_5A_75C
1.3805325655064617e-05,1.6665002526362318e-06,1.5349781603101548e-06,211.366623,5.683311500000002,1.547182590770085e-05,1.7006804068011005e-05,211.366623,5.683311500000002,1.357500000000012e-08,184.35052870809574,4.458179000000001,4.458179000000001,0.113921674,-3.133179000000001,1,200,5,5,0,8,8,8,1,15n,0,4n,8,75,200V_5A_75C
6.21306015197127e-06,1.6678769971373236e-06,1.665132515493363e-06,209.67936,4.839680000000001,7.880937149108592e-06,9.546069664601956e-06,209.67936,4.839680000000001,8.974999999999986e-09,183.340950877124,2.7276669999999967,2.7276669999999967,0.0863974578,-1.4026669999999968,1,200,5,5,0,8,8,8,4,15n,0,4n,8,75,200V_5A_75C
5.723472729420296e-06,1.6678347220259388e-06,1.693759888022746e-06,208.760477,4.380238500000004,7.391307451446235e-06,9.08506733946898e-06,208.760477,4.380238500000004,8.974999999999986e-09,183.08617664391323,1.9938929999999857,1.9938929999999857,0.0867674592,-0.6688929999999857,1,200,5,5,0,8,8,8,8,15n,0,4n,8,75,200V_5A_75C
6.451954398460803e-06,2.2988789576758153e-06,8.476403730793822e-07,71.0198148,-64.4900926,8.750833356136618e-06,9.598473729216e-06,244.281219,22.140609499999997,3.236228000000007e-08,249.02810610578916,2.54783015,1.3080640000000017,2.54783015,-1.2978301499999998,1,200,5,5,0,4,2,8,8,10n,0,4n,8,125,200V_5A_125C
6.306140713824716e-06,2.438269886558939e-06,2.012510831068722e-08,3.97337986,-98.01331007,8.744410600383654e-06,8.764535708694342e-06,234.09315,17.046575000000004,7.90633000000005e-09,247.714038779724,0.959840883,0.8465600000000109,0.959840883,0.29015911699999997,0,200,5,5,0,8,2,8,4,5n,1,4n,8,125,200V_5A_125C
7.983987956042121e-06,1.6954793217115062e-06,1.6671358433438246e-06,172.077559,-13.961220499999994,9.679467277753627e-06,1.1346603121097452e-05,212.395597,6.197798500000005,1.5070770000000135e-08,210.56279655426377,0.8153400000000204,0.8153400000000204,-1.10003227,0.4346599999999796,0,200,5,5,-2,8,2,8,4,10n,0,4n,8,125,200V_5A_125C
5.887226618389473e-06,2.438315575824868e-06,3.548884014058325e-08,3.97398995,-98.013005025,8.325542194214341e-06,8.361031034354924e-06,234.095023,17.0475115,7.906390000000056e-09,247.71362201596554,0.9664039999999829,0.9664039999999829,0.959827494,0.28359600000001706,0,200,5,5,0,8,2,8,8,5n,1,4n,8,125,200V_5A_125C
8.044105456440373e-06,1.695491905634642e-06,1.6853446892312296e-06,172.032203,-13.983898499999995,9.739597362075015e-06,1.1424942051306245e-05,212.470662,6.235331000000002,1.507500000000002e-08,210.59910823080367,0.006383999999997059,0.006383999999997059,-1.095981,1.243616000000003,0,200,5,5,-2,8,2,8,8,10n,0,4n,8,125,200V_5A_125C
5.989301215795256e-06,1.670290163881206e-06,1.6703000179057254e-06,208.303911,4.1519555,7.659591379676461e-06,9.329891397582187e-06,208.303911,4.1519555,8.925000000000088e-09,181.80885677889515,1.1603420000000142,1.1603420000000142,0.0491169434,0.0896579999999858,0,200,5,5,0,8,8,8,1,15n,1,4n,8,125,200V_5A_125C
5.885099694028823e-06,2.2473096489429932e-06,7.616810756613542e-07,69.1994953,-65.40025235,8.132409342971817e-06,8.894090418633172e-06,258.148219,29.07410949999999,2.6917600000000008e-08,205.424972134379,0.9679260000000056,0.9679260000000056,0.631563914,0.2820739999999944,0,200,5,5,0,8,8,8,8,5n,1,4n,8,125,200V_5A_125C
8.24131099795811e-06,1.6954922187603875e-06,1.6853449902014997e-06,172.032078,-13.983960999999995,9.936803216718498e-06,1.1622148206919998e-05,212.470583,6.235291500000003,1.507500000000002e-08,210.59951837815316,-0.3220460000000003,-0.3220460000000003,-1.09597706,1.5720460000000003,0,200,5,5,-2,6,2,8,8,10n,0,4n,8,125,200V_5A_125C
8.592476712599051e-06,1.6954927987523953e-06,1.6853424956110814e-06,172.031319,-13.984340500000004,1.0287969511351446e-05,1.1973312006962528e-05,212.470697,6.2353485,1.507500000000002e-08,210.60034961015737,-0.7360260000000096,-0.7360260000000096,-1.0959622,1.9860260000000096,0,200,5,5,-2,4,2,8,8,10n,0,4n,8,125,200V_5A_125C
8.876265981889511e-06,1.6954933382277232e-06,1.685337564537938e-06,172.030162,-13.984919000000005,1.0571759320117234e-05,1.2257096884655173e-05,212.471028,6.235513999999995,1.507500000000002e-08,210.6011890393723,-0.966148000000004,-0.966148000000004,-1.09594187,2.216148000000004,0,200,5,5,-2,3,2,8,8,10n,0,4n,8,125,200V_5A_125C
9.40039010854009e-06,1.695494078940917e-06,1.6853224609731116e-06,172.026986,-13.986507000000003,1.1095884187481007e-05,1.2781206648454118e-05,212.472153,6.236076499999996,1.507500000000002e-08,210.60288833388725,-1.09588943,-1.2096619999999803,-1.09588943,2.3458894299999997,0,200,5,5,-2,2,2,8,8,10n,0,4n,8,125,200V_5A_125C
1.0909903655108563e-05,1.6954969155311102e-06,1.6852528660710954e-06,172.01348,-13.993260000000006,1.2605400570639674e-05,1.429065343671077e-05,212.477678,6.238838999999998,1.507500000000002e-08,210.6080619182822,-1.09567771,-1.3642882999999983,-1.09567771,2.34567771,0,200,5,5,-2,1,2,8,8,10n,0,4n,8,125,200V_5A_125C
8.160246796808748e-06,1.6954796059206968e-06,1.6672926811213745e-06,172.077404,-13.961298,9.855726402729445e-06,1.152301908385082e-05,212.39553,6.197765000000004,1.5070770000000135e-08,210.56320752369265,0.36496199999999135,0.36496199999999135,-1.10002744,0.8850380000000087,0,200,5,5,-2,6,2,8,4,10n,0,4n,8,125,200V_5A_125C
8.455891424141057e-06,1.695480160635027e-06,1.6672897860880926e-06,172.0766,-13.961699999999993,1.0151371584776085e-05,1.1818661370864178e-05,212.395658,6.197829,1.5070770000000135e-08,210.564037883134,-0.2033440000000155,-0.2033440000000155,-1.10001025,1.4533440000000155,0,200,5,5,-2,4,2,8,4,10n,0,4n,8,125,200V_5A_125C
8.695455863934172e-06,1.6954807022205028e-06,1.6671277974238045e-06,172.075415,-13.962292500000004,1.0390936566154675e-05,1.205806436357848e-05,212.395988,6.197993999999994,1.5070770000000135e-08,210.5648748368505,-0.4795129999999972,-0.4795129999999972,-1.09998726,1.7295129999999972,0,200,5,5,-2,3,2,8,4,10n,0,4n,8,125,200V_5A_125C
9.166131257928102e-06,1.6954817690079663e-06,1.6671132941772518e-06,172.072345,-13.963827499999994,1.0861613026936068e-05,1.252872632111332e-05,212.397018,6.198509000000001,1.5070770000000135e-08,210.56656081683948,-0.565308999999985,-0.565308999999985,-1.09993063,1.815308999999985,0,200,5,5,-2,2,2,8,4,10n,0,4n,8,125,200V_5A_125C
1.0652001959509776e-05,1.6954848589977043e-06,1.6672041678586128e-06,172.05937,-13.970315000000001,1.2347486818507481e-05,1.4014690986366094e-05,212.402102,6.201051000000007,1.5070770000000135e-08,210.57168363927215,-0.7379789999999957,-0.7379789999999957,-1.09970358,1.9879789999999957,0,200,5,5,-2,1,2,8,4,10n,0,4n,8,125,200V_5A_125C
8.677615726015398e-06,2.299234286518233e-06,8.474196833379283e-07,70.9916096,-64.5041952,1.0976850012533631e-05,1.1824269695871559e-05,244.275035,22.137517500000005,3.2362270000000035e-08,249.03293360454865,2.54831794,0.8180499999999995,2.54831794,-1.29831794,1,200,5,5,0,1,2,8,8,10n,0,4n,8,125,200V_5A_125C
7.180745066259785e-06,2.2989973657279465e-06,8.476134783417844e-07,71.0105938,-64.49470310000001,9.479742431987731e-06,1.0327355910329516e-05,244.279203,22.139601499999998,3.236228000000007e-08,249.02966772608906,2.54799025,0.8550580000000139,2.54799025,-1.2979902499999998,1,200,5,5,0,2,2,8,8,10n,0,4n,8,125,200V_5A_125C
6.700376371606357e-06,2.2989180968113645e-06,8.476768129886988e-07,71.0168063,-64.49159685000001,8.999294468417721e-06,9.84697128140642e-06,244.280563,22.1402815,3.236228000000007e-08,249.02862643678492,2.54788262,1.0971469999999783,2.54788262,-1.2978826200000002,1,200,5,5,0,3,2,8,8,10n,0,4n,8,125,200V_5A_125C
8.051245119096864e-06,1.6896321215321195e-06,1.8431243849676599e-06,210.136634,5.068316999999993,9.740877240628983e-06,1.1584001625596643e-05,210.177331,5.088665500000005,1.5133800000000077e-08,211.47771996108867,0.037126999999998134,0.037126999999998134,-1.88715345,1.2128730000000019,0,200,5,5,-2,8,2,8,8,15n,0,4n,8,125,200V_5A_125C
8.241287838538716e-06,1.689632598006695e-06,1.8432129599756023e-06,210.136583,5.068291500000001,9.93092043654541e-06,1.1774133396521013e-05,210.177284,5.088641999999993,1.5133800000000077e-08,211.47814410597152,-0.28890900000001807,-0.28890900000001807,-1.8871559,1.538909000000018,0,200,5,5,-2,6,2,8,8,15n,0,4n,8,125,200V_5A_125C
8.037132993186131e-06,1.6945703241856838e-06,1.783553451573426e-06,210.197747,5.098873499999996,9.731703317371816e-06,1.1515256768945242e-05,210.197747,5.098873499999996,1.5225000000000138e-08,211.56802758083435,0.031630999999975984,0.031630999999975984,-1.91737942,1.218369000000024,0,200,5,5,-2,8,2,8,8,25n,0,4n,8,125,200V_5A_125C
8.22781990552118e-06,1.6945706516853301e-06,1.7835545962510318e-06,210.197706,5.098853000000005,9.92239055720651e-06,1.1705945153457542e-05,210.197706,5.098853000000005,1.5225000000000138e-08,211.56845841303706,-0.292554999999993,-0.292554999999993,-1.91738018,1.542554999999993,0,200,5,5,-2,6,2,8,8,25n,0,4n,8,125,200V_5A_125C
8.578153212871084e-06,1.6896329076701652e-06,1.8431278558236126e-06,210.13648,5.068240000000003,1.0267786120541249e-05,1.2110913976364861e-05,210.177201,5.088600499999998,1.5133800000000077e-08,211.47892670595283,-0.7085830000000044,-0.7085830000000044,-1.88716184,1.9585830000000044,0,200,5,5,-2,4,2,8,8,15n,0,4n,8,125,200V_5A_125C
8.851253309509616e-06,1.6896330435127006e-06,1.843129994587199e-06,210.136375,5.068187499999993,1.0540886353022317e-05,1.2384016347609515e-05,210.177124,5.088561999999996,1.5133800000000077e-08,211.4796430323532,-0.9424530000000004,-0.9424530000000004,-1.8871686,2.1924530000000004,0,200,5,5,-2,3,2,8,8,15n,0,4n,8,125,200V_5A_125C
8.56556003607951e-06,1.6945710512688774e-06,1.7835567269297789e-06,210.197646,5.098822999999996,1.0260131087348387e-05,1.2043687814278165e-05,210.197646,5.098822999999996,1.5225000000000138e-08,211.5692438694591,-0.706230000000005,-0.706230000000005,-1.91738131,1.956230000000005,0,200,5,5,-2,4,2,8,8,25n,0,4n,8,125,200V_5A_125C
8.036013680354256e-06,1.68625935613088e-06,1.7299984314742136e-06,210.197747,5.098873499999996,9.722273036485136e-06,1.145227146795935e-05,210.197747,5.098873499999996,1.5225000000000138e-08,209.67540273521516,0.026756000000005997,0.026756000000005997,-1.95985699,1.223243999999994,0,200,5,5,-2,8,2,8,8,35n,0,4n,8,125,200V_5A_125C
8.227422820086266e-06,1.6862596825423574e-06,1.7299995292164913e-06,210.197706,5.098853000000005,9.913682502628625e-06,1.1643682031845116e-05,210.197706,5.098853000000005,1.5225000000000138e-08,209.67582943342177,-0.2978010000000211,-0.2978010000000211,-1.95985771,1.547801000000021,0,200,5,5,-2,6,2,8,8,35n,0,4n,8,125,200V_5A_125C
8.83779172873913e-06,1.6945712411158909e-06,1.7835587185471671e-06,210.197603,5.098801499999993,1.053236296985502e-05,1.2315921688402188e-05,210.197603,5.098801499999993,1.5225000000000138e-08,211.56996946001348,-0.9334360000000004,-0.9334360000000004,-1.91738214,2.1834360000000004,0,200,5,5,-2,3,2,8,8,25n,0,4n,8,125,200V_5A_125C
9.365366514788968e-06,1.6896331887284729e-06,1.843221383435383e-06,210.136162,5.0680810000000065,1.1054999703517442e-05,1.2898221086952825e-05,210.176986,5.088493,1.5133800000000077e-08,211.48092386957882,-1.1996480000000247,-1.1996480000000247,-1.88718393,2.4496480000000247,0,200,5,5,-2,2,2,8,8,15n,0,4n,8,125,200V_5A_125C
8.56372184994663e-06,1.6862601316930296e-06,1.7300016324793204e-06,210.197646,5.098822999999996,1.024998198163966e-05,1.197998361411898e-05,210.197646,5.098822999999996,1.5225000000000138e-08,209.6766023098995,-0.7134259999999983,-0.7134259999999983,-1.95985918,1.9634259999999983,0,200,5,5,-2,4,2,8,8,35n,0,4n,8,125,200V_5A_125C
9.344038460814598e-06,1.6945713974504832e-06,1.783562424838208e-06,210.197551,5.098775500000002,1.1038609858265081e-05,1.2822172283103289e-05,210.197551,5.098775500000002,1.5225000000000138e-08,211.5712894418214,-1.185528000000005,-1.185528000000005,-1.91738317,2.435528000000005,0,200,5,5,-2,2,2,8,8,25n,0,4n,8,125,200V_5A_125C
8.83645322782256e-06,1.6862604162299985e-06,1.7300036496296093e-06,210.197603,5.098801499999993,1.0522713644052558e-05,1.2252717293682168e-05,210.197603,5.098801499999993,1.5225000000000138e-08,209.67731197219072,-0.9428509999999903,-0.9428509999999903,-1.95986067,2.1928509999999903,0,200,5,5,-2,3,2,8,8,35n,0,4n,8,125,200V_5A_125C
9.34462365463295e-06,1.686260631021636e-06,1.7300075192393883e-06,210.197551,5.098775500000002,1.1030884285654586e-05,1.2760891804893975e-05,210.197551,5.098775500000002,1.5225000000000138e-08,209.6785948926868,-1.19276499999998,-1.19276499999998,-1.95986371,2.44276499999998,0,200,5,5,-2,2,2,8,8,35n,0,4n,8,125,200V_5A_125C
1.0885553246728811e-05,1.6896313577492775e-06,1.843144856727317e-06,210.135509,5.067754500000007,1.2575184604478089e-05,1.4418329461205406e-05,210.176642,5.088320999999993,1.513379000000004e-08,211.48412407560235,-1.3650104000000027,-1.3650104000000027,-1.8872383,2.6150104000000027,0,200,5,5,-2,1,2,8,8,15n,0,4n,8,125,200V_5A_125C
1.085607558423901e-05,1.6945693221096994e-06,1.7835721844099056e-06,210.197556,5.098777999999996,1.2550644906348708e-05,1.4334217090758614e-05,210.197556,5.098777999999996,1.5225000000000138e-08,211.57453915530002,-1.3648148000000049,-1.3648148000000049,-1.917399,2.614814800000005,0,200,5,5,-2,1,2,8,8,25n,0,4n,8,125,200V_5A_125C
1.0851092344155336e-05,1.6862596424329029e-06,1.7300182940379376e-06,210.197556,5.098777999999996,1.253735198658824e-05,1.4267370280626177e-05,210.197556,5.098777999999996,1.5225000000000138e-08,209.68181228014421,-1.3647421000000008,-1.3647421000000008,-1.95987319,2.614742100000001,0,200,5,5,-2,1,2,8,8,35n,0,4n,8,125,200V_5A_125C
8.646141903660968e-06,1.8395572628848031e-06,1.750595886153945e-06,207.518394,3.7591970000000003,1.048569916654577e-05,1.2236295052699715e-05,207.518394,3.7591970000000003,1.3825000000000033e-08,215.15175107877675,0.8182010000000162,0.8182010000000162,0.0482534929,0.43179899999998383,0,200,5,5,0,1,2,8,8,25n,0,4n,8,125,200V_5A_125C
1.3954983421059342e-05,1.6689175106928255e-06,1.5364750920756014e-06,211.276143,5.638071499999995,1.5623900931752168e-05,1.716037602382777e-05,211.276143,5.638071499999995,1.352500000000001e-08,183.1818493473384,4.428841000000006,4.428841000000006,0.109263856,-3.1788410000000056,1,200,5,5,0,8,8,8,1,15n,0,4n,8,125,200V_5A_125C
6.536207764605607e-06,1.6703749489392125e-06,1.6647821912618747e-06,209.748846,4.874422999999993,8.20658271354482e-06,9.871364904806694e-06,209.748846,4.874422999999993,8.925000000000088e-09,182.21795376225862,2.6038719999999955,2.6038719999999955,0.0860303952,-1.3538719999999955,1,200,5,5,0,8,8,8,4,15n,0,4n,8,125,200V_5A_125C
6.00267222735776e-06,1.6703699258847206e-06,1.6934818065765182e-06,208.922456,4.4612280000000055,7.673042153242481e-06,9.366523959819e-06,208.922456,4.4612280000000055,8.925000000000088e-09,181.95035372556617,1.9051930000000254,1.9051930000000254,0.0836735974,-0.6551930000000254,1,200,5,5,0,8,8,8,8,15n,0,4n,8,125,200V_5A_125C
8.792326811787024e-06,2.850373456790215e-06,1.3912303714040496e-06,122.709025,-38.6454875,1.1642700268577239e-05,1.3033930639981289e-05,237.007158,18.503579000000002,3.7375e-08,250.29694477519627,1.92020232,1.4668279999999925,1.92020232,-0.5202023200000001,1,200,10,5,0,4,2,8,8,10n,0,4n,8,25,200V_10A_25C
8.33081002324336e-06,3.213589810574506e-06,5.124832364596395e-08,8.33981315,-95.830093425,1.1544399833817866e-05,1.159564815746383e-05,290.590121,45.295060500000005,3.2153520000000043e-08,259.6095713556755,1.03106261,1.000864000000007,1.03106261,0.3689373899999999,0,200,10,5,0,8,2,8,4,5n,1,4n,8,25,200V_10A_25C
1.015542650305545e-05,1.8098779682373303e-06,1.898678766839211e-06,214.64827,7.324134999999999,1.196530447129278e-05,1.3863983238131992e-05,214.64827,7.324134999999999,1.7272139999999976e-08,222.90858534844344,1.1293399999999991,1.1293399999999991,-1.08843569,0.2706600000000008,0,200,10,5,-2,8,2,8,4,10n,0,4n,8,25,200V_10A_25C
7.696545073170192e-06,3.213638775088749e-06,8.768065038697746e-08,8.33967242,-95.83016379,1.091018384825894e-05,1.0997864498645918e-05,290.589135,45.2945675,3.215328000000002e-08,259.6087740542745,1.0839829999999893,1.0839829999999893,1.03104601,0.31601700000001065,0,200,10,5,0,8,2,8,8,5n,1,4n,8,25,200V_10A_25C
1.036800947046482e-05,1.8096711198825998e-06,1.9363364073304263e-06,214.609198,7.304598999999996,1.2177680590347421e-05,1.4114016997677848e-05,214.609198,7.304598999999996,1.7224130000000097e-08,222.73435866614443,0.2520980000000037,0.2520980000000037,-1.09027182,1.1479019999999962,0,200,10,5,-2,8,2,8,8,10n,0,4n,8,25,200V_10A_25C
7.8610100106787e-06,1.7115970389769605e-06,1.628140306386511e-06,210.009941,5.004970499999999,9.572607049655661e-06,1.1200747356042173e-05,210.009941,5.004970499999999,1.1874999999999992e-08,169.90922744241385,1.3237839999999892,1.3237839999999892,0.0366434495,0.07621600000001072,0,200,10,5,0,8,8,8,1,15n,1,4n,8,25,200V_10A_25C
7.694205230569968e-06,1.7142397149728096e-06,1.4471829870399295e-06,152.791474,-23.604263,9.408444945542777e-06,1.0855627932582706e-05,215.095806,7.547903000000006,1.2475000000000037e-08,168.85374229459524,1.082681000000008,1.082681000000008,0.153492695,0.3173189999999919,0,200,10,5,0,8,8,8,8,5n,1,4n,8,25,200V_10A_25C
1.073560439493513e-05,1.8096726339473421e-06,1.936337744914645e-06,214.609302,7.304651000000007,1.2545277028882472e-05,1.4481614773797117e-05,214.609302,7.304651000000007,1.7224130000000097e-08,222.73469740216825,-0.09731400000001145,-0.09731400000001145,-1.09026501,1.4973140000000114,0,200,10,5,-2,6,2,8,8,10n,0,4n,8,25,200V_10A_25C
1.1333705256293555e-05,1.8096749547135073e-06,1.9363401623542675e-06,214.609447,7.304723499999994,1.3143380211007063e-05,1.507972037336133e-05,214.609447,7.304723499999994,1.7224130000000097e-08,222.73535758535382,-0.546149000000014,-0.546149000000014,-1.09025237,1.946149000000014,0,200,10,5,-2,4,2,8,8,10n,0,4n,8,25,200V_10A_25C
1.1827405562561033e-05,1.8096768457655105e-06,1.9363424280522693e-06,214.609555,7.3047775,1.3637082408326543e-05,1.5573424836378812e-05,214.609555,7.3047775,1.7224130000000097e-08,222.73600736464974,-0.7959679999999878,-0.7959679999999878,-1.09024031,2.1959679999999877,0,200,10,5,-2,3,2,8,8,10n,0,4n,8,25,200V_10A_25C
1.2745132108627476e-05,1.8096794481472264e-06,1.9363465480260957e-06,214.609668,7.304834,1.4554811556774702e-05,1.64911581048008e-05,214.609668,7.304834,1.7224130000000097e-08,222.73727808146214,-1.0597150000000113,-1.0597150000000113,-1.09021782,2.459715000000011,0,200,10,5,-2,2,2,8,8,10n,0,4n,8,25,200V_10A_25C
1.5683289870760803e-05,1.8096967209189915e-06,1.936356033341668e-06,214.609296,7.304647999999999,1.7492986591679793e-05,1.942934262502146e-05,214.609296,7.304647999999999,1.7224130000000097e-08,222.74088984268653,-1.09016166,-1.207882600000005,-1.09016166,2.49016166,0,200,10,5,-2,1,2,8,8,10n,0,4n,8,25,200V_10A_25C
1.0504012451571051e-05,1.809879410881397e-06,1.8986799589396101e-06,214.648367,7.324183500000004,1.2313891862452448e-05,1.4212571821392058e-05,214.648367,7.324183500000004,1.7272139999999976e-08,222.9089237883835,0.6379770000000065,0.6379770000000065,-1.08842898,0.7620229999999935,0,200,10,5,-2,6,2,8,4,10n,0,4n,8,25,200V_10A_25C
1.1062885102151599e-05,1.8098816417089819e-06,1.898382792995012e-06,214.648506,7.324252999999999,1.287276674386058e-05,1.4771149536855593e-05,214.648506,7.324252999999999,1.7272139999999976e-08,222.90958383907616,-0.0017630000000110613,-0.0017630000000110613,-1.0884165,1.401763000000011,0,200,10,5,-2,4,2,8,4,10n,0,4n,8,25,200V_10A_25C
1.1525782602858783e-05,1.8098834695391632e-06,1.8983849206009303e-06,214.648609,7.324304499999996,1.3335666072397946e-05,1.5234050992998876e-05,214.648609,7.324304499999996,1.7272139999999976e-08,222.9102333504249,-0.3553849999999841,-0.3553849999999841,-1.08840458,1.755384999999984,0,200,10,5,-2,3,2,8,4,10n,0,4n,8,25,200V_10A_25C
1.240867894958753e-05,1.8098862255751342e-06,1.8983889244686159e-06,214.64873,7.324365,1.4218565175162663e-05,1.611695409963128e-05,214.64873,7.324365,1.727212999999994e-08,222.91151693338514,-0.5297039999999988,-0.5297039999999988,-1.08838213,1.9297039999999988,0,200,10,5,-2,2,2,8,4,10n,0,4n,8,25,200V_10A_25C
1.5273064638490863e-05,1.8099041938060237e-06,1.8983990889116586e-06,214.648433,7.324216500000006,1.7082968832296886e-05,1.8981367921208545e-05,214.648433,7.324216500000006,1.727212999999994e-08,222.91514021521309,-0.627019500000003,-0.627019500000003,-1.0883257,2.027019500000003,0,200,10,5,-2,1,2,8,4,10n,0,4n,8,25,200V_10A_25C
1.3139971276264912e-05,2.8505633815215867e-06,1.3910446134944746e-06,122.685328,-38.657336,1.59905346577865e-05,1.7381579271280976e-05,237.016203,18.508101499999995,3.7375e-08,250.30364793318472,1.92065325,0.8699340000000007,1.92065325,-0.5206532500000001,1,200,10,5,0,1,2,8,8,10n,0,4n,8,25,200V_10A_25C
1.0238894639295342e-05,2.850436619563836e-06,1.391172786105388e-06,122.701598,-38.649201,1.3089331258859178e-05,1.4480504044964565e-05,237.010012,18.505005999999995,3.7375e-08,250.29912134499187,1.92034417,0.9495620000000145,1.92034417,-0.52034417,1,200,10,5,0,2,2,8,8,10n,0,4n,8,25,200V_10A_25C
9.297129283357466e-06,2.8503949945232924e-06,1.3912115788319272e-06,122.706593,-38.6467035,1.2147524277880758e-05,1.3538735856712686e-05,237.008095,18.5040475,3.7375e-08,250.29766501883256,1.92024883,1.232715000000013,1.92024883,-0.5202488300000001,1,200,10,5,0,3,2,8,8,10n,0,4n,8,25,200V_10A_25C
1.0343078225440398e-05,1.8104368286500453e-06,1.894947148257194e-06,217.038346,8.519172999999995,1.2153515054090444e-05,1.4048462202347639e-05,217.038346,8.519172999999995,1.4875000000000006e-08,225.16395997897786,0.27222500000000593,0.27222500000000593,-1.79784628,1.127774999999994,0,200,10,5,-2,8,2,8,8,15n,0,4n,8,25,200V_10A_25C
1.0719271567649929e-05,1.8104380221851776e-06,1.8949484666773347e-06,217.038433,8.519216499999999,1.2529709589835107e-05,1.4424658056512442e-05,217.038433,8.519216499999999,1.4875000000000006e-08,225.16430634647836,-0.07830000000001291,-0.07830000000001291,-1.79784413,1.4783000000000128,0,200,10,5,-2,6,2,8,8,15n,0,4n,8,25,200V_10A_25C
1.0322988797050598e-05,1.8133607781859467e-06,1.8411915413653932e-06,217.038346,8.519172999999995,1.2136349575236546e-05,1.3977541116601939e-05,217.038346,8.519172999999995,2.5655439999999955e-08,224.72996976730045,0.26777399999998863,0.26777399999998863,-1.88756244,1.1322260000000113,0,200,10,5,-2,8,2,8,8,25n,0,4n,8,25,200V_10A_25C
1.0703835618852662e-05,1.8133622866021458e-06,1.8411928062032659e-06,217.038433,8.519216499999999,1.2517197905454808e-05,1.4358390711658074e-05,217.038433,8.519216499999999,2.5655439999999955e-08,224.7303209996005,-0.08220700000001102,-0.08220700000001102,-1.88756137,1.482207000000011,0,200,10,5,-2,6,2,8,8,25n,0,4n,8,25,200V_10A_25C
1.1323827359273757e-05,1.8104392160263006e-06,1.8949508989231675e-06,217.03855,8.519274999999993,1.3134266575300057e-05,1.5029217474223225e-05,217.03855,8.519274999999993,1.4875000000000006e-08,225.16498991911075,-0.5358159999999828,-0.5358159999999828,-1.79784065,1.9358159999999827,0,200,10,5,-2,4,2,8,8,15n,0,4n,8,25,200V_10A_25C
1.1821260206899961e-05,1.8104415649306354e-06,1.894953247957711e-06,217.038632,8.519316000000003,1.3631701771830597e-05,1.5526655019788308e-05,217.038632,8.519316000000003,1.4875000000000006e-08,225.16566711245034,-0.7933810000000108,-0.7933810000000108,-1.79783766,2.1933810000000107,0,200,10,5,-2,3,2,8,8,15n,0,4n,8,25,200V_10A_25C
1.1310595800774844e-05,1.8133645897764957e-06,1.8411951149581606e-06,217.03855,8.519274999999993,1.312396039055134e-05,1.49651555055095e-05,217.03855,8.519274999999993,2.5655439999999955e-08,224.73101475266404,-0.5336869999999863,-0.5336869999999863,-1.88755919,1.9336869999999862,0,200,10,5,-2,4,2,8,8,25n,0,4n,8,25,200V_10A_25C
1.0320844402269977e-05,1.8044723684544135e-06,1.7827230729261028e-06,217.038346,8.519172999999995,1.212531677072439e-05,1.3908039843650494e-05,217.038346,8.519172999999995,3.397499999999996e-08,223.26870529780376,0.26489499999999566,0.26489499999999566,-1.94705329,1.1351050000000042,0,200,10,5,-2,8,2,8,8,35n,0,4n,8,25,200V_10A_25C
1.069985963636023e-05,1.8044737682854172e-06,1.782724302486872e-06,217.038433,8.519216499999999,1.2504333404645649e-05,1.428705770713252e-05,217.038433,8.519216499999999,3.397499999999996e-08,223.2690477206115,-0.08532500000001164,-0.08532500000001164,-1.94705352,1.4853250000000116,0,200,10,5,-2,6,2,8,8,35n,0,4n,8,25,200V_10A_25C
1.1803413028907639e-05,1.8133664604185507e-06,1.8411973074699397e-06,217.038632,8.519316000000003,1.361677948932619e-05,1.545797679679613e-05,217.038632,8.519316000000003,2.5655439999999955e-08,224.73170327532566,-0.7851969999999824,-0.7851969999999824,-1.88755699,2.1851969999999823,0,200,10,5,-2,3,2,8,8,25n,0,4n,8,25,200V_10A_25C
1.2743446308890418e-05,1.8104443151188588e-06,1.894957633546872e-06,217.0387,8.519350000000003,1.4553890624009278e-05,1.644884825755615e-05,217.0387,8.519350000000003,1.4875000000000006e-08,225.167007866491,-1.0751730000000066,-1.0751730000000066,-1.79783305,2.4751730000000065,0,200,10,5,-2,2,2,8,8,15n,0,4n,8,25,200V_10A_25C
1.1307465384077927e-05,1.8044759876397204e-06,1.7827265769145535e-06,217.03855,8.519274999999993,1.3111941371717649e-05,1.4894667948632203e-05,217.03855,8.519274999999993,3.397499999999996e-08,223.26972456459686,-0.5397379999999998,-0.5397379999999998,-1.94705457,1.9397379999999997,0,200,10,5,-2,4,2,8,8,35n,0,4n,8,25,200V_10A_25C
1.2714248561823948e-05,1.8133690161637771e-06,1.8412013518410416e-06,217.0387,8.519350000000003,1.4527617577987725e-05,1.6368818929828765e-05,217.0387,8.519350000000003,2.5655439999999955e-08,224.73306589961993,-1.058593000000002,-1.058593000000002,-1.8875526,2.458593000000002,0,200,10,5,-2,2,2,8,8,25n,0,4n,8,25,200V_10A_25C
1.1803214801693866e-05,1.8044779353871889e-06,1.7827287416506453e-06,217.038632,8.519316000000003,1.3607692737081056e-05,1.53904214787317e-05,217.038632,8.519316000000003,3.397499999999996e-08,223.2703973504471,-0.79332500000001,-0.79332500000001,-1.94705599,2.19332500000001,0,200,10,5,-2,3,2,8,8,35n,0,4n,8,25,200V_10A_25C
1.2719093942848258e-05,1.8044805866996428e-06,1.782732838329671e-06,217.0387,8.519350000000003,1.45235745295479e-05,1.6306307367877572e-05,217.0387,8.519350000000003,3.397499999999996e-08,223.2717278697262,-1.0680099999999868,-1.0680099999999868,-1.94705985,2.4680099999999867,0,200,10,5,-2,2,2,8,8,35n,0,4n,8,25,200V_10A_25C
1.56718505576336e-05,1.8104623965535856e-06,1.8949685735398119e-06,217.038355,8.519177499999998,1.7482312954187185e-05,1.9377281527726998e-05,217.038355,8.519177499999998,1.4875000000000006e-08,225.1709212246753,-1.2083664000000027,-1.2083664000000027,-1.79782626,2.6083664000000026,0,200,10,5,-2,1,2,8,8,15n,0,4n,8,25,200V_10A_25C
1.5639476147385297e-05,1.8133862471444893e-06,1.8412108302223084e-06,217.038355,8.519177499999998,1.7452862394529786e-05,1.9294073224752093e-05,217.038355,8.519177499999998,2.5655439999999955e-08,224.73707459536467,-1.2079579000000038,-1.2079579000000038,-1.88753851,2.6079579000000037,0,200,10,5,-2,1,2,8,8,25n,0,4n,8,25,200V_10A_25C
1.563485817033325e-05,1.8044979351674638e-06,1.7827429892673974e-06,217.038355,8.519177499999998,1.7439356105500716e-05,1.9222099094768114e-05,217.038355,8.519177499999998,3.397499999999996e-08,223.275632305794,-1.2078203000000016,-1.2078203000000016,-1.94707829,2.6078203000000015,0,200,10,5,-2,1,2,8,8,35n,0,4n,8,25,200V_10A_25C
1.309979859002564e-05,2.733871610579796e-06,1.8303048439647372e-06,216.739986,8.369992999999994,1.5833670200605437e-05,1.7663975044570173e-05,216.739986,8.369992999999994,2.382500000000015e-08,242.50231706409576,0.8680549999999982,0.8680549999999982,0.150175849,0.5319450000000017,0,200,10,5,0,1,2,8,8,25n,0,4n,8,25,200V_10A_25C
1.9447683709548967e-05,1.7118078233836184e-06,1.2389513124538918e-06,213.407849,6.703924499999999,2.1159491532932586e-05,2.2398442845386478e-05,213.407849,6.703924499999999,1.237500000000003e-08,172.33492373892452,4.46266,4.46266,0.0540693251,-3.0626599999999997,1,200,10,5,0,8,8,8,1,15n,0,4n,8,25,200V_10A_25C
8.301721662676177e-06,1.711836121439943e-06,1.621833991514757e-06,211.545905,5.772952500000002,1.001355778411612e-05,1.1635391775630878e-05,211.545905,5.772952500000002,9.425000000000126e-09,170.3630646765334,2.8641520000000043,2.8641520000000043,0.053378706,-1.4641520000000043,1,200,10,5,0,8,8,8,4,15n,0,4n,8,25,200V_10A_25C
7.8856177428552e-06,1.7119570561581414e-06,1.6797753168062619e-06,210.372896,5.186447999999998,9.597574799013342e-06,1.1277350115819604e-05,210.372896,5.186447999999998,9.175000000000001e-09,170.06717122228656,2.0922529999999995,2.0922529999999995,0.0562337976,-0.6922529999999996,1,200,10,5,0,8,8,8,8,15n,0,4n,8,25,200V_10A_25C
9.602637278008456e-06,2.726552943843502e-06,1.6147796884509516e-06,152.782153,-23.6089235,1.2329190221851959e-05,1.3943969910302911e-05,223.177345,11.588672500000003,2.8725000000000093e-08,241.21436231069325,1.52662763,1.3846580000000017,1.52662763,-0.20162762999999995,1,200,10,5,0,4,2,8,8,10n,0,4n,8,75,200V_10A_75C
9.194135617598493e-06,2.9153406643143348e-06,6.870876067803741e-08,12.4362289,-93.78188555000001,1.2109476281912827e-05,1.2178185042590863e-05,283.716134,41.85806700000001,3.226385000000004e-08,255.99031738115247,0.977510574,0.9172990000000141,0.977510574,0.347489426,0,200,10,5,0,8,2,8,4,5n,1,4n,8,75,200V_10A_75C
1.1029162065384495e-05,1.8247329574803593e-06,1.8968334551018656e-06,214.747072,7.373536000000001,1.2853895022864853e-05,1.4750728477966719e-05,215.553654,7.776826999999997,1.9874000000000142e-08,218.10413227093915,0.9975999999999914,0.9975999999999914,-1.18546039,0.3274000000000086,0,200,10,5,-2,8,2,8,4,10n,0,4n,8,75,200V_10A_75C
8.452001477074325e-06,2.915491758671874e-06,1.0414565090772549e-07,12.4356704,-93.7821648,1.13674932357462e-05,1.1471638886653926e-05,283.707674,41.853837000000006,3.226427000000008e-08,255.98862337859512,1.0568669999999827,1.0568669999999827,0.977499401,0.2681330000000173,0,200,10,5,0,8,2,8,8,5n,1,4n,8,75,200V_10A_75C
1.1422022251834237e-05,1.8245419081258859e-06,1.9343828646722826e-06,214.707933,7.353966499999999,1.3246564159960123e-05,1.5180947024632407e-05,215.103808,7.551903999999992,1.977499999999995e-08,217.94581373274536,0.10555999999999699,0.10555999999999699,-1.18818586,1.219440000000003,0,200,10,5,-2,8,2,8,8,10n,0,4n,8,75,200V_10A_75C
8.750410966321066e-06,1.718531252373895e-06,1.6214761892363793e-06,210.092477,5.046238500000001,1.0468942218694961e-05,1.209041840793134e-05,210.092477,5.046238500000001,1.1867570000000145e-08,165.71977903402868,1.2214569999999867,1.2214569999999867,0.0371518181,0.10354300000001326,0,200,10,5,0,8,8,8,1,15n,1,4n,8,75,200V_10A_75C
8.446740740943671e-06,1.7204273073361126e-06,1.4832156467258338e-06,161.810031,-19.094984499999995,1.0167168048279783e-05,1.1650383695005617e-05,212.269923,6.134961500000003,9.475000000000024e-09,164.03663209300538,1.0571899999999914,1.0571899999999914,0.111473927,0.26781000000000854,0,200,10,5,0,8,8,8,8,5n,1,4n,8,75,200V_10A_75C
1.1805267929234659e-05,1.8245430202851041e-06,1.934384451423825e-06,214.708001,7.354000499999997,1.3629810949519763e-05,1.556419540094359e-05,215.10382,7.5519100000000075,1.977499999999995e-08,217.94631320564883,-0.23168999999998618,-0.23168999999998618,-1.18817423,1.5566899999999861,0,200,10,5,-2,6,2,8,8,10n,0,4n,8,75,200V_10A_75C
1.24487349783875e-05,1.824544493991152e-06,1.9343874089117998e-06,214.708093,7.354046499999995,1.4273279472378652e-05,1.620766688129045e-05,215.103786,7.551893000000007,1.977499999999995e-08,217.9473119459032,-0.6617280000000108,-0.6617280000000108,-1.18814981,1.9867280000000107,0,200,10,5,-2,4,2,8,8,10n,0,4n,8,75,200V_10A_75C
1.2977249555678183e-05,1.8245454992511125e-06,1.9343902094403072e-06,214.708158,7.354079,1.4801795054929296e-05,1.6736185264369604e-05,215.103715,7.551857499999996,1.977499999999995e-08,217.94831065901235,-0.896899000000019,-0.896899000000019,-1.18812468,2.221899000000019,0,200,10,5,-2,3,2,8,8,10n,0,4n,8,75,200V_10A_75C
1.4020893570872108e-05,1.8245459457502067e-06,1.9343953418208795e-06,214.708196,7.354097999999993,1.5845439516622314e-05,1.7779834858443194e-05,215.103454,7.551727,1.977499999999995e-08,217.95030784365667,-1.1394819999999868,-1.1394819999999868,-1.18807212,2.464481999999987,0,200,10,5,-2,2,2,8,8,10n,0,4n,8,75,200V_10A_75C
1.734617923524773e-05,1.8245662682825269e-06,1.93440879066099e-06,214.707948,7.353973999999994,1.9170745503530258e-05,2.110515429419125e-05,215.102193,7.5510965,1.977499999999995e-08,217.95629764793233,-1.18790531,-1.3440901999999966,-1.18790531,2.51290531,0,200,10,5,-2,1,2,8,8,10n,0,4n,8,75,200V_10A_75C
1.1372638387554075e-05,1.8247340018519327e-06,1.8968349630558265e-06,214.747134,7.373566999999993,1.3197372389406006e-05,1.5094207352461834e-05,215.553653,7.7768264999999985,1.9874000000000142e-08,218.10463299897881,0.5185869999999966,0.5185869999999966,-1.18544867,0.8064130000000034,0,200,10,5,-2,6,2,8,4,10n,0,4n,8,75,200V_10A_75C
1.1962678114010485e-05,1.8247353622209985e-06,1.8968378368599322e-06,214.747217,7.373608500000002,1.3787413476231484e-05,1.568425131309142e-05,215.553592,7.776796000000004,1.9874000000000142e-08,218.10563370140022,-0.09158800000000156,-0.09158800000000156,-1.18542412,1.4165880000000015,0,200,10,5,-2,4,2,8,4,10n,0,4n,8,75,200V_10A_75C
1.2478492663873754e-05,1.8247363991417949e-06,1.8968406213417016e-06,214.747281,7.373640499999993,1.4303229063015548e-05,1.620006968435725e-05,215.553504,7.776752000000001,1.9874000000000142e-08,218.106634415243,-0.4296549999999968,-0.4296549999999968,-1.1853991,1.7546549999999967,0,200,10,5,-2,3,2,8,4,10n,0,4n,8,75,200V_10A_75C
1.3532420874502472e-05,1.824737256531325e-06,1.8968459532643504e-06,214.747337,7.373668499999995,1.5357158131033796e-05,1.7254004084298147e-05,215.553226,7.7766129999999976,1.9874000000000142e-08,218.10863461025193,-0.5489420000000109,-0.5489420000000109,-1.18534727,1.8739420000000109,0,200,10,5,-2,2,2,8,4,10n,0,4n,8,75,200V_10A_75C
1.6892037352186767e-05,1.8247579347899727e-06,1.896860600223285e-06,214.747144,7.373571999999996,1.871679528697674e-05,2.0613655887200025e-05,215.551886,7.775942999999997,1.9873990000000106e-08,218.11463707515128,-0.691315000000003,-0.691315000000003,-1.18518307,2.016315000000003,0,200,10,5,-2,1,2,8,4,10n,0,4n,8,75,200V_10A_75C
1.4624990804286556e-05,2.7265487865866108e-06,1.6145418338370068e-06,152.744318,-23.627841000000004,1.7351539590873167e-05,1.8966081424710173e-05,223.192222,11.596110999999993,2.8725000000000093e-08,241.2230575951921,1.52681102,0.8490050000000053,1.52681102,-0.20181102000000006,1,200,10,5,0,1,2,8,8,10n,0,4n,8,75,200V_10A_75C
1.1226528110148568e-05,2.7265474236837104e-06,1.6147027569606516e-06,152.769859,-23.6150705,1.3953075533832278e-05,1.556777829079293e-05,223.182207,11.591103500000004,2.8725000000000093e-08,241.21724481061256,1.52668826,0.8950869999999895,1.52668826,-0.20168826000000006,1,200,10,5,0,2,2,8,8,10n,0,4n,8,75,200V_10A_75C
1.014658256816237e-05,2.7265509179342405e-06,1.6147539062212235e-06,152.778036,-23.610982000000007,1.287313348609661e-05,1.4487887392317833e-05,223.178972,11.589485999999992,2.8725000000000093e-08,241.21532368333413,1.52664787,1.1623280000000022,1.52664787,-0.20164786999999995,1,200,10,5,0,3,2,8,8,10n,0,4n,8,75,200V_10A_75C
1.133864089720213e-05,1.8243873842950805e-06,1.8873896082126988e-06,217.215058,8.607529,1.3163028281497211e-05,1.505041788970991e-05,217.215058,8.607529,1.467499999999999e-08,220.19611782158438,0.15522300000000655,0.15522300000000655,-1.80806282,1.1697769999999934,0,200,10,5,-2,8,2,8,8,15n,0,4n,8,75,200V_10A_75C
1.17247566508698e-05,1.8243884882523572e-06,1.8875316999292619e-06,217.215103,8.6075515,1.3549145139122157e-05,1.543667683905142e-05,217.215103,8.6075515,1.467499999999999e-08,220.1966265440578,-0.18851899999998523,-0.18851899999998523,-1.80806025,1.5135189999999852,0,200,10,5,-2,6,2,8,8,15n,0,4n,8,75,200V_10A_75C
1.131390466619338e-05,1.8281264658621702e-06,1.832396212357353e-06,217.215058,8.607529,1.3142031132055549e-05,1.4974427344412903e-05,217.215058,8.607529,2.555534000000001e-08,219.4731463670714,0.1537699999999802,0.1537699999999802,-1.92303574,1.1712300000000198,0,200,10,5,-2,8,2,8,8,25n,0,4n,8,75,200V_10A_75C
1.1705085970306536e-05,1.8281275533924041e-06,1.8323978062554184e-06,217.215103,8.6075515,1.353321352369894e-05,1.5365611329954357e-05,217.215103,8.6075515,2.555534000000001e-08,219.47366730322366,-0.18803600000001097,-0.18803600000001097,-1.9230337,1.513036000000011,0,200,10,5,-2,6,2,8,8,25n,0,4n,8,75,200V_10A_75C
1.1702886306228226e-05,1.8185732178268534e-06,1.770016855180182e-06,217.215103,8.6075515,1.3521459524055079e-05,1.529147637923526e-05,217.215103,8.6075515,3.387499999999995e-08,218.21723865872332,-0.1925629999999785,-0.1925629999999785,-1.92150212,1.5175629999999785,0,200,10,5,-2,6,2,8,8,35n,0,4n,8,75,200V_10A_75C
1.2904305768508968e-05,1.8281299153630221e-06,1.8324037940784202e-06,217.215164,8.607581999999994,1.473243568387199e-05,1.656483947795041e-05,217.215164,8.607581999999994,2.555534000000001e-08,219.47577091198193,-0.8615080000000148,-0.8615080000000148,-1.92302439,2.186508000000015,0,200,10,5,-2,3,2,8,8,25n,0,4n,8,75,200V_10A_75C
1.400237501004455e-05,1.8243913289472974e-06,1.8875435521265903e-06,217.215102,8.607551,1.5826766338991848e-05,1.771430989111844e-05,217.215102,8.607551,1.467499999999999e-08,220.20072082568515,-1.1454709999999864,-1.1454709999999864,-1.80804142,2.4704709999999865,0,200,10,5,-2,2,2,8,8,15n,0,4n,8,75,200V_10A_75C
1.2359202620469088e-05,1.8185745598174848e-06,1.77001984997958e-06,217.215148,8.607574,1.4177777180286574e-05,1.5947797030266153e-05,217.215148,8.607574,3.387499999999995e-08,218.21825926289267,-0.6276220000000023,-0.6276220000000023,-1.9215035,1.9526220000000023,0,200,10,5,-2,4,2,8,8,35n,0,4n,8,75,200V_10A_75C
1.2386072370806992e-05,1.8243899445528648e-06,1.8873943540148017e-06,217.215148,8.607574,1.4210462315359856e-05,1.6097856669374658e-05,217.215148,8.607574,1.467499999999999e-08,220.1976471429264,-0.627476999999999,-0.627476999999999,-1.80805532,1.952476999999999,0,200,10,5,-2,4,2,8,8,15n,0,4n,8,75,200V_10A_75C
1.2931141241447493e-05,1.824390928904178e-06,1.8873973645256169e-06,217.215164,8.607581999999994,1.475553217035167e-05,1.6642929534877287e-05,217.215164,8.607581999999994,1.467499999999999e-08,220.19866961840577,-0.8750610000000165,-0.8750610000000165,-1.80805052,2.2000610000000167,0,200,10,5,-2,3,2,8,8,15n,0,4n,8,75,200V_10A_75C
1.2362612818038993e-05,1.8281289717581428e-06,1.832400855885178e-06,217.215148,8.607574,1.4190741789797135e-05,1.6023142645682313e-05,217.215148,8.607574,2.555534000000001e-08,219.47471689062735,-0.6203220000000158,-0.6203220000000158,-1.92302918,1.9453220000000158,0,200,10,5,-2,4,2,8,8,25n,0,4n,8,75,200V_10A_75C
1.1312429764503654e-05,1.8185721607674314e-06,1.7700153183616372e-06,217.215058,8.607529,1.3131001925271085e-05,1.4901017243632722e-05,217.215058,8.607529,3.387499999999995e-08,218.21672925536382,0.14964800000001333,0.14964800000001333,-1.92150164,1.1753519999999866,0,200,10,5,-2,8,2,8,8,35n,0,4n,8,75,200V_10A_75C
1.396769247251272e-05,1.828130224823081e-06,1.8324093639731297e-06,217.215102,8.607551,1.57958226973358e-05,1.7628232061308932e-05,217.215102,8.607551,2.555534000000001e-08,219.47789415479562,-1.125395999999995,-1.125395999999995,-1.92301399,2.450395999999995,0,200,10,5,-2,2,2,8,8,25n,0,4n,8,75,200V_10A_75C
1.2902164961467986e-05,1.818575371908236e-06,1.7700227688957452e-06,217.215164,8.607581999999994,1.4720740333376222e-05,1.6490763102271968e-05,217.215164,8.607581999999994,3.387499999999995e-08,218.2192823260449,-0.8704299999999989,-0.8704299999999989,-1.92150515,2.195429999999999,0,200,10,5,-2,3,2,8,8,35n,0,4n,8,75,200V_10A_75C
1.396803704760874e-05,1.8185752667934894e-06,1.770028330255378e-06,217.215102,8.607551,1.578661231440223e-05,1.755664064465761e-05,217.215102,8.607551,3.387499999999995e-08,218.2213343810986,-1.1338639999999884,-1.1338639999999884,-1.92150934,2.4588639999999886,0,200,10,5,-2,2,2,8,8,35n,0,4n,8,75,200V_10A_75C
1.7342742877751994e-05,1.8244112366364042e-06,1.8875595058558149e-06,217.214537,8.607268500000004,1.9167154114388397e-05,2.105471362024421e-05,217.214537,8.607268500000004,1.467499999999999e-08,220.20689916198342,-1.3431970000000035,-1.3431970000000035,-1.80801577,2.6681970000000037,0,200,10,5,-2,1,2,8,8,15n,0,4n,8,75,200V_10A_75C
1.730741539341294e-05,1.8281498238066935e-06,1.8324248396768926e-06,217.214537,8.607268500000004,1.9135565217219635e-05,2.0967990056896527e-05,217.214537,8.607268500000004,2.555534000000001e-08,219.4843243512803,-1.3432410000000061,-1.3432410000000061,-1.92297933,2.6682410000000063,0,200,10,5,-2,1,2,8,8,25n,0,4n,8,75,200V_10A_75C
1.7300086881811157e-05,1.8185934519868437e-06,1.7700440903097092e-06,217.214537,8.607268500000004,1.9118680333798e-05,2.088872442410771e-05,217.214537,8.607268500000004,3.387499999999995e-08,218.22750891807883,-1.3429241000000047,-1.3429241000000047,-1.92152543,2.667924100000005,0,200,10,5,-2,1,2,8,8,35n,0,4n,8,75,200V_10A_75C
1.4585102263599886e-05,2.7238913496195505e-06,1.8250099729867776e-06,216.819339,8.409669500000007,1.7308993613219437e-05,1.9134003586206215e-05,216.819339,8.409669500000007,2.5755780000000137e-08,241.26440087269947,0.8503929999999968,0.8503929999999968,0.147385115,0.4746070000000031,0,200,10,5,0,1,2,8,8,25n,0,4n,8,75,200V_10A_75C
2.0925372070255167e-05,1.7185900943615433e-06,1.2156603787409873e-06,213.533447,6.766723499999999,2.264396216461671e-05,2.3859622543357698e-05,213.533447,6.766723499999999,1.47250000000001e-08,168.2122533898318,4.456922999999989,4.456922999999989,0.0623473867,-3.131922999999989,1,200,10,5,0,8,8,8,1,15n,0,4n,8,75,200V_10A_75C
9.180637524502905e-06,1.7185934120966259e-06,1.6158683572789082e-06,211.91472,5.957359999999994,1.0899230936599532e-05,1.251509929387844e-05,211.91472,5.957359999999994,9.375000000000016e-09,166.19765144599418,2.719044999999994,2.719044999999994,0.0600066385,-1.3940449999999942,1,200,10,5,0,8,8,8,4,15n,0,4n,8,75,200V_10A_75C
8.650687985579764e-06,1.718774392375392e-06,1.6745702908671665e-06,210.921581,5.460790500000002,1.0369462377955156e-05,1.2044032668822324e-05,210.921581,5.460790500000002,9.22500000000011e-09,165.88389716558518,1.9928170000000023,1.9928170000000023,0.0579605704,-0.6678170000000023,1,200,10,5,0,8,8,8,8,15n,0,4n,8,75,200V_10A_75C
1.0376339382079433e-05,2.726287722469177e-06,1.7494276515473507e-06,175.83552,-12.082239999999999,1.310262710454861e-05,1.4852054756095961e-05,216.814292,8.407145999999997,1.9974999999999965e-08,236.5711010003337,1.40022937,1.3064099999999996,1.40022937,-0.15022936999999992,1,200,10,5,0,4,2,8,8,10n,0,4n,8,125,200V_10A_125C
9.971293051930074e-06,2.7337474969670364e-06,9.007181531575075e-08,16.8377428,-91.5811286,1.270504054889711e-05,1.2795112364212861e-05,278.116754,39.05837700000001,3.232103000000015e-08,252.70317192069393,0.934050001,0.8503350000000012,0.934050001,0.315949999,0,200,10,5,0,8,2,8,4,5n,1,4n,8,125,200V_10A_125C
1.1826569768539576e-05,1.8392380958910102e-06,1.8932926403052467e-06,214.790239,7.395119500000008,1.3665807864430587e-05,1.5559100504735832e-05,215.960598,7.980299000000002,1.707499999999996e-08,213.43131356423376,0.8742230000000006,0.8742230000000006,-1.30713368,0.37577699999999936,0,200,10,5,-2,8,2,8,4,10n,0,4n,8,125,200V_10A_125C
9.199885872405892e-06,2.7336347967817525e-06,1.2437201508714307e-07,16.8376752,-91.5811624,1.1933520669187645e-05,1.2057892684274787e-05,278.128851,39.0644255,3.232163e-08,252.69886466481688,1.0094520000000102,1.0094520000000102,0.933933188,0.24054799999998977,0,200,10,5,0,8,2,8,8,5n,1,4n,8,125,200V_10A_125C
1.2329934109065048e-05,1.839050533753893e-06,1.931313527318816e-06,214.751023,7.375511500000003,1.416898464281894e-05,1.6100298170137755e-05,215.587582,7.793790999999999,1.702500000000006e-08,213.29813976035234,0.0038879999999892334,0.0038879999999892334,-1.31024811,1.2461120000000108,0,200,10,5,-2,8,2,8,8,10n,0,4n,8,125,200V_10A_125C
9.51498593560473e-06,1.7257765836325286e-06,1.614574828120647e-06,210.495139,5.247569499999997,1.1240762519237258e-05,1.2855337347357905e-05,210.495139,5.247569499999997,9.074999999999994e-09,162.10240060163326,1.1476839999999982,1.1476839999999982,0.0365956142,0.10231600000000185,0,200,10,5,0,8,8,8,1,15n,1,4n,8,125,200V_10A_125C
9.195677170039709e-06,1.7271660682606383e-06,1.5096981102376002e-06,168.963171,-15.518414500000006,1.0922843238300347e-05,1.2432541348537948e-05,210.660349,5.330174499999998,6.625000000000127e-09,160.12852106769228,1.010910000000024,1.010910000000024,0.112924058,0.23908999999997604,0,200,10,5,0,8,8,8,8,5n,1,4n,8,125,200V_10A_125C
1.2758286511682383e-05,1.839051074739058e-06,1.9313154272650038e-06,214.751054,7.375527000000005,1.4597337586421441e-05,1.6528653013686444e-05,215.58758,7.793790000000001,1.702500000000006e-08,213.2988471474422,-0.32809999999997785,-0.32809999999997785,-1.31022711,1.5780999999999779,0,200,10,5,-2,6,2,8,8,10n,0,4n,8,125,200V_10A_125C
1.3429497346623676e-05,1.8390510946200147e-06,1.9313189416317456e-06,214.751068,7.375534000000003,1.526854844124369e-05,1.7199867382875434e-05,215.587523,7.793761500000003,1.702500000000006e-08,213.3002842561856,-0.7454930000000104,-0.7454930000000104,-1.31018115,1.9954930000000104,0,200,10,5,-2,4,2,8,8,10n,0,4n,8,125,200V_10A_125C
1.4021696670003563e-05,1.8390503904583e-06,1.9313222610693362e-06,214.751049,7.3755244999999965,1.5860747060461863e-05,1.77920693215312e-05,215.58743,7.793715000000007,1.702500000000006e-08,213.30173651792452,-0.9736790000000042,-0.9736790000000042,-1.31013252,2.223679000000004,0,200,10,5,-2,3,2,8,8,10n,0,4n,8,125,200V_10A_125C
1.5202957467112335e-05,1.8390482309954792e-06,1.931328561804731e-06,214.750952,7.375476000000005,1.7042005698107815e-05,1.8973334259912548e-05,215.587168,7.7935839999999965,1.702500000000006e-08,213.3046675028079,-1.2107050000000186,-1.2107050000000186,-1.31003058,2.4607050000000186,0,200,10,5,-2,2,2,8,8,10n,0,4n,8,125,200V_10A_125C
1.8889231588253167e-05,1.839069852834974e-06,1.9313466015606037e-06,214.750508,7.375253999999997,2.072830144108814e-05,2.2659648042648743e-05,215.586243,7.793121499999997,1.702500000000006e-08,213.31352488289784,-1.30971314,-1.3781749999999988,-1.30971314,2.55971314,0,200,10,5,-2,1,2,8,8,10n,0,4n,8,125,200V_10A_125C
1.2187091188568715e-05,1.8392384801710053e-06,1.8932945307572589e-06,214.790263,7.395131500000004,1.4026329668739721e-05,1.591962419949698e-05,215.960582,7.980290999999994,1.707499999999996e-08,213.43202629681832,0.4168679999999938,0.4168679999999938,-1.30711211,0.8331320000000062,0,200,10,5,-2,6,2,8,4,10n,0,4n,8,125,200V_10A_125C
1.2790939490872364e-05,1.8392382573848478e-06,1.8932981351839915e-06,214.790267,7.395133499999999,1.4630177748257211e-05,1.6523475883441202e-05,215.960495,7.980247500000005,1.707499999999996e-08,213.4334724931767,-0.16513900000001058,-0.16513900000001058,-1.30706532,1.4151390000000106,0,200,10,5,-2,4,2,8,4,10n,0,4n,8,125,200V_10A_125C
1.3369029881387616e-05,1.8392376351544733e-06,1.8933016698432335e-06,214.790253,7.3951265000000035,1.5208267516542088e-05,1.7101569186385322e-05,215.960388,7.9801939999999965,1.707499999999996e-08,213.43492688908435,-0.4824859999999944,-0.4824859999999944,-1.30701708,1.7324859999999944,0,200,10,5,-2,3,2,8,4,10n,0,4n,8,125,200V_10A_125C
1.4572924894766513e-05,1.8392353232960266e-06,1.893308543863132e-06,214.790174,7.395087000000003,1.641216021806254e-05,1.830546876192567e-05,215.960114,7.980057000000001,1.707499999999996e-08,213.43785771509954,-0.5541520000000162,-0.5541520000000162,-1.30691665,1.8041520000000162,0,200,10,5,-2,2,2,8,4,10n,0,4n,8,125,200V_10A_125C
1.838113362885054e-05,1.839257875173999e-06,1.8933285658070936e-06,214.789774,7.394886999999996,2.022039150402454e-05,2.2113720069831632e-05,215.959101,7.979550500000003,1.707499999999996e-08,213.44672014805556,-0.7422929999999894,-0.7422929999999894,-1.30660299,1.9922929999999894,0,200,10,5,-2,1,2,8,4,10n,0,4n,8,125,200V_10A_125C
1.602568986194006e-05,2.7262266723166802e-06,1.7491930252453547e-06,175.786591,-12.106704500000005,1.875191653425674e-05,2.0501109559502095e-05,216.819853,8.409926499999997,1.9974999999999965e-08,236.57784210963962,1.40056727,0.8178010000000029,1.40056727,-0.15056727000000003,1,200,10,5,0,1,2,8,8,10n,0,4n,8,125,200V_10A_125C
1.2199289487931119e-05,2.726258734204351e-06,1.7493503696188666e-06,175.819365,-12.090317499999996,1.492554822213547e-05,1.6674898591754337e-05,216.816148,8.408074,1.9974999999999965e-08,236.57335369870222,1.40034146,0.9236789999999928,1.40034146,-0.15034145999999993,1,200,10,5,0,2,2,8,8,10n,0,4n,8,125,200V_10A_125C
1.0977626902089092e-05,2.726277039933348e-06,1.7494013815234655e-06,175.830047,-12.084976499999996,1.370390394202244e-05,1.5453305323545905e-05,216.814912,8.407455999999996,1.9974999999999965e-08,236.57184828681892,1.40026706,1.0935979999999859,1.40026706,-0.15026706,1,200,10,5,0,3,2,8,8,10n,0,4n,8,125,200V_10A_125C
1.2230442386782698e-05,1.8382061572505356e-06,1.8793753009496319e-06,217.265981,8.632990500000005,1.4068648544033234e-05,1.5948023844982867e-05,217.265981,8.632990500000005,1.677077000000005e-08,215.5543723852412,0.06302400000001285,0.06302400000001285,-1.82232447,1.1869759999999872,0,200,10,5,-2,8,2,8,8,15n,0,4n,8,125,200V_10A_125C
1.2657979764212904e-05,1.838206710023795e-06,1.8792263122671994e-06,217.265978,8.632988999999995,1.4496186474236698e-05,1.6375412786503897e-05,217.265978,8.632988999999995,1.677077000000005e-08,215.55508414708666,-0.26718600000000947,-0.26718600000000947,-1.82233004,1.5171860000000095,0,200,10,5,-2,6,2,8,8,15n,0,4n,8,125,200V_10A_125C
1.2216217811037853e-05,1.8425253466079932e-06,1.8226610675112037e-06,217.265981,8.632990500000005,1.4058743157645846e-05,1.588140422515705e-05,217.265981,8.632990500000005,2.545520000000013e-08,214.59278956424123,0.05804399999999532,0.05804399999999532,-1.93694047,1.1919560000000047,0,200,10,5,-2,8,2,8,8,25n,0,4n,8,125,200V_10A_125C
1.264255482270539e-05,1.8425257427952711e-06,1.8226631228435006e-06,217.265978,8.632988999999995,1.4485080565500661e-05,1.630774368834416e-05,217.265978,8.632988999999995,2.545520000000013e-08,214.59351741762464,-0.2708640000000173,-0.2708640000000173,-1.93694466,1.5208640000000173,0,200,10,5,-2,6,2,8,8,25n,0,4n,8,125,200V_10A_125C
1.333706826058918e-05,1.838206271158424e-06,1.879230114087906e-06,217.265916,8.632958000000002,1.5175274531747605e-05,1.7054504645835512e-05,217.265916,8.632958000000002,1.677077000000005e-08,215.55653267678272,-0.6936000000000035,-0.6936000000000035,-1.82234355,1.9436000000000035,0,200,10,5,-2,4,2,8,8,15n,0,4n,8,125,200V_10A_125C
1.3941172759515265e-05,1.8382058492319477e-06,1.8793848008869668e-06,217.265817,8.6329085,1.5779378608747214e-05,1.765876340963418e-05,217.265817,8.6329085,1.677077000000005e-08,215.5579905780429,-0.9324220000000025,-0.9324220000000025,-1.82235941,2.1824220000000025,0,200,10,5,-2,3,2,8,8,15n,0,4n,8,125,200V_10A_125C
1.3320330705833648e-05,1.84252548491633e-06,1.8226670879929755e-06,217.265916,8.632958000000002,1.5162856190749978e-05,1.6985523278742952e-05,217.265916,8.632958000000002,2.545520000000013e-08,214.59500320541335,-0.690589999999986,-0.690589999999986,-1.93695408,1.940589999999986,0,200,10,5,-2,4,2,8,8,25n,0,4n,8,125,200V_10A_125C
1.2213760261799326e-05,1.8331081174242813e-06,1.7574373946605921e-06,217.265981,8.632990500000005,1.4046868379223608e-05,1.58043057738842e-05,217.265981,8.632990500000005,3.3725000000000046e-08,213.48210526940386,0.052527999999995245,0.052527999999995245,-1.91394586,1.1974720000000048,0,200,10,5,-2,8,2,8,8,35n,0,4n,8,125,200V_10A_125C
1.2638595794475524e-05,1.8331084036165159e-06,1.7574393714691621e-06,217.265978,8.632988999999995,1.4471704198092041e-05,1.6229143569561204e-05,217.265978,8.632988999999995,3.3725000000000046e-08,213.48281897949315,-0.27657899999999813,-0.27657899999999813,-1.91394592,1.5265789999999981,0,200,10,5,-2,6,2,8,8,35n,0,4n,8,125,200V_10A_125C
1.3920147975149717e-05,1.8425248881652934e-06,1.8226709849470692e-06,217.265817,8.6329085,1.5762672863315012e-05,1.758534384826208e-05,217.265817,8.6329085,2.545520000000013e-08,214.59650409451095,-0.9213770000000068,-0.9213770000000068,-1.93696516,2.1713770000000068,0,200,10,5,-2,3,2,8,8,25n,0,4n,8,125,200V_10A_125C
1.515158436516183e-05,1.8382031752406294e-06,1.8792410382856387e-06,217.265553,8.632776500000006,1.698978754040246e-05,1.8869028578688097e-05,217.265553,8.632776500000006,1.677077000000005e-08,215.5609357946335,-1.1950129999999888,-1.1950129999999888,-1.82239376,2.445012999999989,0,200,10,5,-2,2,2,8,8,15n,0,4n,8,125,200V_10A_125C
1.331522088372734e-05,1.8331081043107046e-06,1.7574431870652776e-06,217.265916,8.632958000000002,1.5148328988038044e-05,1.6905772175103323e-05,217.265916,8.632958000000002,3.3725000000000046e-08,213.48427162780007,-0.6976790000000221,-0.6976790000000221,-1.91394588,1.9476790000000221,0,200,10,5,-2,4,2,8,8,35n,0,4n,8,125,200V_10A_125C
1.5120197082916553e-05,1.842521910275574e-06,1.8226786251385257e-06,217.265553,8.632776500000006,1.6962718993192127e-05,1.8785397618330653e-05,217.265553,8.632776500000006,2.545520000000013e-08,214.59954145282475,-1.1777199999999937,-1.1777199999999937,-1.93698892,2.4277199999999937,0,200,10,5,-2,2,2,8,8,25n,0,4n,8,125,200V_10A_125C
1.3915180859104465e-05,1.8331072453097206e-06,1.75744696739915e-06,217.265817,8.6329085,1.5748288104414185e-05,1.7505735071813337e-05,217.265817,8.6329085,3.3725000000000046e-08,213.48573885308232,-0.9309969999999907,-0.9309969999999907,-1.91394627,2.1809969999999907,0,200,10,5,-2,3,2,8,8,35n,0,4n,8,125,200V_10A_125C
1.5116424339601742e-05,1.8331039186536908e-06,1.7574543610243793e-06,217.265553,8.632776500000006,1.6949528258255434e-05,1.8706982619279814e-05,217.265553,8.632776500000006,3.3725000000000046e-08,213.48870294917955,-1.1850379999999916,-1.1850379999999916,-1.91394709,2.4350379999999916,0,200,10,5,-2,2,2,8,8,35n,0,4n,8,125,200V_10A_125C
1.8884636806416146e-05,1.8382244418554225e-06,1.8792621561215879e-06,217.26459,8.632295,2.072286124827157e-05,2.2602123404393158e-05,217.26459,8.632295,1.6770780000000087e-08,215.56982775626608,-1.3771640000000218,-1.3771640000000218,-1.82250488,2.627164000000022,0,200,10,5,-2,1,2,8,8,15n,0,4n,8,125,200V_10A_125C
1.8844425185736918e-05,1.8425425972189826e-06,1.8227011052758581e-06,217.26459,8.632295,2.06869677829559e-05,2.250966888823176e-05,217.26459,8.632295,2.545520000000013e-08,214.60873454149822,-1.3771329999999864,-1.3771329999999864,-1.93706525,2.6271329999999864,0,200,10,5,-2,1,2,8,8,25n,0,4n,8,125,200V_10A_125C
1.883409308590766e-05,1.8331237027891868e-06,1.7574762084790274e-06,217.26459,8.632295,2.0667216788696848e-05,2.2424692997175873e-05,217.26459,8.632295,3.3725000000000046e-08,213.49766355032338,-1.3771040000000028,-1.3771040000000028,-1.91395022,2.6271040000000028,0,200,10,5,-2,1,2,8,8,35n,0,4n,8,125,200V_10A_125C
1.598649889900072e-05,2.727153211469487e-06,1.817632243320295e-06,216.835597,8.417798500000004,1.871365211047021e-05,2.0531284353790504e-05,216.835597,8.417798500000004,2.550566e-08,238.91887001336454,0.820272999999986,0.820272999999986,0.124680268,0.42972700000001396,0,200,10,5,0,1,2,8,8,25n,0,4n,8,125,200V_10A_125C
2.221198368023103e-05,1.725460397824099e-06,1.1967047758749448e-06,213.585845,6.792922500000003,2.393744407805513e-05,2.5134148853930074e-05,213.585845,6.792922500000003,1.4825000000000108e-08,164.6129480698971,4.440261000000021,4.440261000000021,0.0656426516,-3.190261000000021,1,200,10,5,0,8,8,8,1,15n,0,4n,8,125,200V_10A_125C
9.992036989370643e-06,1.7256045231315582e-06,1.6082082547544694e-06,212.100001,6.050000499999997,1.17176415125022e-05,1.332584976725667e-05,212.100001,6.050000499999997,9.325000000000118e-09,162.60111793430502,2.59414799999999,2.59414799999999,0.0632562009,-1.34414799999999,1,200,10,5,0,8,8,8,4,15n,0,4n,8,125,200V_10A_125C
9.348149092859956e-06,1.7256872604291603e-06,1.6685043861093865e-06,211.220525,5.610262500000005,1.1073836353289117e-05,1.2742340739398503e-05,211.220525,5.610262500000005,9.175000000000001e-09,162.2585324566361,1.9051279999999906,1.9051279999999906,0.0587383505,-0.6551279999999906,1,200,10,5,0,8,8,8,8,15n,0,4n,8,125,200V_10A_125C
