dev,VBUS,ILOAD,TJ,NPU_LS,NPD_LS,NPD_HS,DT,CLKEN,VNEG,E_tot,ov_pct,margin,Vgs_spur_hs
0,50,2,25,8,8,8,15n,0,0,5.941149920476655e-07,5.867879000000003,0.19523719999999978,1.2047628000000001
0,100,10,25,8,8,8,15n,0,0,3.969643178527654e-06,22.598049,-0.2803118999999996,1.6803118999999995
0,200,10,125,8,8,8,15n,0,0,1.2636840930872867e-05,5.7442879999999965,-0.657999999999987,1.907999999999987
0,200,2,125,8,8,8,15n,0,0,7.585251250681584e-06,4.828156500000006,-0.651535000000024,1.901535000000024
0,50,2,25,1,2,8,10n,1,-2,1.4716611822029451e-06,25.361384799999996,3.09033367572,-1.69033367572
0,100,10,25,1,2,8,10n,1,-2,8.163174159146178e-06,23.076221000000004,3.0302275499999998,-1.6302275499999999
0,200,10,125,1,2,8,10n,1,-2,2.2983378923195315e-05,7.562013500000006,3.0337952,-1.7837952000000001
0,200,2,125,1,2,8,10n,1,-2,9.699980872247924e-06,28.870419499999997,2.29634038,-1.7783074999999968
0,50,2,25,6,2,1,10n,0,0,6.171242492832523e-07,64.7323308,-2.6659006699999996,4.0659006699999996
0,100,10,25,6,2,1,10n,0,0,7.205358322563931e-06,18.217028,-2.9134945999999986,4.3134945999999985
0,200,10,125,6,2,1,10n,0,0,2.4951121696858474e-05,7.997612000000004,-3.3105420000000265,4.5605420000000265
0,200,2,125,6,2,1,10n,0,0,1.3043267156659092e-05,13.189052500000003,-3.7726959999999963,5.022695999999996
0,50,2,25,8,8,1,25n,1,-2,7.271480067686812e-07,10.1719564,2.29175391627,-0.89175391627
0,100,10,25,8,8,1,25n,1,-2,5.9341918122485316e-06,23.638364999999993,2.274721699999995,-0.8747216999999949
0,200,10,125,8,8,1,25n,1,-2,1.541681241359449e-05,6.051254499999999,1.9728389999999933,-0.7228389999999933
0,200,2,125,8,8,1,25n,1,-2,9.276103262902488e-06,2.852458999999996,2.0246669999999938,-0.7746669999999938
0,50,2,25,2,8,4,15n,0,-2,1.2562099797214682e-06,7.9989333999999985,2.116591664,-0.7165916640000001
0,100,10,25,2,8,4,15n,0,-2,6.2374248370284425e-06,23.806848,1.9803604,-0.5803604
0,200,10,125,2,8,4,15n,0,-2,1.8014471292532155e-05,6.298482000000007,2.113213700000003,-0.8632137000000029
0,200,2,125,2,8,4,15n,0,-2,9.852087801420668e-06,3.068551499999998,2.107608599999999,-0.8576085999999989
0,50,2,25,4,8,8,25n,1,-2,1.0024368277744221e-06,10.122911599999995,2.6712168409999997,-1.271216841
0,100,10,25,4,8,8,25n,1,-2,6.687488468415846e-06,23.597032999999996,2.734965,-1.334965
0,200,10,125,4,8,8,25n,1,-2,1.6950195007428054e-05,6.022617999999994,2.637976999999978,-1.387976999999978
0,200,2,125,4,8,8,25n,1,-2,9.60170266641886e-06,2.8302434999999946,2.66269699999998,-1.41269699999998
0,50,2,25,8,2,8,25n,0,0,6.17281533183789e-07,6.127970599999998,0.1923951900000005,1.2076048099999994
0,100,10,25,8,2,8,25n,0,0,4.578654026776978e-06,18.563738,-0.27890020000000115,1.678900200000001
0,200,10,125,8,2,8,25n,0,0,1.3643393554579179e-05,8.438770000000005,-0.6517589999999984,1.9017589999999984
0,200,2,125,8,2,8,25n,0,0,7.677557343783875e-06,2.0538820000000015,-0.6453309999999988,1.8953309999999988
0,50,2,25,2,2,1,15n,1,0,9.3902452184556e-07,5.273829000000006,0.9463011999999984,0.4536988000000015
0,100,10,25,2,2,1,15n,1,0,5.302225569486036e-06,24.033321,0.9142068999999906,0.4857931000000093
0,200,10,125,2,2,1,15n,1,0,1.594108463588787e-05,5.077483999999998,0.7604070000000149,0.48959299999998507
0,200,2,125,2,2,1,15n,1,0,7.91844787073064e-06,16.295895,0.731751174,0.5022470000000112
0,50,2,25,3,8,1,35n,0,-2,1.0168269453220542e-06,12.369305800000006,0.845914306,0.554085694
0,100,10,25,3,8,1,35n,0,-2,7.288332847251776e-06,25.697961000000006,0.36205960000000337,1.0379403999999965
0,200,10,125,3,8,1,35n,0,-2,1.6936116252184757e-05,6.986046999999998,-0.5241161000000005,1.7741161000000005
0,200,2,125,3,8,1,35n,0,-2,9.59033576128444e-06,3.3903985000000034,0.02887309999999843,1.2211269000000016
0,50,2,25,6,8,4,35n,0,0,6.281403815955805e-07,6.695662600000005,-0.32235250999999865,1.7223525099999986
0,100,10,25,6,8,4,35n,0,0,4.657951860489963e-06,22.722967999999995,-0.6229433000000015,2.0229433000000014
0,200,10,125,6,8,4,35n,0,0,1.2889354103608823e-05,6.171691999999994,-0.9739570000000128,2.223957000000013
0,200,2,125,6,8,4,35n,0,0,7.798612527066981e-06,2.4689314999999965,-1.00848400000001,2.25848400000001
0,50,2,25,8,2,8,5n,0,-2,5.384529818690848e-07,102.46456599999999,0.4080242879999999,-0.5055267320000001
0,100,10,25,8,2,8,5n,0,-2,4.812391701863161e-06,33.15561700000001,0.30097432999999985,-0.12977120000000042
0,200,10,125,8,2,8,5n,0,-2,1.4997744279841497e-05,29.656261,-0.015110050000000097,0.028185000000007676
0,200,2,125,8,2,8,5n,0,-2,7.276450854577115e-06,17.777659999999997,-1.22040111,-0.23843500000000972
0,50,2,25,8,8,8,5n,1,0,4.524968952666402e-07,71.47357120000001,0.7781931700000002,0.6218068299999997
0,100,10,25,8,8,8,5n,1,0,3.966123619212485e-06,21.770083,0.5305205999999969,0.869479400000003
0,200,10,125,8,8,8,5n,1,0,0.0001820523895160401,172.26811550000002,-1.922739,3.172739
0,200,2,125,8,8,8,5n,1,0,0.00016487145979908704,167.378331,-1.6454823999999988,2.895482399999999
0,50,2,25,8,8,4,10n,0,-2,7.691062458136546e-07,5.907676600000002,1.515527,-0.11552700000000005
0,100,10,25,8,8,4,10n,0,-2,4.957820780968401e-06,23.806942000000006,0.9618203000000007,0.4381796999999992
0,200,10,125,8,8,4,10n,0,-2,1.5173039384252834e-05,6.299899999999993,0.42631399999999076,0.8236860000000092
0,200,2,125,8,8,4,10n,0,-2,8.973760122157283e-06,24.7011215,0.6056749999999909,0.6443250000000091
0,50,2,25,3,8,1,10n,1,0,7.926504595145579e-07,8.747817400000002,0.8935227529999998,0.5064772470000001
0,100,10,25,3,8,1,10n,1,0,4.668796688665644e-06,22.409543,0.7333044000000029,0.6666955999999971
0,200,10,125,3,8,1,10n,1,0,1.4661802575269238e-05,5.345276999999997,0.6704019999999957,0.5795980000000043
0,200,2,125,3,8,1,10n,1,0,7.72485538475945e-06,25.0859825,0.583825909,0.6430139999999938
0,50,2,25,3,8,1,15n,1,-2,1.1019386755567643e-06,7.959012599999994,2.576687543,-1.176687543
0,100,10,25,3,8,1,15n,1,-2,5.920496346613122e-06,23.638319999999993,2.660178679,-1.260178679
0,200,10,125,3,8,1,15n,1,-2,1.7546973966865842e-05,6.050447000000006,2.6119379999999808,-1.3619379999999808
0,200,2,125,3,8,1,15n,1,-2,9.683840587332688e-06,3.114767999999998,2.622297000000003,-1.3722970000000032
0,50,2,25,2,8,8,15n,0,0,9.350335194578745e-07,5.8667528,0.5936686999999998,0.8063313000000001
0,100,10,25,2,8,8,15n,0,0,5.154298193879908e-06,22.598139,0.6205244000000021,0.7794755999999978
0,200,10,125,2,8,8,15n,0,0,1.559404039608504e-05,5.741888000000004,0.4711650000000134,0.7788349999999866
0,200,2,125,2,8,8,15n,0,0,8.088840693989824e-06,4.830920000000006,0.44123100000001614,0.8087689999999839
0,50,2,25,3,8,8,25n,0,0,8.173155703682756e-07,5.9957160000000025,0.48458780000000123,0.9154121999999987
0,100,10,25,3,8,8,25n,0,0,4.726217539535834e-06,22.598099000000005,0.38503989999999666,1.0149601000000033
0,200,10,125,3,8,8,25n,0,0,1.4289882663496902e-05,5.742841499999997,0.20211499999999205,1.047885000000008
0,200,2,125,3,8,8,25n,0,0,7.9435179988396e-06,2.292869499999995,0.1794749999999965,1.0705250000000035
0,50,2,25,6,8,1,25n,1,-2,8.331785234076683e-07,10.1719662,2.370626373,-0.9706263729999999
0,100,10,25,6,8,1,25n,1,-2,6.1709000086005986e-06,23.638356,2.43134,-1.0313400000000001
0,200,10,125,6,8,1,25n,1,-2,1.5943476927072023e-05,6.051191000000004,2.190640000000002,-0.9406400000000019
0,200,2,125,6,8,1,25n,1,-2,9.406966810937372e-06,2.8524605000000065,2.2303839999999866,-0.9803839999999866
0,50,2,25,8,8,4,35n,1,-2,7.360023400827458e-07,10.145015200000003,2.3964202528,-0.9964202528
0,100,10,25,8,8,4,35n,1,-2,6.99743327873918e-06,23.618036000000004,2.4064636999999975,-1.0064636999999976
0,200,10,125,8,8,4,35n,1,-2,1.5777751924077237e-05,6.0367399999999956,2.1193949999999973,-0.8693949999999973
0,200,2,125,8,8,4,35n,1,-2,9.220692639703816e-06,2.8412845000000004,2.167338000000001,-0.9173380000000009
0,50,2,25,6,8,8,35n,0,0,6.423389838732931e-07,5.996019200000006,0.26863740999999974,1.1313625900000002
0,100,10,25,6,8,8,35n,0,0,4.729949433756277e-06,22.598059000000006,-0.08300739999999829,1.4830073999999982
0,200,10,125,6,8,8,35n,0,0,1.2907834638210525e-05,5.743962999999995,-0.3810440000000028,1.6310440000000028
0,200,2,125,6,8,8,35n,0,0,7.675189091650388e-06,2.292852499999995,-0.38326399999999694,1.633263999999997
0,50,2,25,6,2,8,5n,0,-2,6.327110946646118e-07,102.46495799999998,0.4080210109999999,-0.5953705920000001
0,100,10,25,6,2,8,5n,0,-2,5.025450822701649e-06,33.15597199999999,0.3009617,-0.3820931999999999
0,200,10,125,6,2,8,5n,0,-2,1.539661674694594e-05,29.656881,-0.015154639999999997,-0.305609000000004
0,200,2,125,6,2,8,5n,0,-2,7.446060991398808e-06,17.7776315,-1.2204214000000002,-0.5587040000000059
0,50,2,25,6,2,8,5n,1,0,6.236836306424981e-07,116.89781199999999,0.5337546999999999,0.5799563499999998
0,100,10,25,6,2,8,5n,1,0,3.7946744612101292e-06,57.55842999999999,0.45205501999999986,0.7710927999999981
0,200,10,125,6,2,8,5n,1,0,2.6645578824927428e-05,57.71537399999999,-1.29086911,0.8545790000000011
0,200,2,125,6,2,8,5n,1,0,7.891911149936431e-05,95.24231100000002,-2.58918412,0.7842559999999992
0,50,2,25,8,8,1,10n,1,-2,7.173402441549859e-07,5.928126199999995,2.2901876426,-0.8901876425999999
0,100,10,25,8,8,1,10n,1,-2,5.169553935697107e-06,23.638364999999993,2.386257700000003,-0.986257700000003
0,200,10,125,8,8,1,10n,1,-2,1.553358523770189e-05,6.051254499999999,2.0064959999999985,-0.7564959999999985
0,200,2,125,8,8,1,10n,1,-2,8.765982446493909e-06,24.579756500000002,2.0522519999999815,-0.8022519999999815
0,50,2,25,6,2,4,10n,1,0,5.779643001509843e-07,37.51222580000001,0.7838523499999996,0.6161476500000003
0,100,10,25,6,2,4,10n,1,0,4.222957585737995e-06,24.007659000000004,0.5497913000000039,0.850208699999996
0,200,10,125,6,2,4,10n,1,0,1.3345695582577682e-05,4.408274000000006,0.36057199999999057,0.8894280000000094
0,200,2,125,6,2,4,10n,1,0,0.00013413023042393914,134.9553395,-2.13110805,3.2003452999999986
0,50,2,25,2,2,8,15n,0,-2,1.2823933778837167e-06,6.498517199999994,2.4255158,-1.0255158
0,100,10,25,2,2,8,15n,0,-2,6.709697317320321e-06,18.773979999999995,2.426442892,-1.026442892
0,200,10,125,2,2,8,15n,0,-2,1.8928681140236708e-05,8.387396499999994,2.498158000000018,-1.2481580000000179
0,200,2,125,2,2,8,15n,0,-2,9.80613524271168e-06,12.266547000000003,2.36056614,-1.2614219999999818
0,50,2,25,8,2,4,15n,0,0,5.912307812041279e-07,5.894293200000006,-0.4022503399999997,1.8022503399999996
0,100,10,25,8,2,4,15n,0,0,4.4954347187519934e-06,18.621757000000002,-0.8876520000000014,2.2876520000000014
0,200,10,125,8,2,4,15n,0,0,1.3702817811922246e-05,8.815057499999995,-1.347518000000008,2.597518000000008
0,200,2,125,8,2,4,15n,0,0,7.32921041092292e-06,24.066601500000004,-1.3745350000000087,2.6245350000000087
0,50,2,25,1,2,8,25n,1,-2,1.55354385662669e-06,10.911872200000005,3.0892758311,-1.6892758311
0,100,10,25,1,2,8,25n,1,-2,8.77245033504612e-06,23.076221000000004,3.02855099,-1.62855099
0,200,10,125,1,2,8,25n,1,-2,2.2833779861744064e-05,7.812704999999994,3.033953699999998,-1.7839536999999979
0,200,2,125,1,2,8,25n,1,-2,1.0546343501599188e-05,2.9812344999999993,3.0286224999999973,-1.7786224999999973
0,50,2,25,2,8,8,25n,1,0,9.287136106286411e-07,5.8885449999999935,1.069130169,0.33086983100000006
0,100,10,25,2,8,8,25n,1,0,5.295744033765152e-06,22.365277000000006,1.016549599999999,0.38345040000000097
0,200,10,125,2,8,8,25n,1,0,1.591681069760103e-05,5.240469000000005,0.8729399999999998,0.3770600000000002
0,200,2,125,2,8,8,25n,1,0,0.00015543726347460427,167.37244199999998,-1.6172840499999999,2.499414399999992
0,50,2,25,4,2,4,35n,0,0,7.492087031339913e-07,6.6271375999999975,-0.19157239999999875,1.5915723999999987
0,100,10,25,4,2,4,35n,0,0,5.283434367227934e-06,18.621500999999995,-0.24507019999999935,1.6450701999999993
0,200,10,125,4,2,4,35n,0,0,1.4599161084422055e-05,8.814678,-0.47826200000000085,1.7282620000000009
0,200,2,125,4,2,4,35n,0,0,7.980655021997088e-06,2.2235325000000046,-0.5231869999999788,1.7731869999999788
0,50,2,25,8,2,1,35n,0,-2,6.753790949736209e-07,12.492412599999993,0.5233471199999999,0.87665288
0,100,10,25,8,2,1,35n,0,-2,6.4649664761762446e-06,21.387763000000003,0.18356530000000637,1.2164346999999935
0,200,10,125,8,2,1,35n,0,-2,1.5393041268304485e-05,8.989534000000006,-1.5741413000000009,2.824141300000001
0,200,2,125,8,2,1,35n,0,-2,9.19487720595113e-06,3.5194814999999977,-0.8218073000000032,2.0718073000000032
0,50,2,25,8,8,1,5n,1,-2,4.809382179378101e-07,60.8370572,1.776180099999999,-0.37618009999999913
0,100,10,25,8,8,1,5n,1,-2,5.2585764563930284e-06,23.564057000000005,1.8243050000000038,-0.42430500000000393
0,200,10,125,8,8,1,5n,1,-2,1.5467595835504982e-05,3.7587199999999967,1.6379579999999976,-0.3879579999999976
0,200,2,125,8,8,1,5n,1,-2,6.2428766099077e-06,24.627735,1.627775999999983,-0.377775999999983
0,50,2,25,8,2,1,5n,1,0,5.425838201554998e-07,116.88944599999999,0.09753740000000155,1.3024625999999984
0,100,10,25,8,2,1,5n,1,0,3.974060077505249e-06,57.52579499999999,0.12274799999999564,1.2772520000000043
0,200,10,125,8,2,1,5n,1,0,1.291605338402626e-05,42.274733,-0.019738999999987072,1.269738999999987
0,200,2,125,8,2,1,5n,1,0,6.18282765443525e-06,11.000330500000004,-0.03717100000000073,1.2871710000000007
0,50,2,25,3,2,1,10n,0,-2,8.345662776687283e-07,25.919483799999995,0.3149376999999993,1.0850623000000006
0,100,10,25,3,2,1,10n,0,-2,5.142321866118074e-06,19.824464000000006,-0.013200400000008106,1.413200400000008
0,200,10,125,3,2,1,10n,0,-2,1.60967310769803e-05,8.154480500000005,-0.5683489999999978,1.8183489999999978
0,200,2,125,3,2,1,10n,0,-2,7.649613198934505e-06,29.734014000000002,-0.22960140000000706,1.479601400000007
0,50,2,25,1,2,4,10n,1,0,1.053290278966165e-06,37.52176539999999,1.1439792999999994,0.25602070000000055
0,100,10,25,1,2,4,10n,1,0,6.605820349625007e-06,24.007717,1.099125699999996,0.3008743000000038
0,200,10,125,1,2,4,10n,1,0,1.9756819313956498e-05,4.400868000000003,0.9584189999999921,0.29158100000000786
0,200,2,125,1,2,4,10n,1,0,8.105788080927288e-06,25.873574500000004,0.41926704299999995,0.25084000000001083
0,50,2,25,1,8,4,15n,1,-2,1.525082968845226e-06,7.953097999999998,3.044431822,-1.644431822
0,100,10,25,1,8,4,15n,1,-2,7.898653107568083e-06,23.617841,2.97554175,-1.5755417500000002
0,200,10,125,1,8,4,15n,1,-2,2.2504685477601778e-05,6.0328355000000045,2.995572999999993,-1.7455729999999932
0,200,2,125,1,8,4,15n,1,-2,1.0471983171861834e-05,3.1220124999999967,2.9860847000000064,-1.7360847000000064
0,50,2,25,1,8,1,15n,0,0,1.2052419995443e-06,6.3496140000000025,-0.9305746000000021,2.330574600000002
0,100,10,25,1,8,1,15n,0,0,7.774103856511773e-06,22.916876000000002,-1.313706099999996,2.713706099999996
0,200,10,125,1,8,1,15n,0,0,2.4764502019322463e-05,6.918775999999993,-1.398963000000009,2.648963000000009
0,200,2,125,1,8,1,15n,0,0,1.117640374585896e-05,4.676103999999995,-1.26977100000002,2.51977100000002
1,50,2,25,1,2,8,10n,1,-2,1.4456388554909397e-06,22.8635204,3.088343225,-1.6883432250000001
1,100,10,25,1,2,8,10n,1,-2,7.98367933268789e-06,22.181696000000002,3.03064786,-1.6306478600000003
1,200,10,125,1,2,8,10n,1,-2,2.2467821333427045e-05,7.899382000000003,3.0377155000000045,-1.7877155000000045
1,200,2,125,1,2,8,10n,1,-2,9.641107154619394e-06,30.02220299999999,2.28817958,-1.7858571000000012
1,50,2,25,8,8,8,15n,0,0,5.795501189723797e-07,5.8433701999999945,0.21529776999999983,1.18470223
1,100,10,25,8,8,8,15n,0,0,3.920021098563528e-06,22.847663999999995,-0.28526059999999953,1.6852605999999994
1,200,10,125,8,8,8,15n,0,0,1.2516375469490756e-05,5.778814999999995,-0.6885890000000074,1.9385890000000074
1,200,2,125,8,8,8,15n,0,0,7.535104086947766e-06,4.442184499999996,-0.6735510000000033,1.9235510000000033
1,50,2,25,6,2,1,10n,0,0,5.625318447701679e-07,57.6013968,-2.5702199900000005,3.9702199900000004
1,100,10,25,6,2,1,10n,0,0,6.50255620200442e-06,18.795105000000007,-2.7508084999999967,4.150808499999997
1,200,10,125,6,2,1,10n,0,0,2.301902127735463e-05,8.302119000000005,-3.1796919999999886,4.429691999999989
1,200,2,125,6,2,1,10n,0,0,1.1773329763913945e-05,17.229521500000004,-3.7573890000000176,5.007389000000018
1,50,2,25,8,8,1,25n,1,-2,6.970851400151681e-07,10.213884399999998,2.3267399409999996,-0.9267399409999999
1,100,10,25,8,8,1,25n,1,-2,5.910686871395561e-06,23.738184000000004,2.266438500000001,-0.866438500000001
1,200,10,125,8,8,1,25n,1,-2,1.526294996937165e-05,6.088020999999998,1.9482589999999789,-0.6982589999999789
1,200,2,125,8,8,1,25n,1,-2,9.206328276052698e-06,2.8306474999999978,2.0078040000000072,-0.7578040000000072
1,50,2,25,2,8,4,15n,0,-2,1.2251903970760516e-06,8.327770799999996,2.12818169,-0.72818169
1,100,10,25,2,8,4,15n,0,-2,6.1592341181911505e-06,23.913664999999995,1.991232042,-0.591232042
1,200,10,125,2,8,4,15n,0,-2,1.7716184336716052e-05,6.301173500000004,2.1528086,-0.9028086000000002
1,200,2,125,2,8,4,15n,0,-2,9.78212299369355e-06,2.859282500000006,2.1531190000000002,-0.9031190000000002
1,50,2,25,4,8,8,25n,1,-2,9.684387333755322e-07,10.179629399999996,2.694039936,-1.294039936
1,100,10,25,4,8,8,25n,1,-2,6.633019904973716e-06,23.706173000000007,2.748907526,-1.3489075259999999
1,200,10,125,4,8,8,25n,1,-2,1.674400628159138e-05,6.066903499999995,2.621924000000007,-1.371924000000007
1,200,2,125,4,8,8,25n,1,-2,9.534702138203797e-06,2.8093879999999984,2.6489210000000014,-1.3989210000000014
1,50,2,25,8,2,8,25n,0,0,6.005300721440373e-07,6.1248073999999955,0.21151570000000008,1.1884842999999998
1,100,10,25,8,2,8,25n,0,0,4.467470148018381e-06,18.603513000000007,-0.2852318999999981,1.685231899999998
1,200,10,125,8,2,8,25n,0,0,1.3415651643977796e-05,8.391317999999998,-0.6824190000000101,1.93241900000001
1,200,2,125,8,2,8,25n,0,0,7.6142653897881335e-06,2.0904265000000066,-0.6680519999999888,1.9180519999999888
1,50,2,25,2,2,1,15n,1,0,9.137757879360631e-07,5.4860915999999955,0.947028100000002,0.4529718999999979
1,100,10,25,2,2,1,15n,1,0,5.2200535099600475e-06,24.064587000000003,0.9246243999999932,0.47537560000000667
1,200,10,125,2,2,1,15n,1,0,1.5631164371864566e-05,5.295329499999993,0.7339069999999879,0.5160930000000121
1,200,2,125,2,2,1,15n,1,0,7.856526640181106e-06,16.135352999999995,0.7326550000000225,0.5173449999999775
1,50,2,25,3,8,1,35n,0,-2,9.92584465079308e-07,12.386988200000005,0.8308052999999993,0.5691947000000006
1,100,10,25,3,8,1,35n,0,-2,7.242141501704234e-06,25.79478,0.32892410000000316,1.0710758999999968
1,200,10,125,3,8,1,35n,0,-2,1.6777059935562073e-05,6.962477500000006,-0.5200280000000106,1.7700280000000106
1,200,2,125,3,8,1,35n,0,-2,9.535638605827884e-06,3.344133999999997,0.03932289999999483,1.2106771000000052
1,50,2,25,6,8,4,35n,0,0,6.126248634888642e-07,6.717821200000003,-0.29902790999999995,1.6990279099999999
1,100,10,25,6,8,4,35n,0,0,4.612871569155126e-06,22.975761000000006,-0.6464106000000016,2.0464106000000015
1,200,10,125,6,8,4,35n,0,0,1.270384790159255e-05,6.196995000000002,-1.030727999999982,2.280727999999982
1,200,2,125,6,8,4,35n,0,0,7.723150865003862e-06,2.417044500000003,-1.0571020000000146,2.3071020000000146
1,50,2,25,8,2,8,5n,0,-2,5.188374544711237e-07,99.5271002,0.665378034,-0.5322884027
1,100,10,25,8,2,8,5n,0,-2,4.799378877961022e-06,28.029312000000004,0.6369560069999999,-0.09675000000000011
1,200,10,125,8,2,8,5n,0,-2,1.4931307451700475e-05,26.714509000000007,0.313274178,0.11430899999999156
1,200,2,125,8,2,8,5n,0,-2,7.257973217034878e-06,19.625267500000007,-1.02431006,-0.19819099999999423
1,50,2,25,8,8,8,5n,1,0,4.3980583504186365e-07,69.945437,0.7833242399999993,0.6166757600000006
1,100,10,25,8,8,8,5n,1,0,3.929869519130372e-06,22.142960000000002,0.5450971000000009,0.854902899999999
1,200,10,125,8,8,8,5n,1,0,0.00019330941488818624,172.586653,-1.8677639,3.1177639
1,200,2,125,8,8,8,5n,1,0,0.0001795755375551692,167.6571785,-1.5935701000000009,2.843570100000001
1,50,2,25,8,8,4,10n,0,-2,7.445605573349306e-07,5.583225999999996,1.559830012,-0.15983001200000002
1,100,10,25,8,8,4,10n,0,-2,4.9022961298384604e-06,23.907511,0.930301399999999,0.46969860000000097
1,200,10,125,8,8,4,10n,0,-2,1.5026479679164463e-05,6.3024209999999945,0.34818900000000497,0.901810999999995
1,200,2,125,8,8,4,10n,0,-2,8.922172489526672e-06,25.221908,0.5173470000000009,0.7326529999999991
1,50,2,25,3,8,1,10n,1,0,7.718565932181462e-07,7.944524999999999,0.8941933999999967,0.5058066000000032
1,100,10,25,3,8,1,10n,1,0,4.549406562368553e-06,22.658226,0.6857600000000033,0.7142399999999967
1,200,10,125,3,8,1,10n,1,0,1.441863776832115e-05,5.401893999999999,0.6464339999999993,0.6035660000000007
1,200,2,125,3,8,1,10n,1,0,7.81391751528552e-06,25.6583655,0.583261261,0.6573729999999784
1,50,2,25,3,8,1,15n,1,-2,1.0694469385401886e-06,8.287495800000002,2.588622191,-1.1886221909999999
1,100,10,25,3,8,1,15n,1,-2,5.81451385269902e-06,23.746947000000006,2.67222704,-1.27222704
1,200,10,125,3,8,1,15n,1,-2,1.7317118702694714e-05,6.087240499999994,2.5952520000000163,-1.3452520000000163
1,200,2,125,3,8,1,15n,1,-2,9.617951200552412e-06,2.8949604999999963,2.6043579999999906,-1.3543579999999906
1,50,2,25,2,8,8,15n,0,0,9.099245223197121e-07,5.842348599999993,0.6079206999999989,0.792079300000001
1,100,10,25,2,8,8,15n,0,0,5.050721569715507e-06,22.847848,0.6056804999999996,0.7943195000000003
1,200,10,125,2,8,8,15n,0,0,1.528682245646312e-05,5.776499000000001,0.4390769999999975,0.8109230000000025
1,200,2,125,2,8,8,15n,0,0,8.021725614476492e-06,4.444619000000003,0.41516199999998094,0.8348380000000191
1,50,2,25,6,8,1,25n,1,-2,8.012665658495883e-07,10.213896199999994,2.400026016,-1.000026016
1,100,10,25,6,8,1,25n,1,-2,6.130372589893512e-06,23.747009000000006,2.4196287999999995,-1.0196287999999996
1,200,10,125,6,8,1,25n,1,-2,1.577334841353976e-05,6.087965999999994,2.1639959999999974,-0.9139959999999974
1,200,2,125,6,8,1,25n,1,-2,9.339907307053558e-06,2.830648999999994,2.2104659999999967,-0.9604659999999967
1,50,2,25,3,8,8,25n,0,0,7.9351184677655e-07,6.0073838,0.5017268000000015,0.8982731999999984
1,100,10,25,3,8,8,25n,0,0,4.656575140226699e-06,22.847768000000002,0.36929910000000055,1.0307008999999994
1,200,10,125,3,8,8,25n,0,0,1.4068530826320875e-05,5.777371000000003,0.1678190000000086,1.0821809999999914
1,200,2,125,3,8,8,25n,0,0,7.87789747582147e-06,2.241166000000007,0.151992000000007,1.098007999999993
1,50,2,25,8,8,4,35n,1,-2,7.07085491515294e-07,10.193785399999996,2.429529099,-1.029529099
1,100,10,25,8,8,4,35n,1,-2,6.979274348725341e-06,23.722392999999997,2.4012082999999946,-1.0012082999999947
1,200,10,125,8,8,4,35n,1,-2,1.570135660054024e-05,6.077089000000001,2.098542000000009,-0.848542000000009
1,200,2,125,8,8,4,35n,1,-2,9.163725162253007e-06,2.8199354999999997,2.1540709999999876,-0.9040709999999876
1,50,2,25,6,8,8,35n,0,0,6.247273519066282e-07,6.007575399999994,0.28515077999999994,1.11484922
1,100,10,25,6,8,8,35n,0,0,4.685561559264662e-06,22.847685,-0.09341109999999597,1.4934110999999959
1,200,10,125,6,8,8,35n,0,0,1.2770421241579536e-05,5.778480500000001,-0.41623899999999026,1.6662389999999903
1,200,2,125,6,8,8,35n,0,0,7.615621054735321e-06,2.241129000000001,-0.410570000000007,1.660570000000007
1,50,2,25,6,2,8,5n,0,-2,6.104817390520544e-07,99.52748,0.665374803,-0.616247091
1,100,10,25,6,2,8,5n,0,-2,5.0072336640142744e-06,27.904757000000004,0.6441961319999999,-0.3466431000000014
1,200,10,125,6,2,8,5n,0,-2,1.5329356835083368e-05,26.715049500000006,0.31326953300000004,-0.2198449999999923
1,200,2,125,6,2,8,5n,0,-2,7.41734631580946e-06,19.625255499999994,-1.0243273199999998,-0.5149320000000159
1,50,2,25,8,8,1,10n,1,-2,6.889294247547511e-07,5.589585999999997,2.324218906,-0.924218906
1,100,10,25,8,8,1,10n,1,-2,5.105263392795921e-06,23.738184000000004,2.372164599999999,-0.9721645999999993
1,200,10,125,8,8,1,10n,1,-2,1.5466585395914466e-05,6.088020999999998,2.009713999999974,-0.759713999999974
1,200,2,125,8,8,1,10n,1,-2,8.723144979540222e-06,25.130102500000007,2.028800000000004,-0.7788000000000039
1,50,2,25,6,2,8,5n,1,0,6.145431254510789e-07,115.916754,0.6061840209999999,0.5751519199999997
1,100,10,25,6,2,8,5n,1,0,3.783377418217445e-06,56.15553800000001,0.5470324549999999,0.7589139999999972
1,200,10,125,6,2,8,5n,1,0,0.00014928075892498786,151.0764815,-2.06979734,2.7600799699999996
1,200,2,125,6,2,8,5n,1,0,4.1381770314462576e-05,81.0169745,-1.83331022,0.8002529999999979
1,50,2,25,6,2,4,10n,1,0,5.645763170184302e-07,36.54373000000001,0.7851969299999992,0.6148030700000007
1,100,10,25,6,2,4,10n,1,0,4.180404908457744e-06,24.053145999999998,0.5528016999999976,0.8471983000000023
1,200,10,125,6,2,4,10n,1,0,1.3180198854255317e-05,4.685957999999999,0.3305620000000147,0.9194379999999853
1,200,2,125,6,2,4,10n,1,0,0.00014911213561897101,142.1391275,-2.17368063,3.1649952
1,50,2,25,2,2,8,15n,0,-2,1.2497926731935255e-06,6.837269399999997,2.424216762,-1.024216762
1,100,10,25,2,2,8,15n,0,-2,6.58419204330896e-06,19.305967999999993,2.42927888,-1.0292788800000001
1,200,10,125,2,2,8,15n,0,-2,1.863429394727894e-05,8.120616999999996,2.4695940000000007,-1.2195940000000007
1,200,2,125,2,2,8,15n,0,-2,9.749527600793208e-06,11.206033000000005,2.4492267500000002,-1.2354100000000017
1,50,2,25,8,2,4,15n,0,0,5.832521374527335e-07,3.819688999999997,-0.37324139999999995,1.7732413999999999
1,100,10,25,8,2,4,15n,0,0,4.388055395745132e-06,18.660086000000007,-0.9073064999999958,2.3073064999999957
1,200,10,125,8,2,4,15n,0,0,1.342734235184898e-05,8.763529500000004,-1.401533999999998,2.651533999999998
1,200,2,125,8,2,4,15n,0,0,7.310351156769239e-06,23.250254999999996,-1.414272000000011,2.664272000000011
1,50,2,25,1,2,8,25n,1,-2,1.5193213950827689e-06,10.841970599999994,3.087404059,-1.687404059
1,100,10,25,1,2,8,25n,1,-2,8.611554905476257e-06,22.181696000000002,3.0295776599999997,-1.6295776599999998
1,200,10,125,1,2,8,25n,1,-2,2.2322488258267737e-05,8.0310925,3.037599400000005,-1.7875994000000048
1,200,2,125,1,2,8,25n,1,-2,1.0433164547625517e-05,2.9939959999999957,3.0358803000000023,-1.7858803000000023
1,50,2,25,2,8,8,25n,1,0,9.021800577434638e-07,5.883277000000008,1.0756075999999992,0.3243924000000007
1,100,10,25,2,8,8,25n,1,0,5.195825069525415e-06,22.611024,1.0020961000000113,0.39790389999998865
1,200,10,125,2,8,8,25n,1,0,1.5600946188565422e-05,5.3053065,0.8594059999999786,0.3905940000000214
1,200,2,125,2,8,8,25n,1,0,0.00017025446739758212,167.6374075,-1.629226300000001,2.879226300000001
1,50,2,25,8,2,1,35n,0,-2,6.564086412222486e-07,12.3454428,0.4972439199999994,0.9027560800000005
1,100,10,25,8,2,1,35n,0,-2,6.4415270748539005e-06,22.006258000000003,0.12726360000000048,1.2727363999999994
1,200,10,125,8,2,1,35n,0,-2,1.528646171638516e-05,8.708666500000007,-1.6498328999999998,2.8998329
1,200,2,125,8,2,1,35n,0,-2,9.135802862571918e-06,3.516530500000002,-0.9527766000000071,2.202776600000007
1,50,2,25,4,2,4,35n,0,0,7.278954076412882e-07,6.607313000000005,-0.17457890000000065,1.5745789000000006
1,100,10,25,4,2,4,35n,0,0,5.174445970135075e-06,18.659785999999997,-0.2730957999999988,1.6730957999999987
1,200,10,125,4,2,4,35n,0,0,1.427328169328527e-05,8.763150499999995,-0.5336510000000203,1.7836510000000203
1,200,2,125,4,2,4,35n,0,0,7.89896470648608e-06,2.239250499999997,-0.5693580000000225,1.8193580000000225
1,50,2,25,8,8,1,5n,1,-2,4.6949089377382745e-07,60.249612600000006,1.8979590000000015,-0.4979590000000016
1,100,10,25,8,8,1,5n,1,-2,5.1822784513348594e-06,23.747849000000002,1.9479919999999935,-0.5479919999999936
1,200,10,125,8,8,1,5n,1,-2,1.5317732980362186e-05,3.845982500000005,1.7506269999999802,-0.5006269999999802
1,200,2,125,8,8,1,5n,1,-2,6.2007260407563075e-06,26.049612999999994,1.7424900000000036,-0.49249000000000365
1,50,2,25,8,2,1,5n,1,0,5.426774197349619e-07,115.91208599999999,0.16265949999999796,1.237340500000002
1,100,10,25,8,2,1,5n,1,0,3.993292740832309e-06,56.123108,0.19046099999999333,1.2095390000000066
1,200,10,125,8,2,1,5n,1,0,1.31537259044263e-05,43.00638000000001,0.04514599999998836,1.2048540000000116
1,200,2,125,8,2,1,5n,1,0,6.217569780636342e-06,13.013676000000006,0.026514000000020133,1.2234859999999799
1,50,2,25,1,2,4,10n,1,0,1.036773248792638e-06,36.55254600000001,1.1523984000000005,0.24760159999999942
1,100,10,25,1,2,4,10n,1,0,6.429181917765141e-06,24.053109000000003,1.1070208000000092,0.29297919999999067
1,200,10,125,1,2,4,10n,1,0,1.9235289648373376e-05,4.6790515,0.9535350000000165,0.29646499999998355
1,200,2,125,1,2,4,10n,1,0,8.132668097527851e-06,26.9663915,0.41138688300000004,0.2620689999999968
1,50,2,25,3,2,1,10n,0,-2,8.433890499207535e-07,22.981274,0.47350350000000097,0.926496499999999
1,100,10,25,3,2,1,10n,0,-2,5.1372831081825424e-06,20.974395,0.09180370000000826,1.3081962999999917
1,200,10,125,3,2,1,10n,0,-2,1.6004358219445824e-05,8.191548499999996,-0.5135520000000042,1.7635520000000042
1,200,2,125,3,2,1,10n,0,-2,7.763402768847008e-06,30.943771999999996,-0.06607800000000452,1.3160780000000045
1,50,2,25,1,8,4,15n,1,-2,1.49173888215075e-06,8.282156,3.0414795008,-1.6414795008
1,100,10,25,1,8,4,15n,1,-2,7.703253050666884e-06,23.726612000000003,2.97684745,-1.5768474500000003
1,200,10,125,1,8,4,15n,1,-2,2.197111977337326e-05,6.0733670000000055,3.000337799999997,-1.750337799999997
1,200,2,125,1,8,4,15n,1,-2,1.0366868460425387e-05,2.901571500000003,2.994039200000003,-1.7440392000000031
1,50,2,25,1,8,1,15n,0,0,1.173369651439092e-06,6.578444599999998,-0.9384205999999993,2.338420599999999
1,100,10,25,1,8,1,15n,0,0,7.47840609719065e-06,23.170975999999996,-1.3417403999999977,2.7417403999999976
1,200,10,125,1,8,1,15n,0,0,2.3896323798278747e-05,6.952335500000004,-1.4320060000000012,2.6820060000000012
1,200,2,125,1,8,1,15n,0,0,1.0953420525025836e-05,4.3227415000000065,-1.2751729999999952,2.5251729999999952
2,50,2,25,8,8,1,25n,1,-2,6.633329371093069e-07,10.264443400000005,2.360762613,-0.960762613
2,100,10,25,8,8,1,25n,1,-2,5.871034510815774e-06,23.881488000000004,2.260523200000003,-0.8605232000000029
2,200,10,125,8,8,1,25n,1,-2,1.5065012073215607e-05,6.142547500000006,1.9254339999999956,-0.6754339999999956
2,200,2,125,8,8,1,25n,1,-2,9.128484549832544e-06,2.8156915,1.987245999999999,-0.737245999999999
2,50,2,25,1,2,8,10n,1,-2,1.412130952902145e-06,19.185407999999995,3.080878774,-1.680878774
2,100,10,25,1,2,8,10n,1,-2,7.77902097904177e-06,21.246289000000004,3.03075294,-1.63075294
2,200,10,125,1,2,8,10n,1,-2,2.1853182261529036e-05,7.999579999999994,3.033321000000001,-1.7833210000000008
2,200,2,125,1,2,8,10n,1,-2,9.578409898675124e-06,31.318984,2.2770658299999997,-1.774138000000022
2,50,2,25,6,2,1,10n,0,0,5.140556520834435e-07,49.097604200000006,-2.4165996800000005,3.8165996800000004
2,100,10,25,6,2,1,10n,0,0,5.728717571960331e-06,18.712818999999996,-2.491585399999997,3.8915853999999968
2,200,10,125,6,2,1,10n,0,0,2.0676690983943356e-05,8.354312500000006,-2.960080000000005,4.210080000000005
2,200,2,125,6,2,1,10n,0,0,1.0294647379432928e-05,22.347157499999994,-3.660921000000002,4.910921000000002
2,50,2,25,8,8,8,15n,0,0,5.616598035311757e-07,5.832711599999995,0.23862037999999997,1.16137962
2,100,10,25,8,8,8,15n,0,0,3.858328631218168e-06,23.081649999999996,-0.2907688000000008,1.6907688000000007
2,200,10,125,8,8,8,15n,0,0,1.237057916701865e-05,5.786823499999997,-0.721082999999993,1.971082999999993
2,200,2,125,8,8,8,15n,0,0,7.462612493280701e-06,3.9309410000000042,-0.6926990000000046,1.9426990000000046
2,50,2,25,2,2,1,15n,1,0,8.812549435785771e-07,5.7573256000000015,0.9496963000000007,0.4503036999999992
2,100,10,25,2,2,1,15n,1,0,5.134460131668697e-06,24.075292000000005,0.9614857000000057,0.43851429999999425
2,200,10,125,2,2,1,15n,1,0,1.5280516083460353e-05,5.663246000000002,0.7037360000000206,0.5462639999999794
2,200,2,125,2,2,1,15n,1,0,7.78132001912511e-06,15.732391000000007,0.7173739999999782,0.5326260000000218
2,50,2,25,2,8,4,15n,0,-2,1.1860779933592841e-06,8.738242400000004,2.123025503,-0.723025503
2,100,10,25,2,8,4,15n,0,-2,6.0813694032449086e-06,24.060462,1.9943629779999998,-0.594362978
2,200,10,125,2,8,4,15n,0,-2,1.7376882499692566e-05,6.312955000000001,2.1283470000000193,-0.8783470000000193
2,200,2,125,2,8,4,15n,0,-2,9.696591556817994e-06,2.548830499999994,2.1391129999999805,-0.8891129999999805
2,50,2,25,4,8,8,25n,1,-2,9.263832605774031e-07,10.250152799999997,2.713661503,-1.313661503
2,100,10,25,4,8,8,25n,1,-2,6.574670407965988e-06,23.845968999999997,2.7652225502,-1.3652225502
2,200,10,125,4,8,8,25n,1,-2,1.649716403064447e-05,6.131089000000003,2.6049500000000023,-1.3549500000000023
2,200,2,125,4,8,8,25n,1,-2,9.447675015417288e-06,2.7959160000000054,2.634124000000014,-1.3841240000000141
2,50,2,25,8,2,8,25n,0,0,5.7900055862293e-07,5.995310200000006,0.23442362999999977,1.1655763700000001
2,100,10,25,8,2,8,25n,0,0,4.325354398704478e-06,18.537864,-0.2924707000000013,1.6924707000000012
2,200,10,125,8,2,8,25n,0,0,1.3139764748074338e-05,8.241196500000001,-0.7150169999999889,1.965016999999989
2,200,2,125,8,2,8,25n,0,0,7.527943380109857e-06,2.1185104999999993,-0.6884119999999996,1.9384119999999996
2,50,2,25,3,8,1,35n,0,-2,9.65788657542261e-07,12.373137799999995,0.8361607999999996,0.5638392000000003
2,100,10,25,3,8,1,35n,0,-2,7.184057420726237e-06,25.865145999999996,0.3646292000000044,1.0353707999999955
2,200,10,125,3,8,1,35n,0,-2,1.6499766646251886e-05,6.9258530000000045,-0.4408658999999915,1.6908658999999915
2,200,2,125,3,8,1,35n,0,-2,9.440458863046333e-06,3.2958864999999946,0.14641300000000257,1.1035869999999974
2,50,2,25,6,8,4,35n,0,0,5.931411086564903e-07,6.698307600000008,-0.2485457099999997,1.6485457099999996
2,100,10,25,6,8,4,35n,0,0,4.563349884511836e-06,23.204699000000005,-0.6765979000000031,2.076597900000003
2,200,10,125,6,8,4,35n,0,0,1.2472174308279707e-05,6.186634999999995,-1.097079000000008,2.347079000000008
2,200,2,125,6,8,4,35n,0,0,7.613095386335516e-06,2.341050999999993,-1.1064449999999795,2.3564449999999795
2,50,2,25,8,2,8,5n,0,-2,4.969403362127972e-07,95.5383486,0.98258337,-0.55045756829
2,100,10,25,8,2,8,5n,0,-2,4.812209199264999e-06,23.237907000000003,0.887352364,-0.07240979999999553
2,200,10,125,8,2,8,5n,0,-2,1.4845805447706992e-05,22.172168999999993,0.49442053500000005,0.21727699999999572
2,200,2,125,8,2,8,5n,0,-2,7.23671976328121e-06,21.964119999999994,-0.78506543,-0.14219900000000507
2,50,2,25,8,8,8,5n,1,0,4.236289960088901e-07,67.8743742,0.7978028099999999,0.60219719
2,100,10,25,8,8,8,5n,1,0,3.899750389257072e-06,22.568228000000005,0.5764567000000027,0.8235432999999972
2,200,10,125,8,8,8,5n,1,0,0.00021783041362715745,174.112814,-1.8607042000000007,3.1107042000000007
2,200,2,125,8,8,8,5n,1,0,0.0001953069457841634,169.1728375,-1.5130875000000001,2.75797485
2,50,2,25,3,8,1,10n,1,0,7.446630315937567e-07,6.954231800000002,0.8891325000000001,0.5108674999999998
2,100,10,25,3,8,1,10n,1,0,4.405838443530947e-06,22.931835000000007,0.6231719999999981,0.7768280000000019
2,200,10,125,3,8,1,10n,1,0,1.4101709368207574e-05,5.451111999999995,0.600560999999999,0.649439000000001
2,200,2,125,3,8,1,10n,1,0,7.897332258820438e-06,26.185406999999994,0.572905999999989,0.677094000000011
2,50,2,25,3,8,1,15n,1,-2,1.0264085808453107e-06,8.699077200000005,2.597558711,-1.197558711
2,100,10,25,3,8,1,15n,1,-2,5.720482445783589e-06,23.886418000000006,2.6758634079999997,-1.275863408
2,200,10,125,3,8,1,15n,1,-2,1.7037116559655668e-05,6.141750500000001,2.571526999999975,-1.3215269999999748
2,200,2,125,3,8,1,15n,1,-2,9.538448512460095e-06,2.5818715000000054,2.5864719999999863,-1.3364719999999863
2,50,2,25,8,8,4,10n,0,-2,7.166385076518362e-07,5.160966599999995,1.58811657,-0.18811657000000004
2,100,10,25,8,8,4,10n,0,-2,4.848849500598597e-06,24.058936000000003,0.8961821000000021,0.5038178999999978
2,200,10,125,8,8,4,10n,0,-2,1.4860423894925044e-05,6.314025999999999,0.2630710000000107,0.9869289999999893
2,200,2,125,8,8,4,10n,0,-2,8.840680602256914e-06,25.705710999999994,0.4166850000000011,0.8333149999999989
2,50,2,25,2,8,8,15n,0,0,8.782361267935055e-07,5.831838399999994,0.6352038000000007,0.7647961999999993
2,100,10,25,2,8,8,15n,0,0,4.930846210970961e-06,23.081669000000005,0.592370100000005,0.8076298999999949
2,200,10,125,2,8,8,15n,0,0,1.4934827834581887e-05,5.784341999999994,0.4049620000000118,0.8450379999999882
2,200,2,125,2,8,8,15n,0,0,7.937180205658764e-06,3.933238000000003,0.38957200000001535,0.8604279999999846
2,50,2,25,3,8,8,25n,0,0,7.632004325231791e-07,6.012270999999998,0.5272073999999995,0.8727926000000004
2,100,10,25,3,8,8,25n,0,0,4.579474338931848e-06,23.081661999999998,0.3540672999999983,1.0459327000000016
2,200,10,125,3,8,8,25n,0,0,1.381406979166597e-05,5.785255500000005,0.13117099999999482,1.1188290000000052
2,200,2,125,3,8,8,25n,0,0,7.791766630722334e-06,2.1679790000000025,0.12383099999999558,1.1261690000000044
2,50,2,25,6,8,1,25n,1,-2,7.611475970551926e-07,10.26446,2.426260046,-1.026260046
2,100,10,25,6,8,1,25n,1,-2,6.0871760787431196e-06,23.886466999999996,2.4077448999999986,-1.0077448999999987
2,200,10,125,6,8,1,25n,1,-2,1.5563846722372073e-05,6.142489499999997,2.1362259999999935,-0.8862259999999935
2,200,2,125,6,8,1,25n,1,-2,9.252854160393764e-06,2.815695000000005,2.1877509999999916,-0.9377509999999916
2,50,2,25,8,8,4,35n,1,-2,6.743032876298889e-07,10.255042799999998,2.46489215,-1.06489215
2,100,10,25,8,8,4,35n,1,-2,6.942290571488484e-06,23.861752999999993,2.3975819,-0.9975819000000001
2,200,10,125,8,8,4,35n,1,-2,1.561692275034923e-05,6.1362625,2.0795519999999783,-0.8295519999999783
2,200,2,125,8,8,4,35n,1,-2,9.08661954846927e-06,2.805699500000003,2.1369100000000003,-0.8869100000000003
2,50,2,25,6,8,8,35n,0,0,6.02478548553986e-07,6.0123222,0.30411525000000017,1.0958847499999997
2,100,10,25,6,8,8,35n,0,0,4.635171748668427e-06,23.081653000000003,-0.10637469999999505,1.506374699999995
2,200,10,125,6,8,8,35n,0,0,1.2604282738299666e-05,5.786473999999998,-0.45382000000000744,1.7038200000000074
2,200,2,125,6,8,8,35n,0,0,7.533846077575129e-06,2.1679374999999936,-0.4388490000000047,1.6888490000000047
2,50,2,25,6,2,8,5n,0,-2,5.826768520996443e-07,95.538704,0.9825804359999999,-0.6274993653000001
2,100,10,25,6,2,8,5n,0,-2,5.028120590970753e-06,23.131607000000002,0.8880285949999999,-0.32240600000000086
2,200,10,125,6,2,8,5n,0,-2,1.5256256920545105e-05,22.172650500000003,0.494413467,-0.12345999999999435
2,200,2,125,6,2,8,5n,0,-2,7.403348166626433e-06,21.964101999999997,-0.7850776599999998,-0.45856299999999806
2,50,2,25,8,8,1,10n,1,-2,6.566965575347362e-07,5.1578097999999954,2.358023124,-0.958023124
2,100,10,25,8,8,1,10n,1,-2,4.9999809220715315e-06,23.881488000000004,2.3305059,-0.9305059
2,200,10,125,8,8,1,10n,1,-2,1.5361262949776537e-05,6.142547500000006,2.0023250000000132,-0.7523250000000132
2,200,2,125,8,8,1,10n,1,-2,8.655754003877602e-06,25.579910999999996,2.0038140000000055,-0.7538140000000055
2,50,2,25,6,2,8,5n,1,0,6.027944745593558e-07,114.075332,0.7093140909999999,0.5622076499999995
2,100,10,25,6,2,8,5n,1,0,3.762020883262831e-06,53.11529300000001,0.6708919000000022,0.7291080999999977
2,200,10,125,6,2,8,5n,1,0,0.00019397538814820378,159.53979500000003,-2.08996127,2.911349399999999
2,200,2,125,6,2,8,5n,1,0,0.0001805315799510749,152.5651705,-2.1306727,2.7522706699999997
2,50,2,25,6,2,4,10n,1,0,5.46896789093081e-07,35.03705360000001,0.7932574999999988,0.6067425000000011
2,100,10,25,6,2,4,10n,1,0,4.142361069035407e-06,24.050646,0.5693121000000061,0.8306878999999938
2,200,10,125,6,2,4,10n,1,0,2.840659305864999e-05,58.86153350000001,-0.5537492100000001,0.9493650000000002
2,200,2,125,6,2,4,10n,1,0,0.00018115704155398984,152.566667,-2.15481241,3.094104980000001
2,50,2,25,2,2,8,15n,0,-2,1.2091926361071035e-06,6.984600200000002,2.406698477,-1.006698477
2,100,10,25,2,2,8,15n,0,-2,6.4378233739586266e-06,20.255218,2.424263093,-1.024263093
2,200,10,125,2,2,8,15n,0,-2,1.8303506619688706e-05,7.790032999999994,2.436819999999983,-1.186819999999983
2,200,2,125,2,2,8,15n,0,-2,9.67831511788391e-06,9.706221999999997,2.4562640000000044,-1.2062640000000044
2,50,2,25,1,2,8,25n,1,-2,1.4754348971021244e-06,10.735596999999999,3.0794294179999997,-1.6794294179999998
2,100,10,25,1,2,8,25n,1,-2,8.430651511557122e-06,21.246289000000004,3.03116604,-1.63116604
2,200,10,125,1,2,8,25n,1,-2,2.171597916830414e-05,7.999900999999994,3.027544000000006,-1.777544000000006
2,200,2,125,1,2,8,25n,1,-2,1.0294480875277037e-05,2.983573000000007,3.035016999999982,-1.785016999999982
2,50,2,25,8,2,4,15n,0,0,5.71312321776839e-07,2.757198399999993,-0.31683472000000057,1.7168347200000005
2,100,10,25,8,2,4,15n,0,0,4.2511952684036386e-06,18.592918999999995,-0.9323253000000009,2.332325300000001
2,200,10,125,8,2,4,15n,0,0,1.3083173340252054e-05,8.581526999999994,-1.463433000000009,2.713433000000009
2,200,2,125,8,2,4,15n,0,0,7.263864509135034e-06,21.5519915,-1.4662469999999956,2.7162469999999956
2,50,2,25,2,8,8,25n,1,0,8.690049047708898e-07,5.802523600000001,1.0861384999999983,0.31386150000000157
2,100,10,25,2,8,8,25n,1,0,5.097693851087914e-06,22.886247999999995,0.9974534000000062,0.40254659999999376
2,200,10,125,2,8,8,25n,1,0,1.5235325250909456e-05,5.363620499999996,0.8463850000000264,0.40361499999997363
2,200,2,125,2,8,8,25n,1,0,0.00018438637804926312,169.18285600000002,-1.57954133,2.5094708999999966
2,50,2,25,8,2,1,35n,0,-2,6.397358945025539e-07,12.0883946,0.5201410499999999,0.87985895
2,100,10,25,8,2,1,35n,0,-2,6.3926769075035e-06,22.753337000000002,0.05560080000000189,1.344399199999998
2,200,10,125,8,2,1,35n,0,-2,1.5069633138610222e-05,8.349232,-1.734635500000003,2.984635500000003
2,200,2,125,8,2,1,35n,0,-2,9.058739853841678e-06,3.5290164999999973,-1.0605383000000046,2.3105383000000046
2,50,2,25,4,2,4,35n,0,0,7.013525353052011e-07,6.520514199999993,-0.13056940000000106,1.530569400000001
2,100,10,25,4,2,4,35n,0,0,5.040597626534713e-06,18.592626999999993,-0.30517980000000344,1.7051798000000034
2,200,10,125,4,2,4,35n,0,0,1.3874129645797773e-05,8.581202000000005,-0.5949030000000164,1.8449030000000164
2,200,2,125,4,2,4,35n,0,0,7.788357592293737e-06,2.2764880000000005,-0.61943500000001,1.86943500000001
2,50,2,25,8,8,1,5n,1,-2,4.5372576581316276e-07,59.2382092,2.0672326999999995,-0.6672326999999996
2,100,10,25,8,8,1,5n,1,-2,5.10626977599788e-06,23.881488000000004,2.1154749999999978,-0.7154749999999979
2,200,10,125,8,8,1,5n,1,-2,1.5139745334130176e-05,3.967495999999997,1.9043810000000008,-0.6543810000000008
2,200,2,125,8,8,1,5n,1,-2,6.167503260477695e-06,27.875140000000002,1.904359999999997,-0.6543599999999969
2,50,2,25,8,2,1,5n,1,0,5.412986084868631e-07,114.07356999999998,0.2547533999999998,1.1452466000000001
2,100,10,25,8,2,1,5n,1,0,3.993223514555311e-06,53.03994199999999,0.2883439999999893,1.1116560000000106
2,200,10,125,8,2,1,5n,1,0,1.3444653866775706e-05,43.35721749999999,0.05163986000000009,1.1138799999999947
2,200,2,125,8,2,1,5n,1,0,6.250337414993267e-06,15.450306499999996,0.11764400000001274,1.1323559999999873
2,50,2,25,3,2,1,10n,0,-2,8.509113661725048e-07,19.178602600000005,0.6749417000000011,0.7250582999999988
2,100,10,25,3,2,1,10n,0,-2,5.1166542777605065e-06,22.386015999999998,0.25163459999999693,1.148365400000003
2,200,10,125,3,2,1,10n,0,-2,1.58539322795818e-05,8.222162999999995,-0.3924669000000023,1.6424669000000023
2,200,2,125,3,2,1,10n,0,-2,7.906829827403914e-06,32.27171250000001,0.18910400000000038,1.0608959999999996
2,50,2,25,1,2,4,10n,1,0,1.0155219741299204e-06,35.04561419999999,1.1609845000000028,0.23901549999999716
2,100,10,25,1,2,4,10n,1,0,6.223867008578269e-06,24.050724,1.1256500999999957,0.27434990000000425
2,200,10,125,1,2,4,10n,1,0,1.8622297308847262e-05,5.135391999999996,0.9527660000000253,0.2972339999999747
2,200,2,125,1,2,4,10n,1,0,0.0001796294243571654,152.565567,-2.1619129,2.8963672000000003
2,50,2,25,1,8,4,15n,1,-2,1.449955974563208e-06,8.694174399999994,3.0323505274,-1.6323505274
2,100,10,25,1,8,4,15n,1,-2,7.505148966537868e-06,23.866355999999996,2.9792197799999998,-1.5792197799999999
2,200,10,125,1,8,4,15n,1,-2,2.133911864628893e-05,6.132691500000008,2.9906900000000007,-1.7406900000000007
2,200,2,125,1,8,4,15n,1,-2,1.0238181254282436e-05,2.588186500000006,2.997856000000013,-1.747856000000013
2,50,2,25,1,8,1,15n,0,0,1.125231496948033e-06,7.028078399999998,-0.9293147000000013,2.329314700000001
2,100,10,25,1,8,1,15n,0,0,7.046398880189074e-06,23.395898000000003,-1.3482672000000009,2.748267200000001
2,200,10,125,1,8,1,15n,0,0,2.262470759188021e-05,6.961448500000004,-1.4492290000000025,2.6992290000000025
2,200,2,125,1,8,1,15n,0,0,1.0595363364326817e-05,3.8433985000000064,-1.2555480000000045,2.5055480000000045
3,50,2,25,1,2,8,10n,1,-2,1.508818923756628e-06,35.87503799999999,3.1324032,-1.7324032000000003
3,100,10,25,1,2,8,10n,1,-2,8.479368424117096e-06,24.654695,3.0707489000000066,-1.6707489000000066
3,200,10,125,1,2,8,10n,1,-2,2.4409558084934968e-05,5.016064499999999,2.9450920000000167,-1.6950920000000167
3,200,2,125,1,2,8,10n,1,-2,9.895428727219707e-06,22.903498499999998,2.61315697,-1.686932000000013
3,50,2,25,8,8,1,25n,1,-2,8.288848207407224e-07,9.858424200000002,2.6600655199999994,-1.2600655199999995
3,100,10,25,8,8,1,25n,1,-2,6.0271067122008485e-06,23.215269000000006,2.3350711000000017,-0.9350711000000018
3,200,10,125,8,8,1,25n,1,-2,1.589037436316803e-05,5.805092000000002,2.0051679999999976,-0.7551679999999976
3,200,2,125,8,8,1,25n,1,-2,9.639528812332445e-06,2.9760054999999994,2.051165999999995,-0.8011659999999949
3,50,2,25,8,8,8,15n,0,0,6.677935286366364e-07,6.3131329999999934,-0.0707405100000007,1.4707405100000006
3,100,10,25,8,8,8,15n,0,0,4.202599558869667e-06,21.300773000000007,-0.2078568000000005,1.6078568000000004
3,200,10,125,8,8,8,15n,0,0,1.3311092916547481e-05,5.503953999999993,-0.602406000000002,1.852406000000002
3,200,2,125,8,8,8,15n,0,0,8.095771173592774e-06,7.928522499999999,-0.6441379999999981,1.894137999999998
3,50,2,25,6,2,1,10n,0,0,1.7548695034144671e-06,49.943049599999995,-3.079864299999999,4.479864299999999
3,100,10,25,6,2,1,10n,0,0,1.4680042792812198e-05,30.338191,-3.2575723999999995,4.657572399999999
3,200,10,125,6,2,1,10n,0,0,4.479226612558484e-05,18.646957999999998,-3.810493000000008,5.060493000000008
3,200,2,125,6,2,1,10n,0,0,2.9080193611133476e-05,14.942088999999996,-4.039587000000012,5.289587000000012
3,50,2,25,2,8,4,15n,0,-2,1.324589018064201e-06,6.106868800000001,1.6397302999999979,-0.23973029999999795
3,100,10,25,2,8,4,15n,0,-2,6.3610650898339775e-06,24.197911000000005,1.4087587999999953,-0.008758799999995404
3,200,10,125,2,8,4,15n,0,-2,1.852644488524546e-05,6.074686499999998,1.1903119999999774,0.05968800000002261
3,200,2,125,2,8,4,15n,0,-2,1.0106062641864373e-05,5.3397800000000055,1.444342999999975,-0.19434299999997506
3,50,2,25,2,2,1,15n,1,0,1.0112264386242113e-06,3.8978627999999986,0.8032003999999993,0.5967996000000007
3,100,10,25,2,2,1,15n,1,0,5.425094684898306e-06,23.640141999999997,0.8015879999999895,0.5984120000000104
3,200,10,125,2,2,1,15n,1,0,1.6612328069964623e-05,4.5060160000000025,0.6755490000000179,0.5744509999999821
3,200,2,125,2,2,1,15n,1,0,8.188103191477436e-06,17.313124000000002,0.6672310000000152,0.5827689999999848
3,50,2,25,4,8,8,25n,1,-2,1.0949040049565075e-06,9.807916199999994,2.9617934000000026,-1.5617934000000027
3,100,10,25,4,8,8,25n,1,-2,6.737363802711518e-06,23.180284999999998,2.8343551000000047,-1.4343551000000048
3,200,10,125,4,8,8,25n,1,-2,1.733074975729933e-05,5.775103999999999,2.6257730000000095,-1.3757730000000095
3,200,2,125,4,8,8,25n,1,-2,9.92776935847156e-06,2.9421349999999933,2.6474890000000073,-1.3974890000000073
3,50,2,25,8,2,8,25n,0,0,7.01989616462567e-07,6.603735799999995,-0.06934384999999965,1.4693438499999996
3,100,10,25,8,2,8,25n,0,0,5.1251208625427795e-06,19.057637999999997,-0.20350069999999798,1.603500699999998
3,200,10,125,8,2,8,25n,0,0,1.4890245922141066e-05,8.578412499999999,-0.5953670000000102,1.8453670000000102
3,200,2,125,8,2,8,25n,0,0,8.258234593316235e-06,1.3738400000000013,-0.6344990000000053,1.8844990000000053
3,50,2,25,3,8,1,35n,0,-2,1.1060139006583406e-06,12.225127400000005,-0.7781787999999996,2.1781787999999995
3,100,10,25,3,8,1,35n,0,-2,8.984993225638896e-06,25.838796000000002,-1.6141730999999937,3.0141730999999936
3,200,10,125,3,8,1,35n,0,-2,2.3543723257595085e-05,7.176271999999996,-1.8606739999999888,3.110673999999989
3,200,2,125,3,8,1,35n,0,-2,1.2325438356399278e-05,3.686565999999999,-1.5437179999999984,2.7937179999999984
3,50,2,25,8,2,8,5n,0,-2,6.99898690611735e-07,98.94579200000003,-0.6324425599999999,-1.0846506999999992
3,100,10,25,8,2,8,5n,0,-2,5.356715590753227e-06,58.946797000000004,-1.3348908800000001,-0.21453839999999502
3,200,10,125,8,2,8,5n,0,-2,1.598405841872095e-05,26.588704500000002,-1.7843068199999998,-0.24576200000001336
3,200,2,125,8,2,8,5n,0,-2,8.429188947179893e-06,20.995890000000003,-2.26887794,-0.37823000000000206
3,50,2,25,6,8,4,35n,0,0,7.174993742476736e-07,7.202937000000007,-0.991685299999999,2.391685299999999
3,100,10,25,6,8,4,35n,0,0,5.189595766089162e-06,21.437421,-1.0744062000000043,2.474406200000004
3,200,10,125,6,8,4,35n,0,0,1.5184192587222278e-05,6.011710500000006,-1.3013459999999952,2.5513459999999952
3,200,2,125,6,8,4,35n,0,0,9.021612862288908e-06,2.556223000000003,-1.0798739999999896,2.3298739999999896
3,50,2,25,8,8,8,5n,1,0,5.219585036944011e-07,79.4926898,0.7362676699999997,0.6637323300000002
3,100,10,25,8,8,8,5n,1,0,4.053583430708723e-06,20.147587,0.46743349999999984,0.9325665000000001
3,200,10,125,8,8,8,5n,1,0,1.2756172113283259e-05,9.392941500000006,0.29933500000001345,0.9506649999999865
3,200,2,125,8,8,8,5n,1,0,6.995472217862532e-06,7.954055499999995,0.3821689999999762,0.8678310000000238
3,50,2,25,8,8,4,10n,0,-2,8.168261157496475e-07,9.490241600000004,1.4181344800000004,-0.018134480000000508
3,100,10,25,8,8,4,10n,0,-2,5.060022338745868e-06,24.197959999999995,1.089435000000003,0.31056499999999687
3,200,10,125,8,8,4,10n,0,-2,1.550378590700394e-05,6.074302000000002,0.49160600000001864,0.7583939999999814
3,200,2,125,8,8,4,10n,0,-2,9.364985785937802e-06,23.060654999999997,0.8159269999999879,0.43407300000001214
3,50,2,25,2,8,8,15n,0,0,1.007329883536861e-06,6.313215999999998,0.21529409999999904,1.1847059000000009
3,100,10,25,2,8,8,15n,0,0,5.421784392536492e-06,21.300819000000004,0.19560889999999054,1.2043911000000094
3,200,10,125,2,8,8,15n,0,0,1.633412905666546e-05,5.5040275000000065,-0.004986999999999853,1.2549869999999999
3,200,2,125,2,8,8,15n,0,0,8.48786474182672e-06,7.926374499999995,0.10272299999999746,1.1472770000000025
3,50,2,25,3,8,1,15n,1,-2,1.1865998823756769e-06,6.0961274,2.8999369000000015,-1.4999369000000016
3,100,10,25,3,8,1,15n,1,-2,6.1453436685281435e-06,23.215272999999996,2.811529299999998,-1.411529299999998
3,200,10,125,3,8,1,15n,1,-2,1.7868522211775144e-05,5.805364499999996,2.548714000000018,-1.2987140000000181
3,200,2,125,3,8,1,15n,1,-2,9.961185924864236e-06,5.407398999999998,2.5955470000000105,-1.3455470000000105
3,50,2,25,3,8,1,10n,1,0,8.475017980852509e-07,15.431842000000003,0.7874414999999977,0.6125585000000022
3,100,10,25,3,8,1,10n,1,0,5.008427383605083e-06,21.059977000000003,0.8071838999999925,0.5928161000000074
3,200,10,125,3,8,1,10n,1,0,1.5270431520032246e-05,5.183244999999999,0.6484839999999963,0.6015160000000037
3,200,2,125,3,8,1,10n,1,0,7.74191021783984e-06,21.3933545,0.5474889999999846,0.7025110000000154
3,50,2,25,6,8,1,25n,1,-2,9.281021349211941e-07,9.858413200000001,2.7285563000000006,-1.3285563000000007
3,100,10,25,6,8,1,25n,1,-2,6.238322303539941e-06,23.215271,2.4735085000000026,-1.0735085000000026
3,200,10,125,6,8,1,25n,1,-2,1.632836298528535e-05,5.805177000000001,2.195701000000014,-0.9457010000000139
3,200,2,125,6,8,1,25n,1,-2,9.743958899491404e-06,2.976011999999997,2.232134000000002,-0.9821340000000021
3,50,2,25,3,8,8,25n,0,0,8.937259167233505e-07,6.313182400000003,0.12754360000000053,1.2724563999999994
3,100,10,25,3,8,8,25n,0,0,4.918009935335216e-06,21.300792,0.18093669999999795,1.219063300000002
3,200,10,125,3,8,8,25n,0,0,1.4919559550012704e-05,5.504032499999994,-0.06093699999999558,1.3109369999999956
3,200,2,125,3,8,8,25n,0,0,8.417147345142444e-06,2.406523500000006,0.01946799999998916,1.2305320000000108
3,50,2,25,8,8,4,35n,1,-2,8.378634734210794e-07,9.836559800000003,2.7476433000000005,-1.3476433000000005
3,100,10,25,8,8,4,35n,1,-2,7.076726822792534e-06,23.197984000000005,2.4519722000000015,-1.0519722000000016
3,200,10,125,8,8,4,35n,1,-2,1.5960345407523753e-05,5.789404000000004,2.147007000000002,-0.8970070000000021
3,200,2,125,8,8,4,35n,1,-2,9.596868017192484e-06,2.959158500000001,2.190917999999982,-0.9409179999999822
3,50,2,25,6,8,8,35n,0,0,7.182336686828838e-07,6.313143400000001,-0.015918800000000122,1.4159188
3,100,10,25,6,8,8,35n,0,0,4.901393691700068e-06,21.300775,-0.028305999999999276,1.4283059999999992
3,200,10,125,6,8,8,35n,0,0,1.3550366656647237e-05,5.503971500000006,-0.3658200000000136,1.6158200000000136
3,200,2,125,6,8,8,35n,0,0,8.20351760587188e-06,2.4063249999999954,-0.41142499999997995,1.66142499999998
3,50,2,25,6,2,8,5n,0,-2,7.898179157662762e-07,98.9457194,-0.63244832,-1.1796100000000003
3,100,10,25,6,2,8,5n,0,-2,5.519522012241888e-06,58.946855,-1.3349048100000003,-0.41548509999999794
3,200,10,125,6,2,8,5n,0,-2,1.6219185531436363e-05,26.588362500000002,-1.7843602299999999,-0.52237599999998
3,200,2,125,6,2,8,5n,0,-2,8.568180252383142e-06,20.996097500000005,-2.26892056,-0.6566389999999842
3,50,2,25,6,2,8,5n,1,0,7.027632154850985e-07,112.86005599999999,0.3165858399999999,0.6256316999999996
3,100,10,25,6,2,8,5n,1,0,3.975288002870137e-06,68.11844199999999,0.2005185599999999,0.8467561999999944
3,200,10,125,6,2,8,5n,1,0,1.246974439261109e-05,32.188248499999986,0.07637855999999998,0.8497600000000034
3,200,2,125,6,2,8,5n,1,0,6.971801698148239e-06,17.125870000000006,0.16873055000000003,0.7717189999999903
3,50,2,25,8,8,1,10n,1,-2,8.050572020102119e-07,9.549975200000006,2.7156974800000007,-1.3156974800000008
3,100,10,25,8,8,1,10n,1,-2,5.377340094700387e-06,23.215269000000006,2.5156594999999995,-1.1156594999999996
3,200,10,125,8,8,1,10n,1,-2,1.559282231830209e-05,5.805092000000002,1.9141769999999951,-0.6641769999999951
3,200,2,125,8,8,1,10n,1,-2,9.005557193507309e-06,22.848865000000004,2.1115950000000225,-0.8615950000000225
3,50,2,25,6,2,4,10n,1,0,6.269103704738527e-07,43.63804619999999,0.7446259000000004,0.6553740999999995
3,100,10,25,6,2,4,10n,1,0,4.384753623595829e-06,23.615536000000006,0.5421743000000006,0.8578256999999994
3,200,10,125,6,2,4,10n,1,0,1.3932114277373517e-05,3.5947029999999955,0.44688999999999623,0.8031100000000038
3,200,2,125,6,2,4,10n,1,0,7.2641905435886286e-06,17.627951499999995,0.3780219999999872,0.8719780000000128
3,50,2,25,2,2,8,15n,0,-2,1.3601726738514233e-06,4.305712799999995,2.5109852999999993,-1.1109852999999994
3,100,10,25,2,2,8,15n,0,-2,6.935761510645185e-06,17.152,2.4502441000000004,-1.0502441000000005
3,200,10,125,2,2,8,15n,0,-2,1.9522789357442376e-05,8.962248000000002,2.2693849999999998,-1.0193849999999998
3,200,2,125,2,2,8,15n,0,-2,9.984509295842002e-06,17.287375999999995,1.907658204,-1.0856469999999945
3,50,2,25,8,2,4,15n,0,0,6.325522462551423e-07,25.452790800000002,-1.0629541899999997,2.4629541899999996
3,100,10,25,8,2,4,15n,0,0,5.3839845576274365e-06,19.152955000000006,-1.0516769000000097,2.4516769000000096
3,200,10,125,8,2,4,15n,0,0,1.6669005478671555e-05,8.697148999999996,-1.4223560000000077,2.6723560000000077
3,200,2,125,8,2,4,15n,0,0,8.632686814578063e-06,14.179063999999997,-1.3705659999999966,2.6205659999999966
3,50,2,25,1,2,8,25n,1,-2,1.6244331822051458e-06,10.866916000000003,3.1302535,-1.7302534999999999
3,100,10,25,1,2,8,25n,1,-2,8.985118360019952e-06,24.654695,3.063231500000009,-1.663231500000009
3,200,10,125,1,2,8,25n,1,-2,2.419915704022106e-05,5.685046,2.9476569999999924,-1.6976569999999924
3,200,2,125,1,2,8,25n,1,-2,1.0944822766853797e-05,2.4724240000000037,2.9375909999999976,-1.6875909999999976
3,50,2,25,2,8,8,25n,1,0,1.0081900889199017e-06,6.240650000000003,0.9876972999999984,0.41230270000000147
3,100,10,25,2,8,8,25n,1,0,5.499742993277642e-06,21.013476999999995,1.0200280999999989,0.37997190000000103
3,200,10,125,2,8,8,25n,1,0,1.65763620638058e-05,5.054166499999994,0.836230999999998,0.41376900000000205
3,200,2,125,2,8,8,25n,1,0,8.483173777101289e-06,2.192043499999997,0.8097689999999886,0.44023100000001136
3,50,2,25,8,2,1,35n,0,-2,7.608152165978827e-07,12.996138599999995,-1.0802850400000001,2.48028504
3,100,10,25,8,2,1,35n,0,-2,8.029026746272368e-06,19.341454,-1.8189152999999991,3.218915299999999
3,200,10,125,8,2,1,35n,0,-2,2.2591631751436887e-05,9.888237500000002,-2.4764249999999777,3.7264249999999777
3,200,2,125,8,2,1,35n,0,-2,1.1979309200569081e-05,3.736956500000005,-2.3359609999999975,3.5859609999999975
3,50,2,25,4,2,4,35n,0,0,8.536237860668594e-07,7.489762200000001,-0.8759417999999983,2.2759417999999982
3,100,10,25,4,2,4,35n,0,0,6.052395699033125e-06,19.152970999999994,-1.0538663000000015,2.4538663000000014
3,200,10,125,4,2,4,35n,0,0,1.73541955605812e-05,9.202498500000004,-1.2136179999999968,2.4636179999999968
3,200,2,125,4,2,4,35n,0,0,9.210149590080011e-06,2.3185134999999946,-0.8662209999999959,2.116220999999996
3,50,2,25,8,8,1,5n,1,-2,5.257474405202045e-07,68.80415020000001,1.4619174000000057,-0.061917400000005784
3,100,10,25,8,8,1,5n,1,-2,5.248926879137428e-06,22.712739000000003,1.5065519999999935,-0.10655199999999354
3,200,10,125,8,8,1,5n,1,-2,1.5291614480004104e-05,3.393298999999999,1.3486929999999973,-0.09869299999999726
3,200,2,125,8,8,1,5n,1,-2,6.437349562819057e-06,18.284660000000002,1.332899999999995,-0.08289999999999509
3,50,2,25,8,2,1,5n,1,0,5.944274087261297e-07,112.858758,-0.0918844999999977,1.4918844999999976
3,100,10,25,8,2,1,5n,1,0,4.134147737167551e-06,68.11380600000001,-0.07113000000000236,1.4711300000000023
3,200,10,125,8,2,1,5n,1,0,1.2419262719340819e-05,32.189448,-0.20409599999999273,1.4540959999999927
3,200,2,125,8,2,1,5n,1,0,6.470624600931477e-06,17.125437000000005,-0.21853400000000534,1.4685340000000053
3,50,2,25,3,2,1,10n,0,-2,8.554794166564662e-07,40.67407299999999,-1.2273702999999991,2.627370299999999
3,100,10,25,3,2,1,10n,0,-2,6.989841692428105e-06,15.831999999999994,-1.7539623999999976,3.1539623999999975
3,200,10,125,3,2,1,10n,0,-2,2.233397222798977e-05,8.0537985,-1.8752369999999985,3.1252369999999985
3,200,2,125,3,2,1,10n,0,-2,1.0145026921865843e-05,23.132456500000004,-1.6734940000000051,2.923494000000005
3,50,2,25,1,2,4,10n,1,0,1.081428176195236e-06,43.64315500000001,0.9841315999999991,0.4158684000000008
3,100,10,25,1,2,4,10n,1,0,7.024871355754012e-06,23.615316000000007,0.8781928999999962,0.5218071000000037
3,200,10,125,1,2,4,10n,1,0,2.111150514793132e-05,3.593715000000003,0.8195879999999818,0.4304120000000182
3,200,2,125,1,2,4,10n,1,0,8.277408979080659e-06,17.627346000000003,0.62692194,0.4156110000000126
3,50,2,25,1,8,4,15n,1,-2,1.589496215057195e-06,6.093948999999996,3.0748045000000004,-1.6748045000000005
3,100,10,25,1,8,4,15n,1,-2,8.271414559354306e-06,23.19793,3.0004331000000035,-1.6004331000000036
3,200,10,125,1,8,4,15n,1,-2,2.3913360501226635e-05,5.789342500000004,2.8898749999999893,-1.6398749999999893
3,200,2,125,1,8,4,15n,1,-2,1.0833130111515027e-05,5.410589500000001,2.8807479999999828,-1.6307479999999828
3,50,2,25,1,8,1,15n,0,0,1.8667725502422866e-06,6.535208600000004,-1.5618408999999986,2.9618408999999986
3,100,10,25,1,8,1,15n,0,0,1.2535488120560997e-05,23.416441000000006,-1.883143299999992,3.283143299999992
3,200,10,125,1,8,1,15n,0,0,3.7104208402763704e-05,6.900068500000003,-1.979627000000022,3.229627000000022
3,200,2,125,1,8,1,15n,0,0,1.765990313921983e-05,7.838824999999999,-1.905522999999988,3.155522999999988
4,50,2,25,1,2,8,10n,1,-2,1.4465640113902518e-06,27.853875799999997,3.1873306319999997,-1.7873306319999998
4,100,10,25,1,2,8,10n,1,-2,7.897071927735184e-06,23.473144000000005,3.09039873,-1.69039873
4,200,10,125,1,2,8,10n,1,-2,2.267505926203393e-05,7.237588000000003,3.022843999999992,-1.772843999999992
4,200,2,125,1,2,8,10n,1,-2,9.656601257761385e-06,28.12966800000001,2.47939761,-1.7548290000000009
4,50,2,25,8,8,1,25n,1,-2,7.290861741833332e-07,10.083350800000005,2.673765541,-1.273765541
4,100,10,25,8,8,1,25n,1,-2,5.916721653635098e-06,23.593233999999992,2.293102200000001,-0.8931022000000013
4,200,10,125,8,8,1,25n,1,-2,1.540849395841022e-05,6.009042500000008,1.9557059999999922,-0.7057059999999922
4,200,2,125,8,8,1,25n,1,-2,9.35521994131544e-06,2.8518760000000043,2.0128340000000122,-0.7628340000000122
4,50,2,25,8,8,8,15n,0,0,6.046742445204984e-07,5.837709000000005,0.16635771999999927,1.2336422800000006
4,100,10,25,8,8,8,15n,0,0,3.984175457340249e-06,22.661371000000003,-0.2465928000000006,1.6465928000000005
4,200,10,125,8,8,8,15n,0,0,1.2652536846861718e-05,5.642830000000004,-0.6724050000000261,1.9224050000000261
4,200,2,125,8,8,8,15n,0,0,7.727769408796531e-06,5.490602499999994,-0.6705989999999815,1.9205989999999815
4,50,2,25,6,2,1,10n,0,0,7.402039247426695e-07,63.04247319999999,-2.7883527199999993,4.188352719999999
4,100,10,25,6,2,1,10n,0,0,8.593170306130354e-06,18.221604999999997,-2.9055881999999955,4.305588199999995
4,200,10,125,6,2,1,10n,0,0,2.9454507080323016e-05,7.940571000000006,-3.381134000000003,4.631134000000003
4,200,2,125,6,2,1,10n,0,0,1.6344063845104582e-05,10.580881500000006,-3.9022640000000024,5.152264000000002
4,50,2,25,2,8,4,15n,0,-2,1.2373680564143164e-06,7.636504599999995,2.0790047,-0.6790047000000001
4,100,10,25,2,8,4,15n,0,-2,6.088188263021324e-06,24.059663999999998,1.9786237000000084,-0.5786237000000085
4,200,10,125,2,8,4,15n,0,-2,1.7664065345585468e-05,6.211595000000002,1.7568469999999934,-0.5068469999999934
4,200,2,125,2,8,4,15n,0,-2,9.839876445849822e-06,3.718230500000004,1.9077375000000032,-0.6577375000000032
4,50,2,25,2,2,1,15n,1,0,9.334809812187085e-07,5.059633399999996,0.9158580000000014,0.4841419999999985
4,100,10,25,2,2,1,15n,1,0,5.206269358175853e-06,24.035168999999996,0.8498892999999952,0.5501107000000047
4,200,10,125,2,2,1,15n,1,0,1.5612259299917864e-05,5.050377499999996,0.7030379999999923,0.5469620000000077
4,200,2,125,2,2,1,15n,1,0,7.959656826482179e-06,16.993849499999996,0.6899610000000109,0.5600389999999891
4,50,2,25,4,8,8,25n,1,-2,9.896514228209678e-07,10.027467200000004,2.924323158,-1.524323158
4,100,10,25,4,8,8,25n,1,-2,6.590078032847028e-06,23.558356000000003,2.8085699999999973,-1.4085699999999974
4,200,10,125,4,8,8,25n,1,-2,1.6751947163391727e-05,5.991094000000004,2.600394999999992,-1.3503949999999918
4,200,2,125,4,8,8,25n,1,-2,9.641162007737427e-06,2.826363999999998,2.6306109999999876,-1.3806109999999876
4,50,2,25,8,2,8,25n,0,0,6.301889918156793e-07,6.109538599999994,0.1678271100000006,1.2321728899999993
4,100,10,25,8,2,8,25n,0,0,4.616488854333652e-06,18.857669,-0.24422520000000114,1.644225200000001
4,200,10,125,8,2,8,25n,0,0,1.3692737663034174e-05,8.392390500000005,-0.664590000000004,1.914590000000004
4,200,2,125,8,2,8,25n,0,0,7.825847030005892e-06,1.9881524999999982,-0.6640140000000088,1.9140140000000088
4,50,2,25,3,8,1,35n,0,-2,9.909652887186088e-07,12.384207000000004,-0.0718074000000013,1.4718074000000012
4,100,10,25,3,8,1,35n,0,-2,7.741911049718918e-06,25.986648000000006,-0.8816270000000004,2.2816270000000003
4,200,10,125,3,8,1,35n,0,-2,1.9305508676877325e-05,7.079593999999999,-1.3443010000000015,2.5943010000000015
4,200,2,125,3,8,1,35n,0,-2,1.0511422789306282e-05,3.4453055000000035,-1.0022680000000008,2.252268000000001
4,50,2,25,6,8,4,35n,0,0,6.39328796417847e-07,6.833359799999996,-0.5869289499999994,1.9869289499999994
4,100,10,25,6,8,4,35n,0,0,4.722513994288022e-06,22.788051999999993,-0.6023419999999988,2.0023419999999987
4,200,10,125,6,8,4,35n,0,0,1.3397856794512075e-05,6.069308500000005,-1.0449889999999868,2.294988999999987
4,200,2,125,6,8,4,35n,0,0,8.138342258739635e-06,2.5079510000000056,-1.084686000000005,2.334686000000005
4,50,2,25,8,2,8,5n,0,-2,5.306911978076827e-07,104.31234,0.4845842639999999,-0.98048715209
4,100,10,25,8,2,8,5n,0,-2,4.693867733858269e-06,39.57617099999999,0.10418036999999991,-0.06461740000000304
4,200,10,125,8,2,8,5n,0,-2,1.4876853225533782e-05,33.55802800000001,-0.33054651,0.08058100000002355
4,200,2,125,8,2,8,5n,0,-2,7.442645535313429e-06,16.345163499999998,-1.3024826799999998,-0.2432019999999966
4,50,2,25,8,8,8,5n,1,0,4.715248633313137e-07,73.45458239999999,0.7661495099999995,0.6338504900000004
4,100,10,25,8,8,8,5n,1,0,3.9495467651185314e-06,21.777626999999992,0.5140855999999956,0.8859144000000043
4,200,10,125,8,8,8,5n,1,0,1.2302001066427156e-05,4.961059500000005,0.21379899999999452,1.0362010000000055
4,200,2,125,8,8,8,5n,1,0,6.950832797121691e-06,13.380669999999995,0.3257539999999892,0.9242460000000108
4,50,2,25,8,8,4,10n,0,-2,7.479481163088119e-07,6.660769799999997,1.8560180799999997,-0.45601807999999977
4,100,10,25,8,8,4,10n,0,-2,4.936797038666957e-06,24.059714,1.009234999999998,0.3907650000000018
4,200,10,125,8,8,4,10n,0,-2,1.5027938732206004e-05,6.2116379999999936,0.31024600000000646,0.9397539999999935
4,200,2,125,8,8,4,10n,0,-2,9.064978080948007e-06,25.347437,0.5535210000000035,0.6964789999999965
4,50,2,25,3,8,1,10n,1,0,7.889310648893458e-07,9.905691599999997,0.8722946000000014,0.5277053999999985
4,100,10,25,3,8,1,10n,1,0,4.569844354325449e-06,22.444902999999996,0.6748009000000024,0.7251990999999975
4,200,10,125,3,8,1,10n,1,0,1.4546815108231648e-05,5.293052500000001,0.68291099999999,0.56708900000001
4,200,2,125,3,8,1,10n,1,0,7.856964314472743e-06,24.700712999999993,0.568521000000004,0.681478999999996
4,50,2,25,2,8,8,15n,0,0,9.258860794023996e-07,5.837148,0.45704210000000023,0.9429578999999997
4,100,10,25,2,8,8,15n,0,0,5.069637293671887e-06,22.661373999999995,0.5548755999999968,0.8451244000000031
4,200,10,125,2,8,8,15n,0,0,1.529686340257301e-05,5.642267000000004,0.3280730000000176,0.9219269999999824
4,200,2,125,2,8,8,15n,0,0,8.136249945523728e-06,5.489874499999998,0.33023900000000594,0.9197609999999941
4,50,2,25,3,8,1,15n,1,-2,1.08782027832532e-06,7.596265200000005,2.844934606,-1.4449346060000001
4,100,10,25,3,8,1,15n,1,-2,5.786216107456451e-06,23.593226,2.7226411999999995,-1.3226411999999996
4,200,10,125,3,8,1,15n,1,-2,1.7311813144777983e-05,6.008930000000007,2.571780999999987,-1.3217809999999872
4,200,2,125,3,8,1,15n,1,-2,9.701931190315221e-06,3.7598535000000055,2.5771419999999807,-1.3271419999999807
4,50,2,25,6,8,1,25n,1,-2,8.261903673868765e-07,10.083350600000003,2.720288738,-1.320288738
4,100,10,25,6,8,1,25n,1,-2,6.116172609499519e-06,23.593231999999997,2.4319106999999973,-1.0319106999999974
4,200,10,125,6,8,1,25n,1,-2,1.5849460966350242e-05,6.009055500000001,2.150418000000002,-0.9004180000000019
4,200,2,125,6,8,1,25n,1,-2,9.456496653440309e-06,2.8518755000000056,2.196204999999992,-0.946204999999992
4,50,2,25,3,8,8,25n,0,0,8.139427741696774e-07,6.0721704000000045,0.3815070000000005,1.0184929999999994
4,100,10,25,3,8,8,25n,0,0,4.665318842373431e-06,22.661372999999998,0.356150100000002,1.0438498999999979
4,200,10,125,3,8,8,25n,0,0,1.4102021785260887e-05,5.642435000000006,0.1173909999999978,1.1326090000000022
4,200,2,125,3,8,8,25n,0,0,8.028024405663554e-06,2.3272209999999944,0.09043099999999527,1.1595690000000047
4,50,2,25,6,8,8,35n,0,0,6.500303774939596e-07,6.072122800000002,0.2260936500000006,1.1739063499999993
4,100,10,25,6,8,8,35n,0,0,4.718061953796464e-06,22.661372,-0.06729669999999865,1.4672966999999986
4,200,10,125,6,8,8,35n,0,0,1.2885046589413377e-05,5.642706500000003,-0.42840799999999035,1.6784079999999904
4,200,2,125,6,8,8,35n,0,0,7.801446340574791e-06,2.3272110000000055,-0.43412100000000464,1.6841210000000046
4,50,2,25,8,8,4,35n,1,-2,7.415159192007467e-07,10.052046000000004,2.7473042215,-1.3473042215
4,100,10,25,8,8,4,35n,1,-2,6.989530582896505e-06,23.576057000000006,2.427732399999998,-1.0277323999999979
4,200,10,125,8,8,4,35n,1,-2,1.573388970365159e-05,5.999371999999994,2.103164000000021,-0.8531640000000209
4,200,2,125,8,8,4,35n,1,-2,9.312702588873384e-06,2.8390514999999965,2.1585740000000015,-0.9085740000000015
4,50,2,25,6,2,8,5n,0,-2,6.171333517282812e-07,104.31259200000001,0.48458106499999987,-1.035370215
4,100,10,25,6,2,8,5n,0,-2,4.877907257284962e-06,39.57648499999999,0.10416786,-0.29016200000000225
4,200,10,125,6,2,8,5n,0,-2,1.5180703976559633e-05,33.5585155,-0.33059412,-0.21890600000000404
4,200,2,125,6,2,8,5n,0,-2,7.573558513584031e-06,16.345149000000006,-1.3025069999999999,-0.5316040000000157
4,50,2,25,6,2,8,5n,1,0,6.476880767391195e-07,113.46302399999999,0.548666904,0.5936781999999994
4,100,10,25,6,2,8,5n,1,0,3.849543663550629e-06,61.744844,0.44206310699999996,0.7964562000000015
4,200,10,125,6,2,8,5n,1,0,1.2367643192890101e-05,39.16299050000001,0.3239550000000122,0.9260449999999878
4,200,2,125,6,2,8,5n,1,0,6.748645732048724e-06,19.192558000000005,0.391717827,0.821282999999994
4,50,2,25,8,8,1,10n,1,-2,7.178403862784474e-07,6.682578800000001,2.6700316993,-1.2700316993
4,100,10,25,8,8,1,10n,1,-2,5.253518578052826e-06,23.593233999999992,2.4770068999999935,-1.0770068999999935
4,200,10,125,8,8,1,10n,1,-2,1.556445017843937e-05,6.009042500000008,2.0177750000000003,-0.7677750000000003
4,200,2,125,8,8,1,10n,1,-2,8.825480523129389e-06,25.168870999999996,2.045398999999989,-0.7953989999999891
4,50,2,25,6,2,4,10n,1,0,5.839394145278055e-07,39.13892139999999,0.7750602999999994,0.6249397000000005
4,100,10,25,6,2,4,10n,1,0,4.201483947026808e-06,24.011157999999995,0.5404892000000046,0.8595107999999954
4,200,10,125,6,2,4,10n,1,0,1.3274393925670609e-05,4.374988500000001,0.3296590000000208,0.9203409999999792
4,200,2,125,6,2,4,10n,1,0,7.309533455236769e-06,23.1018215,0.35186899999999355,0.8981310000000065
4,50,2,25,2,2,8,15n,0,-2,1.2636205164764899e-06,6.463293800000002,2.720126426,-1.320126426
4,100,10,25,2,2,8,15n,0,-2,6.568000961506609e-06,18.802780999999996,2.596872600000006,-1.196872600000006
4,200,10,125,2,2,8,15n,0,-2,1.859403995709118e-05,8.439860499999995,2.414170000000013,-1.1641700000000128
4,200,2,125,2,2,8,15n,0,-2,9.795791809384812e-06,13.622850999999995,2.26532102,-1.1809780000000103
4,50,2,25,1,2,8,25n,1,-2,1.5287380827020056e-06,10.839891399999999,3.186132784,-1.7861327840000003
4,100,10,25,1,2,8,25n,1,-2,8.531161087513198e-06,23.473144000000005,3.0847159199999994,-1.6847159199999995
4,200,10,125,1,2,8,25n,1,-2,2.2488764548402248e-05,7.533241000000004,3.0103359999999952,-1.7603359999999952
4,200,2,125,1,2,8,25n,1,-2,1.0521230720924983e-05,2.9237799999999936,3.0057960000000037,-1.7557960000000037
4,50,2,25,8,2,4,15n,0,0,6.035425580418013e-07,7.040344000000005,-0.6502082100000002,2.05020821
4,100,10,25,8,2,4,15n,0,0,4.602471020816479e-06,18.930004999999994,-0.8412337000000023,2.241233700000002
4,200,10,125,8,2,4,15n,0,0,1.4292152786677275e-05,8.959555499999993,-1.377346000000017,2.627346000000017
4,200,2,125,8,2,4,15n,0,0,7.712980078321692e-06,23.784855500000006,-1.4117040000000145,2.6617040000000145
4,50,2,25,2,8,8,25n,1,0,9.208249769573899e-07,6.047613200000001,1.0601795999999992,0.3398204000000007
4,100,10,25,2,8,8,25n,1,0,5.125770372032021e-06,22.399787000000007,0.9508655999999944,0.4491344000000055
4,200,10,125,2,8,8,25n,1,0,1.5601032959870234e-05,5.192637000000004,0.8268529999999998,0.42314700000000016
4,200,2,125,2,8,8,25n,1,0,8.166101011202548e-06,2.0969240000000013,0.8231219999999837,0.4268780000000163
4,50,2,25,8,2,1,35n,0,-2,6.676154989719783e-07,12.766603799999999,-0.34998573000000066,1.7499857300000006
4,100,10,25,8,2,1,35n,0,-2,6.896749464907433e-06,21.453280000000003,-1.1944464000000026,2.5944464000000025
4,200,10,125,8,2,1,35n,0,-2,1.8133604830734295e-05,9.189784500000002,-2.148055999999997,3.398055999999997
4,200,2,125,8,2,1,35n,0,-2,1.012965178660078e-05,3.5647869999999955,-1.895371499999996,3.145371499999996
4,50,2,25,4,2,4,35n,0,0,7.539256923341192e-07,6.703862400000005,-0.4865343000000011,1.886534300000001
4,100,10,25,4,2,4,35n,0,0,5.346415749452429e-06,18.929927000000006,-0.46354760000000406,1.863547600000004
4,200,10,125,4,2,4,35n,0,0,1.5016586582853664e-05,8.959496000000001,-0.8243180000000052,2.074318000000005
4,200,2,125,4,2,4,35n,0,0,8.300679589031258e-06,2.2531550000000067,-0.6396519999999839,1.889651999999984
4,50,2,25,8,2,1,5n,1,0,5.733123092587798e-07,113.461782,0.10195120000000335,1.2980487999999966
4,100,10,25,8,2,1,5n,1,0,4.122919375628275e-06,61.715295999999995,0.13007700000000844,1.2699229999999915
4,200,10,125,8,2,1,5n,1,0,1.279843221883428e-05,39.040816500000005,-0.01066800000000967,1.2606680000000097
4,200,2,125,8,2,1,5n,1,0,6.403875666386065e-06,19.191230000000004,-0.029492000000004737,1.2794920000000047
4,50,2,25,8,8,1,5n,1,-2,4.887247042075863e-07,64.1559368,1.8259500999999942,-0.42595009999999434
4,100,10,25,8,8,1,5n,1,-2,5.139807754151887e-06,23.514363000000003,1.8780580000000042,-0.4780580000000043
4,200,10,125,8,8,1,5n,1,-2,1.51406524072548e-05,3.6406319999999965,1.681117999999998,-0.4311179999999979
4,200,2,125,8,8,1,5n,1,-2,6.255117663660119e-06,23.7076225,1.6736849999999777,-0.42368499999997766
4,50,2,25,3,2,1,10n,0,-2,8.418314431602188e-07,28.385296799999992,-0.15326280000000247,1.5532628000000024
4,100,10,25,3,2,1,10n,0,-2,5.742864496943874e-06,19.605670000000003,-0.9147877000000109,2.3147877000000108
4,200,10,125,3,2,1,10n,0,-2,1.836066434759395e-05,8.119402500000007,-1.252015,2.502015
4,200,2,125,3,2,1,10n,0,-2,8.448508344040659e-06,29.23023549999999,-0.9669760000000025,2.2169760000000025
4,50,2,25,1,2,4,10n,1,0,1.0356583358834124e-06,39.14470059999999,1.0982175999999995,0.30178240000000045
4,100,10,25,1,2,4,10n,1,0,6.458187324375415e-06,24.010863,0.9930508999999943,0.4069491000000056
4,200,10,125,1,2,4,10n,1,0,1.9406452801258812e-05,4.3724605000000025,0.868142000000006,0.38185799999999404
4,200,2,125,1,2,4,10n,1,0,8.160405176892032e-06,23.099769499999994,0.633056703,0.30865300000002094
4,50,2,25,1,8,4,15n,1,-2,1.4970819989452623e-06,7.592753200000004,3.1543239059999997,-1.7543239059999998
4,100,10,25,1,8,4,15n,1,-2,7.685272438221712e-06,23.576016999999993,3.03851676,-1.63851676
4,200,10,125,1,8,4,15n,1,-2,2.2155467825969513e-05,5.998324999999994,2.968550999999991,-1.7185509999999908
4,200,2,125,1,8,4,15n,1,-2,1.0446797107546347e-05,3.763232000000002,2.965139000000022,-1.715139000000022
4,50,2,25,1,8,1,15n,0,0,1.415480767022065e-06,6.230394000000003,-1.3865807000000019,2.786580700000002
4,100,10,25,1,8,1,15n,0,0,9.332139372705977e-06,23.797049,-1.7372173999999974,3.1372173999999973
4,200,10,125,1,8,1,15n,0,0,2.883365556739998e-05,6.804689499999995,-1.817274999999995,3.067274999999995
4,200,2,125,1,8,1,15n,0,0,1.350801944330253e-05,5.391268999999994,-1.6754589999999894,2.9254589999999894
5,50,2,25,8,8,8,15n,0,0,5.922582623876448e-07,5.842619400000003,0.19749669999999986,1.2025033
5,100,10,25,8,8,8,15n,0,0,3.95364081247653e-06,22.742518000000004,-0.26963990000000004,1.6696399
5,200,10,125,8,8,8,15n,0,0,1.2591528967850372e-05,5.7258985,-0.6788380000000132,1.9288380000000132
5,200,2,125,8,8,8,15n,0,0,7.623956896694094e-06,4.9576055,-0.6699100000000158,1.9199100000000158
5,50,2,25,8,8,1,25n,1,-2,7.149020095291863e-07,10.156718999999995,2.466533756,-1.066533756
5,100,10,25,8,8,1,25n,1,-2,5.916060442756535e-06,23.647769999999994,2.2792972000000034,-0.8792972000000034
5,200,10,125,8,8,1,25n,1,-2,1.5353134146542036e-05,6.0515319999999955,1.9529959999999846,-0.7029959999999846
5,200,2,125,8,8,1,25n,1,-2,9.283670885982013e-06,2.8421029999999945,2.009393000000017,-0.7593930000000171
5,50,2,25,6,2,1,10n,0,0,6.320274676056701e-07,62.927410400000014,-2.686239260000001,4.086239260000001
5,100,10,25,6,2,1,10n,0,0,7.480628198356992e-06,18.499314999999996,-2.8541684999999988,4.254168499999999
5,200,10,125,6,2,1,10n,0,0,2.604224068065145e-05,8.001996000000005,-3.2967299999999966,4.546729999999997
5,200,2,125,6,2,1,10n,0,0,1.3832274944656026e-05,11.564379000000004,-3.8361249999999814,5.086124999999981
5,50,2,25,1,2,8,10n,1,-2,1.4496950672728292e-06,25.530267600000002,3.129243477,-1.7292434770000003
5,100,10,25,1,2,8,10n,1,-2,7.97541496161668e-06,22.931596999999996,3.0508063699999997,-1.6508063699999997
5,200,10,125,1,2,8,10n,1,-2,2.2635200791995226e-05,7.595243499999994,3.037154799999996,-1.7871547999999962
5,200,2,125,1,2,8,10n,1,-2,9.654441204081402e-06,29.085474500000004,2.36416673,-1.7760800000000074
5,50,2,25,2,8,4,15n,0,-2,1.235549393645839e-06,7.978566799999997,2.250317864,-0.850317864
5,100,10,25,2,8,4,15n,0,-2,6.13153698925915e-06,23.904087000000004,2.052618044,-0.652618044
5,200,10,125,2,8,4,15n,0,-2,1.773708387653347e-05,6.260361500000001,2.0410429999999735,-0.7910429999999735
5,200,2,125,2,8,4,15n,0,-2,9.819305308734185e-06,3.255192500000007,2.0287213999999985,-0.7787213999999985
5,50,2,25,4,8,8,25n,1,-2,9.831798918490215e-07,10.110918600000005,2.786312407,-1.3863124070000001
5,100,10,25,4,8,8,25n,1,-2,6.623996315070153e-06,23.609695000000002,2.812839600000005,-1.4128396000000052
5,200,10,125,4,8,8,25n,1,-2,1.678046996314337e-05,6.032944999999997,2.6142409999999927,-1.3642409999999927
5,200,2,125,4,8,8,25n,1,-2,9.587230215478127e-06,2.819005500000003,2.6423110000000065,-1.3923110000000065
5,50,2,25,8,2,8,25n,0,0,6.156240166557292e-07,6.132944399999999,0.1958290599999999,1.20417094
5,100,10,25,8,2,8,25n,0,0,4.5496636653953675e-06,18.691267999999994,-0.26855569999999895,1.6685556999999989
5,200,10,125,8,2,8,25n,0,0,1.3568917164083231e-05,8.397457000000003,-0.6714750000000151,1.9214750000000151
5,200,2,125,8,2,8,25n,0,0,7.713244070938111e-06,2.0839650000000063,-0.664008999999993,1.914008999999993
5,50,2,25,2,2,1,15n,1,0,9.265031956778021e-07,5.266485200000005,0.9361018000000008,0.46389819999999915
5,100,10,25,2,2,1,15n,1,0,5.2280250323495255e-06,24.055927999999994,0.8964528,0.5035471999999999
5,200,10,125,2,2,1,15n,1,0,1.566800125413103e-05,5.140723499999992,0.7237070000000188,0.5262929999999812
5,200,2,125,2,2,1,15n,1,0,7.904614611917186e-06,16.595673000000005,0.7162849999999992,0.5337150000000008
5,50,2,25,3,8,1,35n,0,-2,9.875758152159425e-07,12.397888800000006,0.4955221000000001,0.9044778999999998
5,100,10,25,3,8,1,35n,0,-2,7.367031416152941e-06,25.873890000000003,-0.13952879999999945,1.5395287999999994
5,200,10,125,3,8,1,35n,0,-2,1.765315903328999e-05,7.019536000000003,-0.9005040000000122,2.150504000000012
5,200,2,125,3,8,1,35n,0,-2,9.830882623558456e-06,3.3937640000000044,-0.46721990000000346,1.7172199000000035
5,50,2,25,6,8,4,35n,0,0,6.256102371415099e-07,6.7688155999999955,-0.40749346,1.8074934599999999
5,100,10,25,6,8,4,35n,0,0,4.652890439310091e-06,22.871061,-0.6249741000000015,2.0249741000000014
5,200,10,125,6,8,4,35n,0,0,1.2979967846216127e-05,6.149212500000004,-1.0336440000000096,2.2836440000000096
5,200,2,125,6,8,4,35n,0,0,7.896953274357008e-06,2.4675455,-1.0644530000000145,2.3144530000000145
5,50,2,25,8,2,8,5n,0,-2,5.270277963746289e-07,102.14862199999999,0.5447549899999999,-0.71131174
5,100,10,25,8,2,8,5n,0,-2,4.7516563344892225e-06,33.36369300000001,0.35170029999999985,-0.08712919999999968
5,200,10,125,8,2,8,5n,0,-2,1.4917045637810098e-05,30.53461250000001,-0.005225840000000037,0.09382999999999697
5,200,2,125,8,2,8,5n,0,-2,7.299235415727807e-06,18.273974999999993,-1.18597194,-0.21957199999999943
5,50,2,25,8,8,8,5n,1,0,4.5508565654140297e-07,71.88511940000001,0.7747669199999998,0.6252330800000001
5,100,10,25,8,8,8,5n,1,0,3.9440279875520315e-06,21.915724999999995,0.5302192999999931,0.8697807000000068
5,200,10,125,8,8,8,5n,1,0,0.00017341805873391544,159.654272,-1.6758965000000003,2.9258965000000003
5,200,2,125,8,8,8,5n,1,0,0.0001735200477117438,152.700799,-1.33811049,2.5716685800000008
5,50,2,25,8,8,4,10n,0,-2,7.509458275655095e-07,6.075102799999996,1.7696693908999999,-0.3696693909
5,100,10,25,8,8,4,10n,0,-2,4.93353719014453e-06,23.904094999999998,0.9683047000000058,0.4316952999999941
5,200,10,125,8,8,4,10n,0,-2,1.505754186153728e-05,6.260976499999998,0.3424760000000049,0.9075239999999951
5,200,2,125,8,8,4,10n,0,-2,9.003026134662419e-06,25.290717,0.5440650000000034,0.7059349999999966
5,50,2,25,3,8,1,10n,1,0,7.826318406594746e-07,8.90419,0.8885429999999999,0.511457
5,100,10,25,3,8,1,10n,1,0,4.577834950387783e-06,22.530601000000004,0.6905621999999965,0.7094378000000034
5,200,10,125,3,8,1,10n,1,0,1.4505362410001502e-05,5.349874,0.6627809999999954,0.5872190000000046
5,200,2,125,3,8,1,10n,1,0,7.832263499968892e-06,25.243991500000007,0.5834820000000036,0.6665179999999964
5,50,2,25,2,8,8,15n,0,0,9.209986460754434e-07,5.841717200000005,0.5485319999999994,0.8514680000000006
5,100,10,25,2,8,8,15n,0,0,5.072568109489746e-06,22.74266,0.5953036000000025,0.8046963999999974
5,200,10,125,2,8,8,15n,0,0,1.5332021272890552e-05,5.724469999999997,0.41343100000000277,0.8365689999999972
5,200,2,125,2,8,8,15n,0,0,8.076863492642964e-06,4.958558499999995,0.38334400000002233,0.8666559999999777
5,50,2,25,3,8,1,15n,1,-2,1.0826035441787531e-06,7.939853400000004,2.692579843,-1.292579843
5,100,10,25,3,8,1,15n,1,-2,5.815283367936888e-06,23.647671,2.7390514999999964,-1.3390514999999965
5,200,10,125,3,8,1,15n,1,-2,1.7348740085575933e-05,6.051113,2.5867350000000044,-1.3367350000000044
5,200,2,125,3,8,1,15n,1,-2,9.665567572345618e-06,3.2997655000000066,2.594305999999989,-1.344305999999989
5,50,2,25,8,8,4,35n,1,-2,7.254965480936181e-07,10.131634599999998,2.557955416,-1.157955416
5,100,10,25,8,8,4,35n,1,-2,6.9848804788722325e-06,23.629053999999996,2.4129108,-1.0129108000000002
5,200,10,125,8,8,4,35n,1,-2,1.572644889985335e-05,6.041465500000002,2.102732000000003,-0.8527320000000032
5,200,2,125,8,8,4,35n,1,-2,9.246722360013642e-06,2.8304260000000028,2.154920000000004,-0.9049200000000042
5,50,2,25,6,8,1,25n,1,-2,8.164534299241847e-07,10.156725800000004,2.5290224219999997,-1.129022422
5,100,10,25,6,8,1,25n,1,-2,6.130338300122842e-06,23.647750000000002,2.426384499999999,-1.026384499999999
5,200,10,125,6,8,1,25n,1,-2,1.5836270961998026e-05,6.051515499999994,2.1614760000000217,-0.9114760000000217
5,200,2,125,6,8,1,25n,1,-2,9.400682096609583e-06,2.842101999999997,2.206128999999976,-0.9561289999999758
5,50,2,25,3,8,8,25n,0,0,8.060613198366185e-07,6.022448999999995,0.45684300000000055,0.9431569999999994
5,100,10,25,3,8,8,25n,0,0,4.668397795665487e-06,22.742599,0.3655866999999957,1.0344133000000042
5,200,10,125,3,8,8,25n,0,0,1.4110146497711908e-05,5.7249585000000005,0.1508049999999912,1.0991950000000088
5,200,2,125,3,8,8,25n,0,0,7.949699512143921e-06,2.287841499999999,0.12910700000000475,1.1208929999999953
5,50,2,25,6,8,8,35n,0,0,6.382780620077067e-07,6.022667999999997,0.26563377000000044,1.1343662299999995
5,100,10,25,6,8,8,35n,0,0,4.7042327378403976e-06,22.742535000000004,-0.08220740000000015,1.4822074
5,200,10,125,6,8,8,35n,0,0,1.2837488527467505e-05,5.725672500000002,-0.41955600000000004,1.669556
5,200,2,125,6,8,8,35n,0,0,7.703445988416783e-06,2.287830999999997,-0.42029199999998923,1.6702919999999892
5,50,2,25,6,2,8,5n,0,-2,6.167397315608715e-07,102.14894399999999,0.5447520269999999,-0.784492982
5,100,10,25,6,2,8,5n,0,-2,4.955920758097631e-06,33.36400599999999,0.35168776999999984,-0.3286264999999986
5,200,10,125,6,2,8,5n,0,-2,1.52715057020608e-05,30.53515200000001,-0.005270649999999932,-0.22727999999997905
5,200,2,125,6,2,8,5n,0,-2,7.455166063860517e-06,18.273953500000005,-1.1859922200000002,-0.5271829999999795
5,50,2,25,8,8,1,10n,1,-2,7.052649574235669e-07,6.089611000000004,2.4632568719999997,-1.063256872
5,100,10,25,8,8,1,10n,1,-2,5.184570610313896e-06,23.647769999999994,2.417388199999999,-1.0173881999999992
5,200,10,125,8,8,1,10n,1,-2,1.552414809722004e-05,6.0515319999999955,2.0099830000000054,-0.7599830000000054
5,200,2,125,8,8,1,10n,1,-2,8.776322324790753e-06,25.149902999999995,2.0382740000000013,-0.7882740000000013
5,50,2,25,6,2,8,5n,1,0,6.327896529759798e-07,115.373816,0.5683035459999999,0.5836748699999994
5,100,10,25,6,2,8,5n,1,0,3.822575043387235e-06,58.862224,0.4856519469999999,0.7749126000000004
5,200,10,125,6,2,8,5n,1,0,1.25933158713287e-05,41.45736500000001,0.1775179899999999,0.8952199999999948
5,200,2,125,6,2,8,5n,1,0,3.28131548401353e-05,99.89333049999999,-1.93381048,0.8088449999999909
5,50,2,25,6,2,4,10n,1,0,5.74693958377249e-07,37.855240400000014,0.7813569,0.6186430999999999
5,100,10,25,6,2,4,10n,1,0,4.19582742557018e-06,24.031228999999993,0.5482480999999964,0.8517519000000036
5,200,10,125,6,2,4,10n,1,0,1.3244959520144067e-05,4.489260000000002,0.3323469999999986,0.9176530000000014
5,200,2,125,6,2,4,10n,1,0,7.246702511816267e-06,25.322570999999996,0.3554630000000145,0.8945369999999855
5,50,2,25,2,2,8,15n,0,-2,1.2609315002248106e-06,6.6121980000000065,2.545277472,-1.145277472
5,100,10,25,2,2,8,15n,0,-2,6.59827964042058e-06,18.996622000000002,2.500558116,-1.1005581160000002
5,200,10,125,2,2,8,15n,0,-2,1.8659614820887146e-05,8.303820000000002,2.4503939999999886,-1.2003939999999886
5,200,2,125,2,2,8,15n,0,-2,9.778749039699705e-06,12.474011500000003,2.3538061800000003,-1.2160799999999767
5,50,2,25,1,2,8,25n,1,-2,1.5295002285603618e-06,10.859132399999995,3.127873552,-1.7278735520000001
5,100,10,25,1,2,8,25n,1,-2,8.597671863121387e-06,22.931596999999996,3.0483601100000004,-1.6483601100000005
5,200,10,125,1,2,8,25n,1,-2,2.2477572233599625e-05,7.817826999999994,3.0298370000000148,-1.7798370000000148
5,200,2,125,1,2,8,25n,1,-2,1.048931664821104e-05,2.986841499999997,3.0335601000000025,-1.7835601000000025
5,50,2,25,8,2,4,15n,0,0,5.923015305228377e-07,5.358118599999998,-0.47758784000000043,1.8775878400000003
5,100,10,25,8,2,4,15n,0,0,4.48734068924677e-06,18.75349,-0.8778782000000036,2.2778782000000035
5,200,10,125,8,2,4,15n,0,0,1.3798461453599042e-05,8.864801999999997,-1.385988999999995,2.635988999999995
5,200,2,125,8,2,4,15n,0,0,7.456370783025851e-06,23.962401499999995,-1.4139649999999904,2.6639649999999904
5,50,2,25,2,8,8,25n,1,0,9.143481996192e-07,5.957583799999996,1.0679218999999995,0.3320781000000004
5,100,10,25,2,8,8,25n,1,0,5.187952826123989e-06,22.483519,0.9860768999999947,0.4139231000000052
5,200,10,125,2,8,8,25n,1,0,1.564869925708997e-05,5.253221499999995,0.8473729999999762,0.4026270000000238
5,200,2,125,2,8,8,25n,1,0,0.00017063938232381986,152.772448,-1.48544855,2.6731434999999983
5,50,2,25,8,2,1,35n,0,-2,6.549782038137924e-07,12.570013799999996,0.18921258999999901,1.210787410000001
5,100,10,25,8,2,1,35n,0,-2,6.552347088284187e-06,21.680059999999997,-0.3503649000000011,1.750364900000001
5,200,10,125,8,2,1,35n,0,-2,1.6281781048767422e-05,8.963156999999995,-1.7445220000000177,2.9945220000000177
5,200,2,125,8,2,1,35n,0,-2,9.439495016753407e-06,3.536541999999997,-1.3147044999999906,2.5647044999999906
5,50,2,25,8,8,1,5n,1,-2,4.794003869895863e-07,62.0707706,1.847273899999999,-0.447273899999999
5,100,10,25,8,8,1,5n,1,-2,5.177393868201451e-06,23.597297999999995,1.896386000000001,-0.4963860000000011
5,200,10,125,8,8,1,5n,1,-2,1.5265432869510822e-05,3.737677000000005,1.7009370000000104,-0.45093700000001036
5,200,2,125,8,8,1,5n,1,-2,6.230493157399239e-06,24.747438000000002,1.6922669999999869,-0.44226699999998687
5,50,2,25,4,2,4,35n,0,0,7.415402114143546e-07,6.650126,-0.29487070000000104,1.694870700000001
5,100,10,25,4,2,4,35n,0,0,5.255035100603166e-06,18.753270999999998,-0.26481530000000086,1.6648153000000008
5,200,10,125,4,2,4,35n,0,0,1.4598602663670577e-05,8.864671999999999,-0.5865489999999909,1.8365489999999909
5,200,2,125,4,2,4,35n,0,0,8.066546087824566e-06,2.2366064999999935,-0.5950359999999932,1.8450359999999932
5,50,2,25,8,2,1,5n,1,0,5.582159113079016e-07,115.374394,0.1245267999999995,1.2754732000000004
5,100,10,25,8,2,1,5n,1,0,4.055934651745609e-06,58.828405000000004,0.15211400000000586,1.247885999999994
5,200,10,125,8,2,1,5n,1,0,1.2951103367405445e-05,41.473783999999995,0.009247000000016214,1.2407529999999838
5,200,2,125,8,2,1,5n,1,0,6.28086468816678e-06,15.560098499999995,-0.009285000000005539,1.2592850000000055
5,50,2,25,3,2,1,10n,0,-2,8.374951162066711e-07,25.872321600000006,0.21557869999999957,1.1844213000000003
5,100,10,25,3,2,1,10n,0,-2,5.321725896456689e-06,20.184250000000006,-0.3198950999999881,1.719895099999988
5,200,10,125,3,2,1,10n,0,-2,1.685846215139381e-05,8.115300500000004,-0.8541900000000027,2.1041900000000027
5,200,2,125,3,2,1,10n,0,-2,7.95644591038287e-06,30.046746000000013,-0.5241766999999982,1.7741766999999982
5,50,2,25,1,2,4,10n,1,0,1.0389005500223604e-06,37.86259100000001,1.1303144999999986,0.26968550000000135
5,100,10,25,1,2,4,10n,1,0,6.464603517809666e-06,24.031019999999998,1.061155899999997,0.33884410000000287
5,200,10,125,1,2,4,10n,1,0,1.9399378833117096e-05,4.484534499999995,0.9170879999999784,0.33291200000002164
5,200,2,125,1,2,4,10n,1,0,8.138339980322279e-06,25.318863500000006,0.514517145,0.2794409999999914
5,50,2,25,1,8,4,15n,1,-2,1.4989736133682728e-06,7.935938399999998,3.087552077,-1.6875520769999999
5,100,10,25,1,8,4,15n,1,-2,7.722321281952048e-06,23.628664999999998,2.99736339,-1.59736339
5,200,10,125,1,8,4,15n,1,-2,2.2138561663935315e-05,6.039603,2.9901869999999917,-1.7401869999999917
5,200,2,125,1,8,4,15n,1,-2,1.0418359190586136e-05,3.305114000000003,2.9896157999999957,-1.7396157999999957
5,50,2,25,1,8,1,15n,0,0,1.273047866957563e-06,6.333468800000005,-1.1511552999999979,2.551155299999998
5,100,10,25,1,8,1,15n,0,0,8.274504483070606e-06,23.338127,-1.5257307000000027,2.9257307000000026
5,200,10,125,1,8,1,15n,0,0,2.605285973924355e-05,6.891716000000002,-1.6034999999999968,2.853499999999997
5,200,2,125,1,8,1,15n,0,0,1.2011884860265574e-05,4.834129000000004,-1.4518730000000062,2.701873000000006
6,50,2,25,1,2,8,10n,1,-2,1.3684254783783404e-06,14.424736400000002,3.051687334215,-1.651687334215
6,100,10,25,1,2,8,10n,1,-2,7.568991229383957e-06,21.112049999999996,3.025990587,-1.6259905870000002
6,200,10,125,1,2,8,10n,1,-2,2.1148622782034146e-05,7.7123789999999985,3.014747,-1.7647469999999998
6,200,2,125,1,2,8,10n,1,-2,9.498447065691312e-06,32.77743649999999,2.245175049,-1.7658389999999997
6,50,2,25,8,8,8,15n,0,0,5.388663396005541e-07,5.786101200000005,0.26353435999999997,1.13646564
6,100,10,25,8,8,8,15n,0,0,3.773819230568888e-06,23.334711999999996,-0.2980134999999948,1.6980134999999947
6,200,10,125,8,8,8,15n,0,0,1.2175099778527596e-05,5.732934499999999,-0.7570770000000095,2.0070770000000095
6,200,2,125,8,8,8,15n,0,0,7.345790470266465e-06,3.222474500000004,-0.7140269999999873,1.9640269999999873
6,50,2,25,6,2,1,10n,0,0,4.806130646260541e-07,40.3119586,-2.11870437,3.51870437
6,100,10,25,6,2,1,10n,0,0,4.850709479221694e-06,18.426481999999993,-2.1269312,3.5269312
6,200,10,125,6,2,1,10n,0,0,1.774475561411304e-05,8.088581000000005,-2.9674969999999803,4.21749699999998
6,200,2,125,6,2,1,10n,0,0,8.649531555016276e-06,28.8443465,-3.344161999999983,4.594161999999983
6,50,2,25,8,8,1,25n,1,-2,6.198162833781404e-07,10.337315599999997,2.340445387,-0.940445387
6,100,10,25,8,8,1,25n,1,-2,5.817809968579454e-06,24.038799999999995,2.2469176999999987,-0.8469176999999988
6,200,10,125,8,8,1,25n,1,-2,1.478948361211941e-05,6.222386,1.8950209999999998,-0.6450209999999998
6,200,2,125,8,8,1,25n,1,-2,8.991468922850554e-06,2.8225110000000058,1.9673659999999984,-0.7173659999999984
6,50,2,25,2,2,1,15n,1,0,8.392646195418662e-07,6.095341000000006,0.9573143999999991,0.4426856000000008
6,100,10,25,2,2,1,15n,1,0,5.022989186671009e-06,23.819739,1.0024582000000009,0.39754179999999906
6,200,10,125,2,2,1,15n,1,0,1.494650452422427e-05,6.405528000000004,0.6905619999999999,0.5594380000000001
6,200,2,125,2,2,1,15n,1,0,0.00019825760996673895,164.149092,-2.326043600000002,3.576043600000002
6,50,2,25,4,8,8,25n,1,-2,8.735843002329741e-07,10.348049399999994,2.699952456,-1.299952456
6,100,10,25,4,8,8,25n,1,-2,6.507674151985789e-06,23.99849,2.753264406,-1.353264406
6,200,10,125,4,8,8,25n,1,-2,1.6210483451340225e-05,6.2197194999999965,2.587943999999993,-1.3379439999999931
6,200,2,125,4,8,8,25n,1,-2,9.319358355869974e-06,2.803842000000003,2.6213659999999948,-1.3713659999999948
6,50,2,25,2,8,4,15n,0,-2,1.1375115742459042e-06,9.2557434,2.052283315,-0.652283315
6,100,10,25,2,8,4,15n,0,-2,6.0188967443770755e-06,24.225896000000006,1.9485769099999999,-0.54857691
6,200,10,125,2,8,4,15n,0,-2,1.703041594135879e-05,6.350058000000003,2.081099999999992,-0.8310999999999922
6,200,2,125,2,8,4,15n,0,-2,9.589745553154514e-06,2.087267499999996,2.102090999999973,-0.8520909999999731
6,50,2,25,8,2,8,25n,0,0,5.505796394241526e-07,5.943377400000003,0.26112181999999917,1.1388781800000007
6,100,10,25,8,2,8,25n,0,0,4.1544077174399865e-06,18.261933,-0.30126589999999576,1.7012658999999957
6,200,10,125,8,2,8,25n,0,0,1.2792515893613182e-05,7.984376999999995,-0.752225999999979,2.002225999999979
6,200,2,125,8,2,8,25n,0,0,7.394760094515957e-06,2.089296500000003,-0.7106739999999974,1.9606739999999974
6,50,2,25,3,8,1,35n,0,-2,9.408498521060531e-07,12.279732800000007,0.9961278000000013,0.40387219999999857
6,100,10,25,3,8,1,35n,0,-2,7.1246579705552525e-06,25.874894999999995,0.5885403300000001,0.8114596699999999
6,200,10,125,3,8,1,35n,0,-2,1.6035210300203926e-05,6.861755000000003,-0.11141369999999995,1.3614137
6,200,2,125,3,8,1,35n,0,-2,9.27246259257222e-06,3.258967999999996,0.543307097,0.706692903
6,50,2,25,6,8,4,35n,0,0,5.673279672634771e-07,6.578520400000002,-0.15647845999999932,1.5564784599999992
6,100,10,25,6,8,4,35n,0,0,4.514793928143896e-06,23.455940999999992,-0.7193315999999954,2.1193315999999953
6,200,10,125,6,8,4,35n,0,0,1.221245444121669e-05,6.120671000000002,-1.1661239999999964,2.4161239999999964
6,200,2,125,6,8,4,35n,0,0,7.444365358051522e-06,2.2401490000000024,-1.1636330000000044,2.4136330000000044
6,50,2,25,8,2,8,5n,0,-2,4.6997349973260627e-07,90.02957499999998,1.3361329389999999,-0.50110315
6,100,10,25,8,2,8,5n,0,-2,4.8413430062556024e-06,20.59251399999999,1.052902386,-0.07984359999999668
6,200,10,125,8,2,8,5n,0,-2,1.472169885596462e-05,15.538062999999992,0.842543262,0.30460899999999924
6,200,2,125,8,2,8,5n,0,-2,7.221589707847974e-06,25.2503035,-0.5326373099999999,-0.07830199999999365
6,50,2,25,8,8,8,5n,1,0,4.0070378805884265e-07,64.8295836,0.82639123,0.5736087699999999
6,100,10,25,8,8,8,5n,1,0,3.869124282074257e-06,23.025909,0.6249489999999951,0.7750510000000048
6,200,10,125,8,8,8,5n,1,0,0.00024587860260147175,179.12163399999997,-1.9381955999999931,3.188195599999993
6,200,2,125,8,8,8,5n,1,0,0.00021919274206968678,173.710825,-1.6487454000000028,2.898745400000003
6,50,2,25,8,8,4,10n,0,-2,6.841172313260279e-07,4.6622658,1.5247581529999998,-0.12475815299999998
6,100,10,25,8,8,4,10n,0,-2,4.771826519631195e-06,24.225883999999994,0.8364565000000019,0.563543499999998
6,200,10,125,8,8,4,10n,0,-2,1.4663955002266732e-05,6.351422499999999,0.1839220000000097,1.0660779999999903
6,200,2,125,8,8,4,10n,0,-2,8.710413555621227e-06,25.975971,0.3064559999999972,0.9435440000000028
6,50,2,25,3,8,1,15n,1,-2,9.715199304041658e-07,9.217932599999997,2.5680096829999997,-1.168009683
6,100,10,25,3,8,1,15n,1,-2,5.68607372191445e-06,24.038714,2.631829146,-1.231829146
6,200,10,125,3,8,1,15n,1,-2,1.6706072846263715e-05,6.221319500000006,2.5428229999999985,-1.2928229999999985
6,200,2,125,3,8,1,15n,1,-2,9.420177407577115e-06,2.1175905000000057,2.570756000000017,-1.3207560000000171
6,50,2,25,3,8,1,10n,1,0,7.083367882945624e-07,5.741829999999993,0.8809476000000003,0.5190523999999996
6,100,10,25,3,8,1,10n,1,0,4.264504027262285e-06,23.208414,0.5715123000000033,0.8284876999999966
6,200,10,125,3,8,1,10n,1,0,1.3698645742835338e-05,5.461008500000005,0.523210000000006,0.726789999999994
6,200,2,125,3,8,1,10n,1,0,0.00020367281743108594,173.6930135,-2.4101374999999994,3.6601374999999994
6,50,2,25,2,8,8,15n,0,0,8.380694816129978e-07,5.785579200000001,0.6719619000000008,0.7280380999999991
6,100,10,25,2,8,8,15n,0,0,4.796583913952253e-06,23.334756999999996,0.5859922999999951,0.8140077000000048
6,200,10,125,2,8,8,15n,0,0,1.4560111811588738e-05,5.729940499999998,0.3794589999999971,0.8705410000000029
6,200,2,125,2,8,8,15n,0,0,7.826849445109737e-06,3.225511499999996,0.3729600000000062,0.8770399999999938
6,50,2,25,3,8,8,25n,0,0,7.239958850054488e-07,5.949030800000003,0.5517390999999985,0.8482609000000014
6,100,10,25,3,8,8,25n,0,0,4.503863004655645e-06,23.334739,0.3411169000000043,1.0588830999999956
6,200,10,125,3,8,8,25n,0,0,1.3534450285395765e-05,5.731046000000005,0.09996699999999237,1.1500330000000076
6,200,2,125,3,8,8,25n,0,0,7.672524219260605e-06,2.077806499999994,0.10162500000001273,1.1483749999999873
6,50,2,25,6,8,1,25n,1,-2,7.111739978069188e-07,10.337337000000005,2.404315702,-1.004315702
6,100,10,25,6,8,1,25n,1,-2,6.041250025715814e-06,24.038781999999998,2.3925922999999982,-0.9925922999999983
6,200,10,125,6,8,1,25n,1,-2,1.530156547877703e-05,6.222296,2.108062000000018,-0.8580620000000181
6,200,2,125,6,8,1,25n,1,-2,9.134717253713536e-06,2.8225110000000058,2.167014999999992,-0.9170149999999921
6,50,2,25,8,8,4,35n,1,-2,6.402104336131087e-07,10.3407682,2.450704814,-1.050704814
6,100,10,25,8,8,4,35n,1,-2,6.892241178478671e-06,24.019025000000003,2.389255,-0.989255
6,200,10,125,8,8,4,35n,1,-2,1.5510664554893678e-05,6.220499000000005,2.0560250000000053,-0.8060250000000053
6,200,2,125,8,8,4,35n,1,-2,8.95894532024632e-06,2.813092999999995,2.123207999999991,-0.8732079999999911
6,50,2,25,6,8,8,35n,0,0,5.726457034596718e-07,5.9490162000000035,0.32256341000000033,1.0774365899999996
6,100,10,25,6,8,8,35n,0,0,4.5818672662863376e-06,23.334716999999998,-0.12381010000000581,1.5238101000000057
6,200,10,125,6,8,8,35n,0,0,1.239498628806083e-05,5.732534999999998,-0.49116699999999014,1.7411669999999901
6,200,2,125,6,8,8,35n,0,0,7.4096665941376455e-06,2.0777549999999962,-0.46200699999999983,1.7120069999999998
6,50,2,25,6,2,8,5n,0,-2,5.495411944847242e-07,90.0299312,1.3361294547,-0.5707816433
6,100,10,25,6,2,8,5n,0,-2,5.061505757564213e-06,20.592620999999994,1.052902306,-0.32438789999999784
6,200,10,125,6,2,8,5n,0,-2,1.5175638280661722e-05,15.538449,0.842528179,-0.039081000000010135
6,200,2,125,6,2,8,5n,0,-2,7.384094287199929e-06,25.250254499999997,-0.5326442,-0.3966620000000063
6,50,2,25,6,2,8,5n,1,0,5.827366716756724e-07,111.44876000000001,0.8577211699999999,0.5359294600000002
6,100,10,25,6,2,8,5n,1,0,3.7260380605859333e-06,47.733631,0.7157482000000015,0.6842517999999984
6,200,10,125,6,2,8,5n,1,0,0.00023291648788316063,169.346478,-2.16581113,2.9729704999999953
6,200,2,125,6,2,8,5n,1,0,0.00020041766164057828,164.12057950000002,-2.12057001,2.81063932
6,50,2,25,8,8,1,10n,1,-2,6.152519250916937e-07,4.6475619999999935,2.338921943,-0.938921943
6,100,10,25,8,8,1,10n,1,-2,4.819182010573667e-06,24.038799999999995,2.250917899999999,-0.8509178999999989
6,200,10,125,8,8,1,10n,1,-2,1.5136265064872822e-05,6.222386,1.9670409999999947,-0.7170409999999947
6,200,2,125,8,8,1,10n,1,-2,8.558448244688502e-06,25.889421999999996,1.976896999999994,-0.7268969999999939
6,50,2,25,6,2,4,10n,1,0,5.232514699341772e-07,32.5685474,0.8142705899999991,0.5857294100000008
6,100,10,25,6,2,4,10n,1,0,4.095596223714139e-06,23.795201000000006,0.5840581000000014,0.8159418999999986
6,200,10,125,6,2,4,10n,1,0,0.00022565480693938382,169.367799,-2.16711588,3.277095299999999
6,200,2,125,6,2,4,10n,1,0,0.0002072953141249161,164.107396,-2.22823208,3.2658676
6,50,2,25,2,2,8,15n,0,-2,1.1592164777573468e-06,6.888833199999993,2.3301045389999997,-0.930104539
6,100,10,25,2,2,8,15n,0,-2,6.275786843901276e-06,21.387566000000007,2.375269881,-0.9752698809999999
6,200,10,125,2,2,8,15n,0,-2,1.7962526580623383e-05,7.541229999999998,2.4088529999999935,-1.1588529999999935
6,200,2,125,2,2,8,15n,0,-2,9.58986999218089e-06,7.602135500000003,2.4334550000000092,-1.1834550000000092
6,50,2,25,8,2,4,15n,0,0,5.526659937572169e-07,4.0278894000000065,-0.2203920699999995,1.6203920699999994
6,100,10,25,8,2,4,15n,0,0,4.088103817766033e-06,18.314006000000006,-0.9704084000000024,2.3704084000000023
6,200,10,125,8,2,4,15n,0,0,1.2682114100032538e-05,8.225682000000006,-1.5354389999999825,2.7854389999999825
6,200,2,125,8,2,4,15n,0,0,7.1666433653209905e-06,18.373875499999997,-1.5228349999999864,2.7728349999999864
6,50,2,25,1,2,8,25n,1,-2,1.4209250120995428e-06,10.521704799999995,3.0504611273,-1.6504611273
6,100,10,25,1,2,8,25n,1,-2,8.249096888666486e-06,21.112049999999996,3.029952824,-1.629952824
6,200,10,125,1,2,8,25n,1,-2,2.102392322046111e-05,7.7123789999999985,3.0189880000000073,-1.7689880000000073
6,200,2,125,1,2,8,25n,1,-2,1.0125710651995823e-05,2.9448115,3.0276149999999973,-1.7776149999999973
6,50,2,25,8,2,1,35n,0,-2,6.286023039935923e-07,11.653307600000005,0.6818084599999996,0.7181915400000003
6,100,10,25,8,2,1,35n,0,-2,6.325588035109568e-06,23.517390000000006,-0.05012999999999801,1.450129999999998
6,200,10,125,8,2,1,35n,0,-2,1.4583421927892245e-05,8.017539499999998,-1.774509000000002,3.024509000000002
6,200,2,125,8,2,1,35n,0,-2,8.88978573248442e-06,3.527646500000003,-1.153621599999994,2.403621599999994
6,50,2,25,2,8,8,25n,1,0,8.273817057140491e-07,5.665024399999993,1.0724427718,0.3275572282
6,100,10,25,2,8,8,25n,1,0,5.0469243012589344e-06,23.162608000000006,1.0668194000000084,0.3331805999999915
6,200,10,125,2,8,8,25n,1,0,0.00021036421079671385,179.1439165,-1.63690354,2.5720090000000084
6,200,2,125,2,8,8,25n,1,0,0.00020201978544482786,173.69958000000003,-1.679680900000001,2.929680900000001
6,50,2,25,4,2,4,35n,0,0,6.674101994140646e-07,6.217877999999998,-0.036085800000000834,1.4360858000000007
6,100,10,25,4,2,4,35n,0,0,4.902634927706519e-06,18.313727,-0.3442332000000037,1.7442332000000036
6,200,10,125,4,2,4,35n,0,0,1.3419693560906661e-05,8.225374000000002,-0.6570580000000064,1.9070580000000064
6,200,2,125,4,2,4,35n,0,0,7.619076011438081e-06,2.2548550000000063,-0.6665299999999945,1.9165299999999945
6,50,2,25,8,8,1,5n,1,-2,4.3218390385756233e-07,57.31491399999999,2.2989712999999994,-0.8989712999999995
6,100,10,25,8,8,1,5n,1,-2,5.0261928421259745e-06,24.038799999999995,2.3347099999999954,-0.9347099999999955
6,200,10,125,8,8,1,5n,1,-2,1.496140311168362e-05,4.136418000000006,2.1114969999999857,-0.8614969999999857
6,200,2,125,8,8,1,5n,1,-2,6.190257175978502e-06,30.517930000000007,2.1299199999999985,-0.8799199999999985
6,50,2,25,8,2,1,5n,1,0,5.327217969736228e-07,111.449388,0.3926940000000001,1.0073059999999998
6,100,10,25,8,2,1,5n,1,0,3.941348342598614e-06,47.622581,0.4302659999999974,0.9697340000000025
6,200,10,125,8,2,1,5n,1,0,0.00022596593178085626,169.32783349999997,-2.5910116999999957,3.8410116999999957
6,200,2,125,8,2,1,5n,1,0,0.00019383520531954297,164.16166399999997,-2.223686260000001,3.473686260000001
6,50,2,25,3,2,1,10n,0,-2,8.566412583414107e-07,14.377532799999997,0.9625376000000005,0.43746239999999936
6,100,10,25,3,2,1,10n,0,-2,5.055057255729389e-06,23.517501999999993,0.5720188000000035,0.8279811999999964
6,200,10,125,3,2,1,10n,0,-2,1.551721985791605e-05,7.990713499999998,-0.04305370000000153,1.2930537000000015
6,200,2,125,3,2,1,10n,0,-2,8.062688654210612e-06,33.549409999999995,0.585786646,0.664213354
6,50,2,25,1,8,4,15n,1,-2,1.3993277611619592e-06,9.213569800000002,2.9982402549,-1.5982402548999999
6,100,10,25,1,8,4,15n,1,-2,7.3491159207766265e-06,24.018703000000002,2.978082595,-1.578082595
6,200,10,125,1,8,4,15n,1,-2,2.062358121583685e-05,6.216032999999995,2.9818950000000086,-1.7318950000000086
6,200,2,125,1,8,4,15n,1,-2,1.0081828763704731e-05,2.1248305000000016,2.989368999999982,-1.7393689999999822
6,50,2,25,1,2,4,10n,1,0,9.87581526149699e-07,32.57618740000001,1.1652458118,0.2347541882
6,100,10,25,1,2,4,10n,1,0,6.011645901613117e-06,23.804343000000003,1.1088269999999993,0.29117300000000057
6,200,10,125,1,2,4,10n,1,0,1.7939763432378033e-05,5.999990499999996,0.9696090000000197,0.2803909999999803
6,200,2,125,1,2,4,10n,1,0,0.00020473328070928963,164.16121950000002,-2.23793999,3.264635
6,50,2,25,1,8,1,15n,0,0,1.044742754147504e-06,7.605635000000007,-0.8174437999999982,2.217443799999998
6,100,10,25,1,8,1,15n,0,0,6.334980918275253e-06,23.645071,-1.2394273000000084,2.6394273000000084
6,200,10,125,1,8,1,15n,0,0,2.0526539276232688e-05,6.9278560000000065,-1.3701889999999821,2.620188999999982
6,200,2,125,1,8,1,15n,0,0,9.876811870463817e-06,3.161771999999999,-1.1375600000000077,2.3875600000000077
7,50,2,25,8,8,1,25n,1,-2,7.610847982538934e-07,10.044154800000001,2.5851336949999997,-1.185133695
7,100,10,25,8,8,1,25n,1,-2,5.9588479189482695e-06,23.465269000000006,2.2973624999999998,-0.8973624999999998
7,200,10,125,8,8,1,25n,1,-2,1.5576645370752466e-05,5.965357499999995,1.9738940000000014,-0.7238940000000014
7,200,2,125,8,8,1,25n,1,-2,9.429589810282278e-06,2.8898319999999984,2.0265039999999885,-0.7765039999999885
7,50,2,25,6,2,1,10n,0,0,8.961362834921375e-07,64.337805,-2.8664343299999993,4.266434329999999
7,100,10,25,6,2,1,10n,0,0,9.641463256651062e-06,18.079511999999994,-3.0497424000000053,4.449742400000005
7,200,10,125,6,2,1,10n,0,0,3.215164930742202e-05,8.854736500000001,-3.534626000000003,4.784626000000003
7,200,2,125,6,2,1,10n,0,0,1.8446985864340053e-05,11.832602499999993,-3.9113399999999956,5.161339999999996
7,50,2,25,8,8,8,15n,0,0,6.2074388669614e-07,5.965749599999994,0.12797598,1.27202402
7,100,10,25,8,8,8,15n,0,0,4.041688883164911e-06,22.263633999999996,-0.24646250000000558,1.6464625000000055
7,200,10,125,8,8,8,15n,0,0,1.2795797444132233e-05,5.586719000000003,-0.6484690000000057,1.8984690000000057
7,200,2,125,8,8,8,15n,0,0,7.784249886163001e-06,5.999803999999997,-0.6573779999999942,1.9073779999999942
7,50,2,25,1,2,8,10n,1,-2,1.4766620609539715e-06,30.266119199999995,3.1736925329999996,-1.7736925329999997
7,100,10,25,1,2,8,10n,1,-2,8.157098743015507e-06,24.171252999999993,3.0765468300000003,-1.6765468300000004
7,200,10,125,1,2,8,10n,1,-2,2.3332260331885358e-05,6.593441499999996,3.0266770000000065,-1.7766770000000065
7,200,2,125,1,2,8,10n,1,-2,9.735750257295722e-06,26.755767500000005,2.45917382,-1.7681430000000091
7,50,2,25,2,8,4,15n,0,-2,1.2745816695028893e-06,7.235674599999995,2.0825912999999985,-0.6825912999999986
7,100,10,25,2,8,4,15n,0,-2,6.22582776143989e-06,23.979254999999995,1.9732581999999979,-0.5732581999999979
7,200,10,125,2,8,4,15n,0,-2,1.8051780375277867e-05,6.204915999999997,1.7632869999999912,-0.5132869999999912
7,200,2,125,2,8,4,15n,0,-2,9.92805365502331e-06,3.9909025000000042,1.8506427000000016,-0.6006427000000016
7,50,2,25,2,2,1,15n,1,0,9.626617781484499e-07,4.767690599999995,0.9037132999999975,0.4962867000000024
7,100,10,25,2,2,1,15n,1,0,5.302190475785317e-06,23.927926999999997,0.8472799000000122,0.5527200999999877
7,200,10,125,2,2,1,15n,1,0,1.603316477902737e-05,4.839088500000003,0.7438630000000046,0.5061369999999954
7,200,2,125,2,2,1,15n,1,0,8.015560678559247e-06,17.080018499999994,0.7088369999999884,0.5411630000000116
7,50,2,25,4,8,8,25n,1,-2,1.0291334389434907e-06,9.972266399999995,2.868744987,-1.468744987
7,100,10,25,4,8,8,25n,1,-2,6.669437780462986e-06,23.427965,2.8198120999999943,-1.4198120999999944
7,200,10,125,4,8,8,25n,1,-2,1.7006528418673722e-05,5.941689499999995,2.6202849999999955,-1.3702849999999955
7,200,2,125,4,8,8,25n,1,-2,9.723095528251745e-06,2.8623939999999948,2.6463740000000087,-1.3963740000000087
7,50,2,25,8,2,8,25n,0,0,6.481738637479162e-07,6.092198199999998,0.12852297000000013,1.2714770299999998
7,100,10,25,8,2,8,25n,0,0,4.747176704697444e-06,18.794487000000004,-0.24359199999999825,1.6435919999999982
7,200,10,125,8,2,8,25n,0,0,1.3995787748854056e-05,8.422725,-0.639538999999985,1.889538999999985
7,200,2,125,8,2,8,25n,0,0,7.901822403982867e-06,1.586563499999997,-0.6486700000000098,1.8986700000000098
7,50,2,25,3,8,1,35n,0,-2,1.015546480587272e-06,12.341479800000002,0.10098079999999987,1.2990192
7,100,10,25,3,8,1,35n,0,-2,7.74176472362869e-06,25.871149000000006,-0.6964314999999943,2.0964314999999942
7,200,10,125,3,8,1,35n,0,-2,1.9331812060567904e-05,7.0951490000000055,-1.2670019999999909,2.517001999999991
7,200,2,125,3,8,1,35n,0,-2,1.0451157664275324e-05,3.5100405000000023,-0.9297334999999975,2.1797334999999975
7,50,2,25,6,8,4,35n,0,0,6.570587640259365e-07,6.810862599999994,-0.5926107599999999,1.9926107599999998
7,100,10,25,6,8,4,35n,0,0,4.792736259482436e-06,22.394121,-0.5851170000000026,1.9851170000000025
7,200,10,125,6,8,4,35n,0,0,1.3665230471399773e-05,6.028018500000002,-1.0224170000000186,2.2724170000000186
7,200,2,125,6,8,4,35n,0,0,8.23605252951482e-06,2.5472005000000024,-1.0400119999999902,2.29001199999999
7,50,2,25,8,2,8,5n,0,-2,5.527560321348605e-07,108.02177999999999,0.11973222999999988,-0.8824456940000001
7,100,10,25,8,2,8,5n,0,-2,4.7478082228513885e-06,49.577219000000014,-0.3208678300000001,-0.12239679999999709
7,200,10,125,8,2,8,5n,0,-2,1.4987248433120652e-05,35.56826050000001,-0.7471791400000001,-0.031677000000001954
7,200,2,125,8,2,8,5n,0,-2,7.564951829931016e-06,14.127328000000007,-1.58955943,-0.2833080000000052
7,50,2,25,8,8,8,5n,1,0,4.832755259854669e-07,75.19706439999999,0.7610173299999992,0.6389826700000008
7,100,10,25,8,8,8,5n,1,0,3.98947106891198e-06,21.240880999999998,0.49813799999999864,0.9018620000000013
7,200,10,125,8,8,8,5n,1,0,1.2487924226633916e-05,5.632014499999997,0.24936099999999328,1.0006390000000067
7,200,2,125,8,8,8,5n,1,0,6.906085026193824e-06,13.6601395,0.347959000000003,0.902040999999997
7,50,2,25,8,8,4,10n,0,-2,7.779226997056561e-07,7.168443999999994,1.8665057499999995,-0.4665057499999996
7,100,10,25,8,8,4,10n,0,-2,4.9889861040133395e-06,23.97922199999999,1.0224491000000042,0.3775508999999957
7,200,10,125,8,8,4,10n,0,-2,1.520956892545989e-05,6.205105000000003,0.3983790000000056,0.8516209999999944
7,200,2,125,8,8,4,10n,0,-2,9.117108959160917e-06,24.6256355,0.6468809999999934,0.6031190000000066
7,50,2,25,3,8,1,10n,1,0,8.115118828665813e-07,11.089708200000004,0.8684150999999978,0.5315849000000021
7,100,10,25,3,8,1,10n,1,0,4.743619743149695e-06,22.021608999999998,0.7580242000000026,0.6419757999999973
7,200,10,125,3,8,1,10n,1,0,1.4827398120941024e-05,5.218483500000004,0.6913270000000011,0.5586729999999989
7,200,2,125,3,8,1,10n,1,0,7.783648104094773e-06,24.0099525,0.579734000000002,0.670265999999998
7,50,2,25,3,8,1,15n,1,-2,1.1263642087783e-06,7.195427600000003,2.7969986369999997,-1.3969986369999998
7,100,10,25,3,8,1,15n,1,-2,5.95282304594368e-06,23.465254,2.7617962000000005,-1.3617962000000006
7,200,10,125,3,8,1,15n,1,-2,1.758131462577313e-05,5.965248500000001,2.5838559999999973,-1.3338559999999973
7,200,2,125,3,8,1,15n,1,-2,9.785707151053431e-06,4.038535499999995,2.5982239999999877,-1.3482239999999877
7,50,2,25,2,8,8,15n,0,0,9.561301220724915e-07,5.965714000000005,0.4429764999999981,0.9570235000000018
7,100,10,25,2,8,8,15n,0,0,5.201828135594493e-06,22.26375899999999,0.5303376000000042,0.8696623999999957
7,200,10,125,2,8,8,15n,0,0,1.569326192479662e-05,5.587447499999996,0.3088329999999928,0.9411670000000072
7,200,2,125,2,8,8,15n,0,0,8.21538895678925e-06,5.9994899999999936,0.35042799999999374,0.8995720000000063
7,50,2,25,6,8,1,25n,1,-2,8.623854682812897e-07,10.044152800000006,2.640919374,-1.240919374
7,100,10,25,6,8,1,25n,1,-2,6.171115514161411e-06,23.465266,2.4426134000000004,-1.0426134000000005
7,200,10,125,6,8,1,25n,1,-2,1.6046704515797882e-05,5.965379999999995,2.177158999999989,-0.927158999999989
7,200,2,125,6,8,1,25n,1,-2,9.532071306843779e-06,2.889829000000006,2.2181129999999882,-0.9681129999999882
7,50,2,25,3,8,8,25n,0,0,8.41442251028636e-07,5.972375799999996,0.35655299999999945,1.0434470000000005
7,100,10,25,3,8,8,25n,0,0,4.75553862201965e-06,22.263701999999995,0.37364290000000144,1.0263570999999985
7,200,10,125,3,8,8,25n,0,0,1.4384221046167752e-05,5.587738000000002,0.1587120000000084,1.0912879999999916
7,200,2,125,3,8,8,25n,0,0,8.106535861670922e-06,2.3719269999999995,0.12100399999999922,1.1289960000000008
7,50,2,25,8,8,4,35n,1,-2,7.711349280492094e-07,10.0059464,2.6650125989999998,-1.265012599
7,100,10,25,8,8,4,35n,1,-2,7.021726794522671e-06,23.446895999999995,2.4277506999999985,-1.0277506999999986
7,200,10,125,8,8,4,35n,1,-2,1.5819029957907976e-05,5.952868499999994,2.120485000000002,-0.8704850000000022
7,200,2,125,8,8,4,35n,1,-2,9.378920071092723e-06,2.8760910000000024,2.1693449999999928,-0.9193449999999928
7,50,2,25,6,8,8,35n,0,0,6.694495682943462e-07,5.972456199999997,0.19156240000000002,1.2084376
7,100,10,25,6,8,8,35n,0,0,4.773276476631913e-06,22.263647000000006,-0.059653599999995865,1.4596535999999958
7,200,10,125,6,8,8,35n,0,0,1.305554582527419e-05,5.5865935000000055,-0.39561700000001565,1.6456170000000157
7,200,2,125,6,8,8,35n,0,0,7.871604583918658e-06,2.3718985000000004,-0.4093520000000126,1.6593520000000126
7,50,2,25,6,2,8,5n,0,-2,6.433044420055617e-07,108.02205,0.11972859999999996,-0.949422712
7,100,10,25,6,2,8,5n,0,-2,4.932033103298624e-06,49.577642999999995,-0.32088151,-0.3516454999999965
7,200,10,125,6,2,8,5n,0,-2,1.529296308191051e-05,35.5686355,-0.74722848,-0.33429899999998725
7,200,2,125,6,2,8,5n,0,-2,7.714207764145236e-06,14.127351000000003,-1.5895872500000001,-0.5808350000000075
7,50,2,25,6,2,8,5n,1,0,6.617468724465102e-07,115.4367,0.46294858699999986,0.5972983999999997
7,100,10,25,6,2,8,5n,1,0,3.875764574554924e-06,63.13772700000001,0.3436065199999998,0.8089323999999962
7,200,10,125,6,2,8,5n,1,0,1.2436854973764538e-05,38.62065100000001,0.29933190099999996,0.8881920000000036
7,200,2,125,6,2,8,5n,1,0,6.7546977585732495e-06,16.214277499999994,0.306099503,0.7977970000000028
7,50,2,25,8,8,1,10n,1,-2,7.468098089383284e-07,7.201991599999999,2.581986617,-1.1819866170000002
7,100,10,25,8,8,1,10n,1,-2,5.2932740789645266e-06,23.465269000000006,2.4743531999999973,-1.0743531999999973
7,200,10,125,8,8,1,10n,1,-2,1.558920511331154e-05,5.965357499999995,1.9881839999999897,-0.7381839999999897
7,200,2,125,8,8,1,10n,1,-2,8.870022478116595e-06,24.455146,2.0659829999999886,-0.8159829999999886
7,50,2,25,6,2,4,10n,1,0,5.967827422945888e-07,40.1901986,0.775254700000001,0.624745299999999
7,100,10,25,6,2,4,10n,1,0,4.255226554801633e-06,23.903171999999998,0.5344926000000014,0.8655073999999985
7,200,10,125,6,2,4,10n,1,0,1.3503314453353833e-05,4.088369499999999,0.37473100000002546,0.8752689999999745
7,200,2,125,6,2,4,10n,1,0,7.2294914926639926e-06,22.5306815,0.36772700000000214,0.8822729999999979
7,50,2,25,2,2,8,15n,0,-2,1.3029146420314461e-06,5.852760000000003,2.6767602331,-1.2767602331
7,100,10,25,2,2,8,15n,0,-2,6.73085960276135e-06,18.141575000000003,2.5592134570000002,-1.1592134570000001
7,200,10,125,2,2,8,15n,0,-2,1.8988404510323287e-05,8.7216265,2.453279000000009,-1.203279000000009
7,200,2,125,2,2,8,15n,0,-2,9.865684663993844e-06,14.689195499999997,2.1679721560000003,-1.2178969999999936
7,50,2,25,2,8,8,25n,1,0,9.527698440193831e-07,5.966100999999994,1.0499548999999972,0.35004510000000266
7,100,10,25,2,8,8,25n,1,0,5.297261348328984e-06,21.974574000000004,1.0053076000000032,0.3946923999999967
7,200,10,125,2,8,8,25n,1,0,1.6014259226375777e-05,5.110108999999994,0.8474059999999781,0.4025940000000219
7,200,2,125,2,8,8,25n,1,0,8.256454712003285e-06,2.137507999999997,0.8358670000000075,0.41413299999999253
7,50,2,25,8,2,4,15n,0,0,6.090520233054379e-07,11.527122000000006,-0.6629497400000006,2.0629497400000005
7,100,10,25,8,2,4,15n,0,0,4.7413840725066365e-06,18.867875999999995,-0.8314733999999988,2.2314733999999987
7,200,10,125,8,2,4,15n,0,0,1.4706839206616436e-05,8.9772095,-1.3293950000000052,2.579395000000005
7,200,2,125,8,2,4,15n,0,0,7.754347973918906e-06,23.367757499999996,-1.3801380000000165,2.6301380000000165
7,50,2,25,1,2,8,25n,1,-2,1.5709997263994683e-06,10.912602399999995,3.172981942,-1.772981942
7,100,10,25,1,2,8,25n,1,-2,8.748552161359158e-06,24.171252999999993,3.07326802,-1.67326802
7,200,10,125,1,2,8,25n,1,-2,2.3149703216715817e-05,7.031289999999999,3.0279449999999883,-1.7779449999999883
7,200,2,125,1,2,8,25n,1,-2,1.0665044594501518e-05,2.777769500000005,3.0193339999999864,-1.7693339999999864
7,50,2,25,8,2,1,35n,0,-2,6.837278932889175e-07,12.858089199999995,-0.1935777299999999,1.5935777299999998
7,100,10,25,8,2,1,35n,0,-2,6.858233655081265e-06,20.667066000000005,-1.0569045000000004,2.4569045000000003
7,200,10,125,8,2,1,35n,0,-2,1.80609235944765e-05,9.470912499999997,-2.015361000000013,3.265361000000013
7,200,2,125,8,2,1,35n,0,-2,1.004634689257495e-05,3.5999120000000033,-1.7459044999999946,2.9959044999999946
7,50,2,25,4,2,4,35n,0,0,7.794250582597025e-07,6.842089599999995,-0.48212180000000027,1.8821218000000002
7,100,10,25,4,2,4,35n,0,0,5.481050751979556e-06,18.867762999999997,-0.48244990000001176,1.8824499000000117
7,200,10,125,4,2,4,35n,0,0,1.5482041233752685e-05,8.97703,-0.8242689999999868,2.074268999999987
7,200,2,125,4,2,4,35n,0,0,8.414922858552917e-06,2.293956499999993,-0.5986839999999916,1.8486839999999916
7,50,2,25,8,2,1,5n,1,0,5.742488242334393e-07,115.44327600000001,0.029087699999999383,1.3709123000000005
7,200,10,125,8,2,1,5n,1,0,1.2634055202800016e-05,38.63455350000001,-0.08543000000000234,1.3354300000000023
7,200,2,125,8,2,1,5n,1,0,6.334823175141258e-06,16.2134595,-0.10066399999999476,1.3506639999999948
7,50,2,25,8,8,1,5n,1,-2,5.005044541570056e-07,64.7259458,1.6777026999999989,-0.27770269999999897
7,100,10,25,8,8,1,5n,1,-2,5.222370727899693e-06,23.294105,1.7270559999999988,-0.3270559999999989
7,200,10,125,8,8,1,5n,1,-2,1.5318597741806408e-05,3.5603645000000057,1.5465039999999988,-0.29650399999999877
7,200,2,125,8,8,1,5n,1,-2,6.309303093837732e-06,22.091950499999992,1.5356629999999996,-0.28566299999999956
7,50,2,25,3,2,1,10n,0,-2,8.281280219177193e-07,31.878627800000004,-0.28595999999999977,1.6859599999999997
7,100,10,25,3,2,1,10n,0,-2,5.725198649456476e-06,18.188384,-0.9142163999999924,2.3142163999999923
7,200,10,125,3,2,1,10n,0,-2,1.8396038376970792e-05,8.379912500000003,-1.2389260000000206,2.4889260000000206
7,200,2,125,3,2,1,10n,0,-2,8.35945733042102e-06,27.6960995,-1.0411169999999998,2.291117
7,50,2,25,1,2,4,10n,1,0,1.0557560993671403e-06,40.1967186,1.0842641999999976,0.31573580000000234
7,100,10,25,1,2,4,10n,1,0,6.688196009608063e-06,23.902989000000005,0.9943517999999982,0.4056482000000017
7,200,10,125,1,2,4,10n,1,0,2.0081807317717448e-05,4.085338500000006,0.8829599999999971,0.3670400000000029
7,200,2,125,1,2,4,10n,1,0,8.163312495263376e-06,22.528247500000006,0.623162157,0.29659300000000144
7,50,2,25,1,8,4,15n,1,-2,1.5374310045869372e-06,7.191391800000006,3.1384514439999998,-1.7384514439999998
7,100,10,25,1,8,4,15n,1,-2,7.941440434679818e-06,23.446826,3.0240518799999996,-1.6240518799999997
7,200,10,125,1,8,4,15n,1,-2,2.2839053610721256e-05,5.9516770000000045,2.9872819999999933,-1.7372819999999933
7,200,2,125,1,8,4,15n,1,-2,1.0579135340415244e-05,4.042721999999998,2.978494999999981,-1.728494999999981
7,50,2,25,1,8,1,15n,0,0,1.4521774163207463e-06,6.216217999999998,-1.325326199999998,2.725326199999998
7,100,10,25,1,8,1,15n,0,0,9.658311420430121e-06,23.459158000000002,-1.6620626999999986,3.0620626999999985
7,200,10,125,1,8,1,15n,0,0,2.9740153634280553e-05,6.770367500000007,-1.739943000000011,2.989943000000011
7,200,2,125,1,8,1,15n,0,0,1.370821263916464e-05,5.859283500000004,-1.6214420000000018,2.871442000000002
8,50,2,25,8,8,8,15n,0,0,6.071411527357867e-07,5.877864400000008,0.16788125999999925,1.2321187400000007
8,100,10,25,8,8,8,15n,0,0,4.0006687615977395e-06,22.458651000000003,-0.2617036000000028,1.6617036000000027
8,200,10,125,8,8,8,15n,0,0,1.2704672979311271e-05,5.663978999999997,-0.6591459999999927,1.9091459999999927
8,200,2,125,8,8,8,15n,0,0,7.692546436324337e-06,5.442574500000006,-0.6592699999999923,1.9092699999999923
8,50,2,25,1,2,8,10n,1,-2,1.4701576206644744e-06,28.043595799999995,3.1395627580000003,-1.7395627580000002
8,100,10,25,1,2,8,10n,1,-2,8.1196636782937e-06,23.704196999999994,3.05512046,-1.65512046
8,200,10,125,1,2,8,10n,1,-2,2.3090210461132196e-05,7.094500499999994,3.0336823000000095,-1.7836823000000095
8,200,2,125,1,2,8,10n,1,-2,9.70640195374429e-06,27.854324000000005,2.38915621,-1.7769375000000025
8,50,2,25,6,2,1,10n,0,0,7.379918023192551e-07,66.7214098,-2.7786180900000006,4.1786180900000005
8,100,10,25,6,2,1,10n,0,0,8.451515352487648e-06,17.921386999999996,-2.9805301000000015,4.380530100000001
8,200,10,125,6,2,1,10n,0,0,2.8753655069856842e-05,8.049166999999997,-3.4318210000000136,4.6818210000000136
8,200,2,125,6,2,1,10n,0,0,1.578636899006788e-05,9.208762500000006,-3.859215000000006,5.109215000000006
8,50,2,25,8,8,1,25n,1,-2,7.419562884173082e-07,10.107312800000003,2.475510145,-1.075510145
8,100,10,25,8,8,1,25n,1,-2,5.944452156656261e-06,23.557129000000003,2.2868969000000035,-0.8868969000000035
8,200,10,125,8,8,1,25n,1,-2,1.548899440901276e-05,6.008131000000005,1.9678120000000092,-0.7178120000000092
8,200,2,125,8,8,1,25n,1,-2,9.357985186392814e-06,2.8680650000000014,2.022974000000005,-0.7729740000000049
8,50,2,25,2,8,4,15n,0,-2,1.2618571905859108e-06,7.606508199999994,2.2279435,-0.8279434999999999
8,100,10,25,2,8,4,15n,0,-2,6.210571748961151e-06,23.906326000000007,2.042998788,-0.642998788
8,200,10,125,2,8,4,15n,0,-2,1.797599043601956e-05,6.245152500000004,1.9569429999999954,-0.7069429999999954
8,200,2,125,2,8,4,15n,0,-2,9.88470275089655e-06,3.565039999999996,1.9546311999999944,-0.7046311999999944
8,50,2,25,4,8,8,25n,1,-2,1.0126144904377995e-06,10.046944800000006,2.794305653,-1.394305653
8,100,10,25,4,8,8,25n,1,-2,6.664492173748656e-06,23.518876000000006,2.818982199999995,-1.418982199999995
8,200,10,125,4,8,8,25n,1,-2,1.694590619287532e-05,5.984483999999996,2.623412000000002,-1.3734120000000019
8,200,2,125,4,8,8,25n,1,-2,9.659780125360641e-06,2.843247000000005,2.650846999999999,-1.4008469999999988
8,50,2,25,2,2,1,15n,1,0,9.491176591634955e-07,5.017911799999993,0.9265929999999982,0.4734070000000017
8,100,10,25,2,2,1,15n,1,0,5.2886744646907244e-06,23.970411,0.8777276000000085,0.5222723999999914
8,200,10,125,2,2,1,15n,1,0,1.592937670402312e-05,4.954753499999995,0.7439580000000205,0.5060419999999795
8,200,2,125,2,2,1,15n,1,0,7.963022842162106e-06,16.805723999999998,0.7219540000000109,0.5280459999999891
8,50,2,25,8,2,8,25n,0,0,6.326530394231212e-07,6.096163399999995,0.1673790399999997,1.2326209600000002
8,100,10,25,8,2,8,25n,0,0,4.657984116996939e-06,18.684537000000006,-0.2595653000000042,1.6595653000000041
8,200,10,125,8,2,8,25n,0,0,1.3800590738875767e-05,8.421222499999999,-0.6516179999999849,1.901617999999985
8,200,2,125,8,2,8,25n,0,0,7.797508603948892e-06,1.8781859999999995,-0.6507090000000062,1.9007090000000062
8,50,2,25,3,8,1,35n,0,-2,1.0054517353336002e-06,12.370790400000006,0.42748689999999945,0.9725131000000005
8,100,10,25,3,8,1,35n,0,-2,7.468310598415535e-06,25.831556000000006,-0.251918600000002,1.651918600000002
8,200,10,125,3,8,1,35n,0,-2,1.813543263093808e-05,7.0500920000000065,-0.999606,2.249606
8,200,2,125,3,8,1,35n,0,-2,9.990131742257519e-06,3.451905499999995,-0.5989150999999993,1.8489150999999993
8,50,2,25,6,8,4,35n,0,0,6.416920673579456e-07,6.764278399999995,-0.4660126399999993,1.8660126399999992
8,100,10,25,6,8,4,35n,0,0,4.7124471599925105e-06,22.589552999999995,-0.6036041999999981,2.003604199999998
8,200,10,125,6,8,4,35n,0,0,1.3268807818799303e-05,6.096153000000002,-0.9926409999999919,2.242640999999992
8,200,2,125,6,8,4,35n,0,0,8.025982864166828e-06,2.514474000000007,-1.0357170000000053,2.2857170000000053
8,50,2,25,8,2,8,5n,0,-2,5.436420063276629e-07,105.228298,0.2893161499999999,-0.733939357
8,100,10,25,8,2,8,5n,0,-2,4.762480077397785e-06,40.907082,-0.008408860000000073,-0.11602169999999745
8,200,10,125,8,2,8,5n,0,-2,1.4969420230848527e-05,33.361469,-0.3995776900000001,0.013711000000000695
8,200,2,125,8,2,8,5n,0,-2,7.387893950912303e-06,15.709087499999995,-1.4044094500000002,-0.2599429999999927
8,50,2,25,8,8,8,5n,1,0,4.687191699469782e-07,73.57386980000001,0.7689639800000001,0.6310360199999998
8,100,10,25,8,8,8,5n,1,0,3.9745001795234246e-06,21.538580999999994,0.5140197,0.8859802999999999
8,200,10,125,8,8,8,5n,1,0,1.2447117867906695e-05,4.9454645,0.2512010000000089,0.9987989999999911
8,200,2,125,8,8,8,5n,1,0,0.00014581164814787755,137.9885725,-1.3346905000000007,2.5846905000000007
8,50,2,25,8,8,4,10n,0,-2,7.710261371049124e-07,6.551499399999998,1.7872108522999999,-0.3872108523
8,100,10,25,8,8,4,10n,0,-2,4.970683420617923e-06,23.906323999999998,0.994782600000002,0.40521739999999795
8,200,10,125,8,8,4,10n,0,-2,1.5173159405479905e-05,6.245721000000003,0.3940159999999935,0.8559840000000065
8,200,2,125,8,8,4,10n,0,-2,9.050326694174849e-06,24.846515999999994,0.6115960000000058,0.6384039999999942
8,50,2,25,3,8,1,10n,1,0,8.007569775818936e-07,9.940386599999997,0.884073900000002,0.515926099999998
8,100,10,25,3,8,1,10n,1,0,4.687307059910832e-06,22.236242,0.7369947999999993,0.6630052000000006
8,200,10,125,3,8,1,10n,1,0,1.4714284564899061e-05,5.279728000000006,0.6806119999999964,0.5693880000000036
8,200,2,125,3,8,1,10n,1,0,7.78218663043927e-06,24.620892999999995,0.5889469999999903,0.6610530000000097
8,50,2,25,3,8,1,15n,1,-2,1.1108955776384534e-06,7.567141399999997,2.710913647,-1.310913647
8,100,10,25,3,8,1,15n,1,-2,5.914947787816852e-06,23.557058999999995,2.756944900000002,-1.356944900000002
8,200,10,125,3,8,1,15n,1,-2,1.752668336435756e-05,6.0078089999999955,2.594017000000008,-1.344017000000008
8,200,2,125,3,8,1,15n,1,-2,9.73543002364725e-06,3.6179640000000006,2.6037859999999853,-1.3537859999999853
8,50,2,25,2,8,8,15n,0,0,9.433103628338094e-07,5.8777008,0.5127597999999991,0.8872402000000008
8,100,10,25,2,8,8,15n,0,0,5.160093705426787e-06,22.458853000000005,0.6016108000000115,0.7983891999999884
8,200,10,125,2,8,8,15n,0,0,1.558716096855852e-05,5.6626495,0.4089089999999942,0.8410910000000058
8,200,2,125,2,8,8,15n,0,0,8.147270784530703e-06,5.443303999999999,0.39029399999998304,0.859706000000017
8,50,2,25,6,8,1,25n,1,-2,8.451958768277355e-07,10.107315200000002,2.5376313919999998,-1.137631392
8,100,10,25,6,8,1,25n,1,-2,6.162274276403824e-06,23.557114999999996,2.435915799999998,-1.035915799999998
8,200,10,125,6,8,1,25n,1,-2,1.5978169066470847e-05,6.008126500000003,2.176316999999983,-0.9263169999999832
8,200,2,125,6,8,1,25n,1,-2,9.477067180193443e-06,2.8680664999999976,2.219657000000012,-0.9696570000000122
8,50,2,25,3,8,8,25n,0,0,8.275649310781695e-07,5.997189000000005,0.42044289999999895,0.979557100000001
8,100,10,25,3,8,8,25n,0,0,4.727584585864386e-06,22.458764000000002,0.3755315999999964,1.0244684000000035
8,200,10,125,3,8,8,25n,0,0,1.4295964412713654e-05,5.663152499999995,0.16997699999998872,1.0800230000000113
8,200,2,125,3,8,8,25n,0,0,8.02498768815619e-06,2.336877000000001,0.14004800000000728,1.1099519999999927
8,50,2,25,6,8,8,35n,0,0,6.554673881663743e-07,5.997431199999994,0.23619024000000044,1.1638097599999995
8,100,10,25,6,8,8,35n,0,0,4.74535927536152e-06,22.458674000000002,-0.07114450000000128,1.4711445000000012
8,200,10,125,6,8,8,35n,0,0,1.2966811114459643e-05,5.663777499999994,-0.39576099999999315,1.6457609999999931
8,200,2,125,6,8,8,35n,0,0,7.778854891825815e-06,2.336865500000002,-0.40520999999998253,1.6552099999999825
8,50,2,25,8,8,4,35n,1,-2,7.520065220033998e-07,10.074796800000001,2.563517723,-1.163517723
8,100,10,25,8,8,4,35n,1,-2,7.0086922257692825e-06,23.538304999999994,2.4188062,-1.0188062000000002
8,200,10,125,8,8,4,35n,1,-2,1.5788034243008042e-05,5.995760000000005,2.115448000000015,-0.8654480000000149
8,200,2,125,8,8,4,35n,1,-2,9.314861825113162e-06,2.8555984999999993,2.1660229999999956,-0.9160229999999956
8,50,2,25,6,2,8,5n,0,-2,6.354574893358856e-07,105.228598,0.28931288999999993,-0.807772406
8,100,10,25,6,2,8,5n,0,-2,4.958438345746215e-06,40.907441000000006,-0.008421170000000089,-0.35434870000000274
8,200,10,125,6,2,8,5n,0,-2,1.5314219508420293e-05,33.361999,-0.3996250800000001,-0.30322000000001026
8,200,2,125,6,2,8,5n,0,-2,7.544003065726861e-06,15.709039000000004,-1.40443416,-0.5652340000000038
8,50,2,25,6,2,8,5n,1,0,6.460458798289813e-07,116.367378,0.5029744949999999,0.58991741
8,100,10,25,6,2,8,5n,1,0,3.8492213537422475e-06,61.01391400000001,0.3958067999999999,0.7917950000000005
8,200,10,125,6,2,8,5n,1,0,1.2537231676912105e-05,40.51041649999999,0.2109854200000001,0.8811709999999948
8,200,2,125,6,2,8,5n,1,0,3.1110763244060644e-05,95.6697145,-1.81753205,0.7973499999999945
8,50,2,25,8,8,1,10n,1,-2,7.301327802690826e-07,6.581221400000004,2.47120903,-1.07120903
8,100,10,25,8,8,1,10n,1,-2,5.240788436548124e-06,23.557129000000003,2.4388625000000004,-1.0388625000000005
8,200,10,125,8,8,1,10n,1,-2,1.5567672651662033e-05,6.008131000000005,2.00104300000001,-0.7510430000000099
8,200,2,125,8,8,1,10n,1,-2,8.823870067978133e-06,24.701815499999995,2.0573169999999834,-0.8073169999999834
8,50,2,25,6,2,4,10n,1,0,5.873073524263668e-07,38.99455520000001,0.7793795000000006,0.6206204999999994
8,100,10,25,6,2,4,10n,1,0,4.23388232782583e-06,23.944916000000006,0.5418439999999989,0.858156000000001
8,200,10,125,6,2,4,10n,1,0,1.3404092141609686e-05,4.243756000000005,0.35970600000001696,0.890293999999983
8,200,2,125,6,2,4,10n,1,0,7.203921497684752e-06,24.157904000000002,0.36674500000000876,0.8832549999999912
8,50,2,25,2,2,8,15n,0,-2,1.2888573762423355e-06,6.238562799999998,2.575136994,-1.175136994
8,100,10,25,2,2,8,15n,0,-2,6.698660149650047e-06,18.485586999999995,2.508304361,-1.108304361
8,200,10,125,2,2,8,15n,0,-2,1.8900995469761596e-05,8.558764999999994,2.466485000000006,-1.2164850000000058
8,200,2,125,2,2,8,15n,0,-2,9.8320958704197e-06,13.624413000000004,2.25883839,-1.2305729999999926
8,50,2,25,1,2,8,25n,1,-2,1.5584106308875343e-06,10.910530600000001,3.138898231,-1.7388982310000003
8,100,10,25,1,2,8,25n,1,-2,8.72203900562695e-06,23.704196999999994,3.05241478,-1.65241478
8,200,10,125,1,2,8,25n,1,-2,2.2924345674862492e-05,7.440919500000007,3.0343223999999935,-1.7843223999999935
8,200,2,125,1,2,8,25n,1,-2,1.0595550853198738e-05,2.8866239999999976,3.0267591000000067,-1.7767591000000067
8,50,2,25,8,2,4,15n,0,0,6.002609601241e-07,8.331758800000003,-0.5388095400000004,1.9388095400000003
8,100,10,25,8,2,4,15n,0,0,4.607161483890528e-06,18.749638000000004,-0.8571373999999978,2.2571373999999977
8,200,10,125,8,2,4,15n,0,0,1.4189135902868278e-05,8.912359499999994,-1.3468969999999842,2.5968969999999842
8,200,2,125,8,2,4,15n,0,0,7.543380023791177e-06,24.210669,-1.386874999999975,2.636874999999975
8,50,2,25,2,8,8,25n,1,0,9.383066722278945e-07,5.953920400000002,1.0600026999999996,0.3399973000000003
8,100,10,25,2,8,8,25n,1,0,5.273473074341352e-06,22.191469999999995,1.003031400000006,0.3969685999999939
8,200,10,125,2,8,8,25n,1,0,1.5911204502846366e-05,5.174868000000004,0.8546479999999974,0.3953520000000026
8,200,2,125,2,8,8,25n,1,0,8.19564648168492e-06,2.1103485000000006,0.8464110000000176,0.40358899999998243
8,50,2,25,8,2,1,35n,0,-2,6.699282808707832e-07,12.719860600000004,0.11679580000000067,1.2832041999999992
8,100,10,25,8,2,1,35n,0,-2,6.623422071318492e-06,21.071343,-0.5410476000000011,1.941047600000001
8,200,10,125,8,2,1,35n,0,-2,1.673844617881195e-05,9.247082000000006,-1.7691680000000076,3.0191680000000076
8,200,2,125,8,2,1,35n,0,-2,9.590383152008998e-06,3.559364500000001,-1.3750888000000003,2.6250888000000003
8,50,2,25,4,2,4,35n,0,0,7.622122192581966e-07,6.709751999999994,-0.34960389999999864,1.7496038999999985
8,100,10,25,4,2,4,35n,0,0,5.367761281879278e-06,18.749421999999996,-0.2579616999999872,1.657961699999987
8,200,10,125,4,2,4,35n,0,0,1.5005393089348996e-05,8.912141500000004,-0.6621879999999862,1.9121879999999862
8,200,2,125,4,2,4,35n,0,0,8.202440848666304e-06,2.2535304999999966,-0.5716399999999737,1.8216399999999737
8,50,2,25,8,8,1,5n,1,-2,4.910718253317393e-07,63.131322600000004,1.7370868000000015,-0.3370868000000016
8,100,10,25,8,8,1,5n,1,-2,5.223959544231192e-06,23.446493000000004,1.7866880000000065,-0.3866880000000066
8,200,10,125,8,8,1,5n,1,-2,1.5355881464577488e-05,3.645375999999999,1.6013130000000046,-0.35131300000000465
8,200,2,125,8,8,1,5n,1,-2,6.2747908209409755e-06,23.283424499999995,1.5895460000000128,-0.3395460000000128
8,50,2,25,8,2,1,5n,1,0,5.628142794976687e-07,116.367616,0.06578880000000131,1.3342111999999986
8,100,10,25,8,2,1,5n,1,0,4.0598439022456725e-06,60.994226,0.09119999999999484,1.308800000000005
8,200,10,125,8,2,1,5n,1,0,1.2763870257157398e-05,40.524564,-0.0499229999999784,1.2999229999999784
8,200,2,125,8,2,1,5n,1,0,6.282212335272754e-06,14.719832499999995,-0.0654790000000105,1.3154790000000105
8,50,2,25,3,2,1,10n,0,-2,8.288784911341857e-07,29.01439400000001,0.008798000000000084,1.3912019999999998
8,100,10,25,3,2,1,10n,0,-2,5.419920362746024e-06,19.065588000000005,-0.5190321000000098,1.9190321000000097
8,200,10,125,3,2,1,10n,0,-2,1.7292758753433296e-05,8.216333500000005,-0.9761749999999836,2.2261749999999836
8,200,2,125,3,2,1,10n,0,-2,7.997331176255071e-06,28.809764,-0.7387381000000062,1.9887381000000062
8,50,2,25,1,2,4,10n,1,0,1.051956564890558e-06,39.00207399999999,1.112814399999999,0.2871856000000008
8,100,10,25,1,2,4,10n,1,0,6.617220729242766e-06,23.944936,1.040112099999996,0.3598879000000039
8,200,10,125,1,2,4,10n,1,0,1.9856755672205448e-05,4.239352499999995,0.9110780000000034,0.3389219999999966
8,200,2,125,1,2,4,10n,1,0,8.137101578978896e-06,24.154405499999992,0.542372333,0.27588899999997807
8,50,2,25,1,8,4,15n,1,-2,1.5262948051428214e-06,7.562769200000004,3.100187235,-1.7001872349999998
8,100,10,25,1,8,4,15n,1,-2,7.882487898907133e-06,23.538000999999994,3.0013043299999995,-1.6013043299999996
8,200,10,125,1,8,4,15n,1,-2,2.2604540095030344e-05,5.9937689999999995,2.9948030999999986,-1.7448030999999986
8,200,2,125,1,8,4,15n,1,-2,1.0516359442688166e-05,3.623448499999995,2.981746000000001,-1.7317460000000011
8,50,2,25,1,8,1,15n,0,0,1.3370113923582391e-06,6.2417394,-1.191887700000001,2.591887700000001
8,100,10,25,1,8,1,15n,0,0,8.796038031109949e-06,23.280866999999997,-1.5455805999999996,2.9455805999999995
8,200,10,125,1,8,1,15n,0,0,2.7480220146731636e-05,6.840776500000004,-1.620568999999989,2.870568999999989
8,200,2,125,1,8,1,15n,0,0,1.2571623001205865e-05,5.298443000000007,-1.4914090000000044,2.7414090000000044
9,50,2,25,8,8,1,25n,1,-2,7.655960355500493e-07,9.9876048,2.6719047799999998,-1.2719047799999998
9,100,10,25,8,8,1,25n,1,-2,5.945103329933566e-06,23.465036,2.310141199999998,-0.9101411999999982
9,200,10,125,8,8,1,25n,1,-2,1.5572341200191675e-05,5.933122999999995,1.9703149999999994,-0.7203149999999994
9,200,2,125,8,8,1,25n,1,-2,9.466687158954353e-06,2.8967614999999967,2.027103000000011,-0.777103000000011
9,50,2,25,6,2,1,10n,0,0,1.0151655467716603e-06,58.267027799999994,-2.9314246900000005,4.33142469
9,100,10,25,6,2,1,10n,0,0,1.0599941997922621e-05,18.801841999999994,-3.049872599999999,4.449872599999999
9,200,10,125,6,2,1,10n,0,0,3.501322448906524e-05,10.027961500000004,-3.574651999999986,4.824651999999986
9,200,2,125,6,2,1,10n,0,0,2.0818616923130087e-05,14.365275499999996,-3.9615579999999966,5.211557999999997
9,50,2,25,8,8,8,15n,0,0,6.285332283123167e-07,5.986715200000005,0.07395123000000003,1.3260487699999999
9,100,10,25,8,8,8,15n,0,0,4.0627144533715085e-06,22.247951000000004,-0.2259050999999972,1.625905099999997
9,200,10,125,8,8,8,15n,0,0,1.286301850855308e-05,5.512263500000004,-0.6431369999999959,1.8931369999999959
9,200,2,125,8,8,8,15n,0,0,7.87574730979988e-06,6.408154499999995,-0.6602500000000191,1.910250000000019
9,50,2,25,1,2,8,10n,1,-2,1.4645715619048224e-06,31.619228800000002,3.165115699999999,-1.765115699999999
9,100,10,25,1,2,8,10n,1,-2,8.035355730896197e-06,24.255114000000006,3.1057809000000076,-1.7057809000000077
9,200,10,125,1,2,8,10n,1,-2,2.319699612603961e-05,6.382855000000006,2.9783160000000066,-1.7283160000000066
9,200,2,125,1,2,8,10n,1,-2,9.71986269358054e-06,26.219683500000002,2.5796573499999997,-1.7114929999999902
9,50,2,25,2,2,1,15n,1,0,9.609109702320122e-07,4.626621,0.8695792000000018,0.5304207999999981
9,100,10,25,2,2,1,15n,1,0,5.235721973488355e-06,23.928915000000003,0.780311000000006,0.6196889999999939
9,200,10,125,2,2,1,15n,1,0,1.589025060918488e-05,4.820127999999997,0.723637999999994,0.526362000000006
9,200,2,125,2,2,1,15n,1,0,8.055736747397288e-06,17.343613500000004,0.6772960000000126,0.5727039999999874
9,50,2,25,2,8,4,15n,0,-2,1.264174214663184e-06,7.0080355999999995,1.8386115000000003,-0.4386115000000004
9,100,10,25,2,8,4,15n,0,-2,6.149120670185584e-06,24.168291999999994,1.6786353000000047,-0.2786353000000048
9,200,10,125,2,8,4,15n,0,-2,1.7886076352658843e-05,6.158315000000003,1.4496919999999989,-0.19969199999999887
9,200,2,125,2,8,4,15n,0,-2,9.922661400462624e-06,4.394030000000001,1.6680970000000173,-0.41809700000001726
9,50,2,25,4,8,8,25n,1,-2,1.0252466055058251e-06,9.917917000000003,2.966275199999998,-1.566275199999998
9,100,10,25,4,8,8,25n,1,-2,6.615720428371773e-06,23.431973999999997,2.8120472999999975,-1.4120472999999976
9,200,10,125,4,8,8,25n,1,-2,1.6907152607638046e-05,5.911069999999995,2.6012509999999907,-1.3512509999999907
9,200,2,125,4,8,8,25n,1,-2,9.738104879734216e-06,2.8672810000000055,2.6317259999999862,-1.3817259999999862
9,50,2,25,8,2,8,25n,0,0,6.573475498554289e-07,6.092539799999997,0.07652185000000022,1.3234781499999997
9,100,10,25,8,2,8,25n,0,0,4.7827981649698365e-06,19.017718000000002,-0.220474299999998,1.620474299999998
9,200,10,125,8,2,8,25n,0,0,1.4085927968050136e-05,8.481313999999998,-0.6392270000000053,1.8892270000000053
9,200,2,125,8,2,8,25n,0,0,7.997017842725185e-06,1.5038205000000033,-0.6523040000000151,1.902304000000015
9,50,2,25,3,8,1,35n,0,-2,1.0319575889365325e-06,12.319209599999995,-0.5751334000000008,1.9751334000000007
9,100,10,25,3,8,1,35n,0,-2,8.331820979478167e-06,25.968202000000005,-1.420075099999997,2.820075099999997
9,200,10,125,3,8,1,35n,0,-2,2.136847238764763e-05,7.139103000000006,-1.7106119999999976,2.9606119999999976
9,200,2,125,3,8,1,35n,0,-2,1.1437430211878448e-05,3.5456779999999952,-1.3617339999999984,2.6117339999999984
9,50,2,25,6,8,4,35n,0,0,6.678765648254271e-07,6.895631199999997,-0.8086479000000009,2.2086479000000008
9,100,10,25,6,8,4,35n,0,0,4.889227398089716e-06,22.377515000000002,-0.7740877000000013,2.174087700000001
9,200,10,125,6,8,4,35n,0,0,1.4096535163040553e-05,5.964540999999997,-1.1786940000000072,2.4286940000000072
9,200,2,125,6,8,4,35n,0,0,8.49888793475382e-06,2.562504000000004,-1.0716070000000002,2.321607
9,50,2,25,8,2,8,5n,0,-2,5.497564368509063e-07,109.03368800000003,0.1382572499999999,-1.0662804000000001
9,100,10,25,8,2,8,5n,0,-2,4.683522712645838e-06,54.400631000000004,-0.46218047000000007,-0.08520599999999945
9,200,10,125,8,2,8,5n,0,-2,1.4977739310624875e-05,35.573541500000005,-0.9336607099999998,-0.02399800000000596
9,200,2,125,8,2,8,5n,0,-2,7.746834663343761e-06,16.2681915,-1.63641374,-0.2944209999999998
9,50,2,25,8,8,8,5n,1,0,4.951910633270127e-07,75.8984998,0.7508191299999996,0.6491808700000004
9,100,10,25,8,8,8,5n,1,0,3.974626810157535e-06,21.233669000000006,0.4775897000000042,0.9224102999999957
9,200,10,125,8,8,8,5n,1,0,1.2411519205085677e-05,6.331681000000003,0.21999499999998307,1.030005000000017
9,200,2,125,8,8,8,5n,1,0,6.97392857562472e-06,10.3765025,0.3371539999999982,0.9128460000000018
9,50,2,25,8,8,4,10n,0,-2,7.688265514717507e-07,7.710800399999996,1.64166282,-0.24166282000000017
9,100,10,25,8,8,4,10n,0,-2,4.973309434871182e-06,24.168329999999997,1.0521459000000006,0.3478540999999993
9,200,10,125,8,8,4,10n,0,-2,1.511658521005215e-05,6.1582394999999925,0.3434069999999849,0.9065930000000151
9,200,2,125,8,8,4,10n,0,-2,9.183119780855712e-06,24.680929500000005,0.6413749999999965,0.6086250000000035
9,50,2,25,3,8,1,10n,1,0,8.105434077897406e-07,11.835804999999993,0.8371562000000004,0.5628437999999996
9,100,10,25,3,8,1,10n,1,0,4.702658845960235e-06,22.017173,0.7307530000000013,0.6692469999999986
9,200,10,125,3,8,1,10n,1,0,1.4806079449900589e-05,5.170452499999997,0.6998230000000092,0.5501769999999908
9,200,2,125,3,8,1,10n,1,0,7.826029264554814e-06,23.4820725,0.563051999999999,0.686948000000001
9,50,2,25,3,8,1,15n,1,-2,1.1209285558578085e-06,6.963598000000004,2.899738099999998,-1.4997380999999983
9,100,10,25,3,8,1,15n,1,-2,5.8966346471264065e-06,23.465013,2.7483962999999902,-1.3483962999999903
9,200,10,125,3,8,1,15n,1,-2,1.746607586976541e-05,5.933059000000001,2.5625980000000084,-1.3125980000000084
9,200,2,125,3,8,1,15n,1,-2,9.796195806877732e-06,4.436254500000004,2.5767840000000035,-1.3267840000000035
9,50,2,25,2,8,8,15n,0,0,9.523592100384516e-07,5.986729800000006,0.3373666000000006,1.0626333999999993
9,100,10,25,2,8,8,15n,0,0,5.171129460308842e-06,22.247939000000002,0.37663740000000123,1.0233625999999987
9,200,10,125,2,8,8,15n,0,0,1.557713074289755e-05,5.512208499999999,0.163125999999977,1.086874000000023
9,200,2,125,2,8,8,15n,0,0,8.263115424329242e-06,6.4063249999999945,0.24057999999999424,1.0094200000000058
9,50,2,25,6,8,1,25n,1,-2,8.616180146162841e-07,9.987596999999994,2.7357323,-1.3357323
9,100,10,25,6,8,1,25n,1,-2,6.142359039498692e-06,23.465030999999996,2.4447209999999955,-1.0447209999999956
9,200,10,125,6,8,1,25n,1,-2,1.599150282098295e-05,5.933173999999995,2.1607170000000053,-0.9107170000000053
9,200,2,125,6,8,1,25n,1,-2,9.568309160940181e-06,2.896756999999994,2.204529000000008,-0.954529000000008
9,50,2,25,3,8,8,25n,0,0,8.414194236114742e-07,6.080343200000002,0.26294980000000256,1.1370501999999973
9,100,10,25,3,8,8,25n,0,0,4.735549374790198e-06,22.247940999999997,0.3600031999999884,1.0399968000000115
9,200,10,125,3,8,8,25n,0,0,1.4327966231748466e-05,5.512209499999996,0.11686599999998748,1.1331340000000125
9,200,2,125,3,8,8,25n,0,0,8.170724046886593e-06,2.3902054999999933,0.07115399999997862,1.1788460000000214
9,50,2,25,8,8,4,35n,1,-2,7.778114519320436e-07,9.9556118,2.75823008,-1.3582300800000002
9,100,10,25,8,8,4,35n,1,-2,7.014483994688282e-06,23.448723,2.4414849000000003,-1.0414849000000004
9,200,10,125,8,8,4,35n,1,-2,1.5799163169288816e-05,5.921383000000005,2.118900999999994,-0.8689009999999939
9,200,2,125,8,8,4,35n,1,-2,9.422801610474548e-06,2.8820170000000047,2.170642000000015,-0.9206420000000151
9,50,2,25,6,8,8,35n,0,0,6.752416386923956e-07,6.080303200000003,0.1270936999999992,1.2729063000000007
9,100,10,25,6,8,8,35n,0,0,4.77792198242515e-06,22.247947999999994,-0.04777660000000461,1.4477766000000045
9,200,10,125,6,8,8,35n,0,0,1.3086926774632943e-05,5.512227999999993,-0.41188500000001227,1.6618850000000123
9,200,2,125,6,8,8,35n,0,0,7.955927835123534e-06,2.3901534999999967,-0.42852200000001517,1.6785220000000152
9,50,2,25,6,2,8,5n,0,-2,6.358799327740383e-07,109.033908,0.13825332,-1.1568333000000006
9,100,10,25,6,2,8,5n,0,-2,4.8509194405780346e-06,54.40103300000001,-0.4621934300000001,-0.29855189999999965
9,200,10,125,6,2,8,5n,0,-2,1.5227286579252652e-05,35.57363749999999,-0.93371154,-0.30933999999999173
9,200,2,125,6,2,8,5n,0,-2,7.884731429089656e-06,16.2683385,-1.63644577,-0.5725019999999859
9,50,2,25,8,8,1,10n,1,-2,7.505871167406166e-07,7.733536999999999,2.71351232,-1.31351232
9,100,10,25,8,8,1,10n,1,-2,5.343909642855225e-06,23.465036,2.534473200000002,-1.1344732000000022
9,200,10,125,8,8,1,10n,1,-2,1.5587428415368134e-05,5.933122999999995,1.9937799999999868,-0.7437799999999868
9,200,2,125,8,8,1,10n,1,-2,8.902800618938837e-06,24.463563500000006,2.070878999999991,-0.8208789999999908
9,50,2,25,6,2,4,10n,1,0,6.017696851862276e-07,40.990376999999995,0.7652962000000012,0.6347037999999987
9,100,10,25,6,2,4,10n,1,0,4.23420401195967e-06,23.904411999999994,0.5147667999999981,0.8852332000000018
9,200,10,125,6,2,4,10n,1,0,1.348697440162346e-05,4.071924499999994,0.36975100000000793,0.8802489999999921
9,200,2,125,6,2,4,10n,1,0,7.318805450902349e-06,20.502965000000003,0.36153600000000097,0.888463999999999
9,50,2,25,6,2,8,5n,1,0,6.673789223569519e-07,112.235592,0.4678001089999999,0.6082012999999993
9,100,10,25,6,2,8,5n,1,0,3.87315307765484e-06,64.46578199999999,0.3378795499999998,0.8372612000000004
9,200,10,125,6,2,8,5n,1,0,1.2272962829242618e-05,35.88101399999999,0.30109451099999995,0.9256599999999935
9,200,2,125,6,2,8,5n,1,0,6.852133097073927e-06,19.689184499999996,0.311825606,0.8147980000000246
9,50,2,25,8,2,4,15n,0,0,6.197919276869741e-07,12.635920200000001,-0.871470270000001,2.271470270000001
9,100,10,25,8,2,4,15n,0,0,4.862582427228422e-06,19.101077000000004,-0.8036248000000001,2.2036248
9,200,10,125,8,2,4,15n,0,0,1.5206123410429999e-05,9.096393500000005,-1.3495639999999867,2.5995639999999867
9,200,2,125,8,2,4,15n,0,0,8.089233267225953e-06,21.583198499999995,-1.3856629999999939,2.635662999999994
9,50,2,25,2,2,8,15n,0,-2,1.2945750338858506e-06,5.793918000000006,2.6488445000000005,-1.2488445000000006
9,100,10,25,2,2,8,15n,0,-2,6.657737405463094e-06,18.123936,2.5943669000000056,-1.1943669000000057
9,200,10,125,2,2,8,15n,0,-2,1.8828025065051427e-05,8.765579000000002,2.3919600000000116,-1.1419600000000116
9,200,2,125,2,2,8,15n,0,-2,9.862572719441535e-06,15.310037500000007,2.1180619,-1.173753000000005
9,50,2,25,1,2,8,25n,1,-2,1.5572648329375177e-06,10.871367399999997,3.1625712,-1.7625712
9,100,10,25,1,2,8,25n,1,-2,8.637580735209576e-06,24.255114000000006,3.0949704000000025,-1.6949704000000025
9,200,10,125,1,2,8,25n,1,-2,2.2981185537776826e-05,6.845855499999999,2.977109999999982,-1.727109999999982
9,200,2,125,1,2,8,25n,1,-2,1.0658867341901275e-05,2.718715000000003,2.96179699999999,-1.71179699999999
9,50,2,25,2,8,8,25n,1,0,9.507023416388316e-07,6.0615451999999985,1.0405626000000026,0.35943739999999735
9,100,10,25,2,8,8,25n,1,0,5.225417665705611e-06,21.972116,0.99428299999999,0.4057170000000099
9,200,10,125,2,8,8,25n,1,0,1.586633315719253e-05,5.0746474999999975,0.8249979999999937,0.4250020000000063
9,200,2,125,2,8,8,25n,1,0,8.277980499405841e-06,2.1592244999999934,0.8120289999999954,0.43797100000000455
9,50,2,25,4,2,4,35n,0,0,7.88081119446723e-07,6.9118521999999984,-0.7083911999999999,2.1083912
9,100,10,25,4,2,4,35n,0,0,5.5754194005670454e-06,19.101056999999997,-0.7972292000000096,2.1972292000000095
9,200,10,125,4,2,4,35n,0,0,1.5883994199289386e-05,9.096371500000004,-1.048012,2.298012
9,200,2,125,4,2,4,35n,0,0,8.66846807821512e-06,2.3128095,-0.7093809999999792,1.9593809999999792
9,50,2,25,8,2,1,35n,0,-2,7.05972473251526e-07,12.966908000000004,-0.8501621600000004,2.2501621600000004
9,100,10,25,8,2,1,35n,0,-2,7.447253896912221e-06,20.616478,-1.6378868000000026,3.0378868000000026
9,200,10,125,8,2,1,35n,0,-2,2.0338109504835227e-05,9.596596500000004,-2.413585000000012,3.663585000000012
9,200,2,125,8,2,1,35n,0,-2,1.1080112584978459e-05,3.6235975000000025,-2.2251870000000054,3.4751870000000054
9,50,2,25,8,8,1,5n,1,-2,5.055080443690005e-07,66.30994759999999,1.6973071999999987,-0.2973071999999988
9,100,10,25,8,8,1,5n,1,-2,5.155060328314233e-06,23.259984000000003,1.7484569999999962,-0.34845699999999624
9,200,10,125,8,8,1,5n,1,-2,1.5138682690708052e-05,3.5064959999999985,1.5637570000000096,-0.3137570000000096
9,200,2,125,8,8,1,5n,1,-2,6.31473277326199e-06,21.711580499999997,1.553073000000012,-0.3030730000000119
9,50,2,25,8,2,1,5n,1,0,5.843400741384172e-07,112.23527200000001,0.029074700000003784,1.3709252999999961
9,100,10,25,8,2,1,5n,1,0,4.148338365467143e-06,64.456986,0.05479999999999441,1.3452000000000055
9,200,10,125,8,2,1,5n,1,0,1.2634305025951986e-05,35.87357449999999,-0.08177699999998822,1.3317769999999882
9,200,2,125,8,2,1,5n,1,0,6.47291563692134e-06,19.687625499999996,-0.09959499999999366,1.3495949999999937
9,50,2,25,3,2,1,10n,0,-2,8.472336602656471e-07,33.19237179999999,-0.6651154999999993,2.065115499999999
9,100,10,25,3,2,1,10n,0,-2,6.300666428652844e-06,17.932108,-1.4262588000000052,2.826258800000005
9,200,10,125,3,2,1,10n,0,-2,2.013900592196542e-05,8.418825999999996,-1.617711000000014,2.867711000000014
9,200,2,125,3,2,1,10n,0,-2,9.083145829427919e-06,27.212413999999995,-1.3425960000000003,2.5925960000000003
9,50,2,25,1,2,4,10n,1,0,1.0471068865179544e-06,40.99524600000001,1.0509837999999987,0.3490162000000012
9,100,10,25,1,2,4,10n,1,0,6.630026321262053e-06,23.904404999999997,0.9166626000000035,0.48333739999999636
9,200,10,125,1,2,4,10n,1,0,1.988320411751195e-05,4.070643500000003,0.8371870000000001,0.4128129999999999
9,200,2,125,1,2,4,10n,1,0,8.192838159007106e-06,20.5019805,0.633825453,0.34673499999999535
9,50,2,25,1,8,4,15n,1,-2,1.5253403826664673e-06,6.960096599999999,3.115241800000001,-1.7152418000000011
9,100,10,25,1,8,4,15n,1,-2,7.848783005195541e-06,23.448572,3.0435843999999945,-1.6435843999999946
9,200,10,125,1,8,4,15n,1,-2,2.2662298967895546e-05,5.920890999999997,2.9233630000000232,-1.6733630000000232
9,200,2,125,1,8,4,15n,1,-2,1.0571109699245175e-05,4.438541000000001,2.9128649999999823,-1.6628649999999823
9,50,2,25,1,8,1,15n,0,0,1.5993390145753365e-06,6.196373199999996,-1.5120083999999978,2.9120083999999977
9,100,10,25,1,8,1,15n,0,0,1.0712945180437862e-05,23.878791000000007,-1.8587235999999963,3.258723599999996
9,200,10,125,1,8,1,15n,0,0,3.2416498137155625e-05,6.728919000000006,-1.9459149999999852,3.195914999999985
9,200,2,125,1,8,1,15n,0,0,1.5263280047280148e-05,6.314718999999997,-1.8308059999999955,3.0808059999999955
10,50,2,25,1,2,8,10n,1,-2,1.4983945031156712e-06,31.77457799999999,3.167910789,-1.767910789
10,100,10,25,1,2,8,10n,1,-2,8.353800980626655e-06,24.497687999999997,3.0714656899999997,-1.6714656899999998
10,200,10,125,1,2,8,10n,1,-2,2.3856161842114414e-05,6.035546999999995,3.030072099999998,-1.7800720999999982
10,200,2,125,1,2,8,10n,1,-2,9.806192756359503e-06,25.5404135,2.46133853,-1.767965799999999
10,50,2,25,8,8,1,25n,1,-2,7.8771274758045e-07,10.0023822,2.540288062,-1.140288062
10,100,10,25,8,8,1,25n,1,-2,5.9950371520609545e-06,23.368606,2.3052504,-0.9052503999999999
10,200,10,125,8,8,1,25n,1,-2,1.5713472191207786e-05,5.923362499999996,1.9925280000000214,-0.7425280000000214
10,200,2,125,8,8,1,25n,1,-2,9.486369087324653e-06,2.9194669999999974,2.0422829999999976,-0.7922829999999976
10,50,2,25,8,8,8,15n,0,0,6.344593536616073e-07,6.084647200000006,0.09956616999999879,1.3004338300000011
10,100,10,25,8,8,8,15n,0,0,4.089926126335683e-06,21.913551999999996,-0.2421707000000013,1.6421707000000012
10,200,10,125,8,8,8,15n,0,0,1.2918661535376238e-05,5.543692500000007,-0.6252489999999966,1.8752489999999966
10,200,2,125,8,8,8,15n,0,0,7.835069481890107e-06,6.4259615,-0.640355999999997,1.890355999999997
10,50,2,25,6,2,1,10n,0,0,1.0690516260436139e-06,62.41630459999998,-2.9180137499999987,4.318013749999999
10,100,10,25,6,2,1,10n,0,0,1.064570008701656e-05,20.35364,-3.1378355,4.5378355
10,200,10,125,6,2,1,10n,0,0,3.467800817841557e-05,11.648700000000005,-3.6182430000000068,4.868243000000007
10,200,2,125,6,2,1,10n,0,0,2.0484187262128427e-05,13.317961499999997,-3.9173999999999864,5.1673999999999864
10,50,2,25,2,8,4,15n,0,-2,1.3028648927874253e-06,6.899348599999996,2.0732136000000003,-0.6732136000000004
10,100,10,25,2,8,4,15n,0,-2,6.331013634783713e-06,23.946377,1.95275850000001,-0.5527585000000101
10,200,10,125,2,8,4,15n,0,-2,1.8354046299255795e-05,6.195097500000003,1.7522299999999973,-0.5022299999999973
10,200,2,125,2,8,4,15n,0,-2,9.999086636400208e-06,4.2123485000000045,1.8068841000000049,-0.5568841000000049
10,50,2,25,2,2,1,15n,1,0,9.847467639974382e-07,4.529272000000006,0.8948651999999995,0.5051348000000004
10,100,10,25,2,2,1,15n,1,0,5.395737637244466e-06,23.820667,0.8613432999999957,0.5386567000000042
10,200,10,125,2,2,1,15n,1,0,1.63541758487148e-05,4.7069000000000045,0.7642730000000029,0.48572699999999713
10,200,2,125,2,2,1,15n,1,0,8.068227621322024e-06,17.062004,0.7205820000000074,0.5294179999999926
10,50,2,25,4,8,8,25n,1,-2,1.0595211171965648e-06,9.929104800000005,2.8420498,-1.4420498
10,100,10,25,4,8,8,25n,1,-2,6.730314283313161e-06,23.331478000000008,2.828693299999999,-1.428693299999999
10,200,10,125,4,8,8,25n,1,-2,1.7204733284885934e-05,5.894126499999999,2.6357749999999953,-1.3857749999999953
10,200,2,125,4,8,8,25n,1,-2,9.788353038808037e-06,2.8907344999999935,2.658681999999999,-1.4086819999999989
10,50,2,25,8,2,8,25n,0,0,6.63537146744793e-07,6.225847999999998,0.09997529000000016,1.3000247099999998
10,100,10,25,8,2,8,25n,0,0,4.863610953321801e-06,18.723967000000002,-0.23944920000000147,1.6394492000000014
10,200,10,125,8,2,8,25n,0,0,1.4257089350375092e-05,8.418724999999995,-0.6176180000000215,1.8676180000000215
10,200,2,125,8,2,8,25n,0,0,7.96681927573192e-06,1.4839754999999997,-0.631259,1.881259
10,50,2,25,3,8,1,35n,0,-2,1.0357935843666377e-06,12.296747400000001,0.19075960000000114,1.2092403999999988
10,100,10,25,3,8,1,35n,0,-2,7.77500248503935e-06,25.779970000000006,-0.601786199999998,2.001786199999998
10,200,10,125,3,8,1,35n,0,-2,1.9464314207866135e-05,7.104935499999997,-1.238141000000013,2.488141000000013
10,200,2,125,3,8,1,35n,0,-2,1.0457293705704099e-05,3.5615839999999963,-0.9025840999999986,2.1525840999999986
10,50,2,25,6,8,4,35n,0,0,6.721355409026238e-07,6.826251400000003,-0.6037655000000002,2.0037655
10,100,10,25,6,8,4,35n,0,0,4.856589383571928e-06,22.046729999999997,-0.5670312000000011,1.967031200000001
10,200,10,125,6,8,4,35n,0,0,1.3905838525805689e-05,5.997626999999994,-1.0276529999999866,2.2776529999999866
10,200,2,125,6,8,4,35n,0,0,8.326949396533814e-06,2.5631719999999945,-1.00547499999999,2.25547499999999
10,50,2,25,8,8,8,5n,1,0,4.927091620106348e-07,76.50779259999999,0.7613604000000005,0.6386395999999994
10,100,10,25,8,8,8,5n,1,0,4.033700017712302e-06,20.855618000000007,0.4993805999999963,0.9006194000000036
10,200,10,125,8,8,8,5n,1,0,1.2640042725698008e-05,6.326612999999996,0.2839309999999955,0.9660690000000045
10,200,2,125,8,8,8,5n,1,0,6.875119738222828e-06,13.271693999999998,0.36808099999998944,0.8819190000000106
10,50,2,25,8,2,8,5n,0,-2,5.695264775291528e-07,111.17749599999999,-0.1553326100000001,-0.8362193120000001
10,100,10,25,8,2,8,5n,0,-2,4.805193597867425e-06,58.239226,-0.6262328400000001,-0.17626200000000125
10,200,10,125,8,2,8,5n,0,-2,1.5155658918092582e-05,35.26910649999999,-1.04566531,-0.1175010000000043
10,200,2,125,8,2,8,5n,0,-2,7.70515969294014e-06,13.727079000000003,-1.7935025100000002,-0.3239650000000154
10,50,2,25,8,8,4,10n,0,-2,8.0147375485945e-07,7.593994399999999,1.8520698799999997,-0.4520698799999998
10,100,10,25,8,8,4,10n,0,-2,5.033764758663769e-06,23.946444999999997,1.0455821999999997,0.3544178000000002
10,200,10,125,8,8,4,10n,0,-2,1.5358282688169633e-05,6.195492999999999,0.47791200000000345,0.7720879999999966
10,200,2,125,8,8,4,10n,0,-2,9.159693117240665e-06,23.962679499999993,0.7232850000000042,0.5267149999999958
10,50,2,25,3,8,1,10n,1,0,8.285412573668761e-07,12.131165199999998,0.862367799999999,0.5376322000000009
10,100,10,25,3,8,1,10n,1,0,4.86548617710999e-06,21.667880999999994,0.8048084999999872,0.5951915000000128
10,200,10,125,3,8,1,10n,1,0,1.5035858398982103e-05,5.172792000000002,0.6881180000000029,0.5618819999999971
10,200,2,125,3,8,1,10n,1,0,7.717347636384886e-06,23.277100500000003,0.5845789999999909,0.6654210000000091
10,50,2,25,3,8,1,15n,1,-2,1.1549666440635267e-06,6.858086599999992,2.778269273,-1.378269273
10,100,10,25,3,8,1,15n,1,-2,6.063254120415443e-06,23.368531000000004,2.7851789999999936,-1.3851789999999937
10,200,10,125,3,8,1,15n,1,-2,1.7790581803276824e-05,5.923235500000004,2.5915200000000027,-1.3415200000000027
10,200,2,125,3,8,1,15n,1,-2,9.84781405185329e-06,4.274013999999994,2.613601999999986,-1.363601999999986
10,50,2,25,2,8,8,15n,0,0,9.79336997861768e-07,6.084626400000004,0.43078290000000186,0.969217099999998
10,100,10,25,2,8,8,15n,0,0,5.307470013289067e-06,21.913746,0.5042194999999992,0.8957805000000008
10,200,10,125,2,8,8,15n,0,0,1.600963514011283e-05,5.542843000000005,0.28898000000000934,0.9610199999999907
10,200,2,125,2,8,8,15n,0,0,8.282037978241679e-06,6.4259559999999984,0.35408899999998766,0.8959110000000123
10,50,2,25,8,8,4,35n,1,-2,7.964181138617665e-07,9.958781400000007,2.62105253,-1.2210525300000001
10,100,10,25,8,8,4,35n,1,-2,7.050325824101537e-06,23.350296999999998,2.4307723000000023,-1.0307723000000024
10,200,10,125,8,8,4,35n,1,-2,1.5894407911285652e-05,5.908233999999993,2.1364049999999963,-0.8864049999999963
10,200,2,125,8,8,4,35n,1,-2,9.442825619301965e-06,2.905102499999998,2.182007999999996,-0.9320079999999962
10,50,2,25,6,8,1,25n,1,-2,8.914734884056077e-07,10.002375400000005,2.6021804,-1.2021804
10,100,10,25,6,8,1,25n,1,-2,6.2176876501878445e-06,23.368590999999995,2.4538767999999975,-1.0538767999999976
10,200,10,125,6,8,1,25n,1,-2,1.620340412736282e-05,5.923383000000001,2.1982869999999934,-0.9482869999999934
10,200,2,125,6,8,1,25n,1,-2,9.597038733969423e-06,2.919466,2.236635999999976,-0.9866359999999759
10,50,2,25,3,8,8,25n,0,0,8.628920917305549e-07,6.0846336000000045,0.33775600000000017,1.0622439999999997
10,100,10,25,3,8,8,25n,0,0,4.828314945478497e-06,21.913656,0.38728170000001105,1.0127182999999889
10,200,10,125,3,8,8,25n,0,0,1.4612851054483242e-05,5.5431884999999985,0.18879799999999136,1.0612020000000086
10,200,2,125,3,8,8,25n,0,0,8.173940154465298e-06,2.393662500000005,0.14232699999999454,1.1076730000000055
10,50,2,25,6,8,8,35n,0,0,6.855681921985823e-07,6.0846442000000005,0.16608659999999942,1.2339134000000005
10,100,10,25,6,8,8,35n,0,0,4.819177288471129e-06,21.913572000000002,-0.05048160000000346,1.4504816000000034
10,200,10,125,6,8,8,35n,0,0,1.3199697310363648e-05,5.543571499999998,-0.3659110000000112,1.6159110000000112
10,200,2,125,6,8,8,35n,0,0,7.932532770224076e-06,2.393629500000003,-0.3892230000000154,1.6392230000000154
10,50,2,25,6,2,8,5n,0,-2,6.622965079277508e-07,111.17778400000002,-0.1553366500000002,-0.908202898
10,100,10,25,6,2,8,5n,0,-2,4.995582574641604e-06,58.23958999999999,-0.6262456700000003,-0.4053064000000006
10,200,10,125,6,2,8,5n,0,-2,1.547687386682876e-05,35.26920000000001,-1.04571776,-0.4241469999999765
10,200,2,125,6,2,8,5n,0,-2,7.860701467057898e-06,13.727230500000005,-1.7935327,-0.6231459999999913
10,50,2,25,6,2,8,5n,1,0,6.710750946737354e-07,116.877644,0.40042478999999986,0.5971449
10,100,10,25,6,2,8,5n,1,0,3.9041122162086605e-06,64.27053799999999,0.2803639299999998,0.8077730000000045
10,200,10,125,6,2,8,5n,1,0,1.2487305452621014e-05,37.79484600000001,0.20166405999999992,0.8523250000000075
10,200,2,125,6,2,8,5n,1,0,6.783069200561251e-06,14.265390999999996,0.24618845999999994,0.7753730000000019
10,50,2,25,8,8,1,10n,1,-2,7.710998244595493e-07,7.644095399999998,2.537773545,-1.137773545
10,100,10,25,8,8,1,10n,1,-2,5.316039138063704e-06,23.368606,2.4633288000000007,-1.0633288000000007
10,200,10,125,8,8,1,10n,1,-2,1.562502714650524e-05,5.923362499999996,1.9705399999999997,-0.7205399999999997
10,200,2,125,8,8,1,10n,1,-2,8.912591864227567e-06,23.824581499999994,2.0875139999999988,-0.8375139999999988
10,50,2,25,6,2,4,10n,1,0,6.075200213159651e-07,41.00284880000001,0.7759402999999998,0.6240597000000001
10,100,10,25,6,2,4,10n,1,0,4.316030733397016e-06,23.795314000000005,0.5469395000000019,0.853060499999998
10,200,10,125,6,2,4,10n,1,0,1.3674097506378739e-05,3.8984154999999987,0.403570000000002,0.846429999999998
10,200,2,125,6,2,4,10n,1,0,7.171526160646289e-06,21.650807999999998,0.3800589999999886,0.8699410000000114
10,50,2,25,2,2,8,15n,0,-2,1.3325637843407907e-06,5.277253200000005,2.657508167,-1.2575081670000001
10,100,10,25,2,2,8,15n,0,-2,6.859809616122439e-06,17.703418999999997,2.531098954,-1.131098954
10,200,10,125,2,2,8,15n,0,-2,1.9308613426667384e-05,8.844769999999997,2.4803050000000155,-1.2303050000000155
10,200,2,125,2,2,8,15n,0,-2,9.918490386442752e-06,15.4221955,2.098367939,-1.2298133999999976
10,50,2,25,8,2,4,15n,0,0,6.120675844202382e-07,15.9569556,-0.6785395700000003,2.0785395700000002
10,100,10,25,8,2,4,15n,0,0,4.874189802816592e-06,18.799515,-0.8181128000000002,2.2181128
10,200,10,125,8,2,4,15n,0,0,1.507893323632838e-05,8.939000500000006,-1.2872289999999964,2.5372289999999964
10,200,2,125,8,2,4,15n,0,0,7.804218495397192e-06,22.2411625,-1.3513010000000065,2.6013010000000065
10,50,2,25,1,2,8,25n,1,-2,1.6021614152840944e-06,10.942428800000002,3.167631498,-1.767631498
10,100,10,25,1,2,8,25n,1,-2,8.918617315015928e-06,24.497687999999997,3.0693247000000006,-1.6693247000000007
10,200,10,125,1,2,8,25n,1,-2,2.3675032952314376e-05,6.571560000000005,3.0309118000000126,-1.7809118000000126
10,200,2,125,1,2,8,25n,1,-2,1.077881321967862e-05,2.645919500000005,3.0179210999999952,-1.7679210999999952
10,50,2,25,2,8,8,25n,1,0,9.770824483719584e-07,6.005814799999996,1.0424591999999975,0.35754080000000243
10,100,10,25,2,8,8,25n,1,0,5.407515794110386e-06,21.623070999999996,1.0180765000000007,0.3819234999999992
10,200,10,125,2,8,8,25n,1,0,1.6336807740572495e-05,5.0587170000000015,0.8599399999999946,0.3900600000000054
10,200,2,125,2,8,8,25n,1,0,8.33285447506216e-06,2.159937999999997,0.845168000000001,0.40483199999999897
10,50,2,25,8,2,1,35n,0,-2,6.993815598989613e-07,12.888534199999995,-0.11853279000000017,1.51853279
10,100,10,25,8,2,1,35n,0,-2,6.861381013834844e-06,20.120480999999998,-0.9888142000000024,2.3888142000000023
10,200,10,125,8,2,1,35n,0,-2,1.81322729545176e-05,9.610517000000002,-1.9258839999999964,3.1758839999999964
10,200,2,125,8,2,1,35n,0,-2,1.0057094701956203e-05,3.642768000000004,-1.6568837999999886,2.9068837999999886
10,50,2,25,4,2,4,35n,0,0,8.005979925476256e-07,7.048108600000006,-0.48661360000000053,1.8866136000000004
10,100,10,25,4,2,4,35n,0,0,5.602703257896822e-06,18.799403999999996,-0.5077838000000043,1.9077838000000042
10,200,10,125,4,2,4,35n,0,0,1.5891267843638403e-05,8.9389525,-0.8356009999999969,2.085600999999997
10,200,2,125,4,2,4,35n,0,0,8.516185084246477e-06,2.327073999999996,-0.5741299999999967,1.8241299999999967
10,50,2,25,8,8,1,5n,1,-2,5.093380757300994e-07,65.2340212,1.576425100000003,-0.176425100000003
10,100,10,25,8,8,1,5n,1,-2,5.28348855810871e-06,23.105523,1.6225229999999953,-0.22252299999999536
10,200,10,125,8,8,1,5n,1,-2,1.5444660451110725e-05,3.5077924999999937,1.4530420000000106,-0.2030420000000106
10,200,2,125,8,8,1,5n,1,-2,6.35328331432141e-06,20.7721765,1.4379749999999945,-0.18797499999999445
10,50,2,25,8,2,1,5n,1,0,5.729344917267578e-07,116.876596,-0.021231599999998796,1.4212315999999987
10,100,10,25,8,2,1,5n,1,0,4.061772370427262e-06,64.26129499999999,0.0007779999999910636,1.3992220000000088
10,200,10,125,8,2,1,5n,1,0,1.2494297937641619e-05,37.78702799999999,-0.13728100000000154,1.3872810000000015
10,200,2,125,8,2,1,5n,1,0,6.312921189529454e-06,14.266081499999999,-0.1515190000000075,1.4015190000000075
10,50,2,25,3,2,1,10n,0,-2,8.178420636522643e-07,34.5730868,-0.4373513000000018,1.8373513000000017
10,100,10,25,3,2,1,10n,0,-2,5.777020344332871e-06,17.031396,-0.9814647000000094,2.3814647000000093
10,200,10,125,3,2,1,10n,0,-2,1.8642130586098662e-05,8.539100500000004,-1.2729439999999954,2.5229439999999954
10,200,2,125,3,2,1,10n,0,-2,8.400351720065256e-06,26.284838500000006,-1.1289660000000055,2.3789660000000055
10,50,2,25,1,2,4,10n,1,0,1.0716595962312106e-06,41.00995839999999,1.0722232000000012,0.32777679999999876
10,100,10,25,1,2,4,10n,1,0,6.868020849756247e-06,23.795243999999997,0.994837599999991,0.4051624000000089
10,200,10,125,1,2,4,10n,1,0,2.0622005674441765e-05,3.8950420000000037,0.8890450000000101,0.3609549999999899
10,200,2,125,1,2,4,10n,1,0,8.172717206908858e-06,21.647983999999994,0.615982208,0.3071790000000192
10,50,2,25,1,8,4,15n,1,-2,1.567747830695384e-06,6.853709600000002,3.132196685,-1.732196685
10,100,10,25,1,8,4,15n,1,-2,8.137346893287665e-06,23.349942000000002,3.0185336499999997,-1.6185336499999998
10,200,10,125,1,8,4,15n,1,-2,2.338318166302969e-05,5.9069080000000005,2.9895797000000073,-1.7395797000000073
10,200,2,125,1,8,4,15n,1,-2,1.0684010903571382e-05,4.278925000000001,2.9706908,-1.7206907999999999
10,50,2,25,1,8,1,15n,0,0,1.498779378723554e-06,6.306613799999993,-1.3051745999999995,2.7051745999999994
10,100,10,25,1,8,1,15n,0,0,1.0008189538163372e-05,23.198901000000006,-1.6233599999999968,3.0233599999999967
10,200,10,125,1,8,1,15n,0,0,3.06957822051894e-05,6.753245000000006,-1.701578000000012,2.951578000000012
10,200,2,125,1,8,1,15n,0,0,1.4056644731451394e-05,6.268957999999998,-1.6017360000000167,2.8517360000000167
11,50,2,25,1,2,8,10n,1,-2,1.4662959618896647e-06,28.7265314,3.161227654,-1.7612276540000003
11,100,10,25,1,2,8,10n,1,-2,8.074907240460621e-06,23.828377000000003,3.0695763600000006,-1.6695763600000006
11,200,10,125,1,2,8,10n,1,-2,2.305710845796769e-05,6.978267500000002,3.030844000000002,-1.7808440000000019
11,200,2,125,1,2,8,10n,1,-2,9.701602074460514e-06,27.6040625,2.43023158,-1.7737579999999866
11,50,2,25,8,8,8,15n,0,0,6.104320308174063e-07,5.889760600000002,0.1564249400000004,1.2435750599999995
11,100,10,25,8,8,8,15n,0,0,4.007993579800234e-06,22.463668999999996,-0.2536644000000039,1.6536644000000038
11,200,10,125,8,8,8,15n,0,0,1.2716572759391964e-05,5.634341000000006,-0.659435000000002,1.909435000000002
11,200,2,125,8,8,8,15n,0,0,7.728499566456243e-06,5.621379500000002,-0.6637029999999982,1.9137029999999982
11,50,2,25,8,8,1,25n,1,-2,7.441711798420805e-07,10.084255400000004,2.555496839,-1.155496839
11,100,10,25,8,8,1,25n,1,-2,5.9401570102873526e-06,23.52955900000001,2.290607799999998,-0.890607799999998
11,200,10,125,8,8,1,25n,1,-2,1.5494485214116466e-05,5.996088499999998,1.9663050000000055,-0.7163050000000055
11,200,2,125,8,8,1,25n,1,-2,9.374997378810968e-06,2.870234499999995,2.0191489999999988,-0.7691489999999988
11,50,2,25,6,2,1,10n,0,0,7.81405026689578e-07,65.49753799999999,-2.8090527500000015,4.2090527500000015
11,100,10,25,6,2,1,10n,0,0,8.838760495069915e-06,17.981313999999998,-2.9875744999999996,4.3875744999999995
11,200,10,125,6,2,1,10n,0,0,2.9931918199677236e-05,8.100234,-3.4534940000000063,4.703494000000006
11,200,2,125,6,2,1,10n,0,0,1.670147992664127e-05,10.131153999999995,-3.8884410000000003,5.138441
11,50,2,25,2,8,4,15n,0,-2,1.259624619202323e-06,7.502869599999997,2.149227000000001,-0.7492270000000012
11,100,10,25,2,8,4,15n,0,-2,6.1840739396345024e-06,23.969403000000003,2.0595958999999993,-0.6595958999999993
11,200,10,125,2,8,4,15n,0,-2,1.7919354290032742e-05,6.224657500000006,1.8508410000000026,-0.6008410000000026
11,200,2,125,2,8,4,15n,0,-2,9.886134163734362e-06,3.7361429999999984,1.9085520000000002,-0.6585520000000002
11,50,2,25,2,2,1,15n,1,0,9.493788444031092e-07,4.951007399999995,0.9172406000000008,0.48275939999999906
11,100,10,25,2,2,1,15n,1,0,5.26903561113905e-06,23.981759999999994,0.8600075999999972,0.5399924000000027
11,200,10,125,2,2,1,15n,1,0,1.5880680198558137e-05,4.9352520000000055,0.7344190000000026,0.5155809999999974
11,200,2,125,2,2,1,15n,1,0,7.976219568654158e-06,16.935101500000002,0.709951000000018,0.540048999999982
11,50,2,25,8,2,8,25n,0,0,6.365763466942044e-07,6.089234799999999,0.15684023999999974,1.2431597600000002
11,100,10,25,8,2,8,25n,0,0,4.6736232273490675e-06,18.769333000000003,-0.2505137999999989,1.6505137999999988
11,200,10,125,8,2,8,25n,0,0,1.382889470266183e-05,8.422146999999995,-0.6532270000000153,1.9032270000000153
11,200,2,125,8,2,8,25n,0,0,7.835661536625428e-06,1.832308999999995,-0.6562450000000126,1.9062450000000126
11,50,2,25,4,8,8,25n,1,-2,1.0116904288449937e-06,10.021309599999995,2.847739899,-1.447739899
11,100,10,25,4,8,8,25n,1,-2,6.64648890227779e-06,23.492795,2.816711599999999,-1.4167115999999993
11,200,10,125,4,8,8,25n,1,-2,1.691397719998027e-05,5.973710499999995,2.6160040000000038,-1.3660040000000038
11,200,2,125,4,8,8,25n,1,-2,9.671591284747233e-06,2.844526000000002,2.644553000000002,-1.394553000000002
11,50,2,25,6,8,4,35n,0,0,6.455068656733601e-07,6.795306400000002,-0.5330418600000013,1.9330418600000012
11,100,10,25,6,8,4,35n,0,0,4.736292858846919e-06,22.593166999999994,-0.5988272999999951,1.998827299999995
11,200,10,125,6,8,4,35n,0,0,1.3415532637568098e-05,6.069533500000006,-1.0071640000000173,2.2571640000000173
11,200,2,125,6,8,4,35n,0,0,8.116190666259631e-06,2.523759499999997,-1.0520469999999875,2.3020469999999875
11,50,2,25,3,8,1,35n,0,-2,1.003203711913286e-06,12.367634800000005,0.2130597999999977,1.1869402000000022
11,100,10,25,3,8,1,35n,0,-2,7.602111879809279e-06,25.878442000000003,-0.5392774000000089,1.9392774000000088
11,200,10,125,3,8,1,35n,0,-2,1.8757416972651902e-05,7.072659999999998,-1.1662670000000048,2.416267000000005
11,200,2,125,3,8,1,35n,0,-2,1.023588898117213e-05,3.468062500000002,-0.8077332000000013,2.0577332000000013
11,50,2,25,8,2,8,5n,0,-2,5.431760577343232e-07,105.90763999999999,0.28594049,-0.8369917259999999
11,100,10,25,8,2,8,5n,0,-2,4.738197567340212e-06,43.080288,-0.08151663000000009,-0.10417480000000268
11,200,10,125,8,2,8,5n,0,-2,1.4949646187284467e-05,34.18089599999999,-0.4969494299999999,0.020119999999991478
11,200,2,125,8,2,8,5n,0,-2,7.444296136328705e-06,15.181104500000004,-1.4388477800000001,-0.2600060000000042
11,50,2,25,8,8,8,5n,1,0,4.738375712522837e-07,74.05690379999999,0.7650153500000001,0.6349846499999998
11,100,10,25,8,8,8,5n,1,0,3.971633311223704e-06,21.499352000000002,0.5083550999999971,0.8916449000000028
11,200,10,125,8,8,8,5n,1,0,1.2421714603014405e-05,5.126491999999998,0.24132099999999923,1.0086790000000008
11,200,2,125,8,8,8,5n,1,0,6.904960366834413e-06,14.563222499999995,0.3392000000000053,0.9107999999999947
11,50,2,25,8,8,4,10n,0,-2,7.67212922581552e-07,6.7651805999999945,1.86148977,-0.46148977
11,100,10,25,8,8,4,10n,0,-2,4.970001750332412e-06,23.969448999999994,1.0060479,0.3939520999999999
11,200,10,125,8,8,4,10n,0,-2,1.51465672159686e-05,6.224991999999999,0.3732169999999826,0.8767830000000174
11,200,2,125,8,8,4,10n,0,-2,9.076733597487001e-06,24.888154999999998,0.6082940000000008,0.6417059999999992
11,50,2,25,3,8,1,10n,1,0,8.010625902401537e-07,10.268659,0.8773417000000001,0.5226582999999998
11,100,10,25,3,8,1,10n,1,0,4.676472610019008e-06,22.231660000000005,0.7300643999999976,0.6699356000000023
11,200,10,125,3,8,1,10n,1,0,1.4705717495244926e-05,5.2593885,0.6850340000000017,0.5649659999999983
11,200,2,125,3,8,1,10n,1,0,7.80574157438442e-06,24.451168499999994,0.5810730000000035,0.6689269999999965
11,50,2,25,3,8,1,15n,1,-2,1.1098920524311992e-06,7.463517999999993,2.768440315,-1.368440315
11,100,10,25,3,8,1,15n,1,-2,5.894753906229261e-06,23.529477999999997,2.75049690000001,-1.3504969000000102
11,200,10,125,3,8,1,15n,1,-2,1.7487846630258854e-05,5.995873000000004,2.5850200000000143,-1.3350200000000143
11,200,2,125,3,8,1,15n,1,-2,9.742288912028715e-06,3.784674499999994,2.595046999999994,-1.3450469999999939
11,50,2,25,2,8,8,15n,0,0,9.428039383601996e-07,5.889696200000003,0.4785046999999998,0.9214953000000001
11,100,10,25,2,8,8,15n,0,0,5.149034643945719e-06,22.46377200000001,0.5868003999999956,0.8131996000000044
11,200,10,125,2,8,8,15n,0,0,1.5543506347474613e-05,5.633431999999999,0.35877700000000345,0.8912229999999965
11,200,2,125,2,8,8,15n,0,0,8.164299486729353e-06,5.621388499999995,0.3652940000000058,0.8847059999999942
11,50,2,25,6,8,1,25n,1,-2,8.451253700763182e-07,10.084254000000001,2.613570382,-1.213570382
11,100,10,25,6,8,1,25n,1,-2,6.1530913069521735e-06,23.529542000000006,2.436653700000002,-1.0366537000000022
11,200,10,125,6,8,1,25n,1,-2,1.596528707379218e-05,5.996095999999994,2.1702650000000006,-0.9202650000000006
11,200,2,125,6,8,1,25n,1,-2,9.488640609832523e-06,2.8702360000000056,2.2121370000000127,-0.9621370000000127
11,50,2,25,8,8,4,35n,1,-2,7.545239779952793e-07,10.049456399999997,2.638380745,-1.238380745
11,100,10,25,8,8,4,35n,1,-2,7.00653848392304e-06,23.511461,2.4225545999999993,-1.0225545999999994
11,200,10,125,8,8,4,35n,1,-2,1.578246098069963e-05,5.9842919999999955,2.114471000000009,-0.8644710000000089
11,200,2,125,8,8,4,35n,1,-2,9.331069291034454e-06,2.8573324999999983,2.1630329999999844,-0.9130329999999844
11,50,2,25,3,8,8,25n,0,0,8.283314975730109e-07,6.0004268000000005,0.39191629999999966,1.0080837000000002
11,100,10,25,3,8,8,25n,0,0,4.719634824221372e-06,22.463725999999994,0.36966580000000127,1.0303341999999986
11,200,10,125,3,8,8,25n,0,0,1.4270971029033848e-05,5.633763000000001,0.15259100000000103,1.097408999999999
11,200,2,125,3,8,8,25n,0,0,8.049912333700288e-06,2.3461824999999976,0.12135299999999916,1.1286470000000008
11,50,2,25,6,8,8,35n,0,0,6.582254507958051e-07,6.000640599999997,0.22096723000000074,1.1790327699999992
11,100,10,25,6,8,8,35n,0,0,4.74633073751385e-06,22.463680999999994,-0.06594660000000241,1.4659466000000023
11,200,10,125,6,8,8,35n,0,0,1.2970057118739273e-05,5.634189000000005,-0.40650999999999726,1.6565099999999973
11,200,2,125,6,8,8,35n,0,0,7.812419518899052e-06,2.3461690000000033,-0.41451900000001274,1.6645190000000127
11,50,2,25,6,2,8,5n,0,-2,6.329896231698571e-07,105.90792400000001,0.28593709,-0.9041914019999999
11,100,10,25,6,2,8,5n,0,-2,4.928370668161907e-06,43.080649999999984,-0.08152917000000004,-0.33600420000000497
11,200,10,125,6,2,8,5n,0,-2,1.5271902536805678e-05,34.1813635,-0.4969971900000001,-0.2902870000000064
11,200,2,125,6,2,8,5n,0,-2,7.597587708606834e-06,15.181069500000008,-1.4388726900000002,-0.5600619999999878
11,50,2,25,6,2,8,5n,1,0,6.516509632159878e-07,115.61946,0.5016429819999999,0.5933159999999997
11,100,10,25,6,2,8,5n,1,0,3.8586111196739595e-06,61.889487,0.38918502999999993,0.7997149999999991
11,200,10,125,6,2,8,5n,1,0,1.246539971173263e-05,39.60306249999999,0.28152896400000005,0.8947480000000212
11,200,2,125,6,2,8,5n,1,0,6.716254998570087e-06,16.3253225,0.343730929,0.8030930000000183
11,50,2,25,8,8,1,10n,1,-2,7.318113085832435e-07,6.7936506000000065,2.552107585,-1.152107585
11,100,10,25,8,8,1,10n,1,-2,5.265316750023694e-06,23.52955900000001,2.4599491999999983,-1.0599491999999984
11,200,10,125,8,8,1,10n,1,-2,1.5572218291239952e-05,5.996088499999998,1.9994629999999916,-0.7494629999999916
11,200,2,125,8,8,1,10n,1,-2,8.840348545257131e-06,24.745765000000006,2.055119999999988,-0.8051199999999881
11,50,2,25,6,2,4,10n,1,0,5.891777486673873e-07,39.39567740000001,0.7769632000000004,0.6230367999999995
11,100,10,25,6,2,4,10n,1,0,4.229896609259422e-06,23.963679,0.5376168000000034,0.8623831999999965
11,200,10,125,6,2,4,10n,1,0,1.3402288366427814e-05,4.219566,0.35641499999999837,0.8935850000000016
11,200,2,125,6,2,4,10n,1,0,7.2388515040970595e-06,23.465369999999993,0.362528999999995,0.887471000000005
11,50,2,25,2,2,8,15n,0,-2,1.2868214285841996e-06,6.190866999999997,2.6408836229999997,-1.240883623
11,100,10,25,2,2,8,15n,0,-2,6.6752118878010175e-06,18.451712999999998,2.547404546,-1.1474045460000002
11,200,10,125,2,2,8,15n,0,-2,1.884762409923723e-05,8.588149000000001,2.449434999999994,-1.199434999999994
11,200,2,125,2,2,8,15n,0,-2,9.833579447015898e-06,13.958095999999998,2.2314873090000003,-1.2143079999999884
11,50,2,25,8,2,4,15n,0,0,6.037293789303309e-07,8.877651799999995,-0.6012692700000009,2.0012692700000008
11,100,10,25,8,2,4,15n,0,0,4.643222397361722e-06,18.838589999999996,-0.8448349000000008,2.2448349000000007
11,200,10,125,8,2,4,15n,0,0,1.43620649842643e-05,8.951177000000001,-1.3513420000000167,2.6013420000000167
11,200,2,125,8,2,4,15n,0,0,7.645799664243825e-06,23.981759999999994,-1.3908839999999998,2.640884
11,50,2,25,2,8,8,25n,1,0,9.383145459220985e-07,5.985897399999999,1.056701599999998,0.3432984000000019
11,100,10,25,2,8,8,25n,1,0,5.247622450251159e-06,22.185052,0.9950006999999998,0.40499930000000006
11,200,10,125,2,8,8,25n,1,0,1.5863252855876313e-05,5.163138000000004,0.8457549999999969,0.4042450000000031
11,200,2,125,2,8,8,25n,1,0,8.205966546772105e-06,2.1153505000000052,0.8373259999999902,0.41267400000000976
11,50,2,25,1,2,8,25n,1,-2,1.5550055517502915e-06,10.895714799999993,3.160294627,-1.760294627
11,100,10,25,1,2,8,25n,1,-2,8.681049276021283e-06,23.828377000000003,3.0657309299999995,-1.6657309299999996
11,200,10,125,1,2,8,25n,1,-2,2.288202608268824e-05,7.347396500000002,3.02725700000002,-1.77725700000002
11,200,2,125,1,2,8,25n,1,-2,1.0597867518629558e-05,2.864431499999995,3.0292405999999943,-1.7792405999999943
11,50,2,25,8,2,1,35n,0,-2,6.717910370953447e-07,12.779903599999997,-0.0856428199999999,1.4856428199999998
11,100,10,25,8,2,1,35n,0,-2,6.744745723252099e-06,21.036323999999993,-0.884684200000001,2.284684200000001
11,200,10,125,8,2,1,35n,0,-2,1.7458590455256277e-05,9.308057000000005,-1.9404790000000105,3.1904790000000105
11,200,2,125,8,2,1,35n,0,-2,9.832068966043625e-06,3.5714444999999984,-1.625636600000007,2.875636600000007
11,50,2,25,4,2,4,35n,0,0,7.650567917317562e-07,6.7374054,-0.42211049999999917,1.822110499999999
11,100,10,25,4,2,4,35n,0,0,5.3940308952613955e-06,18.838442999999998,-0.37595189999999556,1.7759518999999955
11,200,10,125,4,2,4,35n,0,0,1.5144670759018098e-05,8.951087000000001,-0.7516430000000014,2.0016430000000014
11,200,2,125,4,2,4,35n,0,0,8.287702867225897e-06,2.262981999999994,-0.5966019999999901,1.84660199999999
11,50,2,25,8,8,1,5n,1,-2,4.933308511891022e-07,63.80706319999999,1.7414913000000012,-0.3414913000000013
11,100,10,25,8,8,1,5n,1,-2,5.198722109299995e-06,23.419134999999997,1.7900470000000097,-0.3900470000000098
11,200,10,125,8,8,1,5n,1,-2,1.5290071477265138e-05,3.6152560000000022,1.6033949999999777,-0.3533949999999777
11,200,2,125,8,8,1,5n,1,-2,6.279558283791832e-06,23.050976500000004,1.5940610000000106,-0.3440610000000106
11,50,2,25,8,2,1,5n,1,0,5.693447804116264e-07,115.619876,0.06392579999999404,1.3360742000000059
11,100,10,25,8,2,1,5n,1,0,4.084479555037664e-06,61.62532999999999,0.08871300000000693,1.311286999999993
11,200,10,125,8,2,1,5n,1,0,1.2730685991731701e-05,39.5912855,-0.05177000000000476,1.3017700000000048
11,200,2,125,8,2,1,5n,1,0,6.3238922616583076e-06,16.325260999999998,-0.0685619999999858,1.3185619999999858
11,50,2,25,3,2,1,10n,0,-2,8.311943025866042e-07,29.760975000000002,-0.1109236999999994,1.5109236999999993
11,100,10,25,3,2,1,10n,0,-2,5.578396408388264e-06,18.925089,-0.7305089000000096,2.1305089000000095
11,200,10,125,3,2,1,10n,0,-2,1.786097101102545e-05,8.233504999999994,-1.1223369999999875,2.3723369999999875
11,200,2,125,3,2,1,10n,0,-2,8.201923523194599e-06,28.61573899999999,-0.8910331999999954,2.1410331999999954
11,50,2,25,1,2,4,10n,1,0,1.04892034475494e-06,39.40244920000001,1.1006317000000023,0.2993682999999976
11,100,10,25,1,2,4,10n,1,0,6.597908125584812e-06,23.962224000000006,1.0147604000000086,0.38523959999999136
11,200,10,125,1,2,4,10n,1,0,1.9811212819721976e-05,4.2160934999999995,0.8920329999999979,0.35796700000000214
11,200,2,125,1,2,4,10n,1,0,8.15046741887024e-06,23.462362499999998,0.593553743,0.28842299999999454
11,50,2,25,1,8,4,15n,1,-2,1.5223212361601265e-06,7.459441999999996,3.1243630209999997,-1.7243630209999998
11,100,10,25,1,8,4,15n,1,-2,7.850050967020236e-06,23.511105,3.0165111000000002,-1.6165111000000003
11,200,10,125,1,8,4,15n,1,-2,2.25615261962476e-05,5.982708500000001,2.9864790000000028,-1.7364790000000028
11,200,2,125,1,8,4,15n,1,-2,1.051789697582398e-05,3.789221999999995,2.9835647000000023,-1.7335647000000023
11,50,2,25,1,8,1,15n,0,0,1.3897830995823258e-06,6.221480600000007,-1.2824586000000004,2.6824586000000004
11,100,10,25,1,8,1,15n,0,0,9.183140619716856e-06,23.466903000000002,-1.629834500000007,3.029834500000007
11,200,10,125,1,8,1,15n,0,0,2.848384089108036e-05,6.8081825,-1.7062860000000057,2.9562860000000057
11,200,2,125,1,8,1,15n,0,0,1.313224058691281e-05,5.496757000000002,-1.5763019999999983,2.8263019999999983
12,50,2,25,6,2,1,10n,0,0,1.074253471760818e-06,59.934350800000004,-2.93485078,4.33485078
12,100,10,25,6,2,1,10n,0,0,1.0823212987111002e-05,20.090180000000004,-3.1130160000000004,4.513016
12,200,10,125,6,2,1,10n,0,0,3.535436852260395e-05,11.451758999999996,-3.6235399999999913,4.873539999999991
12,200,2,125,6,2,1,10n,0,0,2.10744440527402e-05,14.043273,-3.9502960000000087,5.200296000000009
12,50,2,25,1,2,8,10n,1,-2,1.4849541145797006e-06,31.997225399999987,3.191187299999997,-1.7911872999999972
12,100,10,25,1,2,8,10n,1,-2,8.226376664137128e-06,24.430677999999997,3.0938116200000016,-1.6938116200000017
12,200,10,125,1,2,8,10n,1,-2,2.3607543443785496e-05,6.1151835000000005,3.0085060000000112,-1.7585060000000112
12,200,2,125,1,2,8,10n,1,-2,9.77257929430453e-06,25.680147000000005,2.51222807,-1.7447329999999965
12,50,2,25,8,8,1,25n,1,-2,7.795677215011233e-07,9.985761800000006,2.660028132,-1.260028132
12,100,10,25,8,8,1,25n,1,-2,5.976238522588672e-06,23.401863000000006,2.3076750999999986,-0.9076750999999987
12,200,10,125,8,8,1,25n,1,-2,1.56614197694898e-05,5.923119999999996,1.9818509999999776,-0.7318509999999776
12,200,2,125,8,8,1,25n,1,-2,9.490563207553054e-06,2.9130679999999955,2.032393000000013,-0.7823930000000132
12,50,2,25,8,8,8,15n,0,0,6.334292345978542e-07,6.055384200000005,0.08176944000000086,1.318230559999999
12,100,10,25,8,8,8,15n,0,0,4.0827386370101874e-06,22.034259000000006,-0.2352453000000012,1.6352453000000011
12,200,10,125,8,8,8,15n,0,0,1.2907138238342414e-05,5.524102499999998,-0.6358759999999961,1.885875999999996
12,200,2,125,8,8,8,15n,0,0,7.866322292045439e-06,6.503929999999997,-0.6521459999999877,1.9021459999999877
12,50,2,25,2,2,1,15n,1,0,9.762063039472176e-07,4.526220800000004,0.879215400000001,0.5207845999999989
12,100,10,25,2,2,1,15n,1,0,5.327003667346621e-06,23.848412,0.8257537999999953,0.5742462000000046
12,200,10,125,2,2,1,15n,1,0,1.6173656050474873e-05,4.738072500000001,0.748753999999991,0.501246000000009
12,200,2,125,2,2,1,15n,1,0,8.06427486469843e-06,17.222913000000005,0.6996819999999957,0.5503180000000043
12,50,2,25,4,8,8,25n,1,-2,1.0465778716818337e-06,9.922532200000006,2.9209593810000003,-1.5209593810000002
12,100,10,25,4,8,8,25n,1,-2,6.685587323586219e-06,23.365829000000005,2.8232596000000014,-1.4232596000000015
12,200,10,125,4,8,8,25n,1,-2,1.7084772457841338e-05,5.897272499999999,2.620207999999991,-1.370207999999991
12,200,2,125,4,8,8,25n,1,-2,9.774322660536066e-06,2.883617000000001,2.645910999999984,-1.395910999999984
12,50,2,25,2,8,4,15n,0,-2,1.2883911628397467e-06,6.894627200000002,1.9602303000000005,-0.5602303000000006
12,100,10,25,2,8,4,15n,0,-2,6.25495958289455e-06,24.056915000000004,1.8179928000000074,-0.4179928000000075
12,200,10,125,2,8,4,15n,0,-2,1.8164268649505647e-05,6.172230499999999,1.6033590000000117,-0.35335900000001175
12,200,2,125,2,8,4,15n,0,-2,9.972514003599204e-06,4.3593039999999945,1.7690588999999974,-0.5190588999999974
12,50,2,25,8,2,8,25n,0,0,6.625959718222626e-07,6.176932399999998,0.08305539000000062,1.3169446099999993
12,100,10,25,8,2,8,25n,0,0,4.841707252595342e-06,18.870171,-0.23152769999999956,1.6315276999999995
12,200,10,125,8,2,8,25n,0,0,1.4212131068530121e-05,8.446665999999993,-0.6297150000000045,1.8797150000000045
12,200,2,125,8,2,8,25n,0,0,7.995466138877472e-06,1.484906499999994,-0.6430009999999982,1.8930009999999982
12,50,2,25,3,8,1,35n,0,-2,1.0328080459236292e-06,12.303711000000007,-0.1548685000000014,1.5548685000000013
12,100,10,25,3,8,1,35n,0,-2,8.031993848297718e-06,25.860887000000005,-1.0195432999999867,2.4195432999999866
12,200,10,125,3,8,1,35n,0,-2,2.0425444902804574e-05,7.125716999999995,-1.4579750000000047,2.7079750000000047
12,200,2,125,3,8,1,35n,0,-2,1.0904145030124646e-05,3.562657999999999,-1.1408832999999987,2.3908832999999987
12,50,2,25,6,8,4,35n,0,0,6.722052731789643e-07,6.868328399999996,-0.7032662100000011,2.103266210000001
12,100,10,25,6,8,4,35n,0,0,4.88305735112313e-06,22.166165000000007,-0.6306424999999991,2.030642499999999
12,200,10,125,6,8,4,35n,0,0,1.404988489631944e-05,5.982203999999996,-1.1080900000000042,2.3580900000000042
12,200,2,125,6,8,4,35n,0,0,8.432928944299843e-06,2.5658995000000004,-1.0397550000000138,2.2897550000000138
12,50,2,25,8,2,8,5n,0,-2,5.613550267926575e-07,110.68938399999999,-0.0670607700000001,-0.987767319
12,100,10,25,8,2,8,5n,0,-2,4.7553990676444366e-06,57.902883,-0.60963842,-0.13832459999999713
12,200,10,125,8,2,8,5n,0,-2,1.51091287169149e-05,35.17403200000001,-1.05032403,-0.08487999999999829
12,200,2,125,8,2,8,5n,0,-2,7.760227075532552e-06,15.036417000000002,-1.76539262,-0.30919099999999844
12,50,2,25,8,8,8,5n,1,0,4.952128677318043e-07,76.48977199999999,0.7546942400000005,0.6453057599999994
12,100,10,25,8,8,8,5n,1,0,4.008231207057228e-06,20.963122999999996,0.4857978999999957,0.9142021000000042
12,200,10,125,8,8,8,5n,1,0,1.2547499942956344e-05,6.4684620000000015,0.2567630000000065,0.9932369999999935
12,200,2,125,8,8,8,5n,1,0,6.928056483639308e-06,11.982925499999991,0.3541490000000067,0.8958509999999933
12,50,2,25,8,8,4,10n,0,-2,7.87304000543534e-07,7.757343000000005,1.7527496900000012,-0.35274969000000134
12,100,10,25,8,8,4,10n,0,-2,5.004395038132162e-06,24.056948000000006,1.0443392999999985,0.3556607000000014
12,200,10,125,8,8,4,10n,0,-2,1.5257481864612058e-05,6.1722369999999955,0.41766699999999446,0.8323330000000055
12,200,2,125,8,8,4,10n,0,-2,9.170671364692027e-06,24.279643500000006,0.6911649999999838,0.5588350000000162
12,50,2,25,3,8,1,10n,1,0,8.219098071923006e-07,12.186096399999997,0.8501965000000005,0.5498034999999994
12,100,10,25,3,8,1,10n,1,0,4.810802986386268e-06,21.78847500000001,0.7851357000000063,0.6148642999999936
12,200,10,125,3,8,1,10n,1,0,1.4948059187111902e-05,5.172101999999995,0.696678999999989,0.553321000000011
12,200,2,125,3,8,1,10n,1,0,7.772654217041602e-06,23.351834,0.5729760000000113,0.6770239999999887
12,50,2,25,3,8,1,15n,1,-2,1.1425631441889269e-06,6.852361799999996,2.859394768,-1.4593947680000001
12,100,10,25,3,8,1,15n,1,-2,6.000946510961789e-06,23.401831,2.7734045999999863,-1.3734045999999864
12,200,10,125,3,8,1,15n,1,-2,1.7653725428596457e-05,5.923126499999995,2.575969000000015,-1.3259690000000148
12,200,2,125,3,8,1,15n,1,-2,9.833024538841581e-06,4.413195000000002,2.5967100000000016,-1.3467100000000016
12,50,2,25,2,8,8,15n,0,0,9.695496960778598e-07,6.0553912000000025,0.38137060000000167,1.0186293999999982
12,100,10,25,2,8,8,15n,0,0,5.254227742726915e-06,22.034339000000003,0.43689410000001194,0.963105899999988
12,200,10,125,2,8,8,15n,0,0,1.58368354166457e-05,5.523652499999997,0.2224999999999966,1.0275000000000034
12,200,2,125,2,8,8,15n,0,0,8.283422123843589e-06,6.5029499999999985,0.2962009999999964,0.9537990000000036
12,50,2,25,6,8,1,25n,1,-2,8.801867359821609e-07,9.985752199999993,2.713156434,-1.313156434
12,100,10,25,6,8,1,25n,1,-2,6.187052795882727e-06,23.401855999999995,2.4503904000000047,-1.0503904000000048
12,200,10,125,6,8,1,25n,1,-2,1.6122114403343162e-05,5.923159999999996,2.181284000000005,-0.9312840000000051
12,200,2,125,6,8,1,25n,1,-2,9.588158437319378e-06,2.9130664999999993,2.220768000000021,-0.970768000000021
12,50,2,25,3,8,8,25n,0,0,8.55382576907754e-07,6.055387400000001,0.29673859999999896,1.103261400000001
12,100,10,25,3,8,8,25n,0,0,4.791701638105293e-06,22.0343,0.37454799999999855,1.0254520000000014
12,200,10,125,3,8,8,25n,0,0,1.4500819201675731e-05,5.523826999999996,0.15559299999998188,1.0944070000000181
12,200,2,125,3,8,8,25n,0,0,8.18467758993184e-06,2.395590999999996,0.10673399999998878,1.1432660000000112
12,50,2,25,8,8,4,35n,1,-2,7.895054459774035e-07,9.954735799999995,2.732454817,-1.332454817
12,100,10,25,8,8,4,35n,1,-2,7.035783202329823e-06,23.384097999999994,2.4354621999999977,-1.0354621999999978
12,200,10,125,8,8,4,35n,1,-2,1.5854030691727847e-05,5.909552500000005,2.127494000000013,-0.8774940000000129
12,200,2,125,8,8,4,35n,1,-2,9.436693106392891e-06,2.898353499999999,2.1743270000000052,-0.9243270000000052
12,50,2,25,6,8,8,35n,0,0,6.82661462644778e-07,6.0553848,0.1425103999999986,1.2574896000000013
12,100,10,25,6,8,8,35n,0,0,4.804084437056602e-06,22.034267,-0.04992220000000325,1.4499222000000032
12,200,10,125,6,8,8,35n,0,0,1.3162877082959182e-05,5.524024999999995,-0.38885799999999904,1.638857999999999
12,200,2,125,6,8,8,35n,0,0,7.956816636953784e-06,2.395532000000003,-0.410129999999981,1.660129999999981
12,50,2,25,6,2,8,5n,0,-2,6.519916836984141e-07,110.68964199999999,-0.06706473000000002,-1.04870773
12,100,10,25,6,2,8,5n,0,-2,4.933291636499702e-06,57.903231000000005,-0.6096511800000002,-0.36005070000000217
12,200,10,125,6,2,8,5n,0,-2,1.539589438887717e-05,35.17407399999999,-1.05037549,-0.38112100000000737
12,200,2,125,6,2,8,5n,0,-2,7.900716925115693e-06,15.036593499999995,-1.7654240099999998,-0.6007249999999829
12,50,2,25,8,8,1,10n,1,-2,7.630321208067971e-07,7.793604599999994,2.65737999,-1.25737999
12,100,10,25,8,8,1,10n,1,-2,5.3289052122449795e-06,23.401863000000006,2.4960728000000016,-1.0960728000000017
12,200,10,125,8,8,1,10n,1,-2,1.5599251308778635e-05,5.923119999999996,1.9723059999999748,-0.7223059999999748
12,200,2,125,8,8,1,10n,1,-2,8.908349142515468e-06,24.1037695,2.077878999999996,-0.8278789999999958
12,50,2,25,6,2,8,5n,1,0,6.734437123821397e-07,114.91035,0.4227971669999999,0.6038740000000011
12,100,10,25,6,2,8,5n,1,0,3.899326037400451e-06,64.857069,0.2968023099999999,0.8240999000000002
12,200,10,125,6,2,8,5n,1,0,1.2401764921253366e-05,36.96231800000001,0.23241329999999993,0.8835080000000062
12,200,2,125,6,2,8,5n,1,0,6.814145574041525e-06,16.828923500000002,0.26814722700000004,0.7937119999999993
12,50,2,25,6,2,4,10n,1,0,6.060858238399059e-07,41.1597926,0.7707119999999992,0.6292880000000007
12,100,10,25,6,2,4,10n,1,0,4.281200571235263e-06,23.823949,0.5302870000000026,0.8697129999999973
12,200,10,125,6,2,4,10n,1,0,1.3613174953406902e-05,3.9447365000000048,0.393336000000005,0.856663999999995
12,200,2,125,6,2,4,10n,1,0,7.240820250332743e-06,21.174650999999997,0.3714899999999943,0.8785100000000057
12,50,2,25,2,2,8,15n,0,-2,1.318205584690922e-06,5.432681599999995,2.7052043000000032,-1.3052043000000033
12,100,10,25,2,2,8,15n,0,-2,6.778730332930604e-06,17.817386,2.592587746,-1.192587746
12,200,10,125,2,2,8,15n,0,-2,1.9114607810282235e-05,8.835534999999993,2.4472609999999975,-1.1972609999999975
12,200,2,125,2,2,8,15n,0,-2,9.899451201227749e-06,15.509421999999999,2.0920511299999998,-1.2125900000000058
12,50,2,25,8,2,4,15n,0,0,6.162895741247153e-07,15.075684800000003,-0.7733836600000008,2.1733836600000007
12,100,10,25,8,2,4,15n,0,0,4.892147472064594e-06,18.949237999999994,-0.8115600999999999,2.2115601
12,200,10,125,8,2,4,15n,0,0,1.5215926296693177e-05,9.034650999999997,-1.3172390000000007,2.5672390000000007
12,200,2,125,8,2,4,15n,0,0,7.962119861689871e-06,21.747632499999995,-1.3708599999999933,2.6208599999999933
12,50,2,25,1,2,8,25n,1,-2,1.5851967664810912e-06,10.910185999999996,3.194843799999999,-1.7948437999999989
12,100,10,25,1,2,8,25n,1,-2,8.801215215330487e-06,24.430677999999997,3.09090237,-1.6909023699999999
12,200,10,125,1,2,8,25n,1,-2,2.3412112696269907e-05,6.628173000000004,3.0076039999999864,-1.7576039999999864
12,200,2,125,1,2,8,25n,1,-2,1.0737558654363173e-05,2.654774500000002,2.995874000000015,-1.7458740000000148
12,50,2,25,2,8,8,25n,1,0,9.678153647904307e-07,5.979299800000007,1.0380683000000004,0.3619316999999995
12,100,10,25,2,8,8,25n,1,0,5.343693315522455e-06,21.74181,1.0132233000000013,0.38677669999999864
12,200,10,125,2,8,8,25n,1,0,1.6151322880673134e-05,5.059179999999998,0.8442900000000009,0.4057099999999991
12,200,2,125,2,8,8,25n,1,0,8.316260454871442e-06,2.159976499999999,0.829069000000004,0.42093099999999595
12,50,2,25,8,2,1,35n,0,-2,7.020694540897266e-07,12.938496400000005,-0.44882321999999997,1.8488232199999999
12,100,10,25,8,2,1,35n,0,-2,7.1216602932563365e-06,20.259546999999998,-1.3462586999999986,2.7462586999999985
12,200,10,125,8,2,1,35n,0,-2,1.9245790648272662e-05,9.644331500000007,-2.1852859999999907,3.4352859999999907
12,200,2,125,8,2,1,35n,0,-2,1.0522842227083948e-05,3.641717,-1.9775379999999956,3.2275379999999956
12,50,2,25,4,2,4,35n,0,0,7.975575814575715e-07,7.0147347999999985,-0.5954068999999991,1.995406899999999
12,100,10,25,4,2,4,35n,0,0,5.6094881801737884e-06,18.949140999999997,-0.6594535999999978,2.0594535999999977
12,200,10,125,4,2,4,35n,0,0,1.5962762368033117e-05,9.034571999999997,-0.946801999999991,2.196801999999991
12,200,2,125,4,2,4,35n,0,0,8.615386357772843e-06,2.3275019999999955,-0.6380800000000022,1.8880800000000022
12,50,2,25,8,8,1,5n,1,-2,5.086069466441071e-07,65.9415028,1.6188954000000009,-0.21889540000000096
12,100,10,25,8,8,1,5n,1,-2,5.226940088601001e-06,23.138188,1.6654919999999946,-0.26549199999999473
12,200,10,125,8,8,1,5n,1,-2,1.5309682900053965e-05,3.4988369999999946,1.4909250000000043,-0.24092500000000427
12,200,2,125,8,8,1,5n,1,-2,6.342716069500175e-06,21.041881000000004,1.4771669999999801,-0.22716699999998013
12,50,2,25,8,2,1,5n,1,0,5.811801867721586e-07,114.90312599999999,-0.0048680000000005386,1.4048680000000004
12,100,10,25,8,2,1,5n,1,0,4.105680189636526e-06,64.845765,0.017450000000005073,1.3825499999999948
12,200,10,125,8,2,1,5n,1,0,1.252993734276373e-05,36.95992899999999,-0.11945299999999293,1.369452999999993
12,200,2,125,8,2,1,5n,1,0,6.3785929202905805e-06,16.828961500000005,-0.13523500000002286,1.3852350000000229
12,50,2,25,3,2,1,10n,0,-2,8.299575710230233e-07,34.37798280000001,-0.5561321000000015,1.9561321000000014
12,100,10,25,3,2,1,10n,0,-2,6.027718796976352e-06,17.248968000000005,-1.2070959000000046,2.6070959000000045
12,200,10,125,3,2,1,10n,0,-2,1.94009507322577e-05,8.5214165,-1.455206000000004,2.705206000000004
12,200,2,125,3,2,1,10n,0,-2,8.74026723748532e-06,26.535192499999994,-1.2493120000000033,2.4993120000000033
12,50,2,25,1,2,4,10n,1,0,1.0621273503185433e-06,41.16573819999999,1.0581460999999996,0.34185390000000027
12,100,10,25,1,2,4,10n,1,0,6.773848737606876e-06,23.823700000000002,0.9581061999999974,0.44189380000000256
12,200,10,125,1,2,4,10n,1,0,2.0340104008134318e-05,3.942462500000005,0.8638899999999978,0.3861100000000022
12,200,2,125,1,2,4,10n,1,0,8.188905306190888e-06,21.172815999999997,0.630887014,0.3292709999999772
12,50,2,25,1,8,4,15n,1,-2,1.5511285859501341e-06,6.848390199999996,3.1508745999999994,-1.7508745999999995
12,100,10,25,1,8,4,15n,1,-2,8.022457008749363e-06,23.383925000000005,3.04305736,-1.6430573600000002
12,200,10,125,1,8,4,15n,1,-2,2.310945724160275e-05,5.908655499999996,2.959048999999993,-1.7090489999999932
12,200,2,125,1,8,4,15n,1,-2,1.0645373010306308e-05,4.417098999999993,2.950523000000004,-1.700523000000004
12,50,2,25,1,8,1,15n,0,0,1.556194293695556e-06,6.271672800000005,-1.4051995000000006,2.8051995000000005
12,100,10,25,1,8,1,15n,0,0,1.0420347752877837e-05,23.521337000000003,-1.7356200999999971,3.135620099999997
12,200,10,125,1,8,1,15n,0,0,3.171529958384512e-05,6.732438999999999,-1.8179030000000012,3.067903000000001
12,200,2,125,1,8,1,15n,0,0,1.4709587447183086e-05,6.382741999999994,-1.7102840000000015,2.9602840000000015
13,50,2,25,8,8,8,15n,0,0,5.592457052144162e-07,5.831936200000001,0.2337424699999997,1.1662575300000002
13,100,10,25,8,8,8,15n,0,0,3.858928327933602e-06,23.042147999999997,-0.3047564000000009,1.7047564000000008
13,200,10,125,8,8,8,15n,0,0,1.2380325611982808e-05,5.796441500000001,-0.7074250000000006,1.9574250000000006
13,200,2,125,8,8,8,15n,0,0,7.416186713437196e-06,3.730860000000007,-0.6812209999999936,1.9312209999999936
13,50,2,25,1,2,8,10n,1,-2,1.426956607756479e-06,18.4253286,3.043009379,-1.643009379
13,100,10,25,1,2,8,10n,1,-2,7.906615297969993e-06,21.045556000000005,3.0170822499999996,-1.61708225
13,200,10,125,1,2,8,10n,1,-2,2.2044293439616255e-05,8.035068999999993,3.043771399999997,-1.7937713999999971
13,200,2,125,1,2,8,10n,1,-2,9.604206967447307e-06,31.426936000000016,2.212353843,-1.7938529999999844
13,50,2,25,6,2,1,10n,0,0,4.943643855264746e-07,48.47893020000001,-2.3552686,3.7552686
13,100,10,25,6,2,1,10n,0,0,5.33774931174337e-06,18.705241,-2.4980393000000007,3.8980393000000007
13,200,10,125,6,2,1,10n,0,0,1.9284330751100215e-05,8.400043999999994,-2.9714119999999866,4.221411999999987
13,200,2,125,6,2,1,10n,0,0,9.45084543218495e-06,24.738935999999995,-3.584731000000005,4.834731000000005
13,50,2,25,8,8,1,25n,1,-2,6.651536047864581e-07,10.287565799999996,2.197924497,-0.797924497
13,100,10,25,8,8,1,25n,1,-2,5.873166981660958e-06,23.895253999999994,2.2515648999999995,-0.8515648999999996
13,200,10,125,8,8,1,25n,1,-2,1.507237690642157e-05,6.144690999999995,1.9344469999999774,-0.6844469999999774
13,200,2,125,8,8,1,25n,1,-2,9.084414260992102e-06,2.818237499999995,1.9973600000000005,-0.7473600000000005
13,50,2,25,2,8,4,15n,0,-2,1.197206936972107e-06,8.850155,2.002708727,-0.602708727
13,100,10,25,2,8,4,15n,0,-2,6.1552596882148165e-06,24.077126000000007,1.9209218399999999,-0.52092184
13,200,10,125,2,8,4,15n,0,-2,1.755840171142403e-05,6.345166500000005,2.182081000000011,-0.9320810000000108
13,200,2,125,2,8,4,15n,0,-2,9.705743126946373e-06,2.362104000000002,2.190585999999996,-0.9405859999999961
13,50,2,25,4,8,8,25n,1,-2,9.35814476242499e-07,10.272748399999998,2.603726435,-1.203726435
13,100,10,25,4,8,8,25n,1,-2,6.616891667323066e-06,23.851419000000007,2.677773846,-1.2777738459999999
13,200,10,125,4,8,8,25n,1,-2,1.659578503293717e-05,6.124605500000001,2.622613000000001,-1.3726130000000012
13,200,2,125,4,8,8,25n,1,-2,9.43349296534995e-06,2.7985814999999974,2.6500780000000077,-1.4000780000000077
13,50,2,25,2,2,1,15n,1,0,8.862721493936597e-07,5.8054884000000015,0.9291827899999998,0.47081721000000004
13,100,10,25,2,2,1,15n,1,0,5.164635222364334e-06,24.061867000000007,0.9521870999999975,0.4478129000000024
13,200,10,125,2,2,1,15n,1,0,1.546101442445214e-05,5.693951499999997,0.7366820000000018,0.5133179999999982
13,200,2,125,2,2,1,15n,1,0,0.00016767343592736923,165.953834,-2.4672496000000006,3.7172496000000006
13,50,2,25,8,2,8,25n,0,0,5.761957276055411e-07,6.001257199999998,0.22919349000000055,1.1708065099999994
13,100,10,25,8,2,8,25n,0,0,4.3213936494168105e-06,18.544850999999994,-0.308127299999994,1.708127299999994
13,200,10,125,8,2,8,25n,0,0,1.3142162160800705e-05,8.297509500000004,-0.7039639999999849,1.953963999999985
13,200,2,125,8,2,8,25n,0,0,7.480769175266556e-06,2.1076644999999985,-0.6783029999999997,1.9283029999999997
13,50,2,25,6,8,4,35n,0,0,5.921067565805538e-07,6.634732400000005,-0.1994148,1.5994148
13,100,10,25,6,8,4,35n,0,0,4.571396390819822e-06,23.166726999999995,-0.6825665999999999,2.0825666
13,200,10,125,6,8,4,35n,0,0,1.2445627491433089e-05,6.198078499999995,-1.055402000000015,2.305402000000015
13,200,2,125,6,8,4,35n,0,0,7.5332960469494e-06,2.3256609999999966,-1.068684999999988,2.318684999999988
13,50,2,25,3,8,1,35n,0,-2,9.90504541196432e-07,12.327771200000003,0.834787844,0.565212156
13,100,10,25,3,8,1,35n,0,-2,7.203586102801008e-06,25.690066,0.31899228,1.08100772
13,200,10,125,3,8,1,35n,0,-2,1.6201507955341407e-05,6.884231999999997,0.019628799999992452,1.2303712000000075
13,200,2,125,3,8,1,35n,0,-2,9.350514755882942e-06,3.284582999999998,0.49387498799999996,0.756125012
13,50,2,25,8,2,8,5n,0,-2,5.022735736928862e-07,94.81029699999999,0.9187625469999999,-0.358846189
13,100,10,25,8,2,8,5n,0,-2,4.854570853062079e-06,22.285106,0.8688042349999999,-0.09297260000000307
13,200,10,125,8,2,8,5n,0,-2,1.4902897895994058e-05,20.469367500000004,0.46562321799999995,0.17126000000000374
13,200,2,125,8,2,8,5n,0,-2,7.213638860835523e-06,21.848945999999998,-0.76504795,-0.14892400000000805
13,50,2,25,8,8,8,5n,1,0,4.178760260172383e-07,67.03385080000001,0.767870455,0.632129545
13,100,10,25,8,8,8,5n,1,0,3.899184383149465e-06,22.536347000000006,0.5665350000000031,0.8334649999999968
13,200,10,125,8,8,8,5n,1,0,0.0002050260901084554,177.88875,-1.72910303,2.956755900000001
13,200,2,125,8,8,8,5n,1,0,0.0001796342274673927,172.8588305,-1.7877364999999976,3.0377364999999976
13,50,2,25,8,8,4,10n,0,-2,7.241830625028447e-07,5.030739199999999,1.3804275769999999,0.01957242300000006
13,100,10,25,8,8,4,10n,0,-2,4.848361381488154e-06,24.077226999999993,0.8742423000000001,0.5257576999999998
13,200,10,125,8,8,4,10n,0,-2,1.4902282374250161e-05,6.347177000000001,0.3162930000000017,0.9337069999999983
13,200,2,125,8,8,4,10n,0,-2,8.814482697209869e-06,25.204367500000004,0.4562140000000028,0.7937859999999972
13,50,2,25,3,8,1,15n,1,-2,1.0374702013646875e-06,8.804718600000001,2.482578236,-1.082578236
13,100,10,25,3,8,1,15n,1,-2,5.792771146338897e-06,23.895206,2.5865771779999998,-1.1865771779999998
13,200,10,125,3,8,1,15n,1,-2,1.716437651361705e-05,6.143539500000003,2.5940879999999993,-1.3440879999999993
13,200,2,125,3,8,1,15n,1,-2,9.536343162718515e-06,2.3920815000000033,2.6077630000000056,-1.3577630000000056
13,50,2,25,3,8,1,10n,1,0,7.481914393545128e-07,6.6494718000000015,0.8240308789999999,0.575969121
13,100,10,25,3,8,1,10n,1,0,4.467850895627751e-06,22.906384000000003,0.6624835000000018,0.7375164999999981
13,200,10,125,3,8,1,10n,1,0,1.4207535074464674e-05,5.441612000000007,0.6155359999999916,0.6344640000000084
13,200,2,125,3,8,1,10n,1,0,0.00017245764996882924,172.83320149999997,-2.1565146999999953,3.4065146999999953
13,50,2,25,2,8,8,15n,0,0,8.843716351530676e-07,5.830861400000003,0.6603372999999997,0.7396627000000002
13,100,10,25,2,8,8,15n,0,0,4.9798566304684405e-06,23.042249999999996,0.6089851999999865,0.7910148000000135
13,200,10,125,2,8,8,15n,0,0,1.5099334954265197e-05,5.792849500000002,0.4519650000000013,0.7980349999999987
13,200,2,125,2,8,8,15n,0,0,7.93680646779394e-06,3.7349545000000006,0.4358000000000004,0.8141999999999996
13,50,2,25,6,8,1,25n,1,-2,7.673094711890988e-07,10.287586200000007,2.2753792796,-0.8753792796
13,100,10,25,6,8,1,25n,1,-2,6.107515773920195e-06,23.895245000000003,2.38789273,-0.9878927300000002
13,200,10,125,6,8,1,25n,1,-2,1.5612012823672587e-05,6.144588999999996,2.1567810000000236,-0.9067810000000236
13,200,2,125,6,8,1,25n,1,-2,9.23404454468942e-06,2.818237499999995,2.205666000000008,-0.9556660000000079
13,50,2,25,3,8,8,25n,0,0,7.672035438951355e-07,5.952919199999997,0.5371801000000018,0.8628198999999981
13,100,10,25,3,8,8,25n,0,0,4.615730112585978e-06,23.042203999999998,0.3657229999999969,1.034277000000003
13,200,10,125,3,8,8,25n,0,0,1.3925470444120232e-05,5.794258499999999,0.17121099999999956,1.0787890000000004
13,200,2,125,3,8,8,25n,0,0,7.773961781903148e-06,2.1586164999999937,0.16361499999999296,1.086385000000007
13,50,2,25,8,8,4,35n,1,-2,6.751012113867766e-07,10.277070600000002,2.3109241775,-0.9109241775
13,100,10,25,8,8,4,35n,1,-2,6.93965738899986e-06,23.873740999999995,2.3874678000000045,-0.9874678000000046
13,200,10,125,8,8,4,35n,1,-2,1.563339745343167e-05,6.135811500000002,2.0875330000000076,-0.8375330000000076
13,200,2,125,8,8,4,35n,1,-2,9.043837789716807e-06,2.808357000000001,2.1456989999999934,-0.8956989999999934
13,50,2,25,6,8,8,35n,0,0,6.007868415555434e-07,5.953054199999997,0.30097817000000093,1.099021829999999
13,100,10,25,6,8,8,35n,0,0,4.648075309416228e-06,23.042158999999998,-0.1140929000000015,1.5140929000000014
13,200,10,125,6,8,8,35n,0,0,1.2634992306857299e-05,5.795990000000004,-0.4274869999999851,1.677486999999985
13,200,2,125,6,8,8,35n,0,0,7.495685272227749e-06,2.158540500000001,-0.4137510000000191,1.663751000000019
13,50,2,25,6,2,8,5n,0,-2,5.915749804766323e-07,94.81073799999999,0.9187593989999999,-0.45025150999999997
13,100,10,25,6,2,8,5n,0,-2,5.080557240520835e-06,22.285308999999998,0.8688044399999999,-0.35178499999999957
13,200,10,125,6,2,8,5n,0,-2,1.5353134559524283e-05,20.469883999999993,0.46561695299999994,-0.1793920000000071
13,200,2,125,6,2,8,5n,0,-2,7.399274569873449e-06,21.848883,-0.7650603,-0.47714099999998894
13,50,2,25,8,8,1,10n,1,-2,6.591642927984307e-07,5.018796199999997,2.1952724931,-0.7952724931
13,100,10,25,8,8,1,10n,1,-2,4.9867303555128346e-06,23.895253999999994,2.29902201,-0.8990220099999999
13,200,10,125,8,8,1,10n,1,-2,1.532597607131963e-05,6.144690999999995,1.9983229999999992,-0.7483229999999992
13,200,2,125,8,8,1,10n,1,-2,8.637725862485e-06,25.121718,2.0103340000000003,-0.7603340000000003
13,50,2,25,6,2,8,5n,1,0,5.890734273905446e-07,114.97064800000003,0.6918007359999999,0.5928952439999999
13,100,10,25,6,2,8,5n,1,0,3.7217959694036436e-06,51.60498899999999,0.6650779000000013,0.7349220999999986
13,200,10,125,6,2,8,5n,1,0,0.00012991360468343104,171.00113800000003,-2.31660563,2.9475738000000007
13,200,2,125,6,2,8,5n,1,0,0.00017419422899626194,165.98411700000005,-2.26750016,2.91823325
13,50,2,25,6,2,4,10n,1,0,5.459268427106772e-07,34.438643600000006,0.7368492979999999,0.663150702
13,100,10,25,6,2,4,10n,1,0,4.141456128069514e-06,24.037079000000002,0.5563443999999946,0.8436556000000053
13,200,10,125,6,2,4,10n,1,0,0.00017368583161723783,171.020961,-2.31657735,3.3827183999999946
13,200,2,125,6,2,4,10n,1,0,0.00017386175070932867,166.00373150000004,-2.32163042,3.3474438000000006
13,50,2,25,2,2,8,15n,0,-2,1.220824552286602e-06,6.976125199999999,2.293835144,-0.893835144
13,100,10,25,2,2,8,15n,0,-2,6.503936653709553e-06,20.236362,2.346931139,-0.9469311390000001
13,200,10,125,2,2,8,15n,0,-2,1.847708460695161e-05,7.815441500000007,2.473872,-1.223872
13,200,2,125,2,2,8,15n,0,-2,9.68830844708662e-06,9.233475999999996,2.4918930000000046,-1.2418930000000046
13,50,2,25,8,2,4,15n,0,0,5.696834692375575e-07,2.7816296000000023,-0.2734553900000001,1.67345539
13,100,10,25,8,2,4,15n,0,0,4.244208485512932e-06,18.597212,-0.951870499999997,2.351870499999997
13,200,10,125,8,2,4,15n,0,0,1.3030542560253285e-05,8.560952499999999,-1.4393680000000018,2.6893680000000018
13,200,2,125,8,2,4,15n,0,0,7.178588646788096e-06,21.2243845,-1.440230999999983,2.690230999999983
13,50,2,25,1,2,8,25n,1,-2,1.4896914517041888e-06,10.748241199999995,3.041450146,-1.641450146
13,100,10,25,1,2,8,25n,1,-2,8.558851839588921e-06,21.045556000000005,3.01746891,-1.6174689100000001
13,200,10,125,1,2,8,25n,1,-2,2.1907350019257507e-05,8.032333499999993,3.0434218000000044,-1.7934218000000044
13,200,2,125,1,2,8,25n,1,-2,1.03185499077413e-05,2.9708755000000053,3.0458154999999962,-1.7958154999999962
13,50,2,25,2,8,8,25n,1,0,8.754541174195323e-07,5.752064399999995,1.025875785,0.3741242149999999
13,100,10,25,2,8,8,25n,1,0,5.159585941071312e-06,22.857138000000006,1.019074399999988,0.38092560000001185
13,200,10,125,2,8,8,25n,1,0,1.5402717438850647e-05,5.352124000000003,0.8661059999999736,0.3838940000000264
13,200,2,125,2,8,8,25n,1,0,0.00016625849711951032,172.870005,-1.68584449,2.6449996999999996
13,50,2,25,8,2,1,35n,0,-2,6.638897172141718e-07,11.957538200000002,0.663941037,0.736058963
13,100,10,25,8,2,1,35n,0,-2,6.38141533290588e-06,22.575902,0.03823340000000064,1.3617665999999993
13,200,10,125,8,2,1,35n,0,-2,1.4645848346985952e-05,8.339437000000004,-1.488078999999999,2.738078999999999
13,200,2,125,8,2,1,35n,0,-2,8.949794040993878e-06,3.5063724999999977,-0.8187977000000046,2.0687977000000046
13,50,2,25,8,8,1,5n,1,-2,4.527373323668446e-07,57.97979659999999,2.0242064999999996,-0.6242064999999997
13,100,10,25,8,8,1,5n,1,-2,5.158941133893408e-06,23.895253999999994,2.0721650000000067,-0.6721650000000068
13,200,10,125,8,8,1,5n,1,-2,1.5276785635617235e-05,4.0101549999999975,1.8686189999999954,-0.6186189999999954
13,200,2,125,8,8,1,5n,1,-2,6.149317472719342e-06,28.370081,1.8658399999999915,-0.6158399999999915
13,50,2,25,4,2,4,35n,0,0,7.033950587082121e-07,6.486059999999996,-0.0637947000000012,1.4637947000000011
13,100,10,25,4,2,4,35n,0,0,5.0542075930391835e-06,18.596861000000004,-0.2956889000000005,1.6956889000000004
13,200,10,125,4,2,4,35n,0,0,1.3877558490541256e-05,8.560530999999997,-0.5419430000000034,1.7919430000000034
13,200,2,125,4,2,4,35n,0,0,7.718231618678306e-06,2.2601965000000064,-0.5658200000000022,1.8158200000000022
13,50,2,25,8,2,1,5n,1,0,5.248514164627875e-07,114.96775600000001,0.2441899000000034,1.1558100999999965
13,100,10,25,8,2,1,5n,1,0,3.919788162856485e-06,51.534384999999986,0.27538400000001095,1.124615999999989
13,200,10,125,8,2,1,5n,1,0,2.5182217949357486e-05,49.0355385,-0.6527916300000001,1.1262230000000102
13,200,2,125,8,2,1,5n,1,0,0.00018074830055144929,165.94069050000002,-2.881458600000002,4.131458600000002
13,50,2,25,3,2,1,10n,0,-2,8.543055803249915e-07,18.440726400000003,0.7846579999999981,0.6153420000000018
13,100,10,25,3,2,1,10n,0,-2,5.045414507689493e-06,22.268721,0.4034881199999998,0.9965118800000001
13,200,10,125,3,2,1,10n,0,-2,1.5418992311094196e-05,8.266357,-0.01697439999999517,1.2669743999999952
13,200,2,125,3,2,1,10n,0,-2,7.76457423054246e-06,32.218738,0.5055288629999999,0.7444711370000001
13,50,2,25,1,2,4,10n,1,0,1.0246210626656968e-06,34.4489696,1.1528035339999998,0.24719646600000003
13,100,10,25,1,2,4,10n,1,0,6.318396159723124e-06,24.037347999999994,1.1304340700000002,0.26956592999999973
13,200,10,125,1,2,4,10n,1,0,1.8807822762881278e-05,5.159155999999996,0.9914670000000001,0.2585329999999999
13,200,2,125,1,2,4,10n,1,0,0.00017011323790021122,166.0356825,-2.30006764,3.349735000000001
13,50,2,25,1,8,4,15n,1,-2,1.4671659056870648e-06,8.798532800000004,2.989635163,-1.589635163
13,100,10,25,1,8,4,15n,1,-2,7.63415199461914e-06,23.873536999999995,2.96399927,-1.56399927
13,200,10,125,1,8,4,15n,1,-2,2.1533583534584157e-05,6.130604000000005,3.008305799999988,-1.758305799999988
13,200,2,125,1,8,4,15n,1,-2,1.0260174291023827e-05,2.3998670000000004,3.006952500000004,-1.7569525000000041
13,50,2,25,1,8,1,15n,0,0,1.0750058116974428e-06,7.079693599999998,-0.6849307999999987,2.0849307999999986
13,100,10,25,1,8,1,15n,0,0,6.600552791996555e-06,23.355873000000003,-1.0945446999999917,2.4945446999999916
13,200,10,125,1,8,1,15n,0,0,2.1405771158503397e-05,6.970679500000004,-1.2199870000000033,2.4699870000000033
13,200,2,125,1,8,1,15n,0,0,9.881875018557993e-06,3.6337515000000025,-1.060861999999986,2.310861999999986
14,50,2,25,6,2,1,10n,0,0,1.1722569576584216e-06,56.0548688,-2.9758202499999986,4.3758202499999985
14,100,10,25,6,2,1,10n,0,0,1.152007962462834e-05,21.845010000000002,-3.122298999999997,4.522298999999997
14,200,10,125,6,2,1,10n,0,0,3.73086644601993e-05,12.928533000000002,-3.6581119999999885,4.9081119999999885
14,200,2,125,6,2,1,10n,0,0,2.2749097621332725e-05,14.965706499999996,-3.9823089999999866,5.2323089999999866
14,50,2,25,1,2,8,10n,1,-2,1.4802289039717676e-06,32.92165360000001,3.1645319000000014,-1.7645319000000015
14,100,10,25,1,2,8,10n,1,-2,8.183036328407618e-06,24.485166000000007,3.1049213000000093,-1.7049213000000094
14,200,10,125,1,2,8,10n,1,-2,2.3580152595828834e-05,5.9496209999999925,2.976706000000007,-1.7267060000000072
14,200,2,125,1,2,8,10n,1,-2,9.770336705138925e-06,25.313365000000005,2.5793366300000002,-1.713105999999982
14,50,2,25,8,8,1,25n,1,-2,7.841240686998115e-07,9.958307199999993,2.6666814700000008,-1.2666814700000009
14,100,10,25,8,8,1,25n,1,-2,5.972810282297164e-06,23.371635999999995,2.315988800000001,-0.9159888000000009
14,200,10,125,8,8,1,25n,1,-2,1.566950033967326e-05,5.900698500000004,1.98034100000001,-0.7303410000000099
14,200,2,125,8,8,1,25n,1,-2,9.516376962487058e-06,2.9213385000000045,2.032956000000013,-0.7829560000000129
14,50,2,25,8,8,8,15n,0,0,6.391185880076727e-07,6.079546800000003,0.041092160000000266,1.3589078399999996
14,100,10,25,8,8,8,15n,0,0,4.09986602401522e-06,21.97497,-0.22269880000000208,1.622698800000002
14,200,10,125,8,8,8,15n,0,0,1.297519491712603e-05,5.482344499999997,-0.6321010000000058,1.8821010000000058
14,200,2,125,8,8,8,15n,0,0,7.925322976658254e-06,6.795742000000005,-0.6545859999999948,1.9045859999999948
14,50,2,25,2,2,1,15n,1,0,9.772167162175632e-07,4.413679200000004,0.854969499999997,0.5450305000000029
14,100,10,25,2,2,1,15n,1,0,5.293944215468403e-06,23.855351999999996,0.7877638000000018,0.6122361999999981
14,200,10,125,2,2,1,15n,1,0,1.612987877177713e-05,4.716139999999996,0.741928999999999,0.508071000000001
14,200,2,125,2,2,1,15n,1,0,8.090394906756095e-06,17.361593999999997,0.682153999999997,0.567846000000003
14,50,2,25,8,2,8,25n,0,0,6.692962944237295e-07,6.204702800000007,0.042983769999999755,1.3570162300000002
14,100,10,25,8,2,8,25n,0,0,4.876026668407342e-06,19.003411,-0.2188766000000002,1.6188766
14,200,10,125,8,2,8,25n,0,0,1.4305135991905883e-05,8.499514500000004,-0.6267399999999839,1.8767399999999839
14,200,2,125,8,2,8,25n,0,0,8.057904175525078e-06,1.482284000000007,-0.6467399999999941,1.896739999999994
14,50,2,25,2,8,4,15n,0,-2,1.2848308888359222e-06,6.731441200000006,1.8161342999999994,-0.4161342999999995
14,100,10,25,2,8,4,15n,0,-2,6.222249049687503e-06,24.133698999999993,1.6424316999999973,-0.24243169999999736
14,200,10,125,2,8,4,15n,0,-2,1.8101567426577254e-05,6.146006,1.418799000000007,-0.16879900000000703
14,200,2,125,2,8,4,15n,0,-2,9.975868122936388e-06,4.621077499999998,1.6439180000000135,-0.39391800000001354
14,50,2,25,4,8,8,25n,1,-2,1.0470865874356331e-06,9.895432999999997,2.964606600000001,-1.5646066000000012
14,100,10,25,4,8,8,25n,1,-2,6.663895306793474e-06,23.337632999999997,2.8213874000000003,-1.4213874000000004
14,200,10,125,4,8,8,25n,1,-2,1.7047592363462387e-05,5.877675999999995,2.6107500000000243,-1.3607500000000243
14,200,2,125,4,8,8,25n,1,-2,9.798052710317016e-06,2.890378999999996,2.6390180000000214,-1.3890180000000214
14,50,2,25,3,8,1,35n,0,-2,1.0474380649497877e-06,12.287249599999996,-0.5374970000000023,1.9374970000000022
14,100,10,25,3,8,1,35n,0,-2,8.410760445248525e-06,25.923833999999996,-1.3986157999999933,2.798615799999993
14,200,10,125,3,8,1,35n,0,-2,2.1675217722649248e-05,7.150531000000001,-1.7006629999999916,2.9506629999999916
14,200,2,125,3,8,1,35n,0,-2,1.151822857011058e-05,3.5874900000000025,-1.367539999999991,2.617539999999991
14,50,2,25,8,8,8,5n,1,0,5.029353768151213e-07,77.0398324,0.7479262899999983,0.6520737100000016
14,100,10,25,8,8,8,5n,1,0,3.999596929133572e-06,20.899946999999997,0.4720552999999952,0.9279447000000047
14,200,10,125,8,8,8,5n,1,0,1.2523328753611058e-05,7.032747499999999,0.24505999999999517,1.0049400000000048
14,200,2,125,8,8,8,5n,1,0,6.967760301379472e-06,10.176018999999997,0.3493489999999895,0.9006510000000105
14,50,2,25,6,8,4,35n,0,0,6.804324872037172e-07,6.928999599999997,-0.8332294899999995,2.2332294899999994
14,100,10,25,6,8,4,35n,0,0,4.956172668432525e-06,22.108445000000003,-0.8254070999999983,2.225407099999998
14,200,10,125,6,8,4,35n,0,0,1.434108317669879e-05,5.9503660000000025,-1.194878999999986,2.444878999999986
14,200,2,125,6,8,4,35n,0,0,8.606352405103898e-06,2.572799500000002,-1.0584589999999992,2.308458999999999
14,50,2,25,8,2,8,5n,0,-2,5.649115866663994e-07,110.81074000000001,-0.09456385000000012,-1.0682389400000005
14,100,10,25,8,2,8,5n,0,-2,4.764309711228361e-06,59.498975,-0.7274004999999999,-0.12449490000000196
14,200,10,125,8,2,8,5n,0,-2,1.5170217667408551e-05,33.96650650000001,-1.1880190800000001,-0.09019000000000688
14,200,2,125,8,2,8,5n,0,-2,7.883860706272019e-06,17.107530499999996,-1.82394575,-0.31729400000000396
14,50,2,25,8,8,4,10n,0,-2,7.842840207285132e-07,8.138565600000007,1.6096097500000002,-0.20960975000000026
14,100,10,25,8,8,4,10n,0,-2,4.998061598433445e-06,24.13369,1.0578236000000003,0.3421763999999996
14,200,10,125,8,8,4,10n,0,-2,1.5225780443125941e-05,6.1457254999999975,0.391114999999985,0.858885000000015
14,200,2,125,8,8,4,10n,0,-2,9.224738114454304e-06,24.211766999999995,0.6942809999999895,0.5557190000000105
14,50,2,25,3,8,1,10n,1,0,8.22700007161333e-07,12.751825600000004,0.8288328999999997,0.5711671000000003
14,100,10,25,3,8,1,10n,1,0,4.805460431286778e-06,21.731710000000007,0.7804950999999902,0.6195049000000097
14,200,10,125,3,8,1,10n,1,0,1.4956127718077452e-05,5.150951000000007,0.6946740000000204,0.5553259999999796
14,200,2,125,3,8,1,10n,1,0,7.794137293727756e-06,22.986074000000002,0.5633930000000191,0.6866069999999809
14,50,2,25,3,8,1,15n,1,-2,1.142325527983958e-06,6.686756399999992,2.9002843000000005,-1.5002843000000006
14,100,10,25,3,8,1,15n,1,-2,5.9848753787246235e-06,23.371594,2.7723521000000004,-1.3723521000000005
14,200,10,125,3,8,1,15n,1,-2,1.760427744165732e-05,5.900859499999996,2.5617459999999994,-1.3117459999999994
14,200,2,125,3,8,1,15n,1,-2,9.845542652684918e-06,4.668642500000004,2.5852990000000204,-1.3352990000000204
14,50,2,25,2,8,8,15n,0,0,9.69741866179605e-07,6.079584999999995,0.31660349999999715,1.0833965000000028
14,100,10,25,2,8,8,15n,0,0,5.2484516633321245e-06,21.975071999999997,0.34474710000000064,1.0552528999999993
14,200,10,125,2,8,8,15n,0,0,1.580846988153354e-05,5.482243499999995,0.13374500000000467,1.1162549999999953
14,200,2,125,2,8,8,15n,0,0,8.320128576493492e-06,6.793970000000002,0.22111599999999498,1.028884000000005
14,50,2,25,6,8,1,25n,1,-2,8.820714750822441e-07,9.958299199999999,2.732694,-1.332694
14,100,10,25,6,8,1,25n,1,-2,6.1754868071249345e-06,23.371628,2.452867599999999,-1.052867599999999
14,200,10,125,6,8,1,25n,1,-2,1.6095029261475286e-05,5.900756999999999,2.173770999999988,-0.9237709999999879
14,200,2,125,6,8,1,25n,1,-2,9.617857733691781e-06,2.921329499999999,2.214348000000001,-0.9643480000000011
14,50,2,25,3,8,8,25n,0,0,8.57390160370668e-07,6.0795690000000056,0.23625499999999766,1.1637450000000022
14,100,10,25,3,8,8,25n,0,0,4.788767234607408e-06,21.97502,0.35446059999999013,1.0455394000000098
14,200,10,125,3,8,8,25n,0,0,1.449925272570674e-05,5.482286999999999,0.09755200000000741,1.1524479999999926
14,200,2,125,3,8,8,25n,0,0,8.23081854096753e-06,2.405203,0.07571899999999232,1.1742810000000077
14,50,2,25,6,8,8,35n,0,0,6.873390902589936e-07,6.079551400000001,0.09587950000000012,1.3041204999999998
14,100,10,25,6,8,8,35n,0,0,4.81217943794722e-06,21.974977999999993,-0.04279910000000209,1.442799100000002
14,200,10,125,6,8,8,35n,0,0,1.3205732410835125e-05,5.4823174999999935,-0.3945369999999855,1.6445369999999855
14,200,2,125,6,8,8,35n,0,0,8.01466378097725e-06,2.405105500000005,-0.4200439999999901,1.67004399999999
14,50,2,25,8,8,4,35n,1,-2,7.948434382938559e-07,9.929947600000006,2.7534936800000005,-1.3534936800000006
14,100,10,25,8,8,4,35n,1,-2,7.033509394399351e-06,23.354854000000003,2.443056,-1.043056
14,200,10,125,8,8,4,35n,1,-2,1.584784411687311e-05,5.887730000000005,2.12727799999999,-0.8772779999999898
14,200,2,125,8,8,4,35n,1,-2,9.47300422666758e-06,2.9058914999999956,2.1752899999999897,-0.9252899999999897
14,50,2,25,6,2,8,5n,1,0,6.784922489692885e-07,113.046214,0.41906142299999993,0.6115880999999987
14,100,10,25,6,2,8,5n,1,0,3.89967285562202e-06,65.53840500000001,0.2879707699999998,0.8408404000000047
14,200,10,125,6,2,8,5n,1,0,1.233146849406351e-05,35.248763499999995,0.22278796999999995,0.901424999999989
14,200,2,125,6,2,8,5n,1,0,6.867514231138516e-06,18.488069499999995,0.26523850800000004,0.8002659999999935
14,50,2,25,6,2,8,5n,0,-2,6.528163659573932e-07,110.81089,-0.09456827000000012,-1.1608488000000001
14,100,10,25,6,2,8,5n,0,-2,4.931879406061412e-06,59.499165000000005,-0.7274137199999999,-0.33628269999999816
14,200,10,125,6,2,8,5n,0,-2,1.5423422255065387e-05,33.96637849999999,-1.1880715999999998,-0.37753400000002557
14,200,2,125,6,2,8,5n,0,-2,8.02403590741543e-06,17.107755999999995,-1.8239801400000002,-0.5997619999999984
14,50,2,25,6,2,4,10n,1,0,6.092093360352064e-07,41.738893399999995,0.7631985999999986,0.6368014000000013
14,100,10,25,6,2,4,10n,1,0,4.2740204462392046e-06,23.830623000000006,0.517584899999997,0.8824151000000029
14,200,10,125,6,2,4,10n,1,0,1.3627922006810435e-05,3.9183629999999994,0.3962659999999971,0.8537340000000029
14,200,2,125,6,2,4,10n,1,0,7.287240411268316e-06,19.9774005,0.36903499999999667,0.8809650000000033
14,50,2,25,8,8,1,10n,1,-2,7.668355034611317e-07,8.176728600000004,2.71250874,-1.3125087400000002
14,100,10,25,8,8,1,10n,1,-2,5.360465447817588e-06,23.371635999999995,2.528625999999997,-1.128625999999997
14,200,10,125,8,8,1,10n,1,-2,1.5590513892577368e-05,5.900698500000004,1.9694369999999992,-0.7194369999999992
14,200,2,125,8,8,1,10n,1,-2,8.932070048111587e-06,24.021379499999995,2.0818370000000073,-0.8318370000000073
14,50,2,25,2,2,8,15n,0,-2,1.3163516148249845e-06,5.343553400000006,2.6280161000000013,-1.2280161000000014
14,100,10,25,2,2,8,15n,0,-2,6.7504383810378065e-06,17.761331,2.5781318999999967,-1.1781318999999968
14,200,10,125,2,2,8,15n,0,-2,1.905489079458987e-05,8.880124499999994,2.3803299999999865,-1.1303299999999865
14,200,2,125,2,2,8,15n,0,-2,9.902828989027534e-06,15.925905999999998,2.058674628,-1.1898869999999988
14,50,2,25,8,2,4,15n,0,0,6.229647003430674e-07,16.231318799999997,-0.8986645200000001,2.29866452
14,100,10,25,8,2,4,15n,0,0,4.9877581186202905e-06,19.089208999999997,-0.7960590999999995,2.1960590999999994
14,200,10,125,8,2,4,15n,0,0,1.55623585882261e-05,9.107681,-1.3612449999999967,2.6112449999999967
14,200,2,125,8,2,4,15n,0,0,8.181054888029265e-06,20.242348500000006,-1.374951999999979,2.624951999999979
14,50,2,25,1,2,8,25n,1,-2,1.580303614748577e-06,10.889815400000002,3.1621952999999983,-1.7621952999999984
14,100,10,25,1,2,8,25n,1,-2,8.754421831412738e-06,24.485166000000007,3.0943484999999895,-1.6943484999999896
14,200,10,125,1,2,8,25n,1,-2,2.336789070458644e-05,6.486749000000003,2.976649000000009,-1.726649000000009
14,200,2,125,1,2,8,25n,1,-2,1.0745644230525817e-05,2.6028519999999986,2.9637419999999963,-1.7137419999999963
14,50,2,25,2,8,8,25n,1,0,9.690142575600653e-07,6.007273600000006,1.0283129999999985,0.37168700000000143
14,100,10,25,2,8,8,25n,1,0,5.330114224506474e-06,21.684521000000004,1.0186945999999977,0.38130540000000224
14,200,10,125,2,8,8,25n,1,0,1.6101759367615962e-05,5.037082499999997,0.8334490000000017,0.41655099999999834
14,200,2,125,2,8,8,25n,1,0,8.335691797446925e-06,2.174801000000002,0.81570099999999,0.43429900000001
14,50,2,25,8,2,1,35n,0,-2,7.177690673976064e-07,12.993914399999994,-0.8209475900000007,2.2209475900000006
14,100,10,25,8,2,1,35n,0,-2,7.498149947758261e-06,20.170529000000002,-1.6326960000000015,3.0326960000000014
14,200,10,125,8,2,1,35n,0,-2,2.0627485329711238e-05,9.720894999999999,-2.39308699999998,3.64308699999998
14,200,2,125,8,2,1,35n,0,-2,1.1163808584460315e-05,3.6592619999999982,-2.2117760000000004,3.4617760000000004
14,50,2,25,4,2,4,35n,0,0,8.055423261806418e-07,7.0795169999999965,-0.7288947999999995,2.1288947999999994
14,100,10,25,4,2,4,35n,0,0,5.687860687908718e-06,19.089194000000006,-0.8384995999999973,2.2384995999999973
14,200,10,125,4,2,4,35n,0,0,1.62537984006875e-05,9.107762500000007,-1.0712880000000098,2.32128800000001
14,200,2,125,4,2,4,35n,0,0,8.783097733505124e-06,2.3387149999999934,-0.7235729999999876,1.9735729999999876
14,50,2,25,8,8,1,5n,1,-2,5.117805024098165e-07,66.826911,1.6188070999999993,-0.21880709999999937
14,100,10,25,8,8,1,5n,1,-2,5.193781854516988e-06,23.108823,1.665921999999989,-0.2659219999999891
14,200,10,125,8,8,1,5n,1,-2,1.5213761989404933e-05,3.4665860000000066,1.4906430000000057,-0.2406430000000057
14,200,2,125,8,8,1,5n,1,-2,6.350597175950352e-06,20.701881999999998,1.4774610000000052,-0.22746100000000524
14,50,2,25,8,2,1,5n,1,0,5.872371350370599e-07,113.06304600000001,-0.010832900000002699,1.4108329000000026
14,100,10,25,8,2,1,5n,1,0,4.1325267054512894e-06,65.52760799999999,0.012886000000003062,1.3871139999999968
14,200,10,125,8,2,1,5n,1,0,1.255241821904299e-05,35.241600000000005,-0.12201799999999707,1.372017999999997
14,200,2,125,8,2,1,5n,1,0,6.446746230609868e-06,18.487564500000005,-0.1390350000000069,1.389035000000007
14,50,2,25,1,2,4,10n,1,0,1.0583896664915503e-06,41.74401040000001,1.0362757999999999,0.36372420000000005
14,100,10,25,1,2,4,10n,1,0,6.758667058362673e-06,23.830562999999998,0.9138263999999992,0.48617360000000076
14,200,10,125,1,2,4,10n,1,0,2.0276103998462562e-05,3.9170249999999953,0.8396149999999807,0.4103850000000193
14,200,2,125,1,2,4,10n,1,0,8.208823183009576e-06,19.9763595,0.631068807,0.36042500000002065
14,50,2,25,3,2,1,10n,0,-2,8.422465296760051e-07,35.360100999999986,-0.783223,2.183223
14,100,10,25,3,2,1,10n,0,-2,6.382300920718046e-06,16.931557999999995,-1.4714741000000005,2.8714741000000004
14,200,10,125,3,2,1,10n,0,-2,2.0452426731468216e-05,8.541597999999993,-1.6568940000000225,2.9068940000000225
14,200,2,125,3,2,1,10n,0,-2,9.200897704015275e-06,26.147999999999996,-1.410808000000003,2.660808000000003
14,50,2,25,1,8,1,15n,0,0,1.6473057485905596e-06,6.292834400000004,-1.4989644999999983,2.898964499999998
14,100,10,25,1,8,1,15n,0,0,1.1074467231600018e-05,23.712638999999996,-1.8382858,3.2382858
14,200,10,125,1,8,1,15n,0,0,3.336342612346591e-05,6.742888500000006,-1.9261110000000201,3.17611100000002
14,200,2,125,1,8,1,15n,0,0,1.5654941554864775e-05,6.6844454999999945,-1.8212240000000008,3.071224000000001
14,50,2,25,1,8,4,15n,1,-2,1.5469242496101572e-06,6.683010800000005,3.1133815000000005,-1.7133815000000006
14,100,10,25,1,8,4,15n,1,-2,7.99092446037488e-06,23.354596,3.0413629999999983,-1.6413629999999984
14,200,10,125,1,8,4,15n,1,-2,2.3060393405828255e-05,5.888906500000005,2.9228490000000136,-1.6728490000000136
14,200,2,125,1,8,4,15n,1,-2,1.065124780072629e-05,4.671218499999995,2.913774999999987,-1.663774999999987
15,50,2,25,8,8,1,25n,1,-2,7.56813994648105e-07,10.023543599999996,2.6692175599999994,-1.2692175599999995
15,100,10,25,8,8,1,25n,1,-2,5.944971079087887e-06,23.477503,2.3011927000000028,-0.9011927000000028
15,200,10,125,8,8,1,25n,1,-2,1.5544953558068968e-05,5.9581005000000005,1.967807999999991,-0.7178079999999909
15,200,2,125,8,8,1,25n,1,-2,9.435822576857822e-06,2.8850895000000065,2.0219319999999925,-0.7719319999999925
15,50,2,25,8,8,8,15n,0,0,6.211085571254609e-07,5.948658600000001,0.11434666000000027,1.2856533399999996
15,100,10,25,8,8,8,15n,0,0,4.039160210849198e-06,22.321870000000004,-0.23829140000000004,1.6382914
15,200,10,125,8,8,8,15n,0,0,1.279178489258124e-05,5.562775000000001,-0.6533909999999992,1.9033909999999992
15,200,2,125,8,8,8,15n,0,0,7.813941381340117e-06,6.087207500000005,-0.6615219999999908,1.9115219999999908
15,50,2,25,6,2,1,10n,0,0,9.142090991193878e-07,61.8897278,-2.8832018199999987,4.283201819999999
15,100,10,25,6,2,1,10n,0,0,9.857062310910235e-06,18.15925,-3.026933499999997,4.426933499999997
15,200,10,125,6,2,1,10n,0,0,3.29097933838667e-05,8.828126999999995,-3.5336340000000064,4.783634000000006
15,200,2,125,6,2,1,10n,0,0,1.906482273316651e-05,12.874996999999993,-3.934808000000004,5.184808000000004
15,50,2,25,1,2,8,10n,1,-2,1.4662195506699654e-06,30.488912599999995,3.1889034999999963,-1.7889034999999964
15,100,10,25,1,2,8,10n,1,-2,8.055145058950601e-06,24.116384999999994,3.098601270000001,-1.698601270000001
15,200,10,125,1,2,8,10n,1,-2,2.31565783921972e-05,6.6153189999999995,3.009287999999998,-1.759287999999998
15,200,2,125,1,2,8,10n,1,-2,9.713606473214991e-06,26.763396999999994,2.51293674,-1.741991000000013
15,50,2,25,2,8,4,15n,0,-2,1.2639118642719828e-06,7.208198600000003,1.9808190999999993,-0.5808190999999994
15,100,10,25,2,8,4,15n,0,-2,6.167169172996416e-06,24.07405199999999,1.8506694000000095,-0.45066940000000955
15,200,10,125,2,8,4,15n,0,-2,1.7908976361686438e-05,6.187714,1.630283999999989,-0.38028399999998896
15,200,2,125,2,8,4,15n,0,-2,9.910083926566548e-06,4.120625000000004,1.8196928000000057,-0.5696928000000057
15,50,2,25,2,2,1,15n,1,0,9.56855677031813e-07,4.756962200000004,0.8920840999999995,0.5079159000000004
15,100,10,25,2,2,1,15n,1,0,5.255027560802198e-06,23.956700999999995,0.8184928000000098,0.5815071999999901
15,200,10,125,2,2,1,15n,1,0,1.5894537541148086e-05,4.866416000000001,0.7277649999999767,0.5222350000000233
15,200,2,125,2,2,1,15n,1,0,8.022123058089733e-06,17.198902000000004,0.6916040000000123,0.5583959999999877
15,50,2,25,4,8,8,25n,1,-2,1.0198205457340096e-06,9.951920000000001,2.941940705,-1.541940705
15,100,10,25,4,8,8,25n,1,-2,6.631862292547719e-06,23.442725999999993,2.8145572000000043,-1.4145572000000044
15,200,10,125,4,8,8,25n,1,-2,1.691677826842657e-05,5.936938999999995,2.6077899999999943,-1.3577899999999943
15,200,2,125,4,8,8,25n,1,-2,9.717005381719391e-06,2.857123999999999,2.637018000000012,-1.3870180000000119
15,50,2,25,8,2,8,25n,0,0,6.488318879415057e-07,6.080485999999994,0.11582788999999982,1.28417211
15,100,10,25,8,2,8,25n,0,0,4.737959243308052e-06,18.904221000000007,-0.23486469999999438,1.6348646999999943
15,200,10,125,8,2,8,25n,0,0,1.3973401018540133e-05,8.4339595,-0.6460109999999872,1.8960109999999872
15,200,2,125,8,2,8,25n,0,0,7.929979334467896e-06,1.6277864999999991,-0.652339000000012,1.902339000000012
15,50,2,25,3,8,1,35n,0,-2,1.015382830362175e-06,12.341393999999994,-0.21076019999999973,1.6107601999999996
15,100,10,25,3,8,1,35n,0,-2,7.970575323550539e-06,25.939616,-1.063840899999994,2.463840899999994
15,200,10,125,3,8,1,35n,0,-2,2.0176158323454917e-05,7.113869500000008,-1.4708269999999857,2.7208269999999857
15,200,2,125,3,8,1,35n,0,-2,1.0850630662157747e-05,3.5142814999999956,-1.1415566000000013,2.3915566000000013
15,50,2,25,6,8,4,35n,0,0,6.583224290014576e-07,6.849573800000002,-0.6803538899999997,2.0803538899999996
15,100,10,25,6,8,4,35n,0,0,4.817069100735558e-06,22.452442000000005,-0.5827299000000026,1.9827299000000025
15,200,10,125,6,8,4,35n,0,0,1.3798394615453479e-05,6.008113499999992,-1.092455000000001,2.342455000000001
15,200,2,125,6,8,4,35n,0,0,8.328627341773299e-06,2.549299000000005,-1.0632590000000164,2.3132590000000164
15,50,2,25,8,2,8,5n,0,-2,5.472754053685084e-07,107.76072600000002,0.1913802,-1.0244515857
15,100,10,25,8,2,8,5n,0,-2,4.708388991669719e-06,49.80944500000001,-0.3139125300000001,-0.0951999999999984
15,200,10,125,8,2,8,5n,0,-2,1.4946032977505193e-05,35.71649400000001,-0.7603592799999999,-0.005209000000007791
15,200,2,125,8,2,8,5n,0,-2,7.6265027454523925e-06,14.891676000000004,-1.5633397100000002,-0.2782270000000011
15,50,2,25,8,8,8,5n,1,0,4.86747726247532e-07,75.24259839999999,0.7571080900000005,0.6428919099999995
15,100,10,25,8,8,8,5n,1,0,3.975111139666579e-06,21.337303000000006,0.4911059000000022,0.9088940999999977
15,200,10,125,8,8,8,5n,1,0,1.2417731572305962e-05,5.774480499999995,0.22916299999999978,1.0208370000000002
15,200,2,125,8,8,8,5n,1,0,6.946572688572005e-06,12.224817000000003,0.33807899999999336,0.9119210000000066
15,50,2,25,8,8,4,10n,0,-2,7.677633645840766e-07,7.310783999999999,1.7825804099999991,-0.3825804099999992
15,100,10,25,8,8,4,10n,0,-2,4.973003925730993e-06,24.074286999999998,1.0317267000000014,0.36827329999999847
15,200,10,125,8,8,4,10n,0,-2,1.5136019090275163e-05,6.187631499999996,0.3571369999999945,0.8928630000000055
15,200,2,125,8,8,4,10n,0,-2,9.132299181566072e-06,24.8164855,0.6264489999999938,0.6235510000000062
15,50,2,25,3,8,1,10n,1,0,8.07213002816314e-07,11.192418799999999,0.8574388999999996,0.5425611000000004
15,100,10,25,3,8,1,10n,1,0,4.696129098445818e-06,22.091582000000002,0.7340132999999951,0.6659867000000048
15,200,10,125,3,8,1,10n,1,0,1.4767701411100872e-05,5.207549999999998,0.6991969999999981,0.5508030000000019
15,200,2,125,3,8,1,10n,1,0,7.819301036026408e-06,23.95492,0.5703300000000127,0.6796699999999873
15,50,2,25,3,8,1,15n,1,-2,1.1171699431858202e-06,7.165570599999995,2.873316868,-1.4733168680000002
15,100,10,25,3,8,1,15n,1,-2,5.901046481410529e-06,23.477445000000003,2.7488064000000008,-1.3488064000000008
15,200,10,125,3,8,1,15n,1,-2,1.748297587879212e-05,5.958115000000007,2.5722839999999962,-1.3222839999999962
15,200,2,125,3,8,1,15n,1,-2,9.776591317501548e-06,4.168347499999996,2.5845620000000054,-1.3345620000000054
15,50,2,25,2,8,8,15n,0,0,9.49128755410445e-07,5.9486557999999965,0.4010432000000015,0.9989567999999984
15,100,10,25,2,8,8,15n,0,0,5.1636920435038044e-06,22.321865000000003,0.46922270000001154,0.9307772999999884
15,200,10,125,2,8,8,15n,0,0,1.5567243826655957e-05,5.5624124999999935,0.25065900000001307,0.9993409999999869
15,200,2,125,2,8,8,15n,0,0,8.22087269485074e-06,6.086093000000005,0.30654400000000237,0.9434559999999976
15,50,2,25,6,8,1,25n,1,-2,8.5562184648003e-07,10.023537599999997,2.7335317999999993,-1.3335317999999994
15,100,10,25,6,8,1,25n,1,-2,6.148017256920855e-06,23.477491,2.4411956999999957,-1.0411956999999958
15,200,10,125,6,8,1,25n,1,-2,1.5990866475113536e-05,5.958134000000001,2.1655000000000086,-0.9155000000000086
15,200,2,125,6,8,1,25n,1,-2,9.533447638872311e-06,2.885088499999995,2.2074810000000014,-0.9574810000000014
15,50,2,25,3,8,8,25n,0,0,8.365385268228706e-07,6.0322795999999945,0.3224938000000015,1.0775061999999984
15,100,10,25,3,8,8,25n,0,0,4.72960887912722e-06,22.321866,0.36395819999999324,1.0360418000000067
15,200,10,125,3,8,8,25n,0,0,1.4304271827293023e-05,5.5625320000000045,0.13244500000001835,1.1175549999999816
15,200,2,125,3,8,8,25n,0,0,8.119907245598876e-06,2.3735580000000027,0.09403800000001183,1.1559619999999882
15,50,2,25,8,8,4,35n,1,-2,7.684181535596234e-07,9.985336599999997,2.754639369999999,-1.3546393699999992
15,100,10,25,8,8,4,35n,1,-2,7.0124000354240605e-06,23.460322000000005,2.433075199999999,-1.033075199999999
15,200,10,125,8,8,4,35n,1,-2,1.579317538277985e-05,5.946800999999994,2.116222999999991,-0.8662229999999909
15,200,2,125,8,8,4,35n,1,-2,9.385463748088463e-06,2.871088999999998,2.1658250000000123,-0.9158250000000123
15,50,2,25,6,8,8,35n,0,0,6.684791070730028e-07,6.032240000000002,0.17283395000000068,1.2271660499999992
15,100,10,25,6,8,8,35n,0,0,4.76458634837405e-06,22.321869000000007,-0.05663749999999945,1.4566374999999994
15,200,10,125,6,8,8,35n,0,0,1.3032926031226867e-05,5.562696500000002,-0.4096750000000213,1.6596750000000213
15,200,2,125,6,8,8,35n,0,0,7.896098178353699e-06,2.373519999999999,-0.4233389999999986,1.6733389999999986
15,50,2,25,6,2,8,5n,0,-2,6.354820486552834e-07,107.760964,0.19137652999999988,-1.0797163772
15,100,10,25,6,2,8,5n,0,-2,4.885072789413176e-06,49.80982800000001,-0.3139252000000001,-0.31673829999999725
15,200,10,125,6,2,8,5n,0,-2,1.5232748777316666e-05,35.716815,-0.7604087399999999,-0.30131000000000085
15,200,2,125,6,2,8,5n,0,-2,7.752492380125665e-06,14.89174,-1.5633684300000001,-0.5685489999999902
15,50,2,25,6,2,8,5n,1,0,6.627790550085343e-07,113.76145600000001,0.4794849589999999,0.6014829000000006
15,100,10,25,6,2,8,5n,1,0,3.8741246916033684e-06,63.646534,0.35671213999999996,0.8184394999999967
15,200,10,125,6,2,8,5n,1,0,1.2349093907713403e-05,37.6986005,0.32380921900000004,0.9119680000000017
15,200,2,125,6,2,8,5n,1,0,6.789926606319144e-06,18.377699000000007,0.32256439400000003,0.8107119999999952
15,50,2,25,8,8,1,10n,1,-2,7.42845187375847e-07,7.337889599999996,2.691039353,-1.2910393530000002
15,100,10,25,8,8,1,10n,1,-2,5.308859777519257e-06,23.477503,2.5022317000000043,-1.1022317000000044
15,200,10,125,8,8,1,10n,1,-2,1.55842463356824e-05,5.9581005000000005,1.9948669999999993,-0.7448669999999993
15,200,2,125,8,8,1,10n,1,-2,8.87526343718034e-06,24.6270205,2.0629590000000064,-0.8129590000000064
15,50,2,25,6,2,4,10n,1,0,5.965824847248029e-07,40.376486400000005,0.7712275999999991,0.6287724000000008
15,100,10,25,6,2,4,10n,1,0,4.235691739425462e-06,23.932212000000007,0.526562800000002,0.8734371999999979
15,200,10,125,6,2,4,10n,1,0,1.3455264610420896e-05,4.125592999999995,0.36407199999999307,0.8859280000000069
15,200,2,125,6,2,4,10n,1,0,7.283947477298112e-06,21.785141999999993,0.36180500000000393,0.8881949999999961
15,50,2,25,2,2,8,15n,0,-2,1.2924929233666231e-06,5.947795600000006,2.7222974,-1.3222974
15,100,10,25,2,2,8,15n,0,-2,6.670006313166002e-06,18.242638999999997,2.6056838000000027,-1.2056838000000027
15,200,10,125,2,2,8,15n,0,-2,1.8845581840331046e-05,8.699564499999994,2.42581899999999,-1.17581899999999
15,200,2,125,2,2,8,15n,0,-2,9.85187118885327e-06,14.801395999999997,2.160615386,-1.191901999999999
15,50,2,25,8,2,4,15n,0,0,6.126909214578756e-07,11.119489400000006,-0.7468701400000008,2.1468701400000008
15,100,10,25,8,2,4,15n,0,0,4.763011524306371e-06,18.980914,-0.8216360999999979,2.221636099999998
15,200,10,125,8,2,4,15n,0,0,1.4840972595445818e-05,9.026854,-1.3402069999999924,2.5902069999999924
15,200,2,125,8,2,4,15n,0,0,7.885584568145946e-06,22.879350000000002,-1.3897859999999866,2.6397859999999866
15,50,2,25,1,2,8,25n,1,-2,1.5579168306502174e-06,10.883244399999993,3.1952389999999986,-1.7952389999999987
15,100,10,25,1,2,8,25n,1,-2,8.660240323385312e-06,24.116384999999994,3.09356797,-1.6935679700000001
15,200,10,125,1,2,8,25n,1,-2,2.295911794964462e-05,7.0424225,3.0075459999999907,-1.7575459999999907
15,200,2,125,1,2,8,25n,1,-2,1.0636816045073652e-05,2.780315999999999,2.993043,-1.7430430000000001
15,50,2,25,2,8,8,25n,1,0,9.462360723761133e-07,6.026459000000002,1.0477161999999978,0.35228380000000215
15,100,10,25,2,8,8,25n,1,0,5.236543089707214e-06,22.046358999999992,0.9927027999999978,0.40729720000000214
15,200,10,125,2,8,8,25n,1,0,1.5875164925238308e-05,5.106121999999999,0.8339830000000177,0.4160169999999823
15,200,2,125,2,8,8,25n,1,0,8.249345715133453e-06,2.1385760000000005,0.8231639999999913,0.42683600000000865
15,50,2,25,8,2,1,35n,0,-2,6.887535971291856e-07,12.898467600000004,-0.4940248800000009,1.8940248800000008
15,100,10,25,8,2,1,35n,0,-2,7.091692008046465e-06,20.776100999999997,-1.3658800000000029,2.765880000000003
15,200,10,125,8,2,1,35n,0,-2,1.9025376677299193e-05,9.488228500000005,-2.2263440000000116,3.4763440000000116
15,200,2,125,8,2,1,35n,0,-2,1.0470912783884733e-05,3.6028709999999933,-2.009765200000004,3.259765200000004
15,50,2,25,4,2,4,35n,0,0,7.781792393198991e-07,6.836040800000006,-0.5783829999999992,1.9783829999999991
15,100,10,25,4,2,4,35n,0,0,5.49325042316094e-06,18.980824999999996,-0.6179000999999915,2.0179000999999914
15,200,10,125,4,2,4,35n,0,0,1.5564464177066123e-05,9.026683000000006,-0.923421999999988,2.173421999999988
15,200,2,125,4,2,4,35n,0,0,8.498949880892354e-06,2.293605999999997,-0.6423249999999996,1.8923249999999996
15,50,2,25,8,8,1,5n,1,-2,5.006131497849876e-07,65.36142039999999,1.7110202000000014,-0.3110202000000015
15,100,10,25,8,8,1,5n,1,-2,5.178862514674377e-06,23.325073000000003,1.761626000000001,-0.3616260000000011
15,200,10,125,8,8,1,5n,1,-2,1.520585499074644e-05,3.5484785000000016,1.5764450000000068,-0.32644500000000676
15,200,2,125,8,8,1,5n,1,-2,6.301720619581005e-06,22.213207499999996,1.5654129999999782,-0.3154129999999782
15,50,2,25,8,2,1,5n,1,0,5.797483941053915e-07,113.74624800000001,0.04209050000000181,1.357909499999998
15,100,10,25,8,2,1,5n,1,0,4.125554444173186e-06,63.63037,0.06670100000000323,1.3332989999999967
15,200,10,125,8,2,1,5n,1,0,1.265377481115858e-05,37.71063050000001,-0.070998000000003,1.320998000000003
15,200,2,125,8,2,1,5n,1,0,6.3994697516843395e-06,18.377385500000003,-0.08884499999999207,1.338844999999992
15,50,2,25,3,2,1,10n,0,-2,8.375820490064769e-07,31.877493399999995,-0.4155725000000019,1.8155725000000018
15,100,10,25,3,2,1,10n,0,-2,5.957132202485886e-06,18.325517000000005,-1.145698200000004,2.545698200000004
15,200,10,125,3,2,1,10n,0,-2,1.9112730864918674e-05,8.351342500000001,-1.4079729999999984,2.6579729999999984
15,200,2,125,3,2,1,10n,0,-2,8.662762160008712e-06,27.784954499999998,-1.1656189999999924,2.4156189999999924
15,50,2,25,1,2,4,10n,1,0,1.0483538147367897e-06,40.38220620000001,1.0725287000000008,0.32747129999999913
15,100,10,25,1,2,4,10n,1,0,6.621288006053166e-06,23.932095000000004,0.9612595999999995,0.43874040000000036
15,200,10,125,1,2,4,10n,1,0,1.987756675375187e-05,4.1234785000000045,0.859973999999994,0.390026000000006
15,200,2,125,1,2,4,10n,1,0,8.176168232299007e-06,21.78345450000001,0.632098582,0.31611700000001974
15,50,2,25,1,8,4,15n,1,-2,1.5249630228532107e-06,7.161825599999999,3.152133299999997,-1.752133299999997
15,100,10,25,1,8,4,15n,1,-2,7.854727600373573e-06,23.460032999999996,3.047512739999999,-1.647512739999999
15,200,10,125,1,8,4,15n,1,-2,2.264172247593038e-05,5.946166000000005,2.958890999999994,-1.7088909999999942
15,200,2,125,1,8,4,15n,1,-2,1.055252725305421e-05,4.171651499999996,2.9487220000000036,-1.6987220000000036
15,50,2,25,1,8,1,15n,0,0,1.5076376901307227e-06,6.196311199999997,-1.4211449000000003,2.8211449
15,100,10,25,1,8,1,15n,0,0,1.0048445472968608e-05,23.712383000000003,-1.7627883999999967,3.1627883999999966
15,200,10,125,1,8,1,15n,0,0,3.07220422371373e-05,6.7489934999999965,-1.8446830000000034,3.0946830000000034
15,200,2,125,1,8,1,15n,0,0,1.4327084757693807e-05,5.977960499999995,-1.7226179999999829,2.972617999999983
16,50,2,25,8,8,1,25n,1,-2,6.921672136996017e-07,10.180028399999998,2.5386562579999996,-1.138656258
16,100,10,25,8,8,1,25n,1,-2,5.886388881428477e-06,23.760295,2.2768783999999953,-0.8768783999999954
16,200,10,125,8,8,1,25n,1,-2,1.522825131325485e-05,6.081962500000003,1.935604000000012,-0.6856040000000121
16,200,2,125,8,8,1,25n,1,-2,9.244933467438981e-06,2.822950000000006,1.998583999999994,-0.7485839999999939
16,50,2,25,1,2,8,10n,1,-2,1.4260909007643429e-06,23.395111999999997,3.138695763,-1.738695763
16,100,10,25,1,2,8,10n,1,-2,7.793271293780702e-06,22.245062000000004,3.06017392,-1.66017392
16,200,10,125,1,2,8,10n,1,-2,2.2176100951090277e-05,7.832380999999998,3.0308930000000203,-1.7808930000000203
16,200,2,125,1,2,8,10n,1,-2,9.606384379754736e-06,29.946634999999986,2.3818778199999997,-1.7639740000000188
16,50,2,25,6,2,1,10n,0,0,5.873226601717022e-07,57.31796460000001,-2.615939389999999,4.015939389999999
16,100,10,25,6,2,1,10n,0,0,6.964184528861486e-06,18.897090000000006,-2.6952018000000053,4.095201800000005
16,200,10,125,6,2,1,10n,0,0,2.4624892645744353e-05,8.242327500000002,-3.1504670000000203,4.40046700000002
16,200,2,125,6,2,1,10n,0,0,1.2861162776463213e-05,14.249696999999996,-3.824707000000018,5.074707000000018
16,50,2,25,8,8,8,15n,0,0,5.814295850420441e-07,5.829279999999996,0.21907647999999957,1.1809235200000003
16,100,10,25,8,8,8,15n,0,0,3.9120892187197475e-06,22.940811999999998,-0.269259099999998,1.6692590999999979
16,200,10,125,8,8,8,15n,0,0,1.2493163892866249e-05,5.746823500000005,-0.7011640000000057,1.9511640000000057
16,200,2,125,8,8,8,15n,0,0,7.589277425682744e-06,4.651843499999998,-0.6849970000000098,1.9349970000000098
16,50,2,25,2,8,4,15n,0,-2,1.2079171744588385e-06,8.232987399999999,2.2930526999999983,-0.8930526999999984
16,100,10,25,2,8,4,15n,0,-2,6.058764227845931e-06,23.950041999999993,2.097058771,-0.697058771
16,200,10,125,2,8,4,15n,0,-2,1.7462804340481697e-05,6.263804500000005,2.034712000000013,-0.7847120000000132
16,200,2,125,2,8,4,15n,0,-2,9.759529451319921e-06,3.092219,2.0618491,-0.8118490999999999
16,50,2,25,4,8,8,25n,1,-2,9.537782857928842e-07,10.147144800000007,2.833250958,-1.433250958
16,100,10,25,4,8,8,25n,1,-2,6.57464152300574e-06,23.723478,2.8087525000000055,-1.4087525000000056
16,200,10,125,4,8,8,25n,1,-2,1.6598003436996445e-05,6.067966999999997,2.5995029999999986,-1.3495029999999986
16,200,2,125,4,8,8,25n,1,-2,9.535486369315032e-06,2.8010969999999986,2.6295399999999916,-1.3795399999999916
16,50,2,25,2,2,1,15n,1,0,9.045680907875837e-07,5.451509799999997,0.9380797000000007,0.4619202999999992
16,100,10,25,2,2,1,15n,1,0,5.170441887739111e-06,24.104778999999994,0.9229029000000053,0.4770970999999946
16,200,10,125,2,2,1,15n,1,0,1.537572366150157e-05,5.338196999999993,0.6906820000000096,0.5593179999999904
16,200,2,125,2,2,1,15n,1,0,7.862921455112918e-06,16.474351499999997,0.7004359999999963,0.5495640000000037
16,50,2,25,8,2,8,25n,0,0,6.028517423312236e-07,6.108598999999998,0.2168320800000001,1.1831679199999998
16,100,10,25,8,2,8,25n,0,0,4.461332505167419e-06,18.690490999999994,-0.2677291000000026,1.6677291000000025
16,200,10,125,8,2,8,25n,0,0,1.3381411630871066e-05,8.323096500000005,-0.6948749999999961,1.9448749999999961
16,200,2,125,8,2,8,25n,0,0,7.667562671859797e-06,2.1050635,-0.6774680000000046,1.9274680000000046
16,50,2,25,3,8,1,35n,0,-2,9.664019140030243e-07,12.4102302,0.3799164000000004,1.0200835999999995
16,100,10,25,3,8,1,35n,0,-2,7.3593009268092165e-06,25.981661000000003,-0.2756326000000002,1.6756326000000001
16,200,10,125,3,8,1,35n,0,-2,1.766875091050543e-05,7.0046059999999954,-0.960394000000008,2.210394000000008
16,200,2,125,3,8,1,35n,0,-2,9.855608780329478e-06,3.3547650000000004,-0.5420569000000057,1.7920569000000057
16,50,2,25,6,8,4,35n,0,0,6.137483475918316e-07,6.786421000000005,-0.39817058000000083,1.7981705800000007
16,100,10,25,6,8,4,35n,0,0,4.615889675203325e-06,23.068393999999998,-0.639935700000001,2.039935700000001
16,200,10,125,6,8,4,35n,0,0,1.283139900987908e-05,6.159122499999995,-1.0782680000000084,2.3282680000000084
16,200,2,125,6,8,4,35n,0,0,7.844578803633426e-06,2.4248759999999976,-1.1038319999999828,2.353831999999983
16,50,2,25,8,2,8,5n,0,-2,5.104298586575066e-07,99.78770760000002,0.7851646139999999,-0.788948263
16,100,10,25,8,2,8,5n,0,-2,4.747075519440043e-06,28.979589000000004,0.6688877659999999,-0.06033759999999688
16,200,10,125,8,2,8,5n,0,-2,1.4846650826618724e-05,28.27101350000001,0.333887877,0.17188699999999812
16,200,2,125,8,2,8,5n,0,-2,7.277018727096821e-06,20.127429500000005,-0.9985210200000001,-0.19101000000000568
16,50,2,25,8,8,8,5n,1,0,4.4673007934537943e-07,70.6958042,0.7827117600000002,0.6172882399999997
16,100,10,25,8,8,8,5n,1,0,3.923854885356121e-06,22.250788000000004,0.5530059999999977,0.8469940000000022
16,200,10,125,8,8,8,5n,1,0,1.2220644562477236e-05,4.352547000000001,0.2196519999999964,1.0303480000000036
16,200,2,125,8,8,8,5n,1,0,0.00018080736572738266,146.6761855,-1.2954753000000032,2.545475300000003
16,50,2,25,3,8,1,10n,1,0,7.649483238566303e-07,8.248818200000002,0.8857423999999994,0.5142576000000005
16,100,10,25,3,8,1,10n,1,0,4.4574844800817045e-06,22.756930999999994,0.6304567999999988,0.7695432000000011
16,200,10,125,3,8,1,10n,1,0,1.4281367984660587e-05,5.403415499999994,0.6374380000000031,0.6125619999999969
16,200,2,125,3,8,1,10n,1,0,7.886993253954113e-06,25.619917,0.5692510000000084,0.6807489999999916
16,50,2,25,8,8,4,10n,0,-2,7.28383383601577e-07,5.788772800000004,1.83728005,-0.43728005000000003
16,100,10,25,8,8,4,10n,0,-2,4.900118329940174e-06,23.949997999999997,0.9552676000000004,0.4447323999999995
16,200,10,125,8,8,4,10n,0,-2,1.4938169351043592e-05,6.2642795,0.2784300000000002,0.9715699999999998
16,200,2,125,8,8,4,10n,0,-2,8.948907433393175e-06,25.730920499999996,0.47090299999999274,0.7790970000000073
16,50,2,25,3,8,1,15n,1,-2,1.0531709276079643e-06,8.195594999999997,2.735007591,-1.335007591
16,100,10,25,3,8,1,15n,1,-2,5.710738417234701e-06,23.760240999999994,2.7160385999999987,-1.3160385999999988
16,200,10,125,3,8,1,15n,1,-2,1.7141559209991993e-05,6.081541000000002,2.5701990000000023,-1.3201990000000023
16,200,2,125,3,8,1,15n,1,-2,9.609441724683834e-06,3.1289045000000044,2.5777579999999887,-1.3277579999999887
16,50,2,25,2,8,8,15n,0,0,8.989576831566002e-07,5.828477399999997,0.5581800999999991,0.8418199000000008
16,100,10,25,2,8,8,15n,0,0,4.9805429689126086e-06,22.940945000000003,0.5812204999999948,0.8187795000000051
16,200,10,125,2,8,8,15n,0,0,1.5054786483079899e-05,5.7454785000000035,0.3791530000000023,0.8708469999999977
16,200,2,125,2,8,8,15n,0,0,8.023791797269951e-06,4.652438000000004,0.3564360000000022,0.8935639999999978
16,50,2,25,6,8,1,25n,1,-2,7.9012240986212e-07,10.180034800000001,2.5933508499999998,-1.1933508499999999
16,100,10,25,6,8,1,25n,1,-2,6.090571586557376e-06,23.760284,2.419852499999999,-1.019852499999999
16,200,10,125,6,8,1,25n,1,-2,1.5690792713207173e-05,6.0819410000000005,2.1395789999999977,-0.8895789999999977
16,200,2,125,6,8,1,25n,1,-2,9.352670511518397e-06,2.8229524999999995,2.18798799999999,-0.93798799999999
16,50,2,25,3,8,8,25n,0,0,7.857954863660874e-07,6.0702057999999965,0.47406440000000094,0.925935599999999
16,100,10,25,3,8,8,25n,0,0,4.606790396601654e-06,22.940889,0.35323669999999785,1.046763300000002
16,200,10,125,3,8,8,25n,0,0,1.391419897917083e-05,5.745932999999993,0.11782700000000546,1.1321729999999945
16,200,2,125,3,8,8,25n,0,0,7.898695257220114e-06,2.2438180000000045,0.10304300000001376,1.1469569999999862
16,50,2,25,8,8,4,35n,1,-2,7.041408220325828e-07,10.160078999999996,2.627203993,-1.227203993
16,100,10,25,8,8,4,35n,1,-2,6.959278838611388e-06,23.742193,2.412742899999999,-1.0127428999999992
16,200,10,125,8,8,4,35n,1,-2,1.566958614322529e-05,6.074323000000006,2.087760000000003,-0.837760000000003
16,200,2,125,8,8,4,35n,1,-2,9.19161489397036e-06,2.8118955000000057,2.146767000000011,-0.8967670000000112
16,50,2,25,6,8,8,35n,0,0,6.246370160307227e-07,6.070282599999998,0.2846834700000005,1.1153165299999994
16,100,10,25,6,8,8,35n,0,0,4.66749524508416e-06,22.940827999999996,-0.08736600000000161,1.4873660000000015
16,200,10,125,6,8,8,35n,0,0,1.2721703158811419e-05,5.746601499999997,-0.4445169999999905,1.6945169999999905
16,200,2,125,6,8,8,35n,0,0,7.659383679626985e-06,2.2438120000000055,-0.43875900000000456,1.6887590000000046
16,50,2,25,6,2,8,5n,1,0,6.259792318357225e-07,113.57056,0.6361734429999999,0.5778680100000013
16,100,10,25,6,2,8,5n,1,0,3.8109310531131036e-06,57.488505,0.580406617,0.7566452000000012
16,200,10,125,6,2,8,5n,1,0,1.2585471691003457e-05,41.64443449999999,0.2153839099999999,0.9137350000000026
16,200,2,125,6,2,8,5n,1,0,2.4853976594862312e-05,79.7032125,-1.4692080600000001,0.8211170000000152
16,50,2,25,6,2,8,5n,0,-2,5.9737692075442e-07,99.787988,0.7851617739999999,-0.851719048
16,100,10,25,6,2,8,5n,0,-2,4.933977477581988e-06,28.979837000000003,0.6688763299999999,-0.29607929999999527
16,200,10,125,6,2,8,5n,0,-2,1.5200918297264546e-05,28.271537999999993,0.33384643300000005,-0.14546400000000403
16,200,2,125,6,2,8,5n,0,-2,7.420383157953367e-06,20.127430000000004,-0.9985378100000002,-0.48935399999999163
16,50,2,25,8,8,1,10n,1,-2,6.837517774280332e-07,5.799315199999995,2.5359930669999997,-1.135993067
16,100,10,25,8,8,1,10n,1,-2,5.13784626907251e-06,23.760295,2.404585800000001,-1.004585800000001
16,200,10,125,8,8,1,10n,1,-2,1.5489397367181654e-05,6.081962500000003,2.02049199999999,-0.7704919999999902
16,200,2,125,8,8,1,10n,1,-2,8.74360627119773e-06,25.562808500000003,2.0210479999999933,-0.7710479999999933
16,50,2,25,6,2,4,10n,1,0,5.645478860673354e-07,37.102046400000006,0.7848792799999997,0.6151207200000002
16,100,10,25,6,2,4,10n,1,0,4.17242882894028e-06,24.071225999999996,0.5647776000000007,0.8352223999999993
16,200,10,125,6,2,4,10n,1,0,1.3094798800888058e-05,4.743452500000004,0.30479299999998943,0.9452070000000106
16,200,2,125,6,2,4,10n,1,0,7.311002891979331e-06,25.790315000000007,0.34161500000001865,0.9083849999999813
16,50,2,25,2,2,8,15n,0,-2,1.2318433961214811e-06,6.895225999999993,2.575559058,-1.1755590580000002
16,100,10,25,2,2,8,15n,0,-2,6.48430959369211e-06,19.479445999999996,2.532603756,-1.132603756
16,200,10,125,2,2,8,15n,0,-2,1.8391323563305297e-05,8.056131500000006,2.4189799999999764,-1.1689799999999764
16,200,2,125,2,2,8,15n,0,-2,9.728621048491743e-06,11.602255999999997,2.4203237,-1.187675000000013
16,50,2,25,8,2,4,15n,0,0,5.866276277474707e-07,3.724899800000003,-0.46254346000000046,1.8625434600000004
16,100,10,25,8,2,4,15n,0,0,4.4005533487693495e-06,18.752506999999994,-0.884953299999998,2.284953299999998
16,200,10,125,8,2,4,15n,0,0,1.357505749899498e-05,8.784111999999993,-1.4245970000000057,2.6745970000000057
16,200,2,125,8,2,4,15n,0,0,7.449283215530173e-06,23.325314500000005,-1.4434679999999958,2.6934679999999958
16,50,2,25,1,2,8,25n,1,-2,1.4977121019481929e-06,10.791273399999996,3.137223961,-1.7372239610000002
16,100,10,25,1,2,8,25n,1,-2,8.442085800696775e-06,22.245062000000004,3.0568692900000003,-1.6568692900000004
16,200,10,125,1,2,8,25n,1,-2,2.2020207979506802e-05,7.950638499999997,3.0158619999999985,-1.7658619999999985
16,200,2,125,1,2,8,25n,1,-2,1.0389513257159448e-05,3.0042040000000014,3.0232210000000066,-1.7732210000000066
16,50,2,25,2,8,8,25n,1,0,8.910723978398171e-07,5.951659399999996,1.0757379000000014,0.32426209999999855
16,100,10,25,2,8,8,25n,1,0,5.081469462814149e-06,22.713072999999994,0.9507723000000055,0.44922769999999446
16,200,10,125,2,8,8,25n,1,0,1.5361616507567715e-05,5.311249000000004,0.8329969999999776,0.41700300000002244
16,200,2,125,2,8,8,25n,1,0,0.00018237386023223085,146.6312085,-1.4370292299999998,2.223568
16,50,2,25,4,2,4,35n,0,0,7.240703359824685e-07,6.634372799999994,-0.2945160999999996,1.6945160999999995
16,100,10,25,4,2,4,35n,0,0,5.162209172499301e-06,18.752311000000006,-0.2858207999999949,1.6858207999999948
16,200,10,125,4,2,4,35n,0,0,1.432905285628665e-05,8.783872500000001,-0.6007259999999803,1.8507259999999803
16,200,2,125,4,2,4,35n,0,0,8.00870300156955e-06,2.2594555000000014,-0.63673,1.88673
16,50,2,25,8,2,1,35n,0,-2,6.41027912795631e-07,12.456597599999995,0.09368826000000086,1.306311739999999
16,100,10,25,8,2,1,35n,0,-2,6.559878811910997e-06,22.249015999999997,-0.5195460000000005,1.9195460000000004
16,200,10,125,8,2,1,35n,0,-2,1.637606331146098e-05,8.719275999999994,-1.845197000000013,3.095197000000013
16,200,2,125,8,2,1,35n,0,-2,9.45377938409143e-06,3.540942000000001,-1.4730840999999941,2.723084099999994
16,50,2,25,8,8,1,5n,1,-2,4.698821864919075e-07,61.65633679999999,1.9654612999999954,-0.5654612999999955
16,100,10,25,8,8,1,5n,1,-2,5.1180542366350365e-06,23.76016,2.0149679999999903,-0.6149679999999904
16,200,10,125,8,8,1,5n,1,-2,1.5120110080005637e-05,3.807087999999993,1.807389999999998,-0.557389999999998
16,200,2,125,8,8,1,5n,1,-2,6.206705704432543e-06,25.852391499999996,1.8066139999999962,-0.5566139999999962
16,50,2,25,8,2,1,5n,1,0,5.595750494352728e-07,113.56745799999999,0.18386640000000076,1.2161335999999991
16,100,10,25,8,2,1,5n,1,0,4.0744659156274615e-06,57.54520099999999,0.21574399999999505,1.1842560000000049
16,200,10,125,8,2,1,5n,1,0,1.3082018309508789e-05,41.640232,0.0686330000000055,1.1813669999999945
16,200,2,125,8,2,1,5n,1,0,6.332949431043577e-06,18.193127500000003,0.048972000000020444,1.2010279999999796
16,50,2,25,1,2,4,10n,1,0,1.023546331631453e-06,37.108678200000014,1.1373875000000004,0.26261249999999947
16,100,10,25,1,2,4,10n,1,0,6.301481494123345e-06,24.071032999999996,1.063556899999989,0.336443100000011
16,200,10,125,1,2,4,10n,1,0,1.8935203489365116e-05,4.739235500000007,0.9046400000000006,0.34535999999999945
16,200,2,125,1,2,4,10n,1,0,8.149485470426906e-06,25.786609499999994,0.538401344,0.29247100000000614
16,50,2,25,3,2,1,10n,0,-2,8.43841665445571e-07,23.444258399999995,0.29576759999999913,1.1042324000000008
16,100,10,25,3,2,1,10n,0,-2,5.354463376839809e-06,21.211149000000006,-0.3312597000000097,1.7312597000000096
16,200,10,125,3,2,1,10n,0,-2,1.6942790440755335e-05,8.138422500000004,-0.8800659999999993,2.1300659999999993
16,200,2,125,3,2,1,10n,0,-2,8.095603529905268e-06,31.032077500000014,-0.4830773999999991,1.733077399999999
16,50,2,25,1,8,4,15n,1,-2,1.4682485305405862e-06,8.191620999999998,3.098367598,-1.698367598
16,100,10,25,1,8,4,15n,1,-2,7.53934325948779e-06,23.741981999999993,3.0075400699999997,-1.6075400699999998
16,200,10,125,1,8,4,15n,1,-2,2.1663616097615185e-05,6.072247500000003,2.977919000000014,-1.7279190000000142
16,200,2,125,1,8,4,15n,1,-2,1.032679961218997e-05,3.133436000000003,2.987581000000006,-1.7375810000000058
16,50,2,25,1,8,1,15n,0,0,1.2574371759176394e-06,6.545963400000005,-1.2124770999999996,2.6124770999999996
16,100,10,25,1,8,1,15n,0,0,8.112904130263058e-06,23.542666,-1.592320399999997,2.992320399999997
16,200,10,125,1,8,1,15n,0,0,2.5568026554155308e-05,6.912244999999998,-1.672064999999975,2.922064999999975
16,200,2,125,1,8,1,15n,0,0,1.1988294015274695e-05,4.551733999999996,-1.4968570000000057,2.7468570000000057
17,50,2,25,8,8,8,15n,0,0,6.081320552977851e-07,5.898268400000006,0.1701528600000004,1.2298471399999995
17,100,10,25,8,8,8,15n,0,0,4.008417059983333e-06,22.402249999999995,-0.2660102999999965,1.6660102999999964
17,200,10,125,8,8,8,15n,0,0,1.2724325989021767e-05,5.675000499999997,-0.6484409999999912,1.8984409999999912
17,200,2,125,8,8,8,15n,0,0,7.673568937130649e-06,5.37934,-0.6500939999999957,1.9000939999999957
17,50,2,25,1,2,8,10n,1,-2,1.4799562636276665e-06,27.951254199999994,3.121028144,-1.721028144
17,100,10,25,1,2,8,10n,1,-2,8.209509528337707e-06,23.792873,3.0443326900000005,-1.6443326900000006
17,200,10,125,1,2,8,10n,1,-2,2.3258063951123768e-05,7.051310999999998,3.0312471000000016,-1.7812471000000016
17,200,2,125,1,2,8,10n,1,-2,9.72912567405034e-06,27.739890000000006,2.3592544,-1.7736248000000074
17,50,2,25,6,2,1,10n,0,0,7.299595686601457e-07,68.10077279999999,-2.76950531,4.16950531
17,100,10,25,6,2,1,10n,0,0,8.328341075518061e-06,17.814525000000003,-3.0028594999999982,4.402859499999998
17,200,10,125,6,2,1,10n,0,0,2.824939347278627e-05,8.079291999999995,-3.4295630000000017,4.679563000000002
17,200,2,125,6,2,1,10n,0,0,1.53936350468967e-05,8.889036000000004,-3.8269870000000026,5.076987000000003
17,50,2,25,8,8,1,25n,1,-2,7.480400771780838e-07,10.114909999999995,2.3941259539999997,-0.994125954
17,100,10,25,8,8,1,25n,1,-2,5.952052180569544e-06,23.531709000000006,2.284992699999998,-0.884992699999998
17,200,10,125,8,8,1,25n,1,-2,1.5522780887205757e-05,6.008041500000004,1.9769119999999987,-0.7269119999999987
17,200,2,125,8,8,1,25n,1,-2,9.345993719493773e-06,2.8735300000000024,2.0306810000000155,-0.7806810000000155
17,50,2,25,2,8,4,15n,0,-2,1.2717461185240206e-06,7.610977599999999,2.20187286,-0.80187286
17,100,10,25,2,8,4,15n,0,-2,6.262784908045832e-06,23.833543000000006,2.008817813,-0.608817813
17,200,10,125,2,8,4,15n,0,-2,1.810831216998997e-05,6.261411499999995,2.014741799999996,-0.7647417999999959
17,200,2,125,2,8,4,15n,0,-2,9.90155755160836e-06,3.4761885000000063,1.9886800000000022,-0.7386800000000022
17,50,2,25,2,2,1,15n,1,0,9.55110291819062e-07,5.020358000000002,0.9328074000000028,0.46719259999999707
17,100,10,25,2,2,1,15n,1,0,5.328764328758636e-06,23.962384,0.892193499999999,0.5078065000000009
17,200,10,125,2,2,1,15n,1,0,1.605834262938e-05,4.9257280000000065,0.7589370000000031,0.4910629999999969
17,200,2,125,2,2,1,15n,1,0,7.970223293433484e-06,16.648580999999993,0.7364490000000217,0.5135509999999783
17,50,2,25,8,2,8,25n,0,0,6.335754597468156e-07,6.091358400000003,0.16876585000000022,1.2312341499999997
17,100,10,25,8,2,8,25n,0,0,4.67457574217577e-06,18.60118,-0.26334490000000566,1.6633449000000056
17,200,10,125,8,2,8,25n,0,0,1.3838620321374845e-05,8.417281500000001,-0.641522000000009,1.891522000000009
17,200,2,125,8,2,8,25n,0,0,7.77989635279029e-06,1.839337999999998,-0.6426329999999894,1.8926329999999894
17,50,2,25,4,8,8,25n,1,-2,1.0219950117971615e-06,10.053449,2.741268714,-1.341268714
17,100,10,25,4,8,8,25n,1,-2,6.696289329165342e-06,23.492902,2.78797507,-1.38797507
17,200,10,125,4,8,8,25n,1,-2,1.7028557584498203e-05,5.981700500000001,2.6350800000000163,-1.3850800000000163
17,200,2,125,4,8,8,25n,1,-2,9.671550105041863e-06,2.849135000000004,2.659412000000003,-1.4094120000000032
17,50,2,25,3,8,1,35n,0,-2,1.016823052781581e-06,12.361013600000005,0.6190601,0.7809398999999999
17,100,10,25,3,8,1,35n,0,-2,7.39558131795494e-06,25.746403,0.0007689000000055124,1.3992310999999944
17,200,10,125,3,8,1,35n,0,-2,1.7693885929721668e-05,7.037188000000001,-0.8402870000000036,2.0902870000000036
17,200,2,125,3,8,1,35n,0,-2,9.828552541797952e-06,3.4511224999999968,-0.39040580000000347,1.6404058000000035
17,50,2,25,6,8,4,35n,0,0,6.427142258034002e-07,6.727789599999994,-0.4181824300000003,1.8181824300000002
17,100,10,25,6,8,4,35n,0,0,4.709732721018013e-06,22.531409999999997,-0.6019819999999982,2.001981999999998
17,200,10,125,6,8,4,35n,0,0,1.3198099810387367e-05,6.1069234999999935,-0.9663050000000055,2.2163050000000055
17,200,2,125,6,8,4,35n,0,0,7.972226315566433e-06,2.515351999999993,-1.010107000000005,2.260107000000005
17,50,2,25,8,2,8,5n,0,-2,5.494925486057001e-07,105.485074,0.22552295999999994,-0.637840478
17,100,10,25,8,2,8,5n,0,-2,4.785854225134806e-06,40.95688200000001,-0.030307470000000114,-0.13850370000000112
17,200,10,125,8,2,8,5n,0,-2,1.500294236437956e-05,33.047443500000014,-0.40164479,-0.014545000000026675
17,200,2,125,8,2,8,5n,0,-2,7.367853134905498e-06,15.579218999999993,-1.42587119,-0.2697119999999984
17,50,2,25,8,8,8,5n,1,0,4.6720184614252184e-07,73.4655554,0.7712826700000002,0.6287173299999997
17,100,10,25,8,8,8,5n,1,0,3.988183428716414e-06,21.441502,0.5175604999999961,0.8824395000000038
17,200,10,125,8,8,8,5n,1,0,1.2508368504172424e-05,4.914201500000004,0.2690069999999878,0.9809930000000122
17,200,2,125,8,8,8,5n,1,0,0.00015642691022971152,156.31055249999997,-1.4825899000000007,2.7325899000000007
17,50,2,25,8,8,4,10n,0,-2,7.805651054771097e-07,6.462329800000007,1.6634999789999998,-0.26349997899999994
17,100,10,25,8,8,4,10n,0,-2,4.986034062591297e-06,23.833555000000004,0.9935999000000009,0.40640009999999904
17,200,10,125,8,8,4,10n,0,-2,1.5234457287644964e-05,6.262317499999995,0.4351299999999867,0.8148700000000133
17,200,2,125,8,8,4,10n,0,-2,9.044008702555405e-06,24.589098500000006,0.639049,0.610951
17,50,2,25,2,8,8,15n,0,0,9.50156040229309e-07,5.898033600000006,0.5380303000000004,0.8619696999999995
17,100,10,25,2,8,8,15n,0,0,5.199115685131881e-06,22.402427000000003,0.6144278000000098,0.7855721999999901
17,200,10,125,2,8,8,15n,0,0,1.571209945542322e-05,5.673371000000003,0.445510999999982,0.804489000000018
17,200,2,125,2,8,8,15n,0,0,8.151624336110189e-06,5.380910499999999,0.418200000000013,0.831799999999987
17,50,2,25,3,8,1,15n,1,-2,1.119935528319698e-06,7.571510399999994,2.656253477,-1.256253477
17,100,10,25,3,8,1,15n,1,-2,5.96619675705035e-06,23.531609000000003,2.716860159,-1.316860159
17,200,10,125,3,8,1,15n,1,-2,1.76210757834957e-05,6.0075530000000015,2.6047770000000128,-1.3547770000000128
17,200,2,125,3,8,1,15n,1,-2,9.743402236087235e-06,3.5270220000000023,2.6164789999999982,-1.3664789999999982
17,50,2,25,3,8,1,10n,1,0,8.056031135170377e-07,9.880412800000002,0.8882057000000017,0.5117942999999983
17,100,10,25,3,8,1,10n,1,0,4.728637667111434e-06,22.178650000000008,0.7542237999999997,0.6457762000000002
17,200,10,125,3,8,1,10n,1,0,1.478445047826629e-05,5.275035500000001,0.680466999999993,0.569533000000007
17,200,2,125,3,8,1,10n,1,0,7.73321320120796e-06,24.525065499999997,0.5991530000000012,0.6508469999999988
17,50,2,25,6,8,1,25n,1,-2,8.533532435872094e-07,10.114912599999997,2.464319405,-1.064319405
17,100,10,25,6,8,1,25n,1,-2,6.182617619275122e-06,23.531689,2.4389082000000015,-1.0389082000000016
17,200,10,125,6,8,1,25n,1,-2,1.6030585127076183e-05,6.008015999999998,2.1901080000000093,-0.9401080000000093
17,200,2,125,6,8,1,25n,1,-2,9.478529170584216e-06,2.873531,2.230852999999996,-0.9808529999999962
17,50,2,25,3,8,8,25n,0,0,8.330441219557936e-07,5.981962999999994,0.4381809000000003,0.9618190999999996
17,100,10,25,3,8,8,25n,0,0,4.75512900759001e-06,22.402348000000003,0.38485589999999936,1.0151441000000005
17,200,10,125,3,8,8,25n,0,0,1.438120390517489e-05,5.674002999999999,0.19401899999999728,1.0559810000000027
17,200,2,125,3,8,8,25n,0,0,8.021343870524323e-06,2.3389425000000017,0.16409900000002153,1.0859009999999785
17,50,2,25,6,8,8,35n,0,0,6.576597728392726e-07,5.982283600000003,0.24147409000000009,1.1585259099999998
17,100,10,25,6,8,8,35n,0,0,4.7577915640600825e-06,22.402269000000004,-0.0708736999999986,1.4708736999999985
17,200,10,125,6,8,8,35n,0,0,1.3001309213518007e-05,5.674777000000006,-0.37979400000000396,1.629794000000004
17,200,2,125,6,8,8,35n,0,0,7.764914129924951e-06,2.338932,-0.387519999999995,1.637519999999995
17,50,2,25,8,8,4,35n,1,-2,7.574088236061042e-07,10.081752199999997,2.488975112,-1.088975112
17,100,10,25,8,8,4,35n,1,-2,7.013208838459777e-06,23.512608,2.4162056000000063,-1.0162056000000064
17,200,10,125,8,8,4,35n,1,-2,1.581453381222244e-05,5.9953430000000045,2.123075,-0.873075
17,200,2,125,8,8,4,35n,1,-2,9.301913167059243e-06,2.8612775,2.172210000000007,-0.9222100000000069
17,50,2,25,6,2,8,5n,0,-2,6.42963781924457e-07,105.48541599999999,0.2255196199999998,-0.7201265404999999
17,100,10,25,6,2,8,5n,0,-2,4.9941790060334805e-06,40.95727299999999,-0.030320459999999994,-0.3818815999999998
17,200,10,125,6,2,8,5n,0,-2,1.537121042354692e-05,33.047957999999994,-0.40169187000000006,-0.33762000000001535
17,200,2,125,6,2,8,5n,0,-2,7.527018138570278e-06,15.579155,-1.4258952599999999,-0.5794489999999826
17,50,2,25,6,2,8,5n,1,0,6.422065039992158e-07,117.042498,0.48701446999999987,0.5868628600000001
17,100,10,25,6,2,8,5n,1,0,3.840576419871182e-06,60.427694,0.3814765199999999,0.7860694999999964
17,200,10,125,6,2,8,5n,1,0,1.2587795647958065e-05,40.893125999999995,0.1476594,0.8611640000000023
17,200,2,125,6,2,8,5n,1,0,1.906092708326155e-05,54.6319585,-1.9074771799999999,0.7845659999999839
17,50,2,25,6,2,4,10n,1,0,5.885300760569509e-07,38.8412678,0.7814603200000003,0.6185396799999996
17,100,10,25,6,2,4,10n,1,0,4.250408485712329e-06,23.936930000000004,0.5465577999999964,0.8534422000000035
17,200,10,125,6,2,4,10n,1,0,1.3449143792350646e-05,4.205327999999994,0.3720380000000034,0.8779619999999966
17,200,2,125,6,2,4,10n,1,0,7.155835376005552e-06,24.359950499999997,0.37377999999998224,0.8762200000000178
17,50,2,25,8,8,1,10n,1,-2,7.363138355884934e-07,6.489991399999995,2.3921769609999997,-0.992176961
17,100,10,25,8,8,1,10n,1,-2,5.230851728522689e-06,23.531709000000006,2.4217639000000033,-1.0217639000000034
17,200,10,125,8,8,1,10n,1,-2,1.557779633135825e-05,6.008041500000004,1.9997520000000009,-0.7497520000000009
17,200,2,125,8,8,1,10n,1,-2,8.820845584818284e-06,24.450125,2.063773999999995,-0.8137739999999951
17,50,2,25,2,2,8,15n,0,-2,1.2990537829595594e-06,6.1504178000000005,2.518196916,-1.118196916
17,100,10,25,2,2,8,15n,0,-2,6.752511414303252e-06,18.378845999999996,2.4730853489999998,-1.073085349
17,200,10,125,2,2,8,15n,0,-2,1.9031102566773425e-05,8.590235500000006,2.488896000000011,-1.238896000000011
17,200,2,125,2,2,8,15n,0,-2,9.845141884798847e-06,13.536203999999998,2.26270515,-1.2519000000000062
17,50,2,25,8,2,4,15n,0,0,5.991463544249176e-07,8.736149800000007,-0.4951164699999997,1.8951164699999996
17,100,10,25,8,2,4,15n,0,0,4.607606823999177e-06,18.663645000000002,-0.8605627000000013,2.2605627000000013
17,200,10,125,8,2,4,15n,0,0,1.4127239052827377e-05,8.870333500000001,-1.3295770000000005,2.5795770000000005
17,200,2,125,8,2,4,15n,0,0,7.467853388539229e-06,24.286752500000006,-1.3682569999999998,2.618257
17,50,2,25,1,2,8,25n,1,-2,1.5698154237904043e-06,10.934774000000004,3.120154549,-1.720154549
17,100,10,25,1,2,8,25n,1,-2,8.80434050106074e-06,23.792873,3.0421598800000003,-1.6421598800000003
17,200,10,125,1,2,8,25n,1,-2,2.3098694519654273e-05,7.413736,3.031714700000009,-1.781714700000009
17,200,2,125,1,2,8,25n,1,-2,1.0623525796351557e-05,2.882885999999999,3.023779899999994,-1.7737798999999939
17,50,2,25,2,8,8,25n,1,0,9.451010574217161e-07,5.913285000000002,1.0619160000000014,0.3380839999999985
17,100,10,25,2,8,8,25n,1,0,5.323102959562487e-06,22.132388000000006,1.0136606000000028,0.3863393999999971
17,200,10,125,2,8,8,25n,1,0,1.603990611708885e-05,5.170061500000003,0.8665420000000097,0.3834579999999903
17,200,2,125,2,8,8,25n,1,0,0.00014865747636978225,156.3229945,-1.5573765000000002,2.8073765
17,50,2,25,8,2,1,35n,0,-2,6.762590723512531e-07,12.684566799999997,0.2900489599999996,1.1099510400000003
17,100,10,25,8,2,1,35n,0,-2,6.554651140503741e-06,20.951468000000006,-0.15879810000000072,1.5587981000000006
17,200,10,125,8,2,1,35n,0,-2,1.6223201012792264e-05,9.248296499999995,-1.6659952999999916,2.9159952999999916
17,200,2,125,8,2,1,35n,0,-2,9.426179374730617e-06,3.555279999999996,-1.118077299999996,2.368077299999996
17,50,2,25,4,2,4,35n,0,0,7.65668864731531e-07,6.7097193999999964,-0.29454350000000007,1.6945435
17,100,10,25,4,2,4,35n,0,0,5.376366116838462e-06,18.663399999999996,-0.23565600000000453,1.6356560000000044
17,200,10,125,4,2,4,35n,0,0,1.499002665106195e-05,8.870080999999999,-0.5864789999999971,1.836478999999997
17,200,2,125,4,2,4,35n,0,0,8.157626992873617e-06,2.253496999999996,-0.5379389999999944,1.7879389999999944
17,50,2,25,8,8,1,5n,1,-2,4.918583608356946e-07,62.54149079999999,1.7062647999999938,-0.3062647999999939
17,100,10,25,8,8,1,5n,1,-2,5.262970793192058e-06,23.421266999999997,1.7541720000000054,-0.3541720000000055
17,200,10,125,8,8,1,5n,1,-2,1.5451618030209534e-05,3.653478000000007,1.572855000000004,-0.3228550000000041
17,200,2,125,8,8,1,5n,1,-2,6.28146352061087e-06,23.187515500000003,1.5598439999999982,-0.30984399999999823
17,50,2,25,8,2,1,5n,1,0,5.554530504421205e-07,117.035088,0.053629899999998454,1.3463701000000015
17,100,10,25,8,2,1,5n,1,0,4.020230318502095e-06,60.40042500000001,0.07791099999999451,1.3220890000000054
17,200,10,125,8,2,1,5n,1,0,1.2740960496827752e-05,40.91187049999999,-0.06321600000001126,1.3132160000000113
17,200,2,125,8,2,1,5n,1,0,6.234463405674893e-06,12.6181,-0.07925900000000752,1.3292590000000075
17,50,2,25,3,2,1,10n,0,-2,8.257919536309534e-07,29.11521719999999,0.06485450000000048,1.3351454999999994
17,100,10,25,3,2,1,10n,0,-2,5.307753189706594e-06,18.903987,-0.3692478999999964,1.7692478999999963
17,200,10,125,3,2,1,10n,0,-2,1.687690184499932e-05,8.249923999999993,-0.8534879999999987,2.1034879999999987
17,200,2,125,3,2,1,10n,0,-2,7.825635078995866e-06,28.627836000000002,-0.6245413999999982,1.8745413999999982
17,50,2,25,1,2,4,10n,1,0,1.0583794184822419e-06,38.8496586,1.1204280999999994,0.27957190000000054
17,100,10,25,1,2,4,10n,1,0,6.683750070024027e-06,23.936942000000002,1.0603633000000001,0.3396366999999998
17,200,10,125,1,2,4,10n,1,0,2.0035085489924507e-05,4.199958499999994,0.9297510000000102,0.3202489999999898
17,200,2,125,1,2,4,10n,1,0,8.123665263571289e-06,24.3559245,0.49961956799999996,0.2617699999999843
17,50,2,25,1,8,4,15n,1,-2,1.5384029951791266e-06,7.5666465999999994,3.079040563,-1.679040563
17,100,10,25,1,8,4,15n,1,-2,7.965563429456439e-06,23.512169999999998,2.9895807199999997,-1.5895807199999998
17,200,10,125,1,8,4,15n,1,-2,2.2784953322677622e-05,5.992707999999993,2.992058,-1.742058
17,200,2,125,1,8,4,15n,1,-2,1.0542333177841587e-05,3.533237999999997,2.9793743000000035,-1.7293743000000035
17,50,2,25,1,8,1,15n,0,0,1.3021866688782564e-06,6.2542655999999965,-1.1013571,2.5013571
17,100,10,25,1,8,1,15n,0,0,8.547428331325628e-06,23.035599000000005,-1.4566132999999923,2.8566132999999923
17,200,10,125,1,8,1,15n,0,0,2.685043360268429e-05,6.848552999999995,-1.5317770000000053,2.7817770000000053
17,200,2,125,1,8,1,15n,0,0,1.2163743622076078e-05,5.233742500000005,-1.4111130000000003,2.6611130000000003
18,50,2,25,6,2,1,10n,0,0,8.830234112001725e-07,59.0291804,-2.88004419,4.28004419
18,100,10,25,6,2,1,10n,0,0,9.78851300197623e-06,18.23581,-2.9591886999999972,4.359188699999997
18,200,10,125,6,2,1,10n,0,0,3.292237285832022e-05,8.231708999999995,-3.4565039999999954,4.706503999999995
18,200,2,125,6,2,1,10n,0,0,1.9097408840926202e-05,13.715375499999993,-3.9448779999999886,5.194877999999989
18,50,2,25,8,8,1,25n,1,-2,7.470715368245882e-07,10.007020800000006,2.6800508199999995,-1.2800508199999996
18,100,10,25,8,8,1,25n,1,-2,5.917745653133033e-06,23.545028000000002,2.3077934999999967,-0.9077934999999968
18,200,10,125,8,8,1,25n,1,-2,1.5468080716177718e-05,5.954688500000003,1.9623229999999978,-0.7123229999999978
18,200,2,125,8,8,1,25n,1,-2,9.41797116586972e-06,2.8699234999999987,2.0200240000000065,-0.7700240000000065
18,50,2,25,8,8,8,15n,0,0,6.180542795067096e-07,5.891703399999996,0.10595821999999933,1.2940417800000006
18,100,10,25,8,8,8,15n,0,0,4.024766093320123e-06,22.560325000000006,-0.22377309999999406,1.623773099999994
18,200,10,125,8,8,8,15n,0,0,1.2758306648426875e-05,5.543751999999997,-0.6555800000000147,1.9055800000000147
18,200,2,125,8,8,8,15n,0,0,7.831678936148685e-06,6.022983499999996,-0.6629399999999919,1.9129399999999919
18,50,2,25,1,2,8,10n,1,-2,1.444961192838368e-06,29.997888800000002,3.1564352999999996,-1.7564352999999997
18,100,10,25,1,2,8,10n,1,-2,7.854486473683959e-06,23.878296000000006,3.097118700000004,-1.6971187000000043
18,200,10,125,1,2,8,10n,1,-2,2.276066588489398e-05,6.835510499999998,2.9728429999999832,-1.7228429999999832
18,200,2,125,1,2,8,10n,1,-2,9.667300878310897e-06,27.121274999999997,2.6035181,-1.7010359999999878
18,50,2,25,2,8,4,15n,0,-2,1.2391184100015763e-06,7.286278800000004,1.8323504000000006,-0.4323504000000007
18,100,10,25,2,8,4,15n,0,-2,6.060521552717232e-06,24.192549999999997,1.6800421000000028,-0.28004210000000285
18,200,10,125,2,8,4,15n,0,-2,1.7630541334500598e-05,6.169554500000004,1.4470269999999914,-0.1970269999999914
18,200,2,125,2,8,4,15n,0,-2,9.864640324173556e-06,4.1788370000000015,1.6586169999999925,-0.40861699999999246
18,50,2,25,2,2,1,15n,1,0,9.419296990836152e-07,4.848515399999997,0.8844498000000001,0.5155501999999998
18,100,10,25,2,2,1,15n,1,0,5.182393885991321e-06,24.033736000000005,0.7819665999999983,0.6180334000000016
18,200,10,125,2,2,1,15n,1,0,1.5600689885850483e-05,4.962918000000002,0.6918039999999905,0.5581960000000095
18,200,2,125,2,2,1,15n,1,0,8.020293733556995e-06,17.293691999999993,0.6670479999999941,0.5829520000000059
18,50,2,25,4,8,8,25n,1,-2,1.0005978512109545e-06,9.9366256,2.9685510999999987,-1.5685510999999988
18,100,10,25,4,8,8,25n,1,-2,6.556679198079214e-06,23.51424900000001,2.801106399999996,-1.4011063999999962
18,200,10,125,4,8,8,25n,1,-2,1.6743795504278728e-05,5.934150000000002,2.590268000000009,-1.340268000000009
18,200,2,125,4,8,8,25n,1,-2,9.686948144877056e-06,2.8416964999999976,2.623297000000008,-1.373297000000008
18,50,2,25,8,2,8,25n,0,0,6.455589021823454e-07,6.071785199999994,0.11023714000000018,1.2897628599999997
18,100,10,25,8,2,8,25n,0,0,4.69162732868257e-06,19.024658000000002,-0.21879709999999486,1.6187970999999948
18,200,10,125,8,2,8,25n,0,0,1.3867943490835431e-05,8.438532499999994,-0.6505340000000217,1.9005340000000217
18,200,2,125,8,2,8,25n,0,0,7.93983001195971e-06,1.8155299999999954,-0.6556799999999896,1.9056799999999896
18,50,2,25,3,8,1,35n,0,-2,1.0180175602802506e-06,12.349708800000004,-0.7062871999999989,2.106287199999999
18,100,10,25,3,8,1,35n,0,-2,8.324386953223363e-06,26.062950999999998,-1.5158356999999882,2.915835699999988
18,200,10,125,3,8,1,35n,0,-2,2.1276797938487553e-05,7.127805499999994,-1.7752430000000174,3.0252430000000174
18,200,2,125,3,8,1,35n,0,-2,1.1482283470635617e-05,3.500857499999995,-1.4034770000000094,2.6534770000000094
18,50,2,25,6,8,4,35n,0,0,6.556157949314686e-07,6.890849599999996,-0.8037801500000001,2.20378015
18,100,10,25,6,8,4,35n,0,0,4.8305550953819265e-06,22.690400999999994,-0.7498409999999951,2.149840999999995
18,200,10,125,6,8,4,35n,0,0,1.3880367769338125e-05,5.982072000000003,-1.1761759999999981,2.426175999999998
18,200,2,125,6,8,4,35n,0,0,8.410855986049971e-06,2.5427614999999975,-1.0921150000000068,2.342115000000007
18,50,2,25,8,2,8,5n,0,-2,5.367045270957333e-07,106.37150399999999,0.40597496599999994,-1.0678547300000005
18,100,10,25,8,2,8,5n,0,-2,4.6463260029880995e-06,46.70078599999999,-0.16229559999999998,-0.04481999999999431
18,200,10,125,8,2,8,5n,0,-2,1.484980083523566e-05,35.518190000000004,-0.6420479400000001,0.05125599999999508
18,200,2,125,8,2,8,5n,0,-2,7.635039066396237e-06,16.465798000000007,-1.4176327299999998,-0.2722490000000022
18,50,2,25,8,8,8,5n,1,0,4.878065068556294e-07,74.61141280000001,0.7557790599999987,0.6442209400000012
18,100,10,25,8,8,8,5n,1,0,3.9539562793073206e-06,21.600690999999998,0.49130240000000347,0.9086975999999964
18,200,10,125,8,8,8,5n,1,0,1.2282483556925925e-05,5.707416499999994,0.19458700000001272,1.0554129999999873
18,200,2,125,8,8,8,5n,1,0,6.984330441901225e-06,9.956733499999999,0.3242670000000203,0.9257329999999797
18,50,2,25,8,8,4,10n,0,-2,7.511793937305109e-07,7.297590200000002,1.6510002499999996,-0.2510002499999997
18,100,10,25,8,8,4,10n,0,-2,4.950154728735638e-06,24.193022999999997,1.0540482999999994,0.34595170000000053
18,200,10,125,8,8,4,10n,0,-2,1.5003378965647895e-05,6.169172500000002,0.2948180000000207,0.9551819999999793
18,200,2,125,8,8,4,10n,0,-2,9.140493855400346e-06,25.143472000000003,0.5850389999999948,0.6649610000000052
18,50,2,25,3,8,1,10n,1,0,7.9628102482615e-07,10.945181000000005,0.8417240999999982,0.5582759000000017
18,100,10,25,3,8,1,10n,1,0,4.573604978748978e-06,22.336330000000004,0.6588499999999953,0.7411500000000046
18,200,10,125,3,8,1,10n,1,0,1.4624751507915353e-05,5.214445499999997,0.6994669999999985,0.5505330000000015
18,200,2,125,3,8,1,10n,1,0,7.856090184332455e-06,23.840703000000005,0.5585760000000164,0.6914239999999836
18,50,2,25,3,8,1,15n,1,-2,1.095832549587333e-06,7.2427548,2.8992421,-1.4992421
18,100,10,25,3,8,1,15n,1,-2,5.778815251447435e-06,23.545025999999993,2.713675900000007,-1.313675900000007
18,200,10,125,3,8,1,15n,1,-2,1.7298907852549402e-05,5.954825999999997,2.5599599999999896,-1.3099599999999896
18,200,2,125,3,8,1,15n,1,-2,9.74201852576104e-06,4.210207499999996,2.563997999999998,-1.313997999999998
18,50,2,25,2,8,8,15n,0,0,9.324190048752133e-07,5.891717600000006,0.35088229999999987,1.0491177
18,100,10,25,2,8,8,15n,0,0,5.083416776015223e-06,22.560339999999997,0.3945584000000024,1.0054415999999975
18,200,10,125,2,8,8,15n,0,0,1.5314911047383235e-05,5.543823000000003,0.18108499999999594,1.068915000000004
18,200,2,125,2,8,8,15n,0,0,8.20687906345779e-06,6.020947000000007,0.2487210000000175,1.0012789999999825
18,50,2,25,3,8,8,25n,0,0,8.234759063681355e-07,6.138200600000005,0.28367679999999984,1.1163232
18,100,10,25,3,8,8,25n,0,0,4.675728964551371e-06,22.560329999999993,0.34992129999999966,1.0500787000000003
18,200,10,125,3,8,8,25n,0,0,1.4139640340514789e-05,5.543747499999995,0.09349699999998506,1.156503000000015
18,200,2,125,3,8,8,25n,0,0,8.112710679520149e-06,2.3652615000000026,0.05829599999998436,1.1917040000000156
18,50,2,25,6,8,1,25n,1,-2,8.3991115415793e-07,10.007017599999998,2.7409165900000008,-1.3409165900000009
18,100,10,25,6,8,1,25n,1,-2,6.105876939358049e-06,23.545028000000002,2.4389060999999983,-1.0389060999999984
18,200,10,125,6,8,1,25n,1,-2,1.586321899073614e-05,5.954728500000001,2.148892999999987,-0.8988929999999868
18,200,2,125,6,8,1,25n,1,-2,9.509706487132969e-06,2.869911000000002,2.194022999999987,-0.9440229999999872
18,50,2,25,8,8,4,35n,1,-2,7.608726325345646e-07,9.970937000000006,2.76528879,-1.3652887900000001
18,100,10,25,8,8,4,35n,1,-2,6.99551559657328e-06,23.529831999999995,2.4431067999999967,-1.0431067999999968
18,200,10,125,8,8,4,35n,1,-2,1.574752174891562e-05,5.943712500000004,2.111379999999997,-0.8613799999999969
18,200,2,125,8,8,4,35n,1,-2,9.374765384427202e-06,2.855765000000005,2.16522599999999,-0.9152259999999899
18,50,2,25,6,8,8,35n,0,0,6.626764881793233e-07,6.138218600000003,0.15668165999999983,1.24331834
18,100,10,25,6,8,8,35n,0,0,4.74201812527798e-06,22.560325000000006,-0.04987659999999616,1.449876599999996
18,200,10,125,6,8,8,35n,0,0,1.2966449654999076e-05,5.543707999999994,-0.42883000000000493,1.678830000000005
18,200,2,125,6,8,8,35n,0,0,7.90359677100276e-06,2.3652330000000035,-0.4388349999999832,1.6888349999999832
18,50,2,25,6,2,8,5n,0,-2,6.197861905948517e-07,106.37171000000001,0.4059713949999999,-1.1559175600000007
18,100,10,25,6,2,8,5n,0,-2,4.80998593688614e-06,46.701122,-0.1623076400000001,-0.2561454000000012
18,200,10,125,6,2,8,5n,0,-2,1.5101126124301885e-05,35.51855800000001,-0.64209728,-0.22673599999998828
18,200,2,125,6,2,8,5n,0,-2,7.761552236035959e-06,16.465876499999993,-1.41766184,-0.5479580000000226
18,50,2,25,6,2,8,5n,1,0,6.546725314976169e-07,110.81052600000001,0.5260735859999999,0.6036658999999993
18,100,10,25,6,2,8,5n,1,0,3.8517416608092365e-06,63.116364000000004,0.40564469999999986,0.8231426999999982
18,200,10,125,6,2,8,5n,1,0,1.2202964283739303e-05,35.987301,0.29713499999999726,0.9528650000000027
18,200,2,125,6,2,8,5n,1,0,6.857776368168226e-06,21.452887500000003,0.36910417100000004,0.8298570000000041
18,50,2,25,6,2,4,10n,1,0,5.937581302515765e-07,40.27034760000001,0.7666049000000004,0.6333950999999995
18,100,10,25,6,2,4,10n,1,0,4.2061370276047e-06,24.010436,0.5244084,0.8755915999999999
18,200,10,125,6,2,4,10n,1,0,1.332104074971846e-05,4.267611500000001,0.336182000000008,0.913817999999992
18,200,2,125,6,2,4,10n,1,0,7.35535819699224e-06,20.585859499999998,0.35178199999998583,0.8982180000000142
18,50,2,25,8,8,1,10n,1,-2,7.339010934626689e-07,7.317050199999996,2.71541246,-1.3154124600000001
18,100,10,25,8,8,1,10n,1,-2,5.324486444150326e-06,23.545028000000002,2.5376849000000035,-1.1376849000000036
18,200,10,125,8,8,1,10n,1,-2,1.5591236610800787e-05,5.954688500000003,2.022777999999988,-0.7727779999999882
18,200,2,125,8,8,1,10n,1,-2,8.874661807113865e-06,24.937783999999994,2.0596610000000055,-0.8096610000000055
18,50,2,25,2,2,8,15n,0,-2,1.268852190726579e-06,6.250615600000003,2.653701799999998,-1.2537017999999982
18,100,10,25,2,2,8,15n,0,-2,6.549405375513959e-06,18.576695,2.5861049999999977,-1.1861049999999977
18,200,10,125,2,2,8,15n,0,-2,1.8567720987563563e-05,8.578439000000003,2.381847999999991,-1.1318479999999909
18,200,2,125,2,2,8,15n,0,-2,9.815101377926651e-06,14.5871025,2.186153302,-1.1499950000000183
18,50,2,25,8,2,4,15n,0,0,6.16365127645462e-07,9.185002600000004,-0.863721780000001,2.263721780000001
18,100,10,25,8,2,4,15n,0,0,4.753966658542701e-06,19.104747000000003,-0.8056445999999995,2.2056445999999994
18,200,10,125,8,2,4,15n,0,0,1.487670281089595e-05,9.057274000000007,-1.3565609999999992,2.6065609999999992
18,200,2,125,8,2,4,15n,0,0,8.030517204504518e-06,22.360564499999995,-1.3960050000000024,2.6460050000000024
18,50,2,25,1,2,8,25n,1,-2,1.5290674135515982e-06,10.828045200000005,3.153831399999999,-1.7538313999999993
18,100,10,25,1,2,8,25n,1,-2,8.49744202832869e-06,23.878296000000006,3.0882401999999955,-1.6882401999999956
18,200,10,125,1,2,8,25n,1,-2,2.2536306418215734e-05,7.209765000000004,2.970289000000008,-1.7202890000000082
18,200,2,125,1,2,8,25n,1,-2,1.05617128453495e-05,2.836284500000005,2.9507309999999904,-1.7007309999999904
18,50,2,25,2,8,8,25n,1,0,9.294554567456807e-07,6.129722999999999,1.0520373999999975,0.34796260000000245
18,100,10,25,2,8,8,25n,1,0,5.064863015496173e-06,22.291514000000006,0.9131457000000096,0.4868542999999903
18,200,10,125,2,8,8,25n,1,0,1.558740462854318e-05,5.174479000000006,0.8090819999999894,0.4409180000000106
18,200,2,125,2,8,8,25n,1,0,8.218036178926852e-06,2.1380479999999977,0.8057280000000162,0.4442719999999838
18,50,2,25,4,2,4,35n,0,0,7.703059555351535e-07,6.781935599999997,-0.709820300000001,2.109820300000001
18,100,10,25,4,2,4,35n,0,0,5.473084141592306e-06,19.104687999999996,-0.7822910000000065,2.1822910000000064
18,200,10,125,4,2,4,35n,0,0,1.5529929211094693e-05,9.057262499999993,-1.0437770000000057,2.2937770000000057
18,200,2,125,4,2,4,35n,0,0,8.570148780407617e-06,2.2793379999999956,-0.7071050000000128,1.9571050000000128
18,50,2,25,8,2,1,35n,0,-2,6.969891991371809e-07,12.916859799999997,-0.9721773000000007,2.3721773000000006
18,100,10,25,8,2,1,35n,0,-2,7.474788684487819e-06,21.168989999999994,-1.6988378999999996,3.0988378999999995
18,200,10,125,8,2,1,35n,0,-2,2.028205791622129e-05,9.402725500000003,-2.473893000000004,3.723893000000004
18,200,2,125,8,2,1,35n,0,-2,3.2890153113336314e-06,3.594005999999993,3.21441394,-1.9866330000000119
18,50,2,25,8,2,1,5n,1,0,5.802408150603401e-07,110.80772400000002,0.0776747000000042,1.3223252999999957
18,100,10,25,8,2,1,5n,1,0,4.160407475229411e-06,63.09759600000001,0.10604100000001315,1.2939589999999868
18,200,10,125,8,2,1,5n,1,0,1.2732178355899885e-05,36.04894899999999,-0.033642000000014605,1.2836420000000146
18,200,2,125,8,2,1,5n,1,0,6.530180798936435e-06,21.451414500000002,-0.051397000000008575,1.3013970000000086
18,50,2,25,8,8,1,5n,1,-2,4.980124476876837e-07,65.82442280000001,1.8007416000000034,-0.4007416000000035
18,100,10,25,8,8,1,5n,1,-2,5.097504218878653e-06,23.412300000000002,1.8518429999999966,-0.45184299999999666
18,200,10,125,8,8,1,5n,1,-2,1.5038512265007322e-05,3.5558560000000057,1.655046000000027,-0.4050460000000271
18,200,2,125,8,8,1,5n,1,-2,6.281265411767064e-06,22.805487499999998,1.6483779999999797,-0.3983779999999797
18,50,2,25,3,2,1,10n,0,-2,8.561969061082286e-07,30.77247080000001,-0.5989795000000009,1.9989795000000008
18,100,10,25,3,2,1,10n,0,-2,6.310133997433892e-06,18.954735,-1.4468737999999974,2.8468737999999973
18,200,10,125,3,2,1,10n,0,-2,2.008853455783207e-05,8.206173500000006,-1.6256130000000155,2.8756130000000155
18,200,2,125,3,2,1,10n,0,-2,9.10364440910913e-06,28.283630499999987,-1.302182000000002,2.552182000000002
18,50,2,25,1,2,4,10n,1,0,1.0335886956414493e-06,40.2746334,1.0627694999999995,0.33723050000000043
18,100,10,25,1,2,4,10n,1,0,6.480137566660381e-06,24.010367000000002,0.9144365000000021,0.4855634999999978
18,200,10,125,1,2,4,10n,1,0,1.9431959175336038e-05,4.266605999999996,0.8261400000000094,0.4238599999999906
18,200,2,125,1,2,4,10n,1,0,8.173775192281552e-06,20.585105999999996,0.639237411,0.33857499999999163
18,50,2,25,1,8,4,15n,1,-2,1.4987594434113322e-06,7.239532400000002,3.105958599999999,-1.7059585999999989
18,100,10,25,1,8,4,15n,1,-2,7.67684767498706e-06,23.529792999999998,3.036252200000001,-1.6362522000000013
18,200,10,125,1,8,4,15n,1,-2,2.2204475411146864e-05,5.943650000000004,2.914974000000001,-1.6649740000000008
18,200,2,125,1,8,4,15n,1,-2,1.0481007956936029e-05,4.211776499999999,2.9017159999999933,-1.6517159999999933
18,50,2,25,1,8,1,15n,0,0,1.5695332027111258e-06,6.172527599999995,-1.5544219999999975,2.9544219999999974
18,100,10,25,1,8,1,15n,0,0,1.0450908545371898e-05,24.122118999999998,-1.9070859000000042,3.307085900000004
18,200,10,125,1,8,1,15n,0,0,3.172527072268484e-05,6.720186999999997,-1.995533000000023,3.245533000000023
18,200,2,125,1,8,1,15n,0,0,1.5083656887734678e-05,5.951427499999994,-1.8727549999999837,3.1227549999999837
19,50,2,25,8,8,8,15n,0,0,6.925800200388758e-07,6.471793000000004,-0.2465142100000013,1.6465142100000012
19,100,10,25,8,8,8,15n,0,0,4.303065491493083e-06,20.793496000000005,-0.18754210000000038,1.5875421000000003
19,200,10,125,8,8,8,15n,0,0,1.3702842447932132e-05,5.642401000000007,-0.5837689999999895,1.8337689999999895
19,200,2,125,8,8,8,15n,0,0,8.310653071197556e-06,9.004515499999997,-0.6485900000000129,1.8985900000000129
19,50,2,25,6,2,1,10n,0,0,2.459547241026716e-06,50.19703580000001,-3.1701804999999994,4.570180499999999
19,100,10,25,6,2,1,10n,0,0,1.8275763042551043e-05,32.085049,-3.3312692,4.7312692
19,200,10,125,6,2,1,10n,0,0,5.2820765950641196e-05,17.687614999999994,-3.9165719999999737,5.166571999999974
19,200,2,125,6,2,1,10n,0,0,3.595199404082672e-05,14.362376499999996,-4.110224999999986,5.360224999999986
19,50,2,25,1,2,8,10n,1,-2,1.515885998040509e-06,38.306265999999994,3.059410900000001,-1.659410900000001
19,100,10,25,1,2,8,10n,1,-2,8.6155238727101e-06,24.589286,2.9885490999999944,-1.5885490999999945
19,200,10,125,1,2,8,10n,1,-2,2.4774698307521332e-05,4.5129929999999945,2.8718339999999785,-1.6218339999999785
19,200,2,125,1,2,8,10n,1,-2,9.971006832753267e-06,21.084568000000004,2.6080367300000002,-1.6177670000000148
19,50,2,25,8,8,1,25n,1,-2,8.589167731702904e-07,9.7848142,2.66130577,-1.2613057699999999
19,100,10,25,8,8,1,25n,1,-2,6.055930688778864e-06,23.136228000000003,2.358998000000001,-0.9589980000000011
19,200,10,125,8,8,1,25n,1,-2,1.5996705953617565e-05,5.710270499999992,2.02031599999998,-0.7703159999999798
19,200,2,125,8,8,1,25n,1,-2,9.754210723857368e-06,3.018982500000007,2.061510999999996,-0.8115109999999959
19,50,2,25,2,2,1,15n,1,0,1.028066542972396e-06,3.686808400000004,0.7206062000000002,0.6793937999999997
19,100,10,25,2,2,1,15n,1,0,5.453293333889638e-06,23.511849999999995,0.765401300000002,0.634598699999998
19,200,10,125,2,2,1,15n,1,0,1.682189329697268e-05,4.379508999999999,0.5642119999999977,0.6857880000000023
19,200,2,125,2,2,1,15n,1,0,8.272817404520469e-06,17.222458500000002,0.5885159999999985,0.6614840000000015
19,50,2,25,2,8,4,15n,0,-2,1.3361024390500963e-06,6.069878000000004,1.2691224000000019,0.13087759999999804
19,100,10,25,2,8,4,15n,0,-2,6.430435119092506e-06,24.374178999999998,0.9430312999999955,0.45696870000000445
19,200,10,125,2,8,4,15n,0,-2,1.874577244509117e-05,5.9780370000000005,0.7198759999999993,0.5301240000000007
19,200,2,125,2,8,4,15n,0,-2,1.0252050497174248e-05,6.1664915000000065,1.0247400000000084,0.22525999999999158
19,50,2,25,4,8,8,25n,1,-2,1.11974628840941e-06,9.725949,2.9584574999999993,-1.5584574999999994
19,100,10,25,4,8,8,25n,1,-2,6.759610878428865e-06,23.103065,2.838676800000003,-1.4386768000000032
19,200,10,125,4,8,8,25n,1,-2,1.7433382539765853e-05,5.6774415,2.622005999999999,-1.372005999999999
19,200,2,125,4,8,8,25n,1,-2,1.001956879507411e-05,2.9836904999999945,2.6406299999999874,-1.3906299999999874
19,50,2,25,8,2,8,25n,0,0,7.296474522939642e-07,6.808599999999999,-0.24428561999999987,1.6442856199999998
19,100,10,25,8,2,8,25n,0,0,5.315631972589603e-06,19.280387000000005,-0.1823358999999969,1.5823358999999968
19,200,10,125,8,2,8,25n,0,0,1.5469924168448986e-05,8.765673500000005,-0.5770290000000102,1.8270290000000102
19,200,2,125,8,2,8,25n,0,0,8.498173090190732e-06,0.9023394999999965,-0.6416329999999846,1.8916329999999846
19,50,2,25,8,2,8,5n,0,-2,8.681122857865179e-07,89.26866380000001,-1.03199144,-1.04147692
19,100,10,25,8,2,8,5n,0,-2,5.9982326041759056e-06,57.39856900000001,-1.7752874200000002,-0.2569408999999965
19,200,10,125,8,2,8,5n,0,-2,1.6802688011690967e-05,23.341029000000006,-2.22267479,-0.3517909999999915
19,200,2,125,8,2,8,5n,0,-2,9.118470974622142e-06,21.619126499999993,-2.63933845,-0.4218039999999803
19,50,2,25,3,8,1,35n,0,-2,1.2040975727535664e-06,12.263647000000006,-1.4045792999999969,2.8045792999999968
19,100,10,25,3,8,1,35n,0,-2,1.0154107425124062e-05,25.872186000000003,-2.0222465,3.4222465
19,200,10,125,3,8,1,35n,0,-2,2.7019232372133647e-05,7.195261500000002,-2.1691669999999874,3.4191669999999874
19,200,2,125,3,8,1,35n,0,-2,1.422441918413851e-05,3.7568164999999993,-1.898223999999999,3.148223999999999
19,50,2,25,6,8,4,35n,0,0,7.570797678352208e-07,7.581224800000001,-1.2567001000000002,2.6567001
19,100,10,25,6,8,4,35n,0,0,5.496141295315694e-06,20.935147999999998,-1.4143374999999936,2.8143374999999935
19,200,10,125,6,8,4,35n,0,0,1.624179127374817e-05,6.2003330000000005,-1.4825330000000179,2.732533000000018
19,200,2,125,6,8,4,35n,0,0,9.623448871295233e-06,2.504714000000007,-1.271854000000019,2.521854000000019
19,50,2,25,8,8,8,5n,1,0,5.413779545633258e-07,80.9370538,0.7035085799999989,0.696491420000001
19,100,10,25,8,8,8,5n,1,0,4.054739496892117e-06,19.729827999999998,0.4473046999999979,0.952695300000002
19,200,10,125,8,8,8,5n,1,0,1.2847801127443036e-05,12.048578000000006,0.32545600000000263,0.9245439999999974
19,200,2,125,8,8,8,5n,1,0,7.078244606746755e-06,7.466811500000006,0.39795499999999606,0.8520450000000039
19,50,2,25,8,8,4,10n,0,-2,8.377858394198167e-07,11.020725200000001,0.9973511499999996,0.4026488500000003
19,100,10,25,8,8,4,10n,0,-2,5.118235637944592e-06,24.374188000000004,0.8492892999999966,0.5507107000000033
19,200,10,125,8,8,4,10n,0,-2,1.580706598810369e-05,5.977334499999997,0.05811399999998912,1.1918860000000109
19,200,2,125,8,8,4,10n,0,-2,9.627735093209745e-06,22.1218305,0.5184619999999995,0.7315380000000005
19,50,2,25,3,8,1,10n,1,0,8.588529842704674e-07,17.9422196,0.712375499999998,0.6876245000000019
19,100,10,25,3,8,1,10n,1,0,5.120227850665784e-06,20.579727000000005,0.622565099999997,0.7774349000000029
19,200,10,125,3,8,1,10n,1,0,1.5457613302493265e-05,5.298514499999997,0.5447749999999871,0.7052250000000129
19,200,2,125,3,8,1,10n,1,0,7.75787589035984e-06,19.694073500000002,0.5132679999999823,0.7367320000000177
19,50,2,25,3,8,1,15n,1,-2,1.2084820089941392e-06,6.067515599999992,2.8954079999999975,-1.4954079999999976
19,100,10,25,3,8,1,15n,1,-2,6.209906371588878e-06,23.13624,2.8276543000000003,-1.4276543000000004
19,200,10,125,3,8,1,15n,1,-2,1.791990610484981e-05,5.710737499999993,2.512720999999999,-1.262720999999999
19,200,2,125,3,8,1,15n,1,-2,1.0038458286438476e-05,6.225418500000003,2.5845640000000003,-1.3345640000000003
19,50,2,25,2,8,8,15n,0,0,1.029719854907184e-06,6.471878399999993,0.03537859999999915,1.3646214000000008
19,100,10,25,2,8,8,15n,0,0,5.531786400118983e-06,20.793537,-0.04727579999999998,1.4472758
19,200,10,125,2,8,8,15n,0,0,1.669832325935574e-05,5.642671500000006,-0.22940399999998817,1.4794039999999882
19,200,2,125,2,8,8,15n,0,0,8.67687659689912e-06,9.001498499999997,-0.12256999999999607,1.372569999999996
19,50,2,25,6,8,1,25n,1,-2,9.545226093989244e-07,9.784815600000002,2.7282711,-1.3282711000000003
19,100,10,25,6,8,1,25n,1,-2,6.266453588073794e-06,23.136234999999996,2.4903987000000014,-1.0903987000000015
19,200,10,125,6,8,1,25n,1,-2,1.6440657349123158e-05,5.710399499999994,2.199117000000001,-0.9491170000000011
19,200,2,125,6,8,1,25n,1,-2,9.841093099120745e-06,3.0190094999999957,2.2328740000000096,-0.9828740000000096
19,50,2,25,3,8,8,25n,0,0,9.178502402749647e-07,6.499579800000006,-0.05680759999999774,1.4568075999999976
19,100,10,25,3,8,8,25n,0,0,5.024403527057339e-06,20.793510999999995,-0.0833980000000083,1.4833980000000082
19,200,10,125,3,8,8,25n,0,0,1.5269611487157373e-05,5.642611999999999,-0.2965899999999806,1.5465899999999806
19,200,2,125,3,8,8,25n,0,0,8.63413872779909e-06,2.3745614999999987,-0.17936499999999,1.42936499999999
19,50,2,25,8,8,4,35n,1,-2,8.670372555066399e-07,9.759102400000003,2.74901071,-1.34901071
19,100,10,25,8,8,4,35n,1,-2,7.093585217603174e-06,23.119801,2.466717500000003,-1.0667175000000029
19,200,10,125,8,8,4,35n,1,-2,1.6011317280379727e-05,5.693161500000002,2.1590970000000027,-0.9090970000000027
19,200,2,125,8,8,4,35n,1,-2,9.710622023786837e-06,3.0014125000000007,2.199729999999988,-0.9497299999999882
19,50,2,25,6,8,8,35n,0,0,7.427230348819995e-07,6.499357200000007,-0.19528549999999933,1.5952854999999992
19,100,10,25,6,8,8,35n,0,0,4.981946483160788e-06,20.793496000000005,-0.07198409999999322,1.4719840999999931
19,200,10,125,6,8,8,35n,0,0,1.3923883436913686e-05,5.642450499999995,-0.3620740000000069,1.612074000000007
19,200,2,125,6,8,8,35n,0,0,8.433368845783647e-06,2.3742115000000013,-0.43663000000000807,1.686630000000008
19,50,2,25,6,2,8,5n,0,-2,9.565137104246477e-07,89.26869300000003,-1.0319990300000002,-1.0230782300000003
19,100,10,25,6,2,8,5n,0,-2,6.146680306123844e-06,57.39865900000001,-1.7753020099999999,-0.4394735000000054
19,200,10,125,6,2,8,5n,0,-2,1.7039260962815028e-05,23.341209500000005,-2.22272645,-0.493376000000012
19,200,2,125,6,2,8,5n,0,-2,9.235298869492774e-06,21.619223000000005,-2.63938858,-0.6843079999999873
19,50,2,25,6,2,8,5n,1,0,7.186152650269142e-07,108.514648,0.26134926999999997,0.6626459000000011
19,100,10,25,6,2,8,5n,1,0,4.019245114380495e-06,68.319871,0.1600986499999999,0.872448900000002
19,200,10,125,6,2,8,5n,1,0,1.2557411131923079e-05,27.064182000000002,0.005560790000000093,0.8334940000000017
19,200,2,125,6,2,8,5n,1,0,7.096916437787022e-06,17.8218155,0.11768273000000007,0.7633909999999844
19,50,2,25,8,8,1,10n,1,-2,8.291460678768237e-07,11.079932600000006,2.7240434400000004,-1.3240434400000005
19,100,10,25,8,8,1,10n,1,-2,5.392549046278794e-06,23.136228000000003,2.5314271000000033,-1.1314271000000033
19,200,10,125,8,8,1,10n,1,-2,1.5556665991158236e-05,5.710270499999992,1.8667489999999987,-0.6167489999999987
19,200,2,125,8,8,1,10n,1,-2,9.064810023244934e-06,21.871606999999997,2.135348999999991,-0.8853489999999908
19,50,2,25,6,2,4,10n,1,0,6.405199426918988e-07,45.31775859999999,0.6962134000000009,0.703786599999999
19,100,10,25,6,2,4,10n,1,0,4.445262954420103e-06,23.486446,0.5447525000000026,0.8552474999999973
19,200,10,125,6,2,4,10n,1,0,1.4148747548365409e-05,3.390719500000003,0.48556299999998487,0.7644370000000151
19,200,2,125,6,2,4,10n,1,0,7.329294136787878e-06,14.506141999999997,0.3780169999999998,0.8719830000000002
19,50,2,25,2,2,8,15n,0,-2,1.3789018983828406e-06,3.6334930000000014,2.2989270000000004,-0.8989270000000005
19,100,10,25,2,2,8,15n,0,-2,6.991896192477175e-06,16.906718999999995,2.2007379000000014,-0.8007379000000014
19,200,10,125,2,2,8,15n,0,-2,1.9686364361063864e-05,8.956587999999996,2.0452429999999993,-0.7952429999999993
19,200,2,125,2,2,8,15n,0,-2,1.0021838246641136e-05,18.188659,1.7740994369999998,-0.8563469999999995
19,50,2,25,8,2,4,15n,0,0,6.513666063234701e-07,31.81785500000001,-1.33303984,2.73303984
19,100,10,25,8,2,4,15n,0,0,5.813202367160457e-06,19.388174000000006,-1.4233022999999947,2.8233022999999946
19,200,10,125,8,2,4,15n,0,0,1.7952075776373857e-05,8.737029500000006,-1.5359699999999918,2.785969999999992
19,200,2,125,8,2,4,15n,0,0,9.438773087886219e-06,8.980330499999994,-1.4574619999999925,2.7074619999999925
19,50,2,25,1,2,8,25n,1,-2,1.6379047188615786e-06,10.8033736,3.0569164,-1.6569164
19,100,10,25,1,2,8,25n,1,-2,9.047508002305081e-06,24.589286,2.986476300000001,-1.586476300000001
19,200,10,125,1,2,8,25n,1,-2,2.4580088372165744e-05,5.249487000000001,2.8782390000000078,-1.6282390000000078
19,200,2,125,1,2,8,25n,1,-2,1.1067527859865111e-05,2.415273499999998,2.867671999999999,-1.6176719999999989
19,50,2,25,2,8,8,25n,1,0,1.029577508037171e-06,6.390825800000003,0.9321053999999989,0.46789460000000105
19,100,10,25,2,8,8,25n,1,0,5.564731273174213e-06,20.533894000000004,0.956576899999996,0.44342310000000396
19,200,10,125,2,8,8,25n,1,0,1.6761418961749605e-05,5.149406499999998,0.8063999999999965,0.44360000000000355
19,200,2,125,2,8,8,25n,1,0,8.594761067801456e-06,2.198637000000005,0.7713970000000074,0.47860299999999256
19,50,2,25,8,2,1,35n,0,-2,8.302512683122099e-07,12.984397400000008,-1.7550142999999996,3.1550142999999995
19,100,10,25,8,2,1,35n,0,-2,9.198277028914544e-06,18.931897000000006,-2.1484400000000066,3.5484400000000065
19,200,10,125,8,2,1,35n,0,-2,2.6327301432914342e-05,9.980911500000005,-2.6527419999999893,3.9027419999999893
19,200,2,125,8,2,1,35n,0,-2,1.412355033107455e-05,3.7647130000000004,-2.566986000000014,3.816986000000014
19,50,2,25,4,2,4,35n,0,0,9.000490913917156e-07,7.682436800000005,-1.130547200000001,2.530547200000001
19,100,10,25,4,2,4,35n,0,0,6.4263950303532305e-06,19.388282000000004,-1.3572008000000069,2.757200800000007
19,200,10,125,4,2,4,35n,0,0,1.85604014609479e-05,9.408758500000005,-1.4399990000000003,2.6899990000000003
19,200,2,125,4,2,4,35n,0,0,9.81245332595346e-06,2.297384500000007,-1.1972169999999949,2.447216999999995
19,50,2,25,8,8,1,5n,1,-2,5.345907176457956e-07,71.01032359999999,1.3882263000000008,0.01177369999999911
19,100,10,25,8,8,1,5n,1,-2,5.220056312814891e-06,22.489146000000005,1.4313960000000008,-0.03139600000000087
19,200,10,125,8,8,1,5n,1,-2,1.5186515716999324e-05,3.3744815000000017,1.2820839999999976,-0.03208399999999756
19,200,2,125,8,8,1,5n,1,-2,6.498419911688858e-06,16.7306545,1.2674120000000073,-0.01741200000000731
19,50,2,25,8,2,1,5n,1,0,6.031896981428343e-07,108.520448,-0.13524350000000007,1.5352435
19,100,10,25,8,2,1,5n,1,0,4.17996440194336e-06,68.31556599999999,-0.11445800000000483,1.5144580000000047
19,200,10,125,8,2,1,5n,1,0,1.2457391700855612e-05,27.062886500000005,-0.24571700000001329,1.4957170000000133
19,200,2,125,8,2,1,5n,1,0,6.575377521652396e-06,17.821042500000004,-0.2596369999999979,1.509636999999998
19,50,2,25,3,2,1,10n,0,-2,9.199339476624252e-07,44.61568740000001,-1.6449683000000008,3.0449683000000007
19,100,10,25,3,2,1,10n,0,-2,8.05920050878582e-06,15.313090000000003,-2.073426200000006,3.473426200000006
19,200,10,125,3,2,1,10n,0,-2,2.5406456314688584e-05,7.864559999999996,-2.128286000000003,3.378286000000003
19,200,2,125,3,2,1,10n,0,-2,1.1901810786608186e-05,20.773592500000003,-2.0038129999999796,3.2538129999999796
19,50,2,25,1,2,4,10n,1,0,1.0910644286306302e-06,45.32156979999999,0.9118219999999986,0.48817800000000133
19,100,10,25,1,2,4,10n,1,0,7.124668690933317e-06,23.486402999999996,0.8037639000000012,0.5962360999999987
19,200,10,125,1,2,4,10n,1,0,2.1461222964333885e-05,3.3907774999999987,0.7650020000000097,0.48499799999999027
19,200,2,125,1,2,4,10n,1,0,8.361968735743624e-06,14.506502499999996,0.623788946,0.5018090000000086
19,50,2,25,1,8,4,15n,1,-2,1.6052695239508641e-06,6.066711400000003,2.9893732999999982,-1.5893732999999983
19,100,10,25,1,8,4,15n,1,-2,8.367328107024006e-06,23.119668000000004,2.9048261999999965,-1.5048261999999966
19,200,10,125,1,8,4,15n,1,-2,2.4307638599962305e-05,5.693641,2.8105270000000075,-1.5605270000000075
19,200,2,125,1,8,4,15n,1,-2,1.0940866450622955e-05,6.227106500000004,2.798517000000004,-1.548517000000004
19,50,2,25,1,8,1,15n,0,0,2.178404950097392e-06,6.6970544,-1.7167352999999985,3.1167352999999984
19,100,10,25,1,8,1,15n,0,0,1.4528393369877674e-05,23.369480999999993,-2.0399721000000057,3.4399721000000056
19,200,10,125,1,8,1,15n,0,0,4.2064088155064665e-05,7.207919500000003,-2.149470000000008,3.399470000000008
19,200,2,125,1,8,1,15n,0,0,2.0763077368578792e-05,9.011668499999999,-2.1117399999999975,3.3617399999999975
20,50,2,25,8,8,8,15n,0,0,6.320306680270456e-07,6.047064399999997,0.0892894899999992,1.3107105100000007
20,100,10,25,8,8,8,15n,0,0,4.078568576459487e-06,22.047363000000004,-0.23728210000000027,1.6372821000000002
20,200,10,125,8,8,8,15n,0,0,1.2894342448717509e-05,5.5296515,-0.6366130000000112,1.8866130000000112
20,200,2,125,8,8,8,15n,0,0,7.853883116371647e-06,6.438654999999996,-0.6510569999999802,1.9010569999999802
20,50,2,25,1,2,8,10n,1,-2,1.4852821227190837e-06,31.801168399999998,3.1916898000000002,-1.7916898000000003
20,100,10,25,1,2,8,10n,1,-2,8.230238443885682e-06,24.409955999999994,3.089367149999999,-1.689367149999999
20,200,10,125,1,2,8,10n,1,-2,2.359929285321257e-05,6.162030500000001,3.014078999999981,-1.764078999999981
20,200,2,125,1,2,8,10n,1,-2,9.77139389237746e-06,25.799505999999994,2.50116519,-1.7504470000000083
20,50,2,25,6,2,1,10n,0,0,1.052519396416669e-06,60.74806720000001,-2.9264346000000008,4.326434600000001
20,100,10,25,6,2,1,10n,0,0,1.0665787331962232e-05,19.707685999999995,-3.1091244999999987,4.509124499999999
20,200,10,125,6,2,1,10n,0,0,3.489795494716483e-05,11.104375000000005,-3.6125979999999913,4.862597999999991
20,200,2,125,6,2,1,10n,0,0,2.070427971800338e-05,13.769199,-3.9433939999999836,5.193393999999984
20,50,2,25,8,8,1,25n,1,-2,7.780685034772392e-07,9.995050199999994,2.639945269,-1.2399452690000001
20,100,10,25,8,8,1,25n,1,-2,5.975424712689585e-06,23.406171999999998,2.306425900000002,-0.9064259000000021
20,200,10,125,8,8,1,25n,1,-2,1.5656611560113776e-05,5.929207000000006,1.9812960000000146,-0.7312960000000146
20,200,2,125,8,8,1,25n,1,-2,9.482651006811523e-06,2.910779500000004,2.033112999999986,-0.783112999999986
20,50,2,25,2,8,4,15n,0,-2,1.288188928657122e-06,6.934763000000004,1.9865191999999978,-0.5865191999999979
20,100,10,25,2,8,4,15n,0,-2,6.258533883705034e-06,24.039552,1.8494949999999988,-0.44949499999999887
20,200,10,125,2,8,4,15n,0,-2,1.8168740039345094e-05,6.1793169999999975,1.637377999999984,-0.387377999999984
20,200,2,125,2,8,4,15n,0,-2,9.969634762325887e-06,4.302547000000004,1.7814446999999944,-0.5314446999999944
20,50,2,25,2,2,1,15n,1,0,9.75494116139382e-07,4.553941199999997,0.8837704999999985,0.5162295000000015
20,100,10,25,2,2,1,15n,1,0,5.330460438615107e-06,23.859791,0.8317750999999958,0.5682249000000041
20,200,10,125,2,2,1,15n,1,0,1.6174281480294793e-05,4.745587,0.7497910000000161,0.5002089999999839
20,200,2,125,2,2,1,15n,1,0,8.058605164886794e-06,17.190948000000006,0.7027339999999924,0.5472660000000076
20,50,2,25,4,8,8,25n,1,-2,1.0457404875661602e-06,9.9284028,2.9075000529999997,-1.507500053
20,100,10,25,4,8,8,25n,1,-2,6.687967158922198e-06,23.369358000000005,2.8235287999999996,-1.4235287999999997
20,200,10,125,4,8,8,25n,1,-2,1.7087621201751115e-05,5.903536500000001,2.6216340000000002,-1.3716340000000002
20,200,2,125,4,8,8,25n,1,-2,9.768352828947049e-06,2.881443500000003,2.6471260000000143,-1.3971260000000143
20,50,2,25,8,2,8,25n,0,0,6.609855839374436e-07,6.167671400000004,0.09028300999999983,1.30971699
20,100,10,25,8,2,8,25n,0,0,4.832536287238703e-06,18.838457000000005,-0.2338579000000025,1.6338579000000024
20,200,10,125,8,2,8,25n,0,0,1.4190702652813949e-05,8.436361000000005,-0.6300239999999917,1.8800239999999917
20,200,2,125,8,2,8,25n,0,0,7.981970557055347e-06,1.4856500000000068,-0.6423040000000242,1.8923040000000242
20,50,2,25,3,8,1,35n,0,-2,1.0305976012963938e-06,12.308129800000003,-0.08964600000000056,1.4896460000000005
20,100,10,25,3,8,1,35n,0,-2,7.969175489324122e-06,25.86014,-0.9438624000000062,2.343862400000006
20,200,10,125,3,8,1,35n,0,-2,2.0199815621060207e-05,7.119025500000007,-1.414783,2.664783
20,200,2,125,3,8,1,35n,0,-2,1.0801168521421099e-05,3.556149000000005,-1.0961005999999998,2.3461005999999998
20,50,2,25,6,8,4,35n,0,0,6.703735459390732e-07,6.856641800000006,-0.6803871100000003,2.08038711
20,100,10,25,6,8,4,35n,0,0,4.869037182675266e-06,22.179792000000006,-0.5925764999999985,1.9925764999999984
20,200,10,125,6,8,4,35n,0,0,1.398965850899514e-05,5.983968000000004,-1.0902480000000025,2.3402480000000025
20,200,2,125,6,8,4,35n,0,0,8.399211094602253e-06,2.5639515000000017,-1.036736000000019,2.286736000000019
20,50,2,25,8,2,8,5n,0,-2,5.610291968547363e-07,110.439324,-0.05378980000000011,-0.961075077
20,100,10,25,8,2,8,5n,0,-2,4.756289106581788e-06,57.192251,-0.5786110400000002,-0.13965489999999647
20,200,10,125,8,2,8,5n,0,-2,1.509297621455879e-05,35.376137,-1.0155452999999999,-0.08349099999998089
20,200,2,125,8,2,8,5n,0,-2,7.725023483658702e-06,14.659132499999998,-1.74999189,-0.30750500000002035
20,50,2,25,8,8,8,5n,1,0,4.93805017126873e-07,76.34925319999999,0.7561285000000004,0.6438714999999995
20,100,10,25,8,8,8,5n,1,0,4.008674060757943e-06,20.974968000000004,0.48851740000000055,0.9114825999999994
20,200,10,125,8,8,8,5n,1,0,1.2549603082716412e-05,6.350785999999999,0.2585650000000044,0.9914349999999956
20,200,2,125,8,8,8,5n,1,0,6.921363177090498e-06,12.301499500000004,0.35430900000000065,0.8956909999999993
20,50,2,25,8,8,4,10n,0,-2,7.874366305195385e-07,7.672415599999994,1.7771427999999996,-0.37714279999999967
20,100,10,25,8,8,4,10n,0,-2,5.005302445870808e-06,24.039568000000003,1.0417670000000014,0.35823299999999847
20,200,10,125,8,8,4,10n,0,-2,1.5265904018507433e-05,6.179378499999998,0.4200969999999984,0.8299030000000016
20,200,2,125,8,8,4,10n,0,-2,9.169610916588127e-06,24.288513499999993,0.688067999999987,0.561932000000013
20,50,2,25,3,8,1,15n,1,-2,1.1419457032601851e-06,6.893138399999998,2.844746008,-1.444746008
20,100,10,25,3,8,1,15n,1,-2,6.001308808086039e-06,23.406144999999995,2.7734251999999997,-1.3734251999999998
20,200,10,125,3,8,1,15n,1,-2,1.76581793262428e-05,5.9291855000000036,2.577980000000025,-1.327980000000025
20,200,2,125,3,8,1,15n,1,-2,9.829338704079468e-06,4.358434000000003,2.598140000000001,-1.3481400000000008
20,50,2,25,3,8,1,10n,1,0,8.213629682282879e-07,12.051021199999994,0.8539092999999993,0.5460907000000006
20,100,10,25,3,8,1,10n,1,0,4.808455188141606e-06,21.799875999999998,0.7842657000000002,0.6157342999999997
20,200,10,125,3,8,1,10n,1,0,1.4942293694561987e-05,5.177257999999995,0.6951490000000149,0.5548509999999851
20,200,2,125,3,8,1,10n,1,0,7.769208268213818e-06,23.410481000000004,0.5751329999999939,0.6748670000000061
20,50,2,25,2,8,8,15n,0,0,9.6894032907681e-07,6.047058399999997,0.3934313000000009,1.006568699999999
20,100,10,25,2,8,8,15n,0,0,5.252878024064311e-06,22.047478999999996,0.45434200000000535,0.9456579999999946
20,200,10,125,2,8,8,15n,0,0,1.583568394096696e-05,5.529138000000002,0.23952400000001717,1.0104759999999828
20,200,2,125,2,8,8,15n,0,0,8.274998988556843e-06,6.437835000000007,0.3089789999999937,0.9410210000000063
20,50,2,25,6,8,1,25n,1,-2,8.79127067292516e-07,9.995041599999993,2.6933148289999997,-1.2933148289999998
20,100,10,25,6,8,1,25n,1,-2,6.188362653481331e-06,23.406166,2.449913499999995,-1.0499134999999953
20,200,10,125,6,8,1,25n,1,-2,1.612219039881591e-05,5.9292415000000025,2.181629000000015,-0.9316290000000151
20,200,2,125,6,8,1,25n,1,-2,9.589068843223866e-06,2.9107714999999956,2.222266999999988,-0.972266999999988
20,50,2,25,3,8,8,25n,0,0,8.544802238903328e-07,6.0470597999999995,0.30789900000000037,1.0921009999999995
20,100,10,25,3,8,8,25n,0,0,4.790737492621581e-06,22.047422999999995,0.3755208000000123,1.0244791999999876
20,200,10,125,3,8,8,25n,0,0,1.449699763741827e-05,5.529339500000005,0.15951100000000906,1.090488999999991
20,200,2,125,3,8,8,25n,0,0,8.174295846883863e-06,2.3934710000000052,0.11195299999999975,1.1380470000000003
20,50,2,25,8,8,4,35n,1,-2,7.879984758682255e-07,9.960460400000002,2.71325948,-1.3132594800000001
20,100,10,25,8,8,4,35n,1,-2,7.035245660186173e-06,23.38821400000001,2.4345324000000033,-1.0345324000000033
20,200,10,125,8,8,4,35n,1,-2,1.585356121471899e-05,5.915800500000002,2.1271309999999914,-0.8771309999999914
20,200,2,125,8,8,4,35n,1,-2,9.438645729049926e-06,2.896120499999995,2.175001999999978,-0.9250019999999779
20,50,2,25,6,8,8,35n,0,0,6.813908945431118e-07,6.0470634,0.15125320000000064,1.2487467999999993
20,100,10,25,6,8,8,35n,0,0,4.80170634574075e-06,22.047374000000005,-0.051142099999998525,1.4511420999999984
20,200,10,125,6,8,8,35n,0,0,1.3152625823969738e-05,5.5295665000000005,-0.3871719999999925,1.6371719999999925
20,200,2,125,6,8,8,35n,0,0,7.94462944831089e-06,2.393413499999994,-0.4084309999999789,1.658430999999979
20,50,2,25,6,2,8,5n,0,-2,6.520144906040187e-07,110.439586,-0.05379367000000013,-1.023463119
20,100,10,25,6,2,8,5n,0,-2,4.935463087066084e-06,57.192642000000006,-0.57862374,-0.36289929999999515
20,200,10,125,6,2,8,5n,0,-2,1.5386322687126095e-05,35.376217499999996,-1.0155971799999999,-0.3814610000000016
20,200,2,125,6,2,8,5n,0,-2,7.873747407700114e-06,14.659300000000004,-1.7500228400000002,-0.6005590000000041
20,50,2,25,6,2,8,5n,1,0,6.722401213005228e-07,115.255732,0.42516920999999996,0.6024835999999993
20,100,10,25,6,2,8,5n,1,0,3.898648734020875e-06,64.60941399999999,0.3001355099999998,0.8201575000000005
20,200,10,125,6,2,8,5n,1,0,1.241319898771826e-05,37.246883999999994,0.23671445000000002,0.8812000000000069
20,200,2,125,6,2,8,5n,1,0,6.805639078288854e-06,16.5244895,0.27027323400000003,0.7911339999999996
20,50,2,25,8,8,1,10n,1,-2,7.619263163315336e-07,7.7094675999999955,2.636915683,-1.236915683
20,100,10,25,8,8,1,10n,1,-2,5.3230859240936015e-06,23.406171999999998,2.4907926000000002,-1.0907926000000003
20,200,10,125,8,8,1,10n,1,-2,1.5601269906279654e-05,5.929207000000006,1.9738889999999856,-0.7238889999999856
20,200,2,125,8,8,1,10n,1,-2,8.900496428640592e-06,24.1223325,2.077458000000007,-0.8274580000000071
20,50,2,25,6,2,4,10n,1,0,6.052663833012613e-07,41.026314600000006,0.7720742999999994,0.6279257000000005
20,100,10,25,6,2,4,10n,1,0,4.281718833665254e-06,23.835166,0.5322405999999957,0.8677594000000042
20,200,10,125,6,2,4,10n,1,0,1.3606620198363206e-05,3.9556015,0.39179999999998927,0.8582000000000107
20,200,2,125,6,2,4,10n,1,0,7.2329678764331015e-06,21.393821500000005,0.37214600000001496,0.877853999999985
20,50,2,25,2,2,8,15n,0,-2,1.317884504804165e-06,5.465913400000005,2.7191372,-1.3191372000000001
20,100,10,25,2,2,8,15n,0,-2,6.7808231916008635e-06,17.846688999999998,2.582823243,-1.182823243
20,200,10,125,2,2,8,15n,0,-2,1.911765103843002e-05,8.831007,2.450743999999986,-1.200743999999986
20,200,2,125,2,2,8,15n,0,-2,9.89764876767716e-06,15.416506999999998,2.1015829950000002,-1.216023999999976
20,50,2,25,2,8,8,25n,1,0,9.669798111054964e-07,5.9705021999999985,1.0399779999999992,0.36002200000000073
20,100,10,25,2,8,8,25n,1,0,5.3437564296051676e-06,21.752713999999997,1.0127297999999967,0.38727020000000323
20,200,10,125,2,8,8,25n,1,0,1.6152984312228188e-05,5.0653680000000065,0.8461550000000102,0.4038449999999898
20,200,2,125,2,8,8,25n,1,0,8.310851135894528e-06,2.158131499999996,0.8314269999999908,0.4185730000000092
20,50,2,25,8,2,4,15n,0,0,6.150493262975358e-07,14.736276799999999,-0.7509422000000003,2.1509422000000002
20,100,10,25,8,2,4,15n,0,0,4.871873903073594e-06,18.915622999999997,-0.8144563999999961,2.214456399999996
20,200,10,125,8,2,4,15n,0,0,1.5142119100612277e-05,9.0171895,-1.308275000000009,2.558275000000009
20,200,2,125,8,2,4,15n,0,0,7.921562577125712e-06,22.030268000000007,-1.3697179999999776,2.6197179999999776
20,50,2,25,1,2,8,25n,1,-2,1.5852690570412545e-06,10.914085200000002,3.192374132,-1.792374132
20,100,10,25,1,2,8,25n,1,-2,8.80592365262349e-06,24.409955999999994,3.0864791199999995,-1.6864791199999996
20,200,10,125,1,2,8,25n,1,-2,2.3406809653103384e-05,6.671210000000002,3.013091000000003,-1.7630910000000029
20,200,2,125,1,2,8,25n,1,-2,1.0733125347959609e-05,2.667842500000006,3.001468999999986,-1.751468999999986
20,50,2,25,8,2,1,35n,0,-2,6.993464137022055e-07,12.927216599999994,-0.3856748099999998,1.7856748099999997
20,100,10,25,8,2,1,35n,0,-2,7.060001003746399e-06,20.292665999999997,-1.2830339999999993,2.6830339999999993
20,200,10,125,8,2,1,35n,0,-2,1.8993544312971932e-05,9.623216999999997,-2.1428339999999935,3.3928339999999935
20,200,2,125,8,2,1,35n,0,-2,1.041362353796111e-05,3.636896500000006,-1.9260389000000089,3.176038900000009
20,50,2,25,4,2,4,35n,0,0,7.95649862981538e-07,6.9964286000000016,-0.5713778000000009,1.9713778000000008
20,100,10,25,4,2,4,35n,0,0,5.592517884220949e-06,18.915491000000003,-0.6242857000000073,2.024285700000007
20,200,10,125,4,2,4,35n,0,0,1.589845052791617e-05,9.017031500000002,-0.9217680000000144,2.1717680000000144
20,200,2,125,4,2,4,35n,0,0,8.581822681439283e-06,2.3246010000000012,-0.6262220000000127,1.8762220000000127
20,50,2,25,8,8,1,5n,1,-2,5.078002527791352e-07,65.72994059999999,1.6216707000000041,-0.22167070000000422
20,100,10,25,8,8,1,5n,1,-2,5.231568365629182e-06,23.142217000000002,1.6681520000000005,-0.2681520000000006
20,200,10,125,8,8,1,5n,1,-2,1.5316501302176694e-05,3.5057620000000043,1.4934220000000096,-0.24342200000000958
20,200,2,125,8,8,1,5n,1,-2,6.340034564042534e-06,21.136097500000005,1.479631000000012,-0.2296310000000119
20,50,2,25,8,2,1,5n,1,0,5.797825137194306e-07,115.25093799999999,-0.002573100000005102,1.402573100000005
20,100,10,25,8,2,1,5n,1,0,4.100328348526399e-06,64.59078600000001,0.019717999999991687,1.3802820000000082
20,200,10,125,8,2,1,5n,1,0,1.2547744454903177e-05,37.244585,-0.11740699999998583,1.3674069999999858
20,200,2,125,8,2,1,5n,1,0,6.3683034741791485e-06,16.523010999999997,-0.13317800000001512,1.3831780000000151
20,50,2,25,1,2,4,10n,1,0,1.062386810319895e-06,41.03242119999999,1.0625973999999991,0.3374026000000008
20,100,10,25,1,2,4,10n,1,0,6.773300665000334e-06,23.83494500000001,0.9658640000000047,0.4341359999999952
20,200,10,125,1,2,4,10n,1,0,2.033742508196443e-05,3.9531735000000054,0.8684030000000007,0.3815969999999993
20,200,2,125,1,2,4,10n,1,0,8.184525947061812e-06,21.391802499999997,0.630297424,0.3232940000000042
20,50,2,25,3,2,1,10n,0,-2,8.283254292152783e-07,34.1185778,-0.511245600000001,1.9112456000000009
20,100,10,25,3,2,1,10n,0,-2,5.964478914835984e-06,17.346849000000006,-1.1532539999999956,2.5532539999999955
20,200,10,125,3,2,1,10n,0,-2,1.9205568045227003e-05,8.510364499999994,-1.4129749999999888,2.6629749999999888
20,200,2,125,3,2,1,10n,0,-2,8.656167139877786e-06,26.662606999999994,-1.2151510000000059,2.465151000000006
20,50,2,25,1,8,4,15n,1,-2,1.5513863049206295e-06,6.889128999999997,3.1572392000000007,-1.7572392000000008
20,100,10,25,1,8,4,15n,1,-2,8.023803438405208e-06,23.388075,3.0381618599999984,-1.6381618599999985
20,200,10,125,1,8,4,15n,1,-2,2.3103709961464515e-05,5.914885499999997,2.9654569999999865,-1.7154569999999865
20,200,2,125,1,8,4,15n,1,-2,1.0641308122268455e-05,4.362552500000007,2.9570580000000177,-1.7070580000000177
20,50,2,25,1,8,1,15n,0,0,1.5381431662286354e-06,6.264192600000001,-1.386965200000001,2.786965200000001
20,100,10,25,1,8,1,15n,0,0,1.0290301867285756e-05,23.483941,-1.716675799999996,3.116675799999996
20,200,10,125,1,8,1,15n,0,0,3.138355570097516e-05,6.736723499999996,-1.7979469999999935,3.0479469999999935
20,200,2,125,1,8,1,15n,0,0,1.4525723991875649e-05,6.311770999999993,-1.6896420000000205,2.9396420000000205
21,50,2,25,8,8,8,15n,0,0,6.474639433110628e-07,6.176484000000003,0.043875889999998474,1.3561241100000014
21,100,10,25,8,8,8,15n,0,0,4.131963940991999e-06,21.685316999999994,-0.22861509999999763,1.6286150999999975
21,200,10,125,8,8,8,15n,0,0,1.3045939236740965e-05,5.495067500000005,-0.6162439999999947,1.8662439999999947
21,200,2,125,8,8,8,15n,0,0,7.932095980482905e-06,7.007758999999993,-0.6417480000000069,1.8917480000000069
21,50,2,25,8,8,1,25n,1,-2,8.042684807489529e-07,9.934942399999997,2.647944093,-1.247944093
21,100,10,25,8,8,1,25n,1,-2,6.009974510842845e-06,23.301187999999996,2.3157914000000033,-0.9157914000000034
21,200,10,125,8,8,1,25n,1,-2,1.5787469950886393e-05,5.8791360000000035,1.9979470000000106,-0.7479470000000106
21,200,2,125,8,8,1,25n,1,-2,9.553358700645314e-06,2.941578000000007,2.0440579999999784,-0.7940579999999784
21,50,2,25,1,2,8,10n,1,-2,1.5032500153368188e-06,33.50216219999999,3.1902356000000025,-1.7902356000000026
21,100,10,25,1,2,8,10n,1,-2,8.400973307230606e-06,24.607907999999995,3.0939148700000003,-1.6939148700000004
21,200,10,125,1,2,8,10n,1,-2,2.4088320858806247e-05,5.585464000000002,3.0026220000000023,-1.7526220000000023
21,200,2,125,1,2,8,10n,1,-2,9.840552830255571e-06,24.490135499999994,2.52762763,-1.741782999999998
21,50,2,25,6,2,1,10n,0,0,1.3074670234964508e-06,56.08032800000001,-2.9873827999999993,4.387382799999999
21,100,10,25,6,2,1,10n,0,0,1.2088671544163434e-05,25.189576000000002,-3.1899149000000038,4.589914900000004
21,200,10,125,6,2,1,10n,0,0,3.847321014400184e-05,15.221373999999996,-3.6991729999999734,4.949172999999973
21,200,2,125,6,2,1,10n,0,0,2.3691952961250785e-05,14.983188999999996,-3.9661079999999913,5.216107999999991
21,50,2,25,2,8,4,15n,0,-2,1.3133287001516514e-06,6.535649599999999,1.9193922999999997,-0.5193922999999998
21,100,10,25,2,8,4,15n,0,-2,6.342350275594235e-06,24.049159000000003,1.7598687000000068,-0.3598687000000069
21,200,10,125,2,8,4,15n,0,-2,1.8426528943295383e-05,6.149754999999999,1.549521999999996,-0.29952199999999607
21,200,2,125,2,8,4,15n,0,-2,1.004030121956624e-05,4.640580499999999,1.7094678000000059,-0.45946780000000587
21,50,2,25,8,2,8,25n,0,0,6.785873047857142e-07,6.377364600000008,0.045324649999999966,1.35467535
21,100,10,25,8,2,8,25n,0,0,4.965282156161927e-06,18.842281,-0.2251470999999996,1.6251470999999995
21,200,10,125,8,2,8,25n,0,0,1.4486962667481039e-05,8.454646999999994,-0.6097460000000012,1.8597460000000012
21,200,2,125,8,2,8,25n,0,0,8.074605748374711e-06,1.4637010000000004,-0.6327839999999867,1.8827839999999867
21,50,2,25,2,2,1,15n,1,0,9.95975265734403e-07,4.265075199999998,0.8635308999999984,0.5364691000000015
21,100,10,25,2,2,1,15n,1,0,5.410340117163955e-06,23.751057,0.8388285999999936,0.5611714000000063
21,200,10,125,2,2,1,15n,1,0,1.6458240307829778e-05,4.619918499999997,0.7616660000000195,0.4883339999999805
21,200,2,125,2,2,1,15n,1,0,8.11509153780476e-06,17.2083715,0.7040169999999932,0.5459830000000068
21,50,2,25,4,8,8,25n,1,-2,1.0744481991744205e-06,9.883812800000001,2.9163745949999997,-1.516374595
21,100,10,25,4,8,8,25n,1,-2,6.728168147881278e-06,23.264376999999996,2.830627400000006,-1.4306274000000059
21,200,10,125,4,8,8,25n,1,-2,1.7257859700472596e-05,5.848950000000002,2.631483000000003,-1.381483000000003
21,200,2,125,4,8,8,25n,1,-2,9.848224155871693e-06,2.910728000000006,2.6548740000000066,-1.4048740000000066
21,50,2,25,6,8,4,35n,0,0,6.886404519858804e-07,6.946337400000004,-0.7430560499999985,2.1430560499999984
21,100,10,25,6,8,4,35n,0,0,4.968977630669915e-06,21.819466000000006,-0.7124742999999882,2.112474299999988
21,200,10,125,6,8,4,35n,0,0,1.4370867095774884e-05,5.97072,-1.1360809999999901,2.38608099999999
21,200,2,125,6,8,4,35n,0,0,8.572020081789102e-06,2.5687989999999985,-1.0197840000000156,2.2697840000000156
21,50,2,25,3,8,1,35n,0,-2,1.0527060988907413e-06,12.261056199999999,-0.15417190000000014,1.5541719
21,100,10,25,3,8,1,35n,0,-2,8.155416097909733e-06,25.805695999999998,-1.0370624000000022,2.437062400000002
21,200,10,125,3,8,1,35n,0,-2,2.089110811837474e-05,7.138720500000005,-1.482832000000002,2.732832000000002
21,200,2,125,3,8,1,35n,0,-2,1.1051399919662985e-05,3.6143490000000043,-1.1757704000000047,2.4257704000000047
21,50,2,25,8,2,8,5n,0,-2,5.895507532375507e-07,111.43346399999999,-0.33841591000000015,-0.9805370290000001
21,100,10,25,8,2,8,5n,0,-2,4.949348178116088e-06,61.008746,-0.9188559700000001,-0.18964400000000126
21,200,10,125,8,2,8,5n,0,-2,1.5416192814094487e-05,32.7092815,-1.35156046,-0.1670870000000093
21,200,2,125,8,2,8,5n,0,-2,7.961723110389504e-06,16.731280499999997,-1.98033912,-0.3435230000000047
21,50,2,25,8,8,8,5n,1,0,5.049135379235288e-07,77.87755139999999,0.7532081500000003,0.6467918499999996
21,100,10,25,8,8,8,5n,1,0,4.045140834850685e-06,20.567700000000006,0.4874256999999971,0.9125743000000028
21,200,10,125,8,8,8,5n,1,0,1.2686500808627255e-05,7.3995900000000026,0.288250000000005,0.961749999999995
21,200,2,125,8,8,8,5n,1,0,6.919262624646049e-06,11.245754000000007,0.37285099999999716,0.8771490000000028
21,50,2,25,8,8,4,10n,0,-2,8.067601351037156e-07,8.302774999999997,1.7062459000000003,-0.3062459000000004
21,100,10,25,8,8,4,10n,0,-2,5.041511805437076e-06,24.049177999999998,1.0644728999999997,0.3355271000000002
21,200,10,125,8,8,4,10n,0,-2,1.5397778167302617e-05,6.149784999999995,0.48511400000001004,0.76488599999999
21,200,2,125,8,8,4,10n,0,-2,9.218172164314789e-06,23.657191999999995,0.760171999999983,0.489828000000017
21,50,2,25,3,8,1,10n,1,0,8.367890599204161e-07,13.399343200000002,0.8383618000000026,0.5616381999999973
21,100,10,25,3,8,1,10n,1,0,4.9223483011154456e-06,21.435528000000005,0.8278407999999984,0.5721592000000015
21,200,10,125,3,8,1,10n,1,0,1.5130984156629991e-05,5.163044499999999,0.6868929999999978,0.5631070000000022
21,200,2,125,3,8,1,10n,1,0,7.726698007586376e-06,22.573369,0.5712279999999907,0.6787720000000093
21,50,2,25,3,8,1,15n,1,-2,1.1681843556214458e-06,6.491255800000005,2.8628306749999997,-1.462830675
21,100,10,25,3,8,1,15n,1,-2,6.095860596542722e-06,23.301175000000004,2.793351299999992,-1.393351299999992
21,200,10,125,3,8,1,15n,1,-2,1.782904723753826e-05,5.879165999999998,2.576685999999995,-1.3266859999999951
21,200,2,125,3,8,1,15n,1,-2,9.893932524673427e-06,4.709671499999999,2.6071599999999933,-1.3571599999999933
21,50,2,25,2,8,8,15n,0,0,9.90713107612871e-07,6.176542600000005,0.35359289999999666,1.0464071000000033
21,100,10,25,2,8,8,15n,0,0,5.350513951519709e-06,21.685440999999997,0.3904524999999892,1.0095475000000107
21,200,10,125,2,8,8,15n,0,0,1.612382597277188e-05,5.494728499999995,0.1816780000000051,1.0683219999999949
21,200,2,125,2,8,8,15n,0,0,8.356308477450628e-06,7.006830500000007,0.27145300000000816,0.9785469999999918
21,50,2,25,6,8,1,25n,1,-2,9.064976561449896e-07,9.934931599999999,2.7039389579999997,-1.3039389579999998
21,100,10,25,6,8,1,25n,1,-2,6.223348823314975e-06,23.301185000000004,2.4608833000000003,-1.0608833000000004
21,200,10,125,6,8,1,25n,1,-2,1.625039487154484e-05,5.8791829999999985,2.1976709999999855,-0.9476709999999855
21,200,2,125,6,8,1,25n,1,-2,9.65834430935898e-06,2.9415805000000006,2.234591999999992,-0.9845919999999921
21,50,2,25,3,8,8,25n,0,0,8.752251570794818e-07,6.176518599999995,0.2640651999999988,1.1359348000000011
21,100,10,25,3,8,8,25n,0,0,4.857963137703121e-06,21.685379999999995,0.3838000999999962,1.0161999000000037
21,200,10,125,3,8,8,25n,0,0,1.4715497947755471e-05,5.494875500000006,0.1343570000000227,1.1156429999999773
21,200,2,125,3,8,8,25n,0,0,8.26281649020317e-06,2.406422500000005,0.11163300000001186,1.1383669999999881
21,50,2,25,6,8,8,35n,0,0,6.984881112421329e-07,6.1764912,0.10606599999999977,1.2939340000000001
21,100,10,25,6,8,8,35n,0,0,4.848643718272534e-06,21.685328,-0.04141650000000263,1.4414165000000025
21,200,10,125,6,8,8,35n,0,0,1.33152682422203e-05,5.495018000000003,-0.3674210000000073,1.6174210000000073
21,200,2,125,6,8,8,35n,0,0,8.031645826696487e-06,2.406346499999998,-0.39699099999998566,1.6469909999999857
21,50,2,25,8,8,4,35n,1,-2,8.13107117306409e-07,9.911941200000001,2.720414876,-1.320414876
21,100,10,25,8,8,4,35n,1,-2,7.062198279337629e-06,23.283027,2.439504200000003,-1.0395042000000032
21,200,10,125,8,8,4,35n,1,-2,1.5921858425126916e-05,5.863566500000004,2.140539000000018,-0.8905390000000182
21,200,2,125,8,8,4,35n,1,-2,9.499446663329138e-06,2.926190500000004,2.1840850000000103,-0.9340850000000103
21,50,2,25,6,2,8,5n,0,-2,6.816393745306123e-07,111.43357800000001,-0.33842028,-1.043927673
21,100,10,25,6,2,8,5n,0,-2,5.124001540821233e-06,61.008894999999995,-0.9188696800000002,-0.4072418000000013
21,200,10,125,6,2,8,5n,0,-2,1.5682616657286717e-05,32.709070499999996,-1.3516130999999998,-0.4603350000000148
21,200,2,125,6,2,8,5n,0,-2,8.105876951666957e-06,16.731555,-1.9803735900000001,-0.6353499999999883
21,50,2,25,6,2,8,5n,1,0,6.849812353767501e-07,115.81988199999999,0.36538158,0.6060716999999993
21,100,10,25,6,2,8,5n,1,0,3.936911960797876e-06,66.20814200000001,0.24403892999999988,0.8223552999999981
21,200,10,125,6,2,8,5n,1,0,1.2460634380157826e-05,35.83370049999999,0.14699774999999993,0.8522289999999941
21,200,2,125,6,2,8,5n,1,0,6.85888564800433e-06,15.573088999999996,0.21369963999999997,0.7736270000000047
21,50,2,25,8,8,1,10n,1,-2,7.850193896797359e-07,8.3536012,2.64599844,-1.2459984400000002
21,100,10,25,8,8,1,10n,1,-2,5.348449942323637e-06,23.301187999999996,2.4854989999999986,-1.0854989999999987
21,200,10,125,8,8,1,10n,1,-2,1.5624558719616716e-05,5.8791360000000035,1.949514999999991,-0.699514999999991
21,200,2,125,8,8,1,10n,1,-2,8.94366877419343e-06,23.489537999999996,2.0947189999999978,-0.8447189999999978
21,50,2,25,6,2,4,10n,1,0,6.151399975614668e-07,42.11349720000001,0.7682134999999994,0.6317865000000005
21,100,10,25,6,2,4,10n,1,0,4.342718541328249e-06,23.726247000000004,0.5452649000000007,0.8547350999999992
21,200,10,125,6,2,4,10n,1,0,1.3773453080547921e-05,3.769220500000003,0.419620000000009,0.830379999999991
21,200,2,125,6,2,4,10n,1,0,7.205168586401262e-06,20.145993500000003,0.37893200000002025,0.8710679999999797
21,50,2,25,2,2,8,15n,0,-2,1.3443532750647125e-06,4.903117399999999,2.6707162000000024,-1.2707162000000025
21,100,10,25,2,2,8,15n,0,-2,6.892204927516545e-06,17.448244000000003,2.575161523,-1.1751615229999999
21,200,10,125,2,2,8,15n,0,-2,1.939981703940718e-05,8.910636499999995,2.4453270000000202,-1.1953270000000202
21,200,2,125,2,2,8,15n,0,-2,9.946873922498425e-06,16.2438475,2.020048132,-1.195428800000002
21,50,2,25,8,2,4,15n,0,0,6.193915047855333e-07,19.799224600000002,-0.8162084000000003,2.2162084
21,100,10,25,8,2,4,15n,0,0,5.054290054784893e-06,18.924474000000004,-0.7972339000000006,2.1972339000000005
21,200,10,125,8,2,4,15n,0,0,1.5674426420256943e-05,8.974291500000007,-1.3309659999999894,2.5809659999999894
21,200,2,125,8,2,4,15n,0,0,8.084523617208065e-06,19.649944500000004,-1.3525499999999795,2.6025499999999795
21,50,2,25,1,2,8,25n,1,-2,1.6123398135321685e-06,10.917567399999996,3.188175800000001,-1.7881758000000012
21,100,10,25,1,2,8,25n,1,-2,8.947576366560298e-06,24.607907999999995,3.092301669999999,-1.692301669999999
21,200,10,125,1,2,8,25n,1,-2,2.3892885409761582e-05,6.181913499999994,3.0027069999999867,-1.7527069999999867
21,200,2,125,1,2,8,25n,1,-2,1.084573976488744e-05,2.5364794999999987,2.992800999999986,-1.7428009999999858
21,50,2,25,2,8,8,25n,1,0,9.899225211093294e-07,6.102786199999997,1.0249928999999987,0.37500710000000126
21,100,10,25,2,8,8,25n,1,0,5.444365725488245e-06,21.388256999999996,1.0187828000000052,0.3812171999999947
21,200,10,125,2,8,8,25n,1,0,1.6436450327875674e-05,5.0446270000000055,0.8516740000000027,0.3983259999999973
21,200,2,125,2,8,8,25n,1,0,8.392136281226549e-06,2.174757999999997,0.8329040000000134,0.4170959999999866
21,50,2,25,8,2,1,35n,0,-2,7.184483664738135e-07,12.952240399999994,-0.4586094699999994,1.8586094699999993
21,100,10,25,8,2,1,35n,0,-2,7.212885425897697e-06,19.772381999999993,-1.3774665000000028,2.7774665000000027
21,200,10,125,8,2,1,35n,0,-2,1.970001607908232e-05,9.743351500000003,-2.1682409999999948,3.4182409999999948
21,200,2,125,8,2,1,35n,0,-2,1.0653321842847374e-05,3.686552000000006,-1.982321600000006,3.232321600000006
21,50,2,25,8,8,1,5n,1,-2,5.164951228703149e-07,66.68349180000001,1.5276263000000028,-0.12762630000000286
21,100,10,25,8,8,1,5n,1,-2,5.276008724142153e-06,22.940611000000004,1.5732879999999994,-0.17328799999999944
21,200,10,125,8,8,1,5n,1,-2,1.539264057249427e-05,3.454537000000002,1.4085699999999974,-0.15856999999999744
21,200,2,125,8,8,1,5n,1,-2,6.387256951976538e-06,19.7179625,1.394674000000009,-0.14467400000000907
21,50,2,25,4,2,4,35n,0,0,8.197691538048662e-07,7.241134999999999,-0.6290871999999994,2.0290871999999993
21,100,10,25,4,2,4,35n,0,0,5.759719381462987e-06,18.924368,-0.7262449000000033,2.126244900000003
21,200,10,125,4,2,4,35n,0,0,1.6436895928038253e-05,9.029573999999997,-0.9875389999999982,2.237538999999998
21,200,2,125,4,2,4,35n,0,0,8.762043670437002e-06,2.3376599999999996,-0.6477730000000008,1.8977730000000008
21,50,2,25,8,2,1,5n,1,0,5.826581364674751e-07,115.81865199999999,-0.05183309999999475,1.4518330999999947
21,100,10,25,8,2,1,5n,1,0,4.09317403693456e-06,66.20298,-0.03041699999999148,1.4304169999999914
21,200,10,125,8,2,1,5n,1,0,1.2433842041038193e-05,35.83608699999999,-0.16580099999998765,1.4158009999999877
21,200,2,125,8,2,1,5n,1,0,6.3723480016700945e-06,15.573305000000005,-0.1806980000000067,1.4306980000000067
21,50,2,25,3,2,1,10n,0,-2,8.253372034135072e-07,37.1038322,-0.7498451999999998,2.1498451999999997
21,100,10,25,3,2,1,10n,0,-2,6.1908526182977915e-06,16.425087000000005,-1.3244472000000003,2.7244472
21,200,10,125,3,2,1,10n,0,-2,1.9969780887944776e-05,8.504631500000002,-1.5489300000000128,2.798930000000013
21,200,2,125,3,2,1,10n,0,-2,8.967744585120097e-06,25.053871,-1.3615630000000039,2.611563000000004
21,50,2,25,1,2,4,10n,1,0,1.0752102524302144e-06,42.119647799999996,1.0400018000000002,0.3599981999999997
21,100,10,25,1,2,4,10n,1,0,6.93505799577865e-06,23.726022000000004,0.9505421999999952,0.4494578000000047
21,200,10,125,1,2,4,10n,1,0,2.0831773858919078e-05,3.766891000000001,0.8620990000000006,0.3879009999999994
21,200,2,125,1,2,4,10n,1,0,8.212364100327574e-06,20.1441425,0.628855941,0.347233000000017
21,50,2,25,1,8,1,15n,0,0,1.6325495056122868e-06,6.397482999999994,-1.4125383000000036,2.8125383000000035
21,100,10,25,1,8,1,15n,0,0,1.094757430532111e-05,23.329819999999998,-1.7279293000000053,3.1279293000000052
21,200,10,125,1,8,1,15n,0,0,3.310139157248989e-05,6.742808999999994,-1.8128209999999854,3.0628209999999854
21,200,2,125,1,8,1,15n,0,0,1.5359703008920202e-05,6.869615499999996,-1.7208119999999951,2.970811999999995
21,50,2,25,1,8,4,15n,1,-2,1.5768328943771052e-06,6.487044800000007,3.1421769000000004,-1.7421769000000005
21,100,10,25,1,8,4,15n,1,-2,8.193645136016346e-06,23.28294099999999,3.0438318499999997,-1.6438318499999998
21,200,10,125,1,8,4,15n,1,-2,2.360421731672777e-05,5.862505999999996,2.9535359999999855,-1.7035359999999855
21,200,2,125,1,8,4,15n,1,-2,1.0744549681505307e-05,4.714576500000007,2.9457400000000007,-1.6957400000000007
22,50,2,25,8,8,8,15n,0,0,5.853071547364418e-07,5.8423758,0.20820192999999998,1.19179807
22,100,10,25,8,8,8,15n,0,0,3.935024668892053e-06,22.798833999999996,-0.2778385000000001,1.6778385
22,200,10,125,8,8,8,15n,0,0,1.2550308526626891e-05,5.757454499999994,-0.6848310000000026,1.9348310000000026
22,200,2,125,8,8,8,15n,0,0,7.574435655453514e-06,4.6744534999999985,-0.6726510000000019,1.9226510000000019
22,50,2,25,6,2,1,10n,0,0,5.91177146431644e-07,60.18954500000001,-2.62590033,4.02590033
22,100,10,25,6,2,1,10n,0,0,6.930368795379552e-06,18.694304000000002,-2.7998530999999987,4.199853099999999
22,200,10,125,6,2,1,10n,0,0,2.4362820160913158e-05,8.153434500000003,-3.232229999999987,4.482229999999987
22,200,2,125,6,2,1,10n,0,0,1.2670845387968612e-05,14.592896499999995,-3.7964549999999804,5.04645499999998
22,50,2,25,1,2,8,10n,1,-2,1.4474879398686017e-06,24.116991600000006,3.1066828920000003,-1.7066828920000001
22,100,10,25,1,2,8,10n,1,-2,7.981848268790356e-06,22.538833999999994,3.0388431500000004,-1.6388431500000005
22,200,10,125,1,2,8,10n,1,-2,2.2544864824657555e-05,7.776179999999997,3.036985900000005,-1.7869859000000048
22,200,2,125,1,2,8,10n,1,-2,9.646947813193431e-06,29.606567000000013,2.31996287,-1.782149000000004
22,50,2,25,8,8,1,25n,1,-2,7.051932450734964e-07,10.189227399999993,2.389307566,-0.9893075659999999
22,100,10,25,8,8,1,25n,1,-2,5.910764770174595e-06,23.707701,2.2716829999999972,-0.8716829999999973
22,200,10,125,8,8,1,25n,1,-2,1.530493527618488e-05,6.073392999999997,1.9494169999999826,-0.6994169999999826
22,200,2,125,8,8,1,25n,1,-2,9.242139506553625e-06,2.835399499999994,2.0071939999999984,-0.7571939999999984
22,50,2,25,2,8,4,15n,0,-2,1.2300266349530969e-06,8.170579200000006,2.181391459,-0.781391459
22,100,10,25,2,8,4,15n,0,-2,6.146934107925985e-06,23.878364000000005,2.01849626,-0.6184962599999999
22,200,10,125,2,8,4,15n,0,-2,1.7726499049069612e-05,6.283811000000001,2.105921699999996,-0.8559216999999961
22,200,2,125,2,8,4,15n,0,-2,9.799600770635587e-06,3.0370850000000047,2.0952189000000025,-0.8452189000000025
22,50,2,25,2,2,1,15n,1,0,9.197169291528592e-07,5.387039599999993,0.9427465999999973,0.4572534000000026
22,100,10,25,2,2,1,15n,1,0,5.224590396352798e-06,24.076684999999998,0.9130703000000095,0.48692969999999036
22,200,10,125,2,2,1,15n,1,0,1.564789279970124e-05,5.213730499999997,0.7293610000000115,0.5206389999999885
22,200,2,125,2,2,1,15n,1,0,7.877479877856698e-06,16.355734499999997,0.7252289999999846,0.5247710000000154
22,50,2,25,4,8,8,25n,1,-2,9.756155279503059e-07,10.149743999999998,2.734819368,-1.334819368
22,100,10,25,4,8,8,25n,1,-2,6.628853516442537e-06,23.667429,2.781894953,-1.381894953
22,200,10,125,4,8,8,25n,1,-2,1.676150964283051e-05,6.053568999999995,2.618452999999988,-1.3684529999999882
22,200,2,125,4,8,8,25n,1,-2,9.562774189778338e-06,2.8135414999999995,2.645941999999991,-1.395941999999991
22,50,2,25,8,2,8,25n,0,0,6.074352507033038e-07,6.133758599999993,0.20530201000000003,1.1946979899999999
22,100,10,25,8,2,8,25n,0,0,4.505452817036058e-06,18.648518999999993,-0.27794399999999664,1.6779439999999965
22,200,10,125,8,2,8,25n,0,0,1.348525912340754e-05,8.394327500000003,-0.6784020000000055,1.9284020000000055
22,200,2,125,8,2,8,25n,0,0,7.658439230354855e-06,2.086477000000002,-0.6669069999999806,1.9169069999999806
22,50,2,25,3,8,1,35n,0,-2,9.893338600635518e-07,12.394191199999996,0.6865707999999997,0.7134292000000002
22,100,10,25,3,8,1,35n,0,-2,7.282618715899722e-06,25.825002999999995,0.12631789999999787,1.273682100000002
22,200,10,125,3,8,1,35n,0,-2,1.7122478319137814e-05,6.989202500000005,-0.7006530000000026,1.9506530000000026
22,200,2,125,3,8,1,35n,0,-2,9.64756474450833e-06,3.3660619999999994,-0.20132199999999756,1.4513219999999976
22,50,2,25,8,2,8,5n,0,-2,5.226741958812358e-07,100.79950400000001,0.6104851069999999,-0.6096857214
22,100,10,25,8,2,8,5n,0,-2,4.782873470551677e-06,30.196371999999997,0.513198843,-0.0918613999999991
22,200,10,125,8,2,8,5n,0,-2,1.4926518868511093e-05,28.529557000000015,0.19595633999999995,0.10725200000001678
22,200,2,125,8,2,8,5n,0,-2,7.2615110829024035e-06,19.151636999999994,-1.10149235,-0.20544000000001006
22,50,2,25,6,8,4,35n,0,0,6.183841145245252e-07,6.742232799999997,-0.34461278000000073,1.7446127800000006
22,100,10,25,6,8,4,35n,0,0,4.628400724381634e-06,22.927514000000002,-0.6358349999999988,2.0358349999999987
22,200,10,125,6,8,4,35n,0,0,1.2816502600228809e-05,6.178862499999993,-1.0331679999999892,2.283167999999989
22,200,2,125,6,8,4,35n,0,0,7.798003524869175e-06,2.4404810000000055,-1.060859999999991,2.310859999999991
22,50,2,25,8,8,8,5n,1,0,4.4700402287168774e-07,70.8486388,0.7794299099999997,0.6205700900000002
22,100,10,25,8,8,8,5n,1,0,3.936421328564683e-06,22.043645999999995,0.5385057999999971,0.8614942000000028
22,200,10,125,8,8,8,5n,1,0,0.00019381902567525264,168.79175300000003,-1.7971511000000007,3.0471511000000007
22,200,2,125,8,8,8,5n,1,0,0.00018088255909319304,163.67686049999998,-1.5218306000000013,2.7718306000000013
22,50,2,25,8,8,4,10n,0,-2,7.478146889742923e-07,5.796601999999994,1.6493715329999998,-0.24937153299999998
22,100,10,25,8,8,4,10n,0,-2,4.919578252607307e-06,23.878434999999996,0.9480859000000037,0.4519140999999962
22,200,10,125,8,8,4,10n,0,-2,1.5043140838537088e-05,6.284735999999996,0.34149600000000646,0.9085039999999935
22,200,2,125,8,8,4,10n,0,-2,8.963194085674943e-06,25.271480999999994,0.5264629999999926,0.7235370000000074
22,50,2,25,3,8,1,10n,1,0,7.769066912737355e-07,8.372134200000005,0.8924283000000002,0.5075716999999997
22,100,10,25,3,8,1,10n,1,0,4.5621945387109906e-06,22.598364,0.6876651999999921,0.7123348000000078
22,200,10,125,3,8,1,10n,1,0,1.4457805105116241e-05,5.378636,0.6532469999999932,0.5967530000000068
22,200,2,125,3,8,1,10n,1,0,7.82281945142784e-06,25.483346499999996,0.5889960000000087,0.6610039999999913
22,50,2,25,2,8,8,15n,0,0,9.15115748900456e-07,5.841387199999999,0.5826568000000001,0.8173431999999998
22,100,10,25,2,8,8,15n,0,0,5.060548218782533e-06,22.799013999999996,0.6007614000000046,0.7992385999999954
22,200,10,125,2,8,8,15n,0,0,1.5307507589232904e-05,5.755566999999998,0.42755100000002244,0.8224489999999776
22,200,2,125,2,8,8,15n,0,0,8.046059105483729e-06,4.676192999999998,0.4011069999999961,0.8488930000000039
22,50,2,25,3,8,1,15n,1,-2,1.0755423378809976e-06,8.131294600000004,2.634616602,-1.234616602
22,100,10,25,3,8,1,15n,1,-2,5.811491704343574e-06,23.707667,2.710024465,-1.3100244650000001
22,200,10,125,3,8,1,15n,1,-2,1.733271727209387e-05,6.072792500000005,2.5914379999999824,-1.3414379999999824
22,200,2,125,3,8,1,15n,1,-2,9.640824806754393e-06,3.077177000000006,2.6005830000000003,-1.3505830000000003
22,50,2,25,6,8,1,25n,1,-2,8.084209688262851e-07,10.189237399999996,2.456312853,-1.056312853
22,100,10,25,6,8,1,25n,1,-2,6.126046533266454e-06,23.707694,2.4228225999999977,-1.0228225999999978
22,200,10,125,6,8,1,25n,1,-2,1.580286398181609e-05,6.073356500000002,2.162448000000012,-0.9124480000000119
22,200,2,125,6,8,1,25n,1,-2,9.370794869529142e-06,2.835403499999998,2.207261999999986,-0.9572619999999858
22,50,2,25,3,8,8,25n,0,0,7.993123471165489e-07,6.017001800000003,0.4836017000000026,0.9163982999999973
22,100,10,25,3,8,8,25n,0,0,4.661744997885168e-06,22.798935999999998,0.36808079999999554,1.0319192000000044
22,200,10,125,3,8,8,25n,0,0,1.4087156265726581e-05,5.7562815,0.1601620000000139,1.089837999999986
22,200,2,125,3,8,8,25n,0,0,7.909968013310446e-06,2.2621555000000058,0.1421439999999734,1.1078560000000266
22,50,2,25,8,8,4,35n,1,-2,7.154617675149201e-07,10.167017200000004,2.4873894759999997,-1.087389476
22,100,10,25,8,8,4,35n,1,-2,6.978565428843421e-06,23.687909000000005,2.4060512999999957,-1.0060512999999958
22,200,10,125,8,8,4,35n,1,-2,1.57140695279607e-05,6.062991499999996,2.100159000000019,-0.8501590000000192
22,200,2,125,8,8,4,35n,1,-2,9.19966483107191e-06,2.824382,2.1532239999999945,-0.9032239999999945
22,50,2,25,6,8,8,35n,0,0,6.30944529839111e-07,6.017204800000002,0.2776592199999999,1.12234078
22,100,10,25,6,8,8,35n,0,0,4.6938149615485625e-06,22.798855000000003,-0.08854019999999574,1.4885401999999957
22,200,10,125,6,8,8,35n,0,0,1.2799299966782739e-05,5.7571860000000035,-0.41849099999998884,1.6684909999999888
22,200,2,125,6,8,8,35n,0,0,7.65513805002267e-06,2.2621395000000035,-0.4154259999999965,1.6654259999999965
22,50,2,25,6,2,8,5n,0,-2,6.131648477148378e-07,100.799856,0.6104818889999999,-0.6898084355
22,100,10,25,6,2,8,5n,0,-2,4.983472288270224e-06,30.196686,0.513186003,-0.3384897000000038
22,200,10,125,6,2,8,5n,0,-2,1.5306544303685462e-05,28.53012799999999,0.1959136399999999,-0.2228759999999852
22,200,2,125,6,2,8,5n,0,-2,7.425553136341777e-06,19.1516295,-1.1015109500000002,-0.5187699999999893
22,50,2,25,8,8,1,10n,1,-2,6.963844209122523e-07,5.8096788,2.387098468,-0.987098468
22,100,10,25,8,8,1,10n,1,-2,5.145921105310505e-06,23.707701,2.3920873999999954,-0.9920873999999955
22,200,10,125,8,8,1,10n,1,-2,1.5494741205096473e-05,6.073392999999997,2.009912000000014,-0.7599120000000141
22,200,2,125,8,8,1,10n,1,-2,8.757052124396009e-06,25.158772499999994,2.031704000000005,-0.7817040000000048
22,50,2,25,6,2,8,5n,1,0,6.232953554225053e-07,115.695086,0.5883820459999999,0.5787642999999996
22,100,10,25,6,2,8,5n,1,0,3.800570433870918e-06,57.33636699999999,0.5196814359999999,0.7666331
22,200,10,125,6,2,8,5n,1,0,2.6641854641301473e-05,59.332600500000005,-0.96446583,0.883308999999997
22,200,2,125,6,2,8,5n,1,0,8.37650886124271e-05,117.78708449999998,-2.07788476,0.8044470000000103
22,50,2,25,6,2,4,10n,1,0,5.692372233911523e-07,37.14530239999999,0.7834903800000013,0.6165096199999986
22,100,10,25,6,2,4,10n,1,0,4.188084172572993e-06,24.048703000000003,0.5510941000000016,0.8489058999999983
22,200,10,125,6,2,4,10n,1,0,1.3207848345965519e-05,4.583122500000002,0.3307350000000042,0.9192649999999958
22,200,2,125,6,2,4,10n,1,0,8.559435710851228e-05,115.58759500000001,-2.09396727,0.8933150000000012
22,50,2,25,8,2,4,15n,0,0,5.872291375857092e-07,4.451265399999997,-0.41730387,1.81730387
22,100,10,25,8,2,4,15n,0,0,4.431760302954932e-06,18.708279000000005,-0.8941422000000032,2.294142200000003
22,200,10,125,8,2,4,15n,0,0,1.3583611569909239e-05,8.814245499999998,-1.3958220000000097,2.6458220000000097
22,200,2,125,8,2,4,15n,0,0,7.371182542447271e-06,23.632070999999996,-1.414621000000011,2.664621000000011
22,50,2,25,2,2,8,15n,0,-2,1.2550023222629538e-06,6.7374559999999954,2.477745238,-1.0777452379999999
22,100,10,25,2,2,8,15n,0,-2,6.59177637975602e-06,19.158629000000005,2.4611620619999997,-1.061162062
22,200,10,125,2,2,8,15n,0,-2,1.8647010519267375e-05,8.205879499999995,2.460948000000002,-1.210948000000002
22,200,2,125,2,2,8,15n,0,-2,9.763323500950799e-06,11.790584499999996,2.4061969999999997,-1.2266759999999977
22,50,2,25,2,8,8,25n,1,0,9.078079911177791e-07,5.918447400000004,1.0722011999999999,0.32779880000000006
22,100,10,25,2,8,8,25n,1,0,5.193035370588221e-06,22.553944,0.994597500000006,0.4054024999999939
22,200,10,125,2,8,8,25n,1,0,1.56234202816409e-05,5.284028500000005,0.854126999999977,0.395873000000023
22,200,2,125,2,8,8,25n,1,0,0.0001698033877937798,163.63345900000002,-1.53409656,2.425488900000005
22,50,2,25,1,2,8,25n,1,-2,1.5242288407356e-06,10.851048000000006,3.105390862,-1.705390862
22,100,10,25,1,2,8,25n,1,-2,8.605158255039825e-06,22.538833999999994,3.0371571499999996,-1.6371571499999997
22,200,10,125,1,2,8,25n,1,-2,2.2394973592933798e-05,7.948442499999999,3.035811999999993,-1.7858119999999928
22,200,2,125,1,2,8,25n,1,-2,1.0458994886080346e-05,2.9960899999999953,3.0343601999999947,-1.7843601999999947
22,50,2,25,8,2,1,35n,0,-2,6.54163489988225e-07,12.452715400000002,0.36317415999999936,1.0368258400000006
22,100,10,25,8,2,1,35n,0,-2,6.479672106967985e-06,21.865105,0.019385600000001002,1.380614399999999
22,200,10,125,8,2,1,35n,0,-2,1.5690839435866226e-05,8.827203499999996,-1.7058676999999989,2.955867699999999
22,200,2,125,8,2,1,35n,0,-2,9.252004118090228e-06,3.5249555000000043,-1.0950894000000062,2.345089400000006
22,50,2,25,4,2,4,35n,0,0,7.339921449451522e-07,6.627782600000002,-0.22488730000000112,1.624887300000001
22,100,10,25,4,2,4,35n,0,0,5.209459497134568e-06,18.708053000000007,-0.26923320000000084,1.6692332000000007
22,200,10,125,4,2,4,35n,0,0,1.4410258713988288e-05,8.814074000000005,-0.5415120000000115,1.7915120000000115
22,200,2,125,4,2,4,35n,0,0,7.971207134413834e-06,2.236313999999993,-0.5808560000000114,1.8308560000000114
22,50,2,25,8,8,1,5n,1,-2,4.737108355370427e-07,61.05410459999999,1.8732911999999984,-0.47329119999999847
22,100,10,25,8,8,1,5n,1,-2,5.189189067750599e-06,23.681952999999993,1.9238810000000028,-0.5238810000000029
22,200,10,125,8,8,1,5n,1,-2,1.5295621050372996e-05,3.7949164999999994,1.727314000000007,-0.4773140000000069
22,200,2,125,8,8,1,5n,1,-2,6.214151325187378e-06,25.438196500000004,1.7207640000000026,-0.4707640000000026
22,50,2,25,8,2,1,5n,1,0,5.502580335938781e-07,115.69537600000001,0.14456450000000265,1.2554354999999973
22,100,10,25,8,2,1,5n,1,0,4.023220797658379e-06,57.244860999999986,0.17360099999999923,1.2263990000000007
22,200,10,125,8,2,1,5n,1,0,1.3059197841375572e-05,42.35333850000001,0.02827300000001287,1.2217269999999871
22,200,2,125,8,2,1,5n,1,0,6.2462366866610956e-06,14.213031999999998,0.009703999999999269,1.2402960000000007
22,50,2,25,3,2,1,10n,0,-2,8.399891526635587e-07,24.311234600000006,0.36114959999999874,1.0388504000000012
22,100,10,25,3,2,1,10n,0,-2,5.207693663269616e-06,20.620984000000007,-0.08646200000000315,1.486462000000003
22,200,10,125,3,2,1,10n,0,-2,1.6350064816392577e-05,8.144858,-0.6738689999999963,1.9238689999999963
22,200,2,125,3,2,1,10n,0,-2,7.831114293052051e-06,30.551724500000006,-0.2852543000000054,1.5352543000000054
22,50,2,25,1,2,4,10n,1,0,1.0378960380552393e-06,37.153532600000005,1.1433204999999993,0.2566795000000006
22,100,10,25,1,2,4,10n,1,0,6.444945724369043e-06,24.048827000000003,1.0870606000000094,0.31293939999999054
22,200,10,125,1,2,4,10n,1,0,1.9312450616071828e-05,4.577112499999998,0.9371810000000096,0.3128189999999904
22,200,2,125,1,2,4,10n,1,0,8.134218853214363e-06,26.233934000000005,0.45939801700000005,0.26973099999997885
22,50,2,25,1,8,4,15n,1,-2,1.495147146479615e-06,8.125292200000004,3.062135772,-1.662135772
22,100,10,25,1,8,4,15n,1,-2,7.711732382966962e-06,23.687769000000003,2.98516401,-1.5851640100000002
22,200,10,125,1,8,4,15n,1,-2,2.2048939091999808e-05,6.059996499999998,2.997097999999994,-1.747097999999994
22,200,2,125,1,8,4,15n,1,-2,1.0390597702279266e-05,3.083109500000006,2.9915545000000066,-1.7415545000000066
22,50,2,25,1,8,1,15n,0,0,1.2160882092234306e-06,6.452463399999999,-1.0380580000000017,2.4380580000000016
22,100,10,25,1,8,1,15n,0,0,7.826685167046015e-06,23.159396,-1.4297129999999982,2.829712999999998
22,200,10,125,1,8,1,15n,0,0,2.4846605962771655e-05,6.926105500000006,-1.5123279999999966,2.7623279999999966
22,200,2,125,1,8,1,15n,0,0,1.141419776504377e-05,4.5520365,-1.3565880000000163,2.6065880000000163
23,50,2,25,8,8,8,15n,0,0,6.49725299561555e-07,6.144716799999998,-0.023857149999999105,1.423857149999999
23,100,10,25,8,8,8,15n,0,0,4.135617454359337e-06,21.811345000000003,-0.21115720000000104,1.611157200000001
23,200,10,125,8,8,8,15n,0,0,1.3106374473297289e-05,5.448991000000007,-0.6213520000000017,1.8713520000000017
23,200,2,125,8,8,8,15n,0,0,8.008314128600283e-06,7.253202999999998,-0.6502309999999909,1.900230999999991
23,50,2,25,6,2,1,10n,0,0,1.3536224672035316e-06,52.076057399999996,-3.0300244000000007,4.430024400000001
23,100,10,25,6,2,1,10n,0,0,1.2678425129020859e-05,25.468157000000005,-3.157697900000001,4.557697900000001
23,200,10,125,6,2,1,10n,0,0,4.031320330729994e-05,15.558367500000005,-3.71367699999999,4.96367699999999
23,200,2,125,6,2,1,10n,0,0,2.5338572278586424e-05,15.383694000000006,-4.012810999999999,5.262810999999999
23,50,2,25,1,2,8,10n,1,-2,1.4818876835015412e-06,34.23261959999999,3.1292924999999996,-1.7292924999999997
23,100,10,25,1,2,8,10n,1,-2,8.211722333687845e-06,24.551513,3.0709457999999983,-1.6709457999999984
23,200,10,125,1,2,8,10n,1,-2,2.37136566448195e-05,5.627996499999995,2.9414820000000077,-1.6914820000000077
23,200,2,125,1,2,8,10n,1,-2,9.792453703149562e-06,24.501597500000003,2.6247753300000003,-1.680041999999986
23,50,2,25,8,8,1,25n,1,-2,7.973212562111805e-07,9.920377200000004,2.6687118600000006,-1.2687118600000007
23,100,10,25,8,8,1,25n,1,-2,5.9828404045390875e-06,23.32799,2.3261689000000003,-0.9261689000000004
23,200,10,125,8,8,1,25n,1,-2,1.5718402908017094e-05,5.861075,1.9861959999999783,-0.7361959999999783
23,200,2,125,8,8,1,25n,1,-2,9.56726851347137e-06,2.942715000000007,2.037429000000003,-0.787429000000003
23,50,2,25,2,2,1,15n,1,0,9.849047043743113e-07,4.214703200000002,0.8213497999999979,0.578650200000002
23,100,10,25,2,2,1,15n,1,0,5.28604792813704e-06,23.816049000000007,0.750533900000002,0.6494660999999979
23,200,10,125,2,2,1,15n,1,0,1.619508200330199e-05,4.649886499999994,0.6939439999999877,0.5560560000000123
23,200,2,125,2,2,1,15n,1,0,8.132592222705537e-06,17.440532500000003,0.6655629999999917,0.5844370000000083
23,50,2,25,2,8,4,15n,0,-2,1.2886523486719669e-06,6.4547326,1.6492401000000014,-0.24924010000000152
23,100,10,25,2,8,4,15n,0,-2,6.227385301094125e-06,24.223939,1.4356154999999915,-0.035615499999991584
23,200,10,125,2,8,4,15n,0,-2,1.813589436598946e-05,6.108766000000003,1.2071929999999895,0.042807000000010476
23,200,2,125,2,8,4,15n,0,-2,1.001054343547431e-05,4.980424499999998,1.4562599999999861,-0.20625999999998612
23,50,2,25,4,8,8,25n,1,-2,1.0571754211910567e-06,9.856047200000006,2.963914999999998,-1.563914999999998
23,100,10,25,4,8,8,25n,1,-2,6.657828655761511e-06,23.295334999999994,2.824706900000004,-1.4247069000000039
23,200,10,125,4,8,8,25n,1,-2,1.707329297272253e-05,5.836612500000001,2.6072989999999834,-1.3572989999999834
23,200,2,125,4,8,8,25n,1,-2,9.83835715516514e-06,2.910421499999998,2.6346829999999954,-1.3846829999999954
23,50,2,25,8,2,8,25n,0,0,6.813544805826405e-07,6.303965000000005,-0.021024929999998943,1.4210249299999989
23,100,10,25,8,2,8,25n,0,0,4.955067385030672e-06,19.126137,-0.20580470000000028,1.6058047000000002
23,200,10,125,8,2,8,25n,0,0,1.450141962798251e-05,8.578886499999996,-0.6186030000000073,1.8686030000000073
23,200,2,125,8,2,8,25n,0,0,8.148955587728777e-06,1.470016000000001,-0.6427730000000054,1.8927730000000054
23,50,2,25,3,8,1,35n,0,-2,1.0803529845400644e-06,12.2594694,-0.9069924000000005,2.3069924000000004
23,100,10,25,3,8,1,35n,0,-2,8.888733718394906e-06,25.944704,-1.6959861000000047,3.0959861000000046
23,200,10,125,3,8,1,35n,0,-2,2.3139239647701057e-05,7.1751945000000035,-1.913930999999991,3.163930999999991
23,200,2,125,3,8,1,35n,0,-2,1.227449618585709e-05,3.628667500000006,-1.572938999999991,2.822938999999991
23,50,2,25,8,2,8,5n,0,-2,5.995673918210402e-07,107.32865799999999,-0.22511181000000002,-1.081537720000001
23,100,10,25,8,2,8,5n,0,-2,4.891267421946982e-06,59.768224000000004,-0.9451179700000001,-0.1287598999999986
23,200,10,125,8,2,8,5n,0,-2,1.538514820095505e-05,31.081232999999997,-1.41464955,-0.12701000000001272
23,200,2,125,8,2,8,5n,0,-2,8.092799866707619e-06,19.678148500000006,-1.95672405,-0.34161799999998266
23,50,2,25,6,8,4,35n,0,0,6.950851378494639e-07,7.021182600000003,-0.9794511900000011,2.379451190000001
23,100,10,25,6,8,4,35n,0,0,5.069288025875653e-06,21.944936999999996,-1.0304158000000059,2.430415800000006
23,200,10,125,6,8,4,35n,0,0,1.4756254921962184e-05,5.929829999999995,-1.2878970000000152,2.537897000000015
23,200,2,125,6,8,4,35n,0,0,8.838679693438987e-06,2.5776194999999973,-1.0809250000000077,2.3309250000000077
23,50,2,25,8,8,8,5n,1,0,5.128182219846477e-07,77.850176,0.7389287200000001,0.6610712799999998
23,100,10,25,8,8,8,5n,1,0,4.000991090672976e-06,20.705346000000006,0.45531529999999654,0.9446847000000034
23,200,10,125,8,8,8,5n,1,0,1.254709192351391e-05,7.991459500000006,0.24577899999999886,1.0042210000000011
23,200,2,125,8,8,8,5n,1,0,7.001200400155234e-06,8.207406500000005,0.35338899999999285,0.8966110000000072
23,50,2,25,8,8,4,10n,0,-2,7.904293575618496e-07,8.7202214,1.428835840000001,-0.028835840000001056
23,100,10,25,8,8,4,10n,0,-2,5.00901512677507e-06,24.223941999999994,1.0748507000000003,0.32514929999999964
23,200,10,125,8,8,4,10n,0,-2,1.5263243265558098e-05,6.108269500000006,0.39148099999999886,0.8585190000000011
23,200,2,125,8,8,4,10n,0,-2,9.31489221668778e-06,23.944114999999996,0.7276640000000043,0.5223359999999957
23,50,2,25,3,8,1,15n,1,-2,1.1510869642440975e-06,6.407691200000001,2.899786099999998,-1.499786099999998
23,100,10,25,3,8,1,15n,1,-2,6.008347001252755e-06,23.327966000000007,2.7835471999999952,-1.3835471999999953
23,200,10,125,3,8,1,15n,1,-2,1.7615064538783856e-05,5.861367000000001,2.5476449999999886,-1.2976449999999886
23,200,2,125,3,8,1,15n,1,-2,9.8777022053417e-06,5.022532499999997,2.5790830000000255,-1.3290830000000255
23,50,2,25,3,8,1,10n,1,0,8.284820426767633e-07,13.711087000000006,0.7988726000000006,0.6011273999999993
23,100,10,25,3,8,1,10n,1,0,4.8429921456615774e-06,21.58031099999999,0.7916580000000066,0.6083419999999933
23,200,10,125,3,8,1,10n,1,0,1.5034279460392485e-05,5.120400500000003,0.6372250000000008,0.6127749999999992
23,200,2,125,3,8,1,10n,1,0,7.795745747661876e-06,22.3128135,0.5534450000000106,0.6965549999999894
23,50,2,25,2,8,8,15n,0,0,9.774853319894895e-07,6.144779799999994,0.23783100000000124,1.1621689999999987
23,100,10,25,2,8,8,15n,0,0,5.279825189387787e-06,21.811361000000005,0.23351969999999644,1.1664803000000035
23,200,10,125,2,8,8,15n,0,0,1.590098541578599e-05,5.4491795000000005,0.02664899999999193,1.223351000000008
23,200,2,125,2,8,8,15n,0,0,8.385640520072367e-06,7.250747500000002,0.12630400000000463,1.1236959999999954
23,50,2,25,6,8,1,25n,1,-2,8.934321599025866e-07,9.920368400000001,2.7338172999999997,-1.3338172999999998
23,100,10,25,6,8,1,25n,1,-2,6.1711175989894156e-06,23.327986999999993,2.4597746999999983,-1.0597746999999984
23,200,10,125,6,8,1,25n,1,-2,1.6122633001815528e-05,5.861154499999998,2.1714500000000214,-0.9214500000000214
23,200,2,125,6,8,1,25n,1,-2,9.6586032712143e-06,2.9427115000000015,2.2154499999999757,-0.9654499999999757
23,50,2,25,3,8,8,25n,0,0,8.663991610847947e-07,6.144754000000006,0.15885489999999924,1.2411451000000007
23,100,10,25,3,8,8,25n,0,0,4.812315227217915e-06,21.811347999999995,0.23628240000000167,1.1637175999999982
23,200,10,125,3,8,8,25n,0,0,1.4591244033112795e-05,5.449127500000003,-0.012182999999993172,1.2621829999999932
23,200,2,125,3,8,8,25n,0,0,8.306466819436515e-06,2.4173569999999955,0.032723000000004276,1.2172769999999957
23,50,2,25,8,8,4,35n,1,-2,8.084194843451576e-07,9.891472199999995,2.75600466,-1.35600466
23,100,10,25,8,8,4,35n,1,-2,7.041496287036869e-06,23.311853,2.451100600000005,-1.0511006000000052
23,200,10,125,8,8,4,35n,1,-2,1.586514808345667e-05,5.8472969999999975,2.1338910000000055,-0.8838910000000055
23,200,2,125,8,8,4,35n,1,-2,9.51322698511267e-06,2.926610999999994,2.1793729999999982,-0.9293729999999982
23,50,2,25,6,8,8,35n,0,0,6.973478900641512e-07,6.144724600000004,0.026880299999999746,1.3731197000000002
23,100,10,25,6,8,8,35n,0,0,4.838455143789346e-06,21.811345000000003,-0.034835599999999634,1.4348355999999995
23,200,10,125,6,8,8,35n,0,0,1.331759186497366e-05,5.449009000000003,-0.39491100000000756,1.6449110000000076
23,200,2,125,6,8,8,35n,0,0,8.09879488451372e-06,2.4172274999999956,-0.42499200000000315,1.6749920000000031
23,50,2,25,8,8,1,10n,1,-2,7.779684395701495e-07,8.753433599999994,2.71803863,-1.3180386300000002
23,100,10,25,8,8,1,10n,1,-2,5.384455454553718e-06,23.32799,2.5561037999999967,-1.1561037999999968
23,200,10,125,8,8,1,10n,1,-2,1.5578998300089345e-05,5.861075,1.9582490000000234,-0.7082490000000234
23,200,2,125,8,8,1,10n,1,-2,8.953118167907643e-06,23.728949999999994,2.0929239999999822,-0.8429239999999822
23,50,2,25,6,2,8,5n,0,-2,6.86613847204731e-07,107.32867200000001,-0.22511667000000002,-1.173414300000001
23,100,10,25,6,2,8,5n,0,-2,5.049361356847683e-06,59.76830899999999,-0.9451314100000001,-0.3310262999999978
23,200,10,125,6,2,8,5n,0,-2,1.5611449844418236e-05,31.080979500000012,-1.4147022599999999,-0.40558999999998946
23,200,2,125,6,2,8,5n,0,-2,8.226554525859154e-06,19.678384500000007,-1.9567628799999999,-0.6116269999999986
23,50,2,25,6,2,8,5n,1,0,6.849085193818402e-07,111.175646,0.3954887699999998,0.6211325999999993
23,100,10,25,6,2,8,5n,1,0,3.9086005346197145e-06,66.54231100000001,0.2616527499999999,0.8601059000000006
23,200,10,125,6,2,8,5n,1,0,1.230976366954779e-05,33.124578000000014,0.18438573999999996,0.9047569999999894
23,200,2,125,6,2,8,5n,1,0,6.932014295033924e-06,19.319615999999996,0.24368868,0.8011929999999836
23,50,2,25,6,2,4,10n,1,0,6.160824590189605e-07,42.57145460000001,0.751419100000001,0.6485808999999989
23,100,10,25,6,2,4,10n,1,0,4.283421070225971e-06,23.79128,0.5053097999999934,0.8946902000000065
23,200,10,125,6,2,4,10n,1,0,1.3705696801264715e-05,3.8292505000000006,0.4137890000000084,0.8362109999999916
23,200,2,125,6,2,4,10n,1,0,7.317587742712447e-06,18.410108500000007,0.3713960000000043,0.8786039999999957
23,50,2,25,2,2,8,15n,0,-2,1.3237158701358777e-06,5.065746200000007,2.5325224999999967,-1.1325224999999968
23,100,10,25,2,2,8,15n,0,-2,6.763476024722659e-06,17.570626000000004,2.4658513999999996,-1.0658513999999997
23,200,10,125,2,2,8,15n,0,-2,1.9098374585502423e-05,8.947246000000007,2.278047999999984,-1.028047999999984
23,200,2,125,2,2,8,15n,0,-2,9.923111216914531e-06,16.501255999999998,1.999489122,-1.096082999999993
23,50,2,25,8,2,4,15n,0,0,6.313910166851068e-07,18.938877000000005,-1.0456693700000002,2.44566937
23,100,10,25,8,2,4,15n,0,0,5.151094363272318e-06,19.217119999999994,-0.9944055000000049,2.394405500000005
23,200,10,125,8,2,4,15n,0,0,1.607364766964569e-05,9.174640999999994,-1.412826999999993,2.662826999999993
23,200,2,125,8,2,4,15n,0,0,8.461969056599692e-06,17.710342999999995,-1.3725180000000137,2.6225180000000137
23,50,2,25,1,2,8,25n,1,-2,1.5846011321656662e-06,10.877908599999998,3.1266686999999975,-1.7266686999999976
23,100,10,25,1,2,8,25n,1,-2,8.760129570170271e-06,24.551513,3.05760139999999,-1.6576013999999901
23,200,10,125,1,2,8,25n,1,-2,2.3489712171676983e-05,6.203893500000006,2.9429509999999937,-1.6929509999999937
23,200,2,125,1,2,8,25n,1,-2,1.0791379255878749e-05,2.5340630000000033,2.9302219999999863,-1.6802219999999863
23,50,2,25,2,8,8,25n,1,0,9.781047971520409e-07,6.0733788,1.0102389000000023,0.38976109999999764
23,100,10,25,2,8,8,25n,1,0,5.364543488934348e-06,21.534687000000005,1.0370621999999883,0.36293780000001163
23,200,10,125,2,8,8,25n,1,0,1.615724731455062e-05,5.025411500000004,0.8266610000000014,0.4233389999999986
23,200,2,125,2,8,8,25n,1,0,8.380797379321733e-06,2.1968404999999933,0.8037579999999878,0.44624200000001224
23,50,2,25,8,2,1,35n,0,-2,7.435717810405436e-07,13.039748000000005,-1.1976750999999992,2.597675099999999
23,100,10,25,8,2,1,35n,0,-2,7.961120964454538e-06,19.910743999999994,-1.8519392000000026,3.2519392000000025
23,200,10,125,8,2,1,35n,0,-2,2.2216530097640007e-05,9.838908000000004,-2.5391340000000184,3.7891340000000184
23,200,2,125,8,2,1,35n,0,-2,1.1962075174997454e-05,3.6898584999999997,-2.380640999999997,3.630640999999997
23,50,2,25,4,2,4,35n,0,0,8.224893004912657e-07,7.218019400000003,-0.8716975999999996,2.2716975999999995
23,100,10,25,4,2,4,35n,0,0,5.829754208947043e-06,19.217147999999995,-1.0249504999999943,2.4249504999999942
23,200,10,125,4,2,4,35n,0,0,1.67199706787507e-05,9.202963499999996,-1.198806999999988,2.448806999999988
23,200,2,125,4,2,4,35n,0,0,9.016389370282083e-06,2.3496015000000057,-0.8554919999999981,2.105491999999998
23,50,2,25,8,8,1,5n,1,-2,5.172953789508293e-07,67.96926959999999,1.5861040000000002,-0.18610400000000027
23,100,10,25,8,8,1,5n,1,-2,5.176659931869134e-06,23.001812,1.6331779999999951,-0.23317799999999522
23,200,10,125,8,8,1,5n,1,-2,1.5161380431268113e-05,3.423261999999994,1.461106000000001,-0.2111060000000009
23,200,2,125,8,8,1,5n,1,-2,6.3741969803343565e-06,20.0142285,1.4477259999999887,-0.19772599999998874
23,50,2,25,8,2,1,5n,1,0,5.916526611274484e-07,111.17379399999999,-0.03045539999999969,1.4304553999999996
23,100,10,25,8,2,1,5n,1,0,4.154231367061606e-06,66.538276,-0.008009000000007038,1.408009000000007
23,200,10,125,8,2,1,5n,1,0,1.2545310262945297e-05,33.129546000000005,-0.14249900000001503,1.392499000000015
23,200,2,125,8,2,1,5n,1,0,6.508717575572495e-06,19.318855499999998,-0.15831300000002102,1.408313000000021
23,50,2,25,3,2,1,10n,0,-2,8.572288099916885e-07,37.15494480000001,-1.0585608999999985,2.4585608999999984
23,100,10,25,3,2,1,10n,0,-2,6.819080239549829e-06,16.550736,-1.7114756999999998,3.1114756999999997
23,200,10,125,3,2,1,10n,0,-2,2.1698037350805643e-05,8.524628000000007,-1.8413119999999878,3.091311999999988
23,200,2,125,3,2,1,10n,0,-2,9.784316977164734e-06,25.235372999999996,-1.5870390000000043,2.8370390000000043
23,50,2,25,1,2,4,10n,1,0,1.0604085811474296e-06,42.5759338,1.0072099000000008,0.39279009999999914
23,100,10,25,1,2,4,10n,1,0,6.799096219760694e-06,23.791218,0.8658467999999941,0.5341532000000058
23,200,10,125,1,2,4,10n,1,0,2.037589268369542e-05,3.827910000000003,0.8176660000000027,0.43233399999999733
23,200,2,125,1,2,4,10n,1,0,8.235379064151736e-06,18.409765500000006,0.632739274,0.3989169999999831
23,50,2,25,1,8,4,15n,1,-2,1.5522701736554502e-06,6.404052800000001,3.072445100000001,-1.672445100000001
23,100,10,25,1,8,4,15n,1,-2,8.02258507999491e-06,23.311633,2.9972924999999946,-1.5972924999999947
23,200,10,125,1,8,4,15n,1,-2,2.3181816026483626e-05,5.847410999999994,2.884086999999994,-1.6340869999999938
23,200,2,125,1,8,4,15n,1,-2,1.0691437981422737e-05,5.024247000000003,2.874475999999987,-1.6244759999999872
23,50,2,25,1,8,1,15n,0,0,1.764094815211334e-06,6.357941199999999,-1.5800883999999997,2.9800883999999996
23,100,10,25,1,8,1,15n,0,0,1.1911360742609324e-05,23.790178999999995,-1.9269142999999986,3.3269142999999985
23,200,10,125,1,8,1,15n,0,0,3.5470245628694844e-05,6.795711999999994,-2.020816999999994,3.270816999999994
23,200,2,125,1,8,1,15n,0,0,1.6827542675292578e-05,7.162274999999994,-1.9260899999999879,3.176089999999988
