E_on,E_off,E_dt,Vds_pk_off,ov_pct_off,E_sw,E_tot,Vds_pk,ov_pct,t_set,E_osc,Vgs_spur,Vgs_spur_hs,Vgs_spur_ls,margin,false_on,VBUS,ILOAD,VDRV,VNEG,NPU_LS,NPD_LS,NPU_HS,NPD_HS,DT,CLKEN,CLKDEL,RUNIT,TJ,corner
1.2569312003586654e-06,2.74697233798308e-07,6.589528219226512e-08,11.5442833,-76.91143339999999,1.5316284341569733e-06,1.5975237163492385e-06,82.3856849,64.7713698,6.110502000000014e-08,23.4717729581268,3.0214621999999984,3.0214621999999984,1.7367873,-1.6214621999999985,1,50,2,5,0,1,2,8,1,10n,0,4n,8,25,50V_2A_25C
9.006167591483797e-07,2.1452019499589389e-07,1.599975293648392e-07,30.246175,-39.50765,1.1151369541442736e-06,1.2751344835091127e-06,65.2859981,30.571996200000005,4.8905010000000036e-08,15.278034875835331,0.8025155999999996,0.8025155999999996,-1.14506843,0.5974844000000004,0,50,2,5,-2,1,2,8,1,10n,0,4n,8,25,50V_2A_25C
6.876064901011037e-07,2.140863525007766e-07,1.5022246546768037e-07,25.9759423,-48.0481154,9.016928426018803e-07,1.0519153080695606e-06,69.8652854,39.73057080000001,5.3006620000000044e-08,17.307491640085885,0.40168740000000014,0.40168740000000014,0.210121778,0.9983125999999998,0,50,2,5,0,1,2,8,1,10n,1,4n,8,25,50V_2A_25C
1.0461720463442292e-06,2.1274702620628728e-07,1.8440708749756562e-07,30.5301999,-38.9396002,1.2589190725505164e-06,1.443326160048082e-06,64.6852528,29.3705056,4.880504999999996e-08,15.109878387487246,-1.70445292,-1.70445292,-1.85764198,3.10445292,0,50,2,5,-2,1,2,8,1,10n,1,4n,8,25,50V_2A_25C
1.012796371352425e-06,2.1371314893836743e-07,1.98073575337757e-07,42.7019975,-14.596005000000005,1.2265095202907924e-06,1.4245830956285493e-06,54.7500094,9.500018800000007,2.9754620000000042e-08,12.519422896528436,2.722185100000001,2.722185100000001,0.421006239,-1.322185100000001,1,50,2,5,0,1,2,8,1,15n,0,4n,8,25,50V_2A_25C
1.0369836167192676e-06,2.12254864870151e-07,2.3630541881104133e-07,52.7676491,5.5352982,1.2492384815894187e-06,1.48554390040046e-06,53.0433785,6.086757000000006,1.6054980000000107e-08,12.70081147648164,0.7698003,0.7698003,-1.8465794,0.6301996999999999,0,50,2,5,-2,1,2,8,1,15n,0,4n,8,25,50V_2A_25C
6.790185700770976e-07,2.1116663670309542e-07,2.423490398816874e-07,51.0831326,2.166265199999998,8.90185206780193e-07,1.1325342466618805e-06,52.4395911,4.8791822000000025,1.3771530000000041e-08,12.764771747792564,0.37329710000000205,0.37329710000000205,0.0118234361,1.0267028999999979,0,50,2,5,0,1,2,8,1,15n,1,4n,8,25,50V_2A_25C
1.047590116008211e-06,2.103139611874839e-07,2.689190705918137e-07,53.0791739,6.158347800000001,1.2579040771956948e-06,1.5268231477875085e-06,53.3120311,6.624062199999997,1.6054879999999956e-08,12.712206168704125,-1.702726427,-1.702726427,-1.98996751,3.102726427,0,50,2,5,-2,1,2,8,1,15n,1,4n,8,25,50V_2A_25C
1.0225933646988456e-06,2.1383911021684524e-07,1.9996257233141007e-07,54.5289134,9.0578268,1.2364324749156909e-06,1.436395047247101e-06,54.5289134,9.0578268,2.6006970000000132e-08,12.542472638235855,2.6977683999999975,2.6977683999999975,0.0151067383,-1.2977683999999976,1,50,2,5,0,1,2,8,1,25n,0,4n,8,25,50V_2A_25C
1.0166974029682567e-06,2.0857107659171115e-07,2.2947244121702725e-07,56.4110192,12.822038399999997,1.2252684795599678e-06,1.454740920776995e-06,56.4110192,12.822038399999997,3.4144500000000084e-08,12.919556989428864,0.8610319000000004,0.8610319000000004,-1.97494176,0.5389680999999995,0,50,2,5,-2,1,2,8,1,25n,0,4n,8,25,50V_2A_25C
6.875571133777934e-07,2.0964006266289053e-07,2.3917878937969036e-07,53.2643971,6.528794199999993,8.971971760406839e-07,1.1363759654203742e-06,53.2643971,6.528794199999993,2.482153000000013e-08,12.94004610678842,0.3839494000000023,0.3839494000000023,0.0043097206,1.0160505999999976,0,50,2,5,0,1,2,8,1,25n,1,4n,8,25,50V_2A_25C
1.0515512858270455e-06,2.0714911425982464e-07,2.7033122477040913e-07,55.452043,10.904086000000007,1.25870040008687e-06,1.5290316248572791e-06,55.452043,10.904086000000007,3.017153e-08,12.910966809491546,-1.702885223,-1.702885223,-1.98672399,3.102885223,0,50,2,5,-2,1,2,8,1,25n,1,4n,8,25,50V_2A_25C
2.6787052213885137e-06,1.7745663391453402e-06,7.616182625120299e-10,0.175705344,-99.648589312,4.453271560533854e-06,4.454033178796366e-06,84.4346385,68.86927700000001,5.391770000000007e-08,24.86536520530109,3.8240193,3.652583700000001,3.8240193,-2.4240193,1,50,2,5,0,1,2,8,1,5n,0,4n,8,25,50V_2A_25C
6.629560595332733e-07,2.3159860701802752e-07,5.130646958961058e-09,2.57990042,-94.84019916,8.945546665513009e-07,8.99685313510262e-07,103.340794,106.681588,6.441131999999995e-08,34.91378796640218,2.6276623999999984,2.6276623999999984,1.15990693,-1.2276623999999985,1,50,2,5,-2,1,2,8,1,5n,0,4n,8,25,50V_2A_25C
7.310220853374339e-07,4.233269355896537e-07,3.677403239788086e-09,0.502705301,-98.994589398,1.1543490209270876e-06,1.1580264241668758e-06,107.664079,115.328158,6.019642000000001e-08,29.565773249504048,1.3475323999999986,1.3475323999999986,0.909685565,0.05246760000000128,0,50,2,5,0,1,2,8,1,5n,1,4n,8,25,50V_2A_25C
8.935226190232559e-07,2.290815800135615e-07,4.5256193876252686e-09,3.13286644,-93.73426712,1.1226041990368175e-06,1.1271298184244428e-06,102.669422,105.338844,6.441056999999998e-08,34.380546383658455,-0.32524619999999516,-0.32524619999999516,-1.19490201,1.725246199999995,0,50,2,5,-2,1,2,8,1,5n,1,4n,8,25,50V_2A_25C
1.0220181121085786e-06,2.1662713797278054e-07,1.8967280824904653e-07,54.5289134,9.0578268,1.2386452500813591e-06,1.4283180583304055e-06,54.5289134,9.0578268,3.532423999999995e-08,12.15204051968866,2.6984063999999996,2.6984063999999996,0.00929735269,-1.2984063999999997,1,50,2,5,0,1,2,8,1,35n,0,4n,8,25,50V_2A_25C
1.0159593081712295e-06,2.1537403100356078e-07,2.1264341127419088e-07,56.4110192,12.822038399999997,1.2313333391747902e-06,1.443976750448981e-06,56.4110192,12.822038399999997,4.001345999999995e-08,12.31537949787644,0.8541135000000004,0.8541135000000004,-1.97822534,0.5458864999999995,0,50,2,5,-2,1,2,8,1,35n,0,4n,8,25,50V_2A_25C
6.818267385610864e-07,2.119825475242871e-07,2.3338365731809782e-07,53.2643971,6.528794199999993,8.938092860853734e-07,1.1271929434034713e-06,53.2643971,6.528794199999993,3.562514000000006e-08,12.662063628612957,0.376990499999998,0.376990499999998,0.00586847724,1.023009500000002,0,50,2,5,0,1,2,8,1,35n,1,4n,8,25,50V_2A_25C
1.0502001308671641e-06,2.1359916332766542e-07,2.5945777950907846e-07,55.452043,10.904086000000007,1.2637992941948295e-06,1.523257073703908e-06,55.452043,10.904086000000007,4.0060540000000056e-08,12.387699956872654,-1.7027457390000003,-1.7027457390000003,-1.98905508,3.1027457390000004,0,50,2,5,-2,1,2,8,1,35n,1,4n,8,25,50V_2A_25C
6.789661207275329e-07,2.754674877603513e-07,8.661531742236334e-08,11.5408962,-76.9182076,9.544336084878843e-07,1.0410489259102476e-06,82.3664385,64.732877,6.110502000000014e-08,23.470112602259043,1.73713329,1.4173936000000005,1.73713329,-0.33713329000000014,1,50,2,5,0,1,2,8,4,10n,0,4n,8,25,50V_2A_25C
1.03567313836421e-06,2.146549167856571e-07,1.984054340562796e-07,30.2285502,-39.5428996,1.2503280551498672e-06,1.4487334892061467e-06,65.3555511,30.7111022,4.8905e-08,15.302323962825401,-0.8197116999999992,-0.8197116999999992,-1.14191896,2.219711699999999,0,50,2,5,-2,1,2,8,4,10n,0,4n,8,25,50V_2A_25C
6.812074265109089e-07,2.14106638443559e-07,1.5453150953149024e-07,25.9864154,-48.02716920000001,8.953140649544679e-07,1.049845574485958e-06,69.8679341,39.7358682,5.3007640000000144e-08,17.308182721040563,0.3079295000000002,0.3079295000000002,0.210172745,1.0920704999999997,0,50,2,5,0,1,2,8,4,10n,1,4n,8,25,50V_2A_25C
1.0566610389319748e-06,2.1274796669937097e-07,2.011800509827321e-07,30.5347906,-38.9304188,1.2694090056313458e-06,1.4705890566140778e-06,64.6860505,29.372100999999983,4.880506e-08,15.11011609357906,-1.7365837819999999,-1.7365837819999999,-1.85762656,3.1365837819999998,0,50,2,5,-2,1,2,8,4,10n,1,4n,8,25,50V_2A_25C
6.808566365448764e-07,2.137952788863129e-07,2.3351034396669496e-07,42.6573809,-14.6852382,8.946519154311894e-07,1.1281622593978843e-06,54.8866013,9.773202600000005,2.9760520000000056e-08,12.53721023402762,1.4177637999999995,1.4177637999999995,0.426611331,-0.017763799999999552,1,50,2,5,0,1,2,8,4,15n,0,4n,8,25,50V_2A_25C
1.0290486616062412e-06,2.1228228624731499e-07,2.877930160916242e-07,52.7326761,5.465352199999997,1.2413309478535562e-06,1.5291239639451805e-06,53.0474359,6.094871800000008,1.6054930000000137e-08,12.692218296857394,-0.8315660999999999,-0.8315660999999999,-1.84607715,2.2315660999999998,0,50,2,5,-2,1,2,8,4,15n,0,4n,8,25,50V_2A_25C
6.857233682703175e-07,2.111658010464463e-07,2.469043993551248e-07,51.080506,2.1610119999999995,8.968891693167638e-07,1.1437935686718885e-06,52.4374391,4.874878199999998,1.3773410000000085e-08,12.764404659328221,0.31572690000000136,0.31572690000000136,0.0118296987,1.0842730999999985,0,50,2,5,0,1,2,8,4,15n,1,4n,8,25,50V_2A_25C
1.041313020533811e-06,2.1031460218771012e-07,2.861766356987788e-07,53.0771228,6.154245599999996,1.2516276227215211e-06,1.5378042584203e-06,53.3108002,6.6216004000000055,1.605487000000013e-08,12.712029338379423,-1.7365374569999998,-1.7365374569999998,-1.99002215,3.1365374569999998,0,50,2,5,-2,1,2,8,4,15n,1,4n,8,25,50V_2A_25C
7.13219980198094e-07,1.7747380439989392e-06,3.1083122811794187e-09,0.175718986,-99.648562028,2.4879580241970333e-06,2.491066336478213e-06,84.4270456,68.8540912,5.388486999999999e-08,24.864860173794902,3.82341023,1.4014756999999989,3.82341023,-2.42341023,1,50,2,5,0,1,2,8,4,5n,0,4n,8,25,50V_2A_25C
1.0895453399604648e-06,2.3161397747550568e-07,1.2953249567741574e-08,2.57925358,-94.84149283999999,1.3211593174359705e-06,1.3341125670037121e-06,103.343555,106.68710999999999,6.441242999999995e-08,34.915231942632865,1.16058162,-0.919679900000002,1.16058162,0.23941837999999982,0,50,2,5,-2,1,2,8,4,5n,0,4n,8,25,50V_2A_25C
6.972134182276332e-07,4.233284476270173e-07,5.3501632810337535e-09,0.502689105,-98.99462179,1.1205418658546506e-06,1.1258920291356844e-06,107.664357,115.328714,6.019621000000009e-08,29.566263219894868,0.909682524,0.3563845999999984,0.909682524,0.49031747599999986,0,50,2,5,0,1,2,8,4,5n,1,4n,8,25,50V_2A_25C
1.0732183562072843e-06,2.2908289291529464e-07,1.1076696865868488e-08,3.13281554,-93.73436892,1.3023012491225788e-06,1.3133779459884474e-06,102.669389,105.33877799999999,6.441071000000007e-08,34.380762846399065,-1.19490808,-1.7390566279999997,-1.19490808,2.5949080799999997,0,50,2,5,-2,1,2,8,4,5n,1,4n,8,25,50V_2A_25C
6.806115892668682e-07,2.1430465237672518e-07,2.512959291071885e-07,53.3857779,6.771555800000001,8.949162416435934e-07,1.1462121707507819e-06,53.3857779,6.771555800000001,2.5605050000000125e-08,12.488688202596094,1.4185148999999981,1.4185148999999981,0.0121567322,-0.018514899999998224,1,50,2,5,0,1,2,8,4,25n,0,4n,8,25,50V_2A_25C
1.0396932797234337e-06,2.0917740270737285e-07,2.868004472430676e-07,55.4816501,10.963300200000006,1.2488706824308066e-06,1.5356711296738742e-06,55.4816501,10.963300200000006,3.007611000000009e-08,12.901253119973848,-0.8311250999999977,-0.8311250999999977,-1.98021359,2.2311250999999976,0,50,2,5,-2,1,2,8,4,25n,0,4n,8,25,50V_2A_25C
6.84553097201969e-07,2.0961200408900003e-07,2.4419904902115155e-07,53.2604739,6.520947800000001,8.941651012909689e-07,1.1383641503121204e-06,53.2604739,6.520947800000001,2.487341000000007e-08,12.93930983597229,0.3209546000000003,0.3209546000000003,0.00446598944,1.0790453999999996,0,50,2,5,0,1,2,8,4,25n,1,4n,8,25,50V_2A_25C
1.0576710032120054e-06,2.0716934447612113e-07,2.8696022670833024e-07,55.4498609,10.899721799999995,1.2648403476881265e-06,1.5518005743964566e-06,55.4498609,10.899721799999995,3.012142000000013e-08,12.909997143624613,-1.7363585959999999,-1.7363585959999999,-1.98684198,3.136358596,0,50,2,5,-2,1,2,8,4,25n,1,4n,8,25,50V_2A_25C
6.818243609655017e-07,2.757327758607901e-07,9.296397076847166e-08,11.5397637,-76.9204726,9.575571368262918e-07,1.0505211075947634e-06,82.3633238,64.7266476,6.110500000000007e-08,23.468950470098758,1.73749484,0.7957940000000008,1.73749484,-0.3374948400000002,1,50,2,5,0,1,2,8,8,10n,0,4n,8,25,50V_2A_25C
1.0394902167251382e-06,2.1468760231830753e-07,2.0516561561575315e-07,30.2252038,-39.5495924,1.2541778190434457e-06,1.459343434659199e-06,65.3707441,30.741488199999996,4.8905e-08,15.308155812901663,-1.14110337,-1.4235177000000014,-1.14110337,2.54110337,0,50,2,5,-2,1,2,8,8,10n,0,4n,8,25,50V_2A_25C
6.947944269027087e-07,2.146246337982966e-07,1.6013934595400022e-07,25.9841817,-48.0316366,9.094190607010053e-07,1.0695584066550055e-06,69.8686953,39.7373906,5.2998470000000126e-08,17.30900219500016,0.2771086000000018,0.2771086000000018,0.209943875,1.122891399999998,0,50,2,5,0,1,2,8,8,10n,1,4n,8,25,50V_2A_25C
1.0474090475766634e-06,2.1274862289739864e-07,2.0789635325156495e-07,30.5374544,-38.9250912,1.260157670474062e-06,1.468054023725627e-06,64.6867803,29.37356059999999,4.8805070000000035e-08,15.110330533223944,-1.7721590749999998,-1.7721590749999998,-1.85761131,3.1721590749999997,0,50,2,5,-2,1,2,8,8,10n,1,4n,8,25,50V_2A_25C
6.781586633332853e-07,1.7747963812186747e-06,8.299664744611457e-09,0.175732297,-99.648535406,2.45295504455196e-06,2.4612547092965716e-06,84.4245592,68.84911840000001,5.388800999999994e-08,24.86463494330575,3.82320647,0.7896248000000021,3.82320647,-2.4232064700000002,1,50,2,5,0,1,2,8,8,5n,0,4n,8,25,50V_2A_25C
1.0960830637388303e-06,2.3161776977126846e-07,1.7351408484799458e-08,2.57892036,-94.84215927999999,1.3277008335100987e-06,1.3450522419948981e-06,103.344062,106.68812399999999,6.441299000000008e-08,34.91533496379853,1.16122346,-1.4042533000000006,1.16122346,0.23877653999999993,0,50,2,5,-2,1,2,8,8,5n,0,4n,8,25,50V_2A_25C
6.850888302086423e-07,4.2336201153757697e-07,1.0343850846724513e-08,0.502685718,-98.994628564,1.1084508417462192e-06,1.1187946925929438e-06,107.664544,115.32908800000001,6.019599999999997e-08,29.563991647876808,0.909681765,0.2418426999999994,0.909681765,0.49031823499999994,0,50,2,5,0,1,2,8,8,5n,1,4n,8,25,50V_2A_25C
1.0790181746200997e-06,2.2908408670075222e-07,1.5454156040450794e-08,3.1327571,-93.7344858,1.308102261320852e-06,1.3235564173613026e-06,102.669365,105.33873,6.441084000000011e-08,34.38098473353019,-1.19491182,-1.77163011,-1.19491182,2.59491182,0,50,2,5,-2,1,2,8,8,5n,1,4n,8,25,50V_2A_25C
6.79967482389666e-07,2.1666178012889613e-07,2.454023821465316e-07,53.3857779,6.771555800000001,8.966292625185621e-07,1.1420316446650937e-06,53.3857779,6.771555800000001,3.517146999999995e-08,12.141509413444314,1.4176802999999971,1.4176802999999971,0.00866793355,-0.017680299999997207,1,50,2,5,0,1,2,8,4,35n,0,4n,8,25,50V_2A_25C
1.033397120264101e-06,2.1548429924894584e-07,2.764201390564051e-07,55.4816501,10.963300200000006,1.2488814195130466e-06,1.5253015585694517e-06,55.4816501,10.963300200000006,4.0061240000000054e-08,12.370021923662904,-0.8301739999999995,-0.8301739999999995,-1.97787796,2.2301739999999994,0,50,2,5,-2,1,2,8,4,35n,0,4n,8,25,50V_2A_25C
6.84905945232317e-07,2.1197967774213717e-07,2.381815356819113e-07,53.2604739,6.520947800000001,8.968856229744541e-07,1.1350671586563654e-06,53.2604739,6.520947800000001,3.556369999999996e-08,12.659110889371904,0.3181556999999984,0.3181556999999984,0.00574018796,1.0818443000000015,0,50,2,5,0,1,2,8,4,35n,1,4n,8,25,50V_2A_25C
1.0476334504486688e-06,2.1363311016375645e-07,2.7645697025511605e-07,55.4498609,10.899721799999995,1.2612665606124253e-06,1.5377235308675414e-06,55.4498609,10.899721799999995,4.006053000000002e-08,12.387881661649953,-1.736825744,-1.736825744,-1.98898992,3.136825744,0,50,2,5,-2,1,2,8,4,35n,1,4n,8,25,50V_2A_25C
6.782738777214014e-07,2.1382219348163374e-07,2.4007726561768035e-07,42.6449744,-14.710051199999995,8.920960712030351e-07,1.1321733368207154e-06,54.9242368,9.848473600000005,2.976257000000008e-08,12.542438748121382,0.7935136000000007,0.7935136000000007,0.428041231,0.6064863999999992,0,50,2,5,0,1,2,8,8,15n,0,4n,8,25,50V_2A_25C
1.0380346949308129e-06,2.1228601454388268e-07,2.9327554889823634e-07,52.7216577,5.443315400000004,1.2503207094746957e-06,1.543596258372932e-06,53.0439376,6.087875199999998,1.6054910000000064e-08,12.690061465249917,-1.4203539999999997,-1.4203539999999997,-1.84585395,2.8203539999999996,0,50,2,5,-2,1,2,8,8,15n,0,4n,8,25,50V_2A_25C
6.847964001845875e-07,2.1116475577636105e-07,2.5268940523994774e-07,51.0779105,2.155821000000003,8.959611559609485e-07,1.1486505612008961e-06,52.4353394,4.870678799999993,1.377305000000005e-08,12.764052392630111,0.27147779999999955,0.27147779999999955,0.0118365745,1.1285222000000004,0,50,2,5,0,1,2,8,8,15n,1,4n,8,25,50V_2A_25C
1.0426008988435479e-06,2.1031532239414269e-07,2.924835730230592e-07,53.0750484,6.1500968,1.2529162212376905e-06,1.5453997942607497e-06,53.309593,6.619186,1.605487000000013e-08,12.711867110185699,-1.7715506300000001,-1.7715506300000001,-1.99007606,3.17155063,0,50,2,5,-2,1,2,8,8,15n,1,4n,8,25,50V_2A_25C
6.785207262568109e-07,2.1680369244207577e-07,2.5369161913230664e-07,53.0405675,6.081135000000004,8.953244186988867e-07,1.1490160378311934e-06,53.0405675,6.081135000000004,3.5134650000000004e-08,12.12272813814161,0.7932643999999982,0.7932643999999982,0.00892652711,0.6067356000000017,0,50,2,5,0,1,2,8,8,35n,0,4n,8,25,50V_2A_25C
1.043309298040918e-06,2.1555311630504957e-07,2.834743856348746e-07,55.3338516,10.667703200000005,1.2588624143459674e-06,1.542336799980842e-06,55.3338516,10.667703200000005,4.006108000000011e-08,12.368594992907386,-1.4204825999999997,-1.4204825999999997,-1.97759601,2.8204825999999996,0,50,2,5,-2,1,2,8,8,35n,0,4n,8,25,50V_2A_25C
6.845390099766453e-07,2.1193850952981654e-07,2.438106266393032e-07,53.2566672,6.513334400000006,8.964775195064618e-07,1.140288146145765e-06,53.2566672,6.513334400000006,3.5562000000000143e-08,12.656173331168441,0.26586200000000204,0.26586200000000204,0.00556184577,1.1341379999999979,0,50,2,5,0,1,2,8,8,35n,1,4n,8,25,50V_2A_25C
1.0495064618504822e-06,2.1367371699042584e-07,2.8299075803980485e-07,55.4477912,10.895582399999993,1.263180178840908e-06,1.5461709368807128e-06,55.4477912,10.895582399999993,4.011050000000002e-08,12.388192814552731,-1.7715365449999998,-1.7715365449999998,-1.98891449,3.1715365449999995,0,50,2,5,-2,1,2,8,8,35n,1,4n,8,25,50V_2A_25C
2.678811676840319e-06,2.240407158766701e-07,6.288318598610805e-08,11.0970658,-77.80586840000001,2.902852392716989e-06,2.965735578703097e-06,87.297962,74.595924,6.010502000000007e-08,23.543023620559314,3.652639899999997,3.652639899999997,0.668580352,-2.252639899999997,1,50,2,5,0,1,8,8,1,5n,0,4n,8,25,50V_2A_25C
6.633586708974557e-07,2.199723801140867e-07,7.949041869463622e-08,14.3479589,-71.3040822,8.833310510115425e-07,9.628214697061787e-07,82.1715709,64.34314180000001,5.616817999999997e-08,20.31155487241359,2.631184300000001,2.631184300000001,-1.39871066,-1.2311843000000011,1,50,2,5,-2,1,8,8,1,5n,0,4n,8,25,50V_2A_25C
7.309777548927155e-07,2.38377346583079e-07,6.359968056957017e-08,11.0958486,-77.8083028,9.693551014757946e-07,1.0329547820453647e-06,87.2678059,74.5356118,5.999125000000008e-08,22.917870711570085,1.3476894000000001,1.3476894000000001,0.278060594,0.05231059999999976,0,50,2,5,0,1,8,8,1,5n,1,4n,8,25,50V_2A_25C
8.933372265554461e-07,2.200933694204997e-07,8.099791369435258e-08,14.3472611,-71.3054778,1.1134305959759458e-06,1.1944285096702984e-06,82.1759704,64.3519408,5.616800999999999e-08,20.32993655427273,-0.3228081999999972,-0.3228081999999972,-1.74925561,1.7228081999999971,0,50,2,5,-2,1,8,8,1,5n,1,4n,8,25,50V_2A_25C
6.805529319037986e-07,2.1448245828455124e-07,2.596906116176508e-07,53.0405675,6.081135000000004,8.950353901883498e-07,1.1547260018060007e-06,53.0405675,6.081135000000004,2.5647190000000098e-08,12.47134327730372,0.7943719000000016,0.7943719000000016,0.0125948168,0.6056280999999983,0,50,2,5,0,1,2,8,8,25n,0,4n,8,25,50V_2A_25C
1.047596331173301e-06,2.0915758241265417e-07,2.942503524844361e-07,55.3338516,10.667703200000005,1.2567539135859554e-06,1.5510042660703915e-06,55.3338516,10.667703200000005,3.012171999999995e-08,12.897783895662547,-1.4212775999999998,-1.4212775999999998,-1.98002546,2.8212775999999997,0,50,2,5,-2,1,2,8,8,25n,0,4n,8,25,50V_2A_25C
6.865140416175436e-07,2.0957793291027409e-07,2.493993364575229e-07,53.2566672,6.513334400000006,8.960919745278177e-07,1.1454913109853406e-06,53.2566672,6.513334400000006,2.503500000000009e-08,12.938653148528466,0.2569020000000002,0.2569020000000002,0.00464123179,1.1430979999999997,0,50,2,5,0,1,2,8,8,25n,1,4n,8,25,50V_2A_25C
1.0575043284387246e-06,2.071928486799372e-07,2.9367242115755824e-07,55.4477912,10.895582399999993,1.2646971771186619e-06,1.5583695982762202e-06,55.4477912,10.895582399999993,3.0119940000000055e-08,12.908940975635106,-1.771125816,-1.771125816,-1.98697613,3.171125816,0,50,2,5,-2,1,2,8,8,25n,1,4n,8,25,50V_2A_25C
1.2566308607578322e-06,2.1150178808555473e-07,1.917138047747091e-07,42.0346004,-15.930799199999997,1.468132648843387e-06,1.659846453618096e-06,55.1036485,10.207296999999997,2.485504000000014e-08,11.818385284327945,3.021411999999998,3.021411999999998,0.127201092,-1.621411999999998,1,50,2,5,0,1,8,8,1,10n,0,4n,8,25,50V_2A_25C
9.007445272385954e-07,2.0922871019078023e-07,2.0266902587697123e-07,45.0474034,-9.9051932,1.1099732374293756e-06,1.3126422633063469e-06,53.4385121,6.877024199999994,1.68550200000001e-08,11.10932166790317,0.8020022999999981,0.8020022999999981,-1.91720895,0.5979977000000019,0,50,2,5,-2,1,8,8,1,10n,0,4n,8,25,50V_2A_25C
6.874545404886006e-07,2.116386521800136e-07,2.0864960958417347e-07,41.9616879,-16.076624199999998,8.990931926686142e-07,1.1077428022527877e-06,55.3041526,10.608305200000004,2.8613830000000013e-08,11.848816700440159,0.4016774000000005,0.4016774000000005,0.0523997828,0.9983225999999994,0,50,2,5,0,1,8,8,1,10n,1,4n,8,25,50V_2A_25C
1.0460090815115904e-06,2.0922603688924417e-07,2.2425498470229573e-07,44.9809815,-10.038037000000003,1.2552351184008346e-06,1.4794901031031303e-06,53.489616,6.979231999999996,1.6856449999999993e-08,11.114389662843436,-1.7044403030000002,-1.7044403030000002,-1.96774381,3.104440303,0,50,2,5,-2,1,8,8,1,10n,1,4n,8,25,50V_2A_25C
1.0122959177330773e-06,2.1097165030069396e-07,2.0146801414175227e-07,53.0994744,6.198948799999996,1.2232675680337713e-06,1.4247355821755236e-06,53.105504,6.211008000000006,1.615218000000012e-08,11.779749588063305,2.7219680000000004,2.7219680000000004,0.0103191527,-1.3219680000000005,1,50,2,5,0,1,8,8,1,15n,0,4n,8,25,50V_2A_25C
1.0368129220825891e-06,2.0973271527667496e-07,2.2424038756988877e-07,53.4185039,6.837007799999994,1.246545637359264e-06,1.4707860249291529e-06,53.7341265,7.468253000000004,2.0482119999999996e-08,11.382348596912594,0.7694040000000015,0.7694040000000015,-1.9827971,0.6305959999999984,0,50,2,5,-2,1,8,8,1,15n,0,4n,8,25,50V_2A_25C
6.789061416528858e-07,2.104822522930465e-07,2.3382995929138032e-07,52.9280853,5.856170599999998,8.893883939459323e-07,1.1232183532373127e-06,52.9280853,5.856170599999998,1.552325999999999e-08,11.721804098986862,0.37335549999999884,0.37335549999999884,0.00536840728,1.026644500000001,0,50,2,5,0,1,8,8,1,15n,1,4n,8,25,50V_2A_25C
1.0473840691341516e-06,2.096673396382638e-07,2.57393560575473e-07,53.3618916,6.723783200000001,1.2570514087724154e-06,1.5144449693478885e-06,53.6770501,7.354100200000005,2.037627999999998e-08,11.365880921714108,-1.702750854,-1.702750854,-1.98927196,3.102750854,0,50,2,5,-2,1,8,8,1,15n,1,4n,8,25,50V_2A_25C
1.0220987871591662e-06,2.0910372419739877e-07,1.7372026687666378e-07,54.5941282,9.1882564,1.231202511356565e-06,1.4049227782332288e-06,54.5941282,9.1882564,2.5615109999999984e-08,11.86776292716977,2.697559599999998,2.697559599999998,0.00969780453,-1.2975595999999983,1,50,2,5,0,1,8,8,1,25n,0,4n,8,25,50V_2A_25C
1.016497521130931e-06,2.059918171936947e-07,2.0380086492716382e-07,56.1791695,12.358339,1.2224893383246256e-06,1.4262902032517894e-06,56.1791695,12.358339,3.005309000000002e-08,11.375056535000484,0.8608483000000007,0.8608483000000007,-1.98336138,0.5391516999999992,0,50,2,5,-2,1,8,8,1,25n,0,4n,8,25,50V_2A_25C
6.873468366002621e-07,2.0932979159509254e-07,2.2768007977266823e-07,52.9535987,5.907197400000001,8.966766281953547e-07,1.1243567079680229e-06,52.9535987,5.907197400000001,2.5219130000000136e-08,11.742277117261422,0.3839471000000003,0.3839471000000003,0.00373297782,1.0160528999999996,0,50,2,5,0,1,8,8,1,25n,1,4n,8,25,50V_2A_25C
1.0513486469672221e-06,2.0612593882381547e-07,2.496415641098381e-07,55.0326432,10.065286400000005,1.2574745857910376e-06,1.5071161499008756e-06,55.0326432,10.065286400000005,2.9925690000000145e-08,11.358600598047344,-1.702874844,-1.702874844,-1.99054894,3.102874844,0,50,2,5,-2,1,8,8,1,25n,1,4n,8,25,50V_2A_25C
1.02152723348822e-06,2.1151513241423778e-07,1.677931148398315e-07,54.5941282,9.1882564,1.2330423659024576e-06,1.400835480742289e-06,54.5941282,9.1882564,3.516666000000008e-08,11.648611054095461,2.698204799999999,2.698204799999999,0.0074614426,-1.2982047999999993,1,50,2,5,0,1,8,8,1,35n,0,4n,8,25,50V_2A_25C
1.0157694247408194e-06,2.1275485475562078e-07,1.9773017369966888e-07,56.1791695,12.358339,1.2285242794964401e-06,1.426254453196109e-06,56.1791695,12.358339,4.016136000000007e-08,10.975323996563654,0.8539414000000001,0.8539414000000001,-1.98145747,0.5460585999999998,0,50,2,5,-2,1,8,8,1,35n,0,4n,8,25,50V_2A_25C
6.81677849384991e-07,2.116465921694144e-07,2.2180234047359484e-07,52.9535987,5.907197400000001,8.933244415544053e-07,1.1151267820280002e-06,52.9535987,5.907197400000001,3.5537110000000064e-08,11.543946587081498,0.377009300000001,0.377009300000001,0.00495413334,1.022990699999999,0,50,2,5,0,1,8,8,1,35n,1,4n,8,25,50V_2A_25C
1.0499948717411805e-06,2.126804074835149e-07,2.3840220671357788e-07,55.0326432,10.065286400000005,1.2626752792246954e-06,1.5010774859382733e-06,55.0326432,10.065286400000005,4.015956000000011e-08,10.99640844413121,-1.702769049,-1.702769049,-1.98952025,3.102769049,0,50,2,5,-2,1,8,8,1,35n,1,4n,8,25,50V_2A_25C
7.131475296241005e-07,2.240273988563302e-07,6.518990483131714e-08,11.0927154,-77.8145692,9.371749284804307e-07,1.0023648333117479e-06,87.3077493,74.6154986,6.005501000000013e-08,23.55408406838681,1.402099200000002,1.402099200000002,0.668364788,-0.002099200000002188,1,50,2,5,0,1,8,8,4,5n,0,4n,8,25,50V_2A_25C
1.0896726920356806e-06,2.1996979477520288e-07,8.756529190124742e-08,14.3440113,-71.3119774,1.3096424868108836e-06,1.397207778712131e-06,82.2165098,64.4330196,5.6167920000000084e-08,20.33846054198102,-0.9191766999999977,-0.9191766999999977,-1.39825246,2.3191766999999976,0,50,2,5,-2,1,8,8,4,5n,0,4n,8,25,50V_2A_25C
6.971649489766193e-07,2.385762716556234e-07,6.52703082412874e-08,11.0958055,-77.808389,9.357412206322428e-07,1.0010115288735302e-06,87.2581233,74.51624659999999,6.001049e-08,22.9152103858534,0.3563630999999994,0.3563630999999994,0.277911574,1.0436369000000005,0,50,2,5,0,1,8,8,4,5n,1,4n,8,25,50V_2A_25C
1.0734538957417136e-06,2.2009258778977042e-07,8.759465432788011e-08,14.3470457,-71.3059086,1.293546483531484e-06,1.3811411378593643e-06,82.1766202,64.3532404,5.6168040000000096e-08,20.33004190370798,-1.739030561,-1.739030561,-1.74926422,3.139030561,0,50,2,5,-2,1,8,8,4,5n,1,4n,8,25,50V_2A_25C
6.787647133611528e-07,2.1164230011201422e-07,2.1258123500138566e-07,41.9909227,-16.018154600000003,8.90407013473167e-07,1.1029882484745528e-06,55.2388927,10.477785400000002,2.8560260000000082e-08,11.838072662039794,1.4173042000000002,1.4173042000000002,0.12875537,-0.017304200000000325,1,50,2,5,0,1,8,8,4,10n,0,4n,8,25,50V_2A_25C
1.0357122412354696e-06,2.092636558814082e-07,2.413228182344947e-07,45.0055614,-9.988877200000005,1.2449758971168777e-06,1.4862987153513723e-06,53.4747845,6.949568999999997,1.68550200000001e-08,11.11223103716388,-0.8194659000000009,-0.8194659000000009,-1.91638026,2.2194659000000008,0,50,2,5,-2,1,8,8,4,10n,0,4n,8,25,50V_2A_25C
6.810715306220249e-07,2.1164277114386802e-07,2.1289998876587254e-07,41.9603959,-16.079208199999997,8.92714301765893e-07,1.1056142905317656e-06,55.3079836,10.6159672,2.8614100000000145e-08,11.849380396174393,0.3079507000000028,0.3079507000000028,0.052394641,1.0920492999999971,0,50,2,5,0,1,8,8,4,10n,1,4n,8,25,50V_2A_25C
1.0566708583690882e-06,2.092271601132571e-07,2.4093328262586785e-07,44.980129,-10.039742000000004,1.2658980184823453e-06,1.5068313011082132e-06,53.4908455,6.981690999999999,1.6856540000000108e-08,11.114506831967,-1.736599846,-1.736599846,-1.96773814,3.136599846,0,50,2,5,-2,1,8,8,4,10n,1,4n,8,25,50V_2A_25C
6.805553296765267e-07,2.108072836621022e-07,2.3755246059075967e-07,53.0011103,6.0022206,8.91362613338629e-07,1.1289150739293887e-06,53.0039159,6.007831800000006,1.5812070000000078e-08,11.74663818281843,1.4176542999999988,1.4176542999999988,0.00959591772,-0.0176542999999989,1,50,2,5,0,1,8,8,4,15n,0,4n,8,25,50V_2A_25C
1.0288605601744514e-06,2.0972100064009722e-07,2.759594268155769e-07,53.3767206,6.7534411999999975,1.2385815608145487e-06,1.5145409876301256e-06,53.6973103,7.394620599999996,2.0384110000000008e-08,11.369445017141539,-0.8317475999999999,-0.8317475999999999,-1.98302027,2.2317476,0,50,2,5,-2,1,8,8,4,15n,0,4n,8,25,50V_2A_25C
6.85537136502672e-07,2.1046234070143398e-07,2.3837299973803443e-07,52.9227758,5.845551599999993,8.95999477204106e-07,1.1343724769421406e-06,52.9227758,5.845551599999993,1.552274000000001e-08,11.719965422523863,0.31568189999999774,0.31568189999999774,0.00530653222,1.0843181000000022,0,50,2,5,0,1,8,8,4,15n,1,4n,8,25,50V_2A_25C
1.0411394261418155e-06,2.096670771673776e-07,2.745589062361337e-07,53.3602281,6.720456200000001,1.2508065033091932e-06,1.525365409545327e-06,53.6758734,7.351746800000001,2.0376520000000004e-08,11.365663244205342,-1.7365488439999999,-1.7365488439999999,-1.98927004,3.136548844,0,50,2,5,-2,1,8,8,4,15n,1,4n,8,25,50V_2A_25C
6.803025315626054e-07,2.0925199815125533e-07,2.2942651438517147e-07,53.4041054,6.808210799999997,8.895545297138607e-07,1.1189810440990322e-06,53.4041054,6.808210799999997,2.5524679999999963e-08,11.784103748767935,1.4183815000000024,1.4183815000000024,0.00925277769,-0.018381500000002493,1,50,2,5,0,1,8,8,4,25n,0,4n,8,25,50V_2A_25C
1.039476743427751e-06,2.0626241330214222e-07,2.654864529415895e-07,55.4469896,10.893979200000004,1.2457391567298933e-06,1.511225609671483e-06,55.4469896,10.893979200000004,2.628025e-08,11.365661028577238,-0.8310901000000008,-0.8310901000000008,-1.98515079,2.2310901000000007,0,50,2,5,-2,1,8,8,4,25n,0,4n,8,25,50V_2A_25C
6.84383350355108e-07,2.0932951451299025e-07,2.3267147289844218e-07,52.9648288,5.929657599999998,8.937128648680982e-07,1.1263843377665404e-06,52.9648288,5.929657599999998,2.5115270000000103e-08,11.739755907232558,0.3209686000000005,0.3209686000000005,0.00373188607,1.0790313999999994,0,50,2,5,0,1,8,8,4,25n,1,4n,8,25,50V_2A_25C
1.0574662065355582e-06,2.0611823713731953e-07,2.662609787817425e-07,55.014815,10.029629999999997,1.2635844436728777e-06,1.5298454224546203e-06,55.014815,10.029629999999997,2.992677000000004e-08,11.358331672044303,-1.736373362,-1.736373362,-1.99052991,3.1363733619999996,0,50,2,5,-2,1,8,8,4,25n,1,4n,8,25,50V_2A_25C
6.79660441220864e-07,2.1166291031348933e-07,2.2336792324075287e-07,53.4041054,6.808210799999997,8.913233515343534e-07,1.1146912747751063e-06,53.4041054,6.808210799999997,3.525658999999998e-08,11.575615260848828,1.4175679999999993,1.4175679999999993,0.00785505015,-0.017567999999999362,1,50,2,5,0,1,8,8,4,35n,0,4n,8,25,50V_2A_25C
1.033198268760984e-06,2.1276448585318336e-07,2.5458281306430847e-07,55.4469896,10.893979200000004,1.2459627546141673e-06,1.5005455676784758e-06,55.4469896,10.893979200000004,4.016015000000013e-08,11.005933427026935,-0.8302398000000011,-0.8302398000000011,-1.98142717,2.230239800000001,0,50,2,5,-2,1,8,8,4,35n,0,4n,8,25,50V_2A_25C
6.847297834355934e-07,2.116726874904827e-07,2.2662420907642757e-07,52.9648288,5.929657599999998,8.964024709260761e-07,1.1230266800025037e-06,52.9648288,5.929657599999998,3.553351999999996e-08,11.543265856828285,0.3181693999999986,0.3181693999999986,0.00498432203,1.0818306000000013,0,50,2,5,0,1,8,8,4,35n,1,4n,8,25,50V_2A_25C
1.0474243278654032e-06,2.1267609689991504e-07,2.553908936125706e-07,55.014815,10.029629999999997,1.2601004247653183e-06,1.515491318377889e-06,55.014815,10.029629999999997,4.0159490000000066e-08,10.995660855424717,-1.736824263,-1.736824263,-1.98950643,3.136824263,0,50,2,5,-2,1,8,8,4,35n,1,4n,8,25,50V_2A_25C
6.780913352353641e-07,2.2403237695027162e-07,7.032467030044048e-08,11.0855692,-77.8288616,9.021237121856358e-07,9.724483824860764e-07,87.316044,74.63208800000001,6.00550000000001e-08,23.56306051418983,0.7895213999999982,0.7895213999999982,0.668253843,0.6104786000000018,0,50,2,5,0,1,8,8,8,5n,0,4n,8,25,50V_2A_25C
1.095901919730696e-06,2.199625760172305e-07,9.198125526769179e-08,14.341871,-71.316258,1.3158644957479265e-06,1.4078457510156184e-06,82.2194896,64.4389792,5.616796000000002e-08,20.341091725853612,-1.39836073,-1.4040458999999998,-1.39836073,2.7983607299999997,0,50,2,5,-2,1,8,8,8,5n,0,4n,8,25,50V_2A_25C
6.849483161412672e-07,2.386135209708627e-07,7.02299056119031e-08,11.0957745,-77.808451,9.235618371121299e-07,9.93791742724033e-07,87.2346874,74.4693748,6.000086e-08,22.915152415375243,0.27802748,0.24143499999999918,0.27802748,1.12197252,0,50,2,5,0,1,8,8,8,5n,1,4n,8,25,50V_2A_25C
1.0790787432846258e-06,2.2009113004273102e-07,9.200018265363312e-08,14.3468392,-71.3063216,1.2991698733273567e-06,1.3911700559809897e-06,82.1771531,64.3543062,5.616806999999999e-08,20.330077695484956,-1.74927251,-1.7716965370000002,-1.74927251,3.14927251,0,50,2,5,-2,1,8,8,8,5n,1,4n,8,25,50V_2A_25C
6.816004970921767e-07,2.1168657978385301e-07,2.18947246320031e-07,41.9714954,-16.057009199999996,8.932870768760298e-07,1.1122343231960608e-06,55.285609,10.571218000000002,2.861227000000007e-08,11.845719996519412,0.7957308000000012,0.7957308000000012,0.129118967,0.6042691999999987,0,50,2,5,0,1,8,8,8,10n,0,4n,8,25,50V_2A_25C
1.039315211053457e-06,2.0927361929424367e-07,2.481984614841635e-07,44.9951267,-10.0097466,1.2485888303477008e-06,1.4967872918318642e-06,53.48453,6.96906,1.685584000000011e-08,11.113236078015781,-1.4236505000000008,-1.4236505000000008,-1.91614757,2.8236505000000007,0,50,2,5,-2,1,8,8,8,10n,0,4n,8,25,50V_2A_25C
6.946458227180337e-07,2.11647283013995e-07,2.1855025242433174e-07,41.9590966,-16.081806799999995,9.062931057320287e-07,1.1248433581563605e-06,55.3118805,10.623761000000002,2.8614380000000102e-08,11.849950699287747,0.27720019999999934,0.27720019999999934,0.0523899583,1.1227998000000006,0,50,2,5,0,1,8,8,8,10n,1,4n,8,25,50V_2A_25C
1.0470300164433056e-06,2.092275829952682e-07,2.478007292227938e-07,44.9793117,-10.041376600000007,1.256257599438574e-06,1.5040583286613677e-06,53.4912334,6.982466799999997,1.6856619999999975e-08,11.114551851650784,-1.7720430450000002,-1.7720430450000002,-1.96774379,3.172043045,0,50,2,5,-2,1,8,8,8,10n,1,4n,8,25,50V_2A_25C
6.779574075803636e-07,2.1066289422726333e-07,2.4443357229722144e-07,52.9575997,5.915199400000006,8.886203018076269e-07,1.1330538741048482e-06,52.9575997,5.915199400000006,1.5624129999999977e-08,11.732780278896618,0.793352800000001,0.793352800000001,0.00912491689,0.6066471999999989,0,50,2,5,0,1,8,8,8,15n,0,4n,8,25,50V_2A_25C
1.0377968767589713e-06,2.097160555327355e-07,2.815022516192349e-07,53.363697,6.727394000000004,1.2475129322917067e-06,1.5290151839109416e-06,53.6850821,7.370164200000005,2.0385860000000003e-08,11.366668297421882,-1.4204504,-1.4204504,-1.98306776,2.8204504,0,50,2,5,-2,1,8,8,8,15n,0,4n,8,25,50V_2A_25C
6.846238524717222e-07,2.1044396772942432e-07,2.442201901250333e-07,52.9175611,5.835122200000001,8.950678202011465e-07,1.1392880103261799e-06,52.9175611,5.835122200000001,1.5470889999999965e-08,11.718173078161469,0.27148559999999833,0.27148559999999833,0.00523803911,1.1285144000000016,0,50,2,5,0,1,8,8,8,15n,1,4n,8,25,50V_2A_25C
1.042403274361352e-06,2.0966688438694026e-07,2.8093708158789235e-07,53.3585623,6.717124600000005,1.2520701587482924e-06,1.5330072403361848e-06,53.6747417,7.349483399999997,2.037679999999996e-08,11.365456929421532,-1.7715587650000002,-1.7715587650000002,-1.98926779,3.1715587650000003,0,50,2,5,-2,1,8,8,8,15n,1,4n,8,25,50V_2A_25C
6.802235804438975e-07,2.0935001896187798e-07,2.3756357406148523e-07,52.9966173,5.993234599999994,8.895735994057756e-07,1.1271371734672609e-06,52.9966173,5.993234599999994,2.5429510000000112e-08,11.758407515536184,0.7942892000000015,0.7942892000000015,0.00839587999,0.6057107999999984,0,50,2,5,0,1,8,8,8,25n,0,4n,8,25,50V_2A_25C
1.047400347134561e-06,2.0621766116649355e-07,2.728078366231006e-07,55.1820096,10.364019200000003,1.2536180083010544e-06,1.526425844924155e-06,55.1820096,10.364019200000003,2.987679e-08,11.361046296853555,-1.421268099999999,-1.421268099999999,-1.9848288,2.821268099999999,0,50,2,5,-2,1,8,8,8,25n,0,4n,8,25,50V_2A_25C
6.863300699465534e-07,2.0931672715075888e-07,2.3784467980079897e-07,52.9962365,5.992473000000005,8.956467970973123e-07,1.1334914768981114e-06,52.9962365,5.992473000000005,2.503500000000009e-08,11.737357764556707,0.25688710000000015,0.25688710000000015,0.0037881656,1.1431128999999998,0,50,2,5,0,1,8,8,8,25n,1,4n,8,25,50V_2A_25C
1.0573021430443054e-06,2.0610780889679383e-07,2.7297746356089676e-07,54.9994402,9.998880400000004,1.2634099519410992e-06,1.536387415501996e-06,54.9994402,9.998880400000004,2.992781e-08,11.35817628826827,-1.77113517,-1.77113517,-1.99050417,3.17113517,0,50,2,5,-2,1,8,8,8,25n,1,4n,8,25,50V_2A_25C
6.782139209943607e-07,2.1167953225374224e-07,2.316626674545715e-07,52.9966173,5.993234599999994,8.89893453248103e-07,1.1215561207026744e-06,52.9966173,5.993234599999994,3.5372840000000063e-08,11.55393666140966,0.7933062,0.7933062,0.00826341567,0.6066938,0,50,2,5,0,1,8,8,8,35n,0,4n,8,25,50V_2A_25C
1.0430711840098233e-06,2.1274169861459938e-07,2.616415298349311e-07,55.1820096,10.364019200000003,1.2558128826244228e-06,1.517454412459354e-06,55.1820096,10.364019200000003,4.015992999999997e-08,11.000378291808364,-1.4205214999999995,-1.4205214999999995,-1.98155181,2.8205214999999995,0,50,2,5,-2,1,8,8,8,35n,0,4n,8,25,50V_2A_25C
6.843686480032554e-07,2.1168023028457624e-07,2.3228249660005848e-07,52.9962365,5.992473000000005,8.960488782878317e-07,1.1283313748878902e-06,52.9962365,5.992473000000005,3.558325000000015e-08,11.543061070559041,0.26588020000000157,0.26588020000000157,0.00500187371,1.1341197999999983,0,50,2,5,0,1,8,8,8,35n,1,4n,8,25,50V_2A_25C
1.0492973241667233e-06,2.1260723963904553e-07,2.619225619042344e-07,54.9994402,9.998880400000004,1.2619045638057688e-06,1.523827125710003e-06,54.9994402,9.998880400000004,4.018670000000009e-08,10.994821674416784,-1.771537346,-1.771537346,-1.98948994,3.171537346,0,50,2,5,-2,1,8,8,8,35n,1,4n,8,25,50V_2A_25C
2.332995091714572e-06,1.7745331960869702e-06,7.616036858745538e-10,0.175723118,-99.64855376400001,4.107528287801542e-06,4.108289891487417e-06,84.434558,68.86911599999999,5.3917710000000106e-08,24.865301538040114,4.1599292000000005,4.1599292000000005,3.82399684,-2.7599292000000006,1,50,2,5,0,2,2,8,1,5n,0,4n,8,25,50V_2A_25C
6.547670269049259e-07,2.315964599765058e-07,5.130620854736142e-09,2.58025077,-94.83949846,8.863634868814318e-07,8.91494107736168e-07,103.339599,106.67919800000001,6.441131999999995e-08,34.91292934700081,3.199335699999999,3.199335699999999,1.15986431,-1.799335699999999,1,50,2,5,-2,2,2,8,1,5n,0,4n,8,25,50V_2A_25C
4.920121300148666e-07,4.233166920117349e-07,3.6773784291462514e-09,0.502765706,-98.994468588,9.153288220266015e-07,9.190062004557477e-07,107.663592,115.32718399999997,6.019642000000001e-08,29.565746591088097,1.347532000000001,1.347532000000001,0.909675093,0.05246799999999885,0,50,2,5,0,2,2,8,1,5n,1,4n,8,25,50V_2A_25C
5.799953582474242e-07,2.2907940284271164e-07,4.526008957669489e-09,3.13320295,-93.7335941,8.090747610901358e-07,8.136007700478052e-07,102.668367,105.33673400000002,6.441056999999998e-08,34.379799090438404,-0.32331829999999684,-0.32331829999999684,-1.19492068,1.7233182999999967,0,50,2,5,-2,2,2,8,1,5n,1,4n,8,25,50V_2A_25C
9.825868525833303e-07,2.746800524195838e-07,6.590224937165065e-08,11.5455021,-76.9089958,1.2572669050029141e-06,1.3231691543745648e-06,82.3849572,64.7699144,6.110502000000014e-08,23.471472348534828,3.5740934000000024,3.5740934000000024,1.73673832,-2.1740934000000025,1,50,2,5,0,2,2,8,1,10n,0,4n,8,25,50V_2A_25C
6.030875670771138e-07,2.1451843922303518e-07,1.6000571244332182e-07,30.2481064,-39.5037872,8.17606006300149e-07,9.776117187434708e-07,65.2841093,30.568218599999994,4.8905010000000036e-08,15.277469659207513,1.312241199999999,1.312241199999999,-1.14513356,0.08775880000000091,0,50,2,5,-2,2,2,8,1,10n,0,4n,8,25,50V_2A_25C
4.994957558216457e-07,2.140851402390386e-07,1.5023013491202716e-07,25.977534,-48.044931999999996,7.135808960606843e-07,8.638110309727114e-07,69.8637119,39.7274238,5.300665999999998e-08,17.306898607036054,0.4854105000000004,0.4854105000000004,0.210107316,0.9145894999999995,0,50,2,5,0,2,2,8,1,10n,1,4n,8,25,50V_2A_25C
7.990431739620559e-07,2.1274512019944508e-07,1.8441556126095208e-07,30.5319239,-38.9361522,1.011788294161501e-06,1.196203855422453e-06,64.6836104,29.367220800000013,4.880504999999996e-08,15.109398730919523,-1.5144489890000001,-1.5144489890000001,-1.85766029,2.9144489890000003,0,50,2,5,-2,2,2,8,1,10n,1,4n,8,25,50V_2A_25C
6.963336870935783e-07,2.137162077282369e-07,1.9808050866517458e-07,42.7047354,-14.590529200000006,9.100498948218152e-07,1.1081304034869898e-06,54.7480598,9.4961196,2.9754889999999962e-08,12.519527674533476,3.1480432,3.1480432,0.420928594,-1.7480432000000001,1,50,2,5,0,2,2,8,1,15n,0,4n,8,25,50V_2A_25C
7.526751774956896e-07,2.1225301386461506e-07,2.3630606194454251e-07,52.768026,5.536051999999997,9.649281913603047e-07,1.2012342533048472e-06,53.0434393,6.086878600000006,1.6054980000000107e-08,12.701002948898651,1.0280704999999983,1.0280704999999983,-1.84660129,0.3719295000000016,0,50,2,5,-2,2,2,8,1,15n,0,4n,8,25,50V_2A_25C
4.996809159820581e-07,2.1116482527471094e-07,2.423484235284716e-07,51.0840947,2.168189400000003,7.108457412567691e-07,9.531941647852407e-07,52.439774,4.879548,1.3771530000000041e-08,12.76498709350634,0.4897568000000021,0.4897568000000021,0.0118195297,0.9102431999999978,0,50,2,5,0,2,2,8,1,15n,1,4n,8,25,50V_2A_25C
7.890404483630444e-07,2.1031200955424899e-07,2.6891587398642277e-07,53.0794503,6.158900599999995,9.993524579172934e-07,1.2682683319037162e-06,53.3121088,6.624217599999995,1.6054879999999956e-08,12.712370943237447,-1.5150564610000001,-1.5150564610000001,-1.98996717,2.915056461,0,50,2,5,-2,2,2,8,1,15n,1,4n,8,25,50V_2A_25C
7.01268638337399e-07,2.1384073602125448e-07,1.9995825621137133e-07,54.5285938,9.057187600000006,9.151093743586535e-07,1.1150676305700248e-06,54.5285938,9.057187600000006,2.600715000000015e-08,12.542882343524198,3.0857873,3.0857873,0.0151065181,-1.6857872999999999,1,50,2,5,0,2,2,8,1,25n,0,4n,8,25,50V_2A_25C
7.512541011828634e-07,2.0856923780566945e-07,2.2946796531092275e-07,56.4108266,12.8216532,9.598233389885328e-07,1.1892913042994556e-06,56.4108266,12.8216532,3.414451000000012e-08,12.919743933021365,1.1549778999999987,1.1549778999999987,-1.97494006,0.24502210000000124,0,50,2,5,-2,2,2,8,1,25n,0,4n,8,25,50V_2A_25C
4.932042250702279e-07,2.0964786818869297e-07,2.3917887632145933e-07,53.2644256,6.528851200000006,7.028520932589209e-07,9.420309695803802e-07,53.2644256,6.528851200000006,2.482153000000013e-08,12.940484648400162,0.46410159999999934,0.46410159999999934,0.00430141742,0.9358984000000006,0,50,2,5,0,2,2,8,1,25n,1,4n,8,25,50V_2A_25C
7.903881678202731e-07,2.0714711407733367e-07,2.703308744143043e-07,55.451983,10.903965999999995,9.975352818976067e-07,1.267866156311911e-06,55.451983,10.903965999999995,3.0171550000000075e-08,12.911122650487368,-1.515186737,-1.515186737,-1.98672451,2.915186737,0,50,2,5,-2,2,2,8,1,25n,1,4n,8,25,50V_2A_25C
7.010741419138189e-07,2.1662844840294602e-07,1.8966941156590984e-07,54.5285938,9.057187600000006,9.177025903167649e-07,1.1073720018826748e-06,54.5285938,9.057187600000006,3.527424000000005e-08,12.152445207596474,3.0867363999999995,3.0867363999999995,0.00929701236,-1.6867363999999996,1,50,2,5,0,2,2,8,1,35n,0,4n,8,25,50V_2A_25C
7.492836395646492e-07,2.1537218647754917e-07,2.1263976462165555e-07,56.4108266,12.8216532,9.646558260421985e-07,1.177295590663854e-06,56.4108266,12.8216532,4.001345999999995e-08,12.315567489916798,1.1489918999999986,1.1489918999999986,-1.9782265,0.2510081000000013,0,50,2,5,-2,2,2,8,1,35n,0,4n,8,25,50V_2A_25C
4.968108022551304e-07,2.1198075709191053e-07,2.3338356266280672e-07,53.2644256,6.528851200000006,7.087915593470409e-07,9.421751220098476e-07,53.2644256,6.528851200000006,3.562501000000001e-08,12.66226172265144,0.4781064000000015,0.4781064000000015,0.00586765066,0.9218935999999984,0,50,2,5,0,2,2,8,1,35n,1,4n,8,25,50V_2A_25C
7.888350140044593e-07,2.135972919474662e-07,2.5945716279499023e-07,55.451983,10.903965999999995,1.0024323059519256e-06,1.2618894687469158e-06,55.451983,10.903965999999995,4.0060540000000056e-08,12.38785955795301,-1.515566205,-1.515566205,-1.98905531,2.915566205,0,50,2,5,-2,2,2,8,1,35n,1,4n,8,25,50V_2A_25C
5.134915354766658e-07,1.7747016166796098e-06,3.090191761785248e-09,0.175734017,-99.648531966,2.2881931521562756e-06,2.2912833439180607e-06,84.4269318,68.85386360000001,5.388486999999999e-08,24.864792739615574,3.82338649,1.5625537999999999,3.82338649,-2.42338649,1,50,2,5,0,2,2,8,4,5n,0,4n,8,25,50V_2A_25C
7.390342552449553e-07,2.3161175939809423e-07,1.29547372849044e-08,2.57958744,-94.84082512,9.706460146430495e-07,9.836007519279539e-07,103.342435,106.68486999999999,6.441242999999995e-08,34.91442854555571,1.16053897,-0.9737280000000013,1.16053897,0.23946102999999996,0,50,2,5,-2,2,2,8,4,5n,0,4n,8,25,50V_2A_25C
5.342323299646066e-07,4.233181728514389e-07,5.3502816871403826e-09,0.502749708,-98.994500584,9.575505028160455e-07,9.629007845031859e-07,107.663868,115.32773599999999,6.019621000000009e-08,29.566236380388993,0.909672064,0.4540039,0.909672064,0.4903279359999999,0,50,2,5,0,2,2,8,4,5n,1,4n,8,25,50V_2A_25C
7.395820117442955e-07,2.2908071509233309e-07,1.1078300385090025e-08,3.13315208,-93.73369584,9.686627268366287e-07,9.797410272217187e-07,102.668334,105.336668,6.441071000000007e-08,34.38001526217293,-1.19492675,-1.601073555,-1.19492675,2.59492675,0,50,2,5,-2,2,2,8,4,5n,1,4n,8,25,50V_2A_25C
4.899216478888436e-07,2.7545080469172993e-07,8.66224295902138e-08,11.5419142,-76.9161716,7.653724525805735e-07,8.519948821707873e-07,82.3658856,64.7317712,6.110502000000014e-08,23.46986861073912,1.73709256,1.6618446999999996,1.73709256,-0.3370925600000001,1,50,2,5,0,2,2,8,4,10n,0,4n,8,25,50V_2A_25C
7.938281109789981e-07,2.1465305561197177e-07,1.983454740244992e-07,30.2303102,-39.5393796,1.0084811665909698e-06,1.206826640615469e-06,65.3538057,30.70761139999999,4.8905e-08,15.301801753156097,-0.6611447000000013,-0.6611447000000013,-1.14197586,2.061144700000001,0,50,2,5,-2,2,2,8,4,10n,0,4n,8,25,50V_2A_25C
4.979118596666617e-07,2.1410449137700423e-07,1.5456135267735328e-07,25.9880105,-48.023979,7.120163510436659e-07,8.665777037210191e-07,69.8662782,39.73255639999999,5.3007610000000035e-08,17.307591555324578,0.4259883999999978,0.4259883999999978,0.210156607,0.9740116000000021,0,50,2,5,0,2,2,8,4,10n,1,4n,8,25,50V_2A_25C
7.929447878796464e-07,2.1274606071162298e-07,2.011159453920671e-07,30.536515,-38.92697,1.0056908485912694e-06,1.2068067939833366e-06,64.6844082,29.368816399999986,4.880506e-08,15.109636384545778,-1.5664514550000002,-1.5664514550000002,-1.85764487,2.966451455,0,50,2,5,-2,2,2,8,4,10n,1,4n,8,25,50V_2A_25C
4.911002385426556e-07,2.137947967393592e-07,2.335483657987923e-07,42.6595711,-14.680857799999998,7.048950352820149e-07,9.384434010808071e-07,54.8850685,9.770137000000005,2.9760520000000056e-08,12.537275526891149,1.6588211000000008,1.6588211000000008,0.42655003,-0.2588211000000009,1,50,2,5,0,2,2,8,4,15n,0,4n,8,25,50V_2A_25C
7.774866807379919e-07,2.1228035260166026e-07,2.8773954321854053e-07,52.7330415,5.466082999999998,9.897670333396522e-07,1.2775065765581928e-06,53.0475118,6.095023600000004,1.6054930000000137e-08,12.692388163560421,-0.7033485000000006,-0.7033485000000006,-1.84609755,2.1033485000000005,0,50,2,5,-2,2,2,8,4,15n,0,4n,8,25,50V_2A_25C
4.953246860947255e-07,2.1116397144892632e-07,2.468835999064664e-07,51.0814727,2.162945399999998,7.064886575436519e-07,9.533722574501183e-07,52.437622,4.875243999999995,1.3773410000000085e-08,12.76462115851592,0.4051147999999998,0.4051147999999998,0.0118257731,0.9948852000000001,0,50,2,5,0,2,2,8,4,15n,1,4n,8,25,50V_2A_25C
7.898716965228969e-07,2.1031264983972529e-07,2.8611419478753336e-07,53.0773997,6.154799400000002,1.0001843463626222e-06,1.2862985411501556e-06,53.3108783,6.621756599999998,1.605487000000013e-08,12.712194077856807,-1.56582432,-1.56582432,-1.99002181,2.96582432,0,50,2,5,-2,2,2,8,4,15n,1,4n,8,25,50V_2A_25C
4.911800782779163e-07,2.1666077963596748e-07,2.4540269691970234e-07,53.3858527,6.771705400000002,7.078408579138838e-07,9.532435548335861e-07,53.3858527,6.771705400000002,3.517146999999995e-08,12.141814313704968,1.6581212,1.6581212,0.00866826884,-0.25812120000000016,1,50,2,5,0,2,2,8,4,35n,0,4n,8,25,50V_2A_25C
7.800894971639767e-07,2.1548240997321888e-07,2.7642020813170605e-07,55.4813195,10.962638999999994,9.955719071371955e-07,1.2719921152689016e-06,55.4813195,10.962638999999994,4.0061240000000054e-08,12.370186190403908,-0.6980581000000008,-0.6980581000000008,-1.97787881,2.0980581000000007,0,50,2,5,-2,2,2,8,4,35n,0,4n,8,25,50V_2A_25C
4.95323878376448e-07,2.119779749238614e-07,2.3818170263088246e-07,53.2605014,6.521002800000006,7.073018533003094e-07,9.454835559311919e-07,53.2605014,6.521002800000006,3.556354000000001e-08,12.659309470849793,0.4058737000000008,0.4058737000000008,0.00573924598,0.9941262999999991,0,50,2,5,0,2,2,8,4,35n,1,4n,8,25,50V_2A_25C
7.892119136765654e-07,2.1363123736512814e-07,2.764571594509533e-07,55.4498001,10.899600199999995,1.0028431510416934e-06,1.2793003104926467e-06,55.4498001,10.899600199999995,4.006053000000002e-08,12.38804132263285,-1.566144116,-1.566144116,-1.98899014,2.9661441159999997,0,50,2,5,-2,2,2,8,4,35n,1,4n,8,25,50V_2A_25C
4.923376584828398e-07,2.143035210302331e-07,2.5129653307529546e-07,53.3858527,6.771705400000002,7.066411795130729e-07,9.579377125883683e-07,53.3858527,6.771705400000002,2.5605050000000125e-08,12.488997882050812,1.6577485000000003,1.6577485000000003,0.0121574442,-0.2577485000000004,1,50,2,5,0,2,2,8,4,25n,0,4n,8,25,50V_2A_25C
7.819284325484619e-07,2.0917526714858793e-07,2.8680075516290195e-07,55.4813195,10.962638999999994,9.911036996970498e-07,1.2779044548599518e-06,55.4813195,10.962638999999994,3.007612999999995e-08,12.901418937946941,-0.6969361999999997,-0.6969361999999997,-1.98021158,2.0969361999999996,0,50,2,5,-2,2,2,8,4,25n,0,4n,8,25,50V_2A_25C
4.952921703534864e-07,2.0960988889882636e-07,2.441994055209227e-07,53.2605014,6.521002800000006,7.049020592523127e-07,9.491014647732354e-07,53.2605014,6.521002800000006,2.487341000000007e-08,12.939518572067886,0.40782450000000026,0.40782450000000026,0.00446740371,0.9921754999999997,0,50,2,5,0,2,2,8,4,25n,1,4n,8,25,50V_2A_25C
7.906232499390793e-07,2.0716736026488952e-07,2.8696064043428784e-07,55.4498001,10.899600199999995,9.97790610203969e-07,1.2847512506382568e-06,55.4498001,10.899600199999995,3.012143999999999e-08,12.910152596628944,-1.56616056,-1.56616056,-1.98684252,2.9661605599999996,0,50,2,5,-2,2,2,8,4,25n,1,4n,8,25,50V_2A_25C
4.99641825895537e-07,1.7747598411670326e-06,8.300148875559598e-09,0.175746993,-99.64850601400002,2.2744016670625695e-06,2.282701815938129e-06,84.4244401,68.8488802,5.388800999999994e-08,24.864566643464116,3.82318255,0.9672236999999981,3.82318255,-2.42318255,1,50,2,5,0,2,2,8,8,5n,0,4n,8,25,50V_2A_25C
7.982028901840784e-07,2.3161541214283706e-07,1.7353181341684493e-08,2.57925412,-94.84149176,1.0298183023269155e-06,1.0471714836686e-06,103.342941,106.68588199999998,6.441299000000008e-08,34.91453210223638,1.16118153,-1.2741731490000001,1.16118153,0.23881847,0,50,2,5,-2,2,2,8,8,5n,0,4n,8,25,50V_2A_25C
4.873526699164086e-07,4.2335169498556407e-07,1.0313038821207854e-08,0.502746566,-98.994506868,9.107043649019726e-07,9.210174037231805e-07,107.664053,115.32810599999999,6.019599999999997e-08,29.56396470742035,0.909671319,0.369098300000001,0.909671319,0.49032868099999993,0,50,2,5,0,2,2,8,8,5n,1,4n,8,25,50V_2A_25C
7.92498690159342e-07,2.2908190116116887e-07,1.5533611511797156e-08,3.13309366,-93.73381267999999,1.0215805913205108e-06,1.037114202832308e-06,102.66831,105.33662,6.441084000000011e-08,34.380237697253676,-1.19493049,-1.625361096,-1.19493049,2.59493049,0,50,2,5,-2,2,2,8,8,5n,1,4n,8,25,50V_2A_25C
4.904340116882272e-07,2.7571641599962625e-07,9.293935721117856e-08,11.540757,-76.918486,7.661504276878535e-07,8.59089784899032e-07,82.3627871,64.72557420000001,6.110500000000007e-08,23.46871383277798,1.73745464,0.9422010000000007,1.73745464,-0.33745464000000003,1,50,2,5,0,2,2,8,8,10n,0,4n,8,25,50V_2A_25C
7.818480217563996e-07,2.1468572307379864e-07,2.052174744505306e-07,30.226963,-39.546074,9.965337448301983e-07,1.201751219280729e-06,65.3689985,30.737997000000004,4.8905e-08,15.307634178037208,-1.14116038,-1.277855847,-1.14116038,2.54116038,0,50,2,5,-2,2,2,8,8,10n,0,4n,8,25,50V_2A_25C
4.91242645294704e-07,2.1462309499692188e-07,1.6014760703574835e-07,25.9857876,-48.0284248,7.058657402916259e-07,8.660133473273743e-07,69.8670127,39.73402540000001,5.2998470000000126e-08,17.308400879682118,0.32018939999999674,0.32018939999999674,0.209928612,1.0798106000000032,0,50,2,5,0,2,2,8,8,10n,1,4n,8,25,50V_2A_25C
7.952060989467348e-07,2.1274669375296336e-07,2.0790597656972926e-07,30.5391744,-38.9216512,1.0079527926996981e-06,1.2158587692694273e-06,64.6851381,29.370276200000006,4.8805070000000035e-08,15.10985174648291,-1.6183816690000001,-1.6183816690000001,-1.85762962,3.018381669,0,50,2,5,-2,2,2,8,8,10n,1,4n,8,25,50V_2A_25C
4.914505255680696e-07,2.1382163239405072e-07,2.4008472816438455e-07,42.6470967,-14.705806600000003,7.052721579621203e-07,9.453568861265049e-07,54.9227393,9.845478600000007,2.976257000000008e-08,12.54249947488317,0.9435891000000005,0.9435891000000005,0.427981173,0.4564108999999994,0,50,2,5,0,2,2,8,8,15n,0,4n,8,25,50V_2A_25C
7.851409768713558e-07,2.1228406444840555e-07,2.9324631485344057e-07,52.722028,5.4440560000000024,9.974250413197614e-07,1.290671356173202e-06,53.0440178,6.088035599999999,1.6054910000000064e-08,12.690231132000326,-1.2717595069999998,-1.2717595069999998,-1.84587443,2.671759507,0,50,2,5,-2,2,2,8,8,15n,0,4n,8,25,50V_2A_25C
4.957511353397742e-07,2.111629053703271e-07,2.527202628426581e-07,51.0788831,2.1577661999999975,7.069140407101012e-07,9.596343035527594e-07,52.4354938,4.8709876000000065,1.377305000000005e-08,12.76426742393122,0.3482202000000001,0.3482202000000001,0.0118326237,1.0517797999999998,0,50,2,5,0,2,2,8,8,15n,1,4n,8,25,50V_2A_25C
7.894757346376678e-07,2.1031335818958947e-07,2.9248688965582197e-07,53.0753256,6.150651199999999,9.997890928272572e-07,1.2922759824830792e-06,53.3096714,6.619342799999998,1.605487000000013e-08,12.71203203194914,-1.6196389580000001,-1.6196389580000001,-1.99007571,3.019638958,0,50,2,5,-2,2,2,8,8,15n,1,4n,8,25,50V_2A_25C
4.937310654677133e-07,2.144814355891836e-07,2.5969150611014973e-07,53.0409443,6.0818886,7.082125010568969e-07,9.679040071670467e-07,53.0409443,6.0818886,2.5647200000000135e-08,12.471637953287381,0.9398662000000009,0.9398662000000009,0.0125942113,0.46013379999999904,0,50,2,5,0,2,2,8,8,25n,0,4n,8,25,50V_2A_25C
7.87140416182059e-07,2.0915562346067875e-07,2.942510610520986e-07,55.3337798,10.667559600000004,9.962960396427377e-07,1.2905471006948363e-06,55.3337798,10.667559600000004,3.0121729999999983e-08,12.89794824647098,-1.273207759,-1.273207759,-1.9800238,2.673207759,0,50,2,5,-2,2,2,8,8,25n,0,4n,8,25,50V_2A_25C
4.953610076090547e-07,2.09575835508814e-07,2.4939994735730805e-07,53.2566943,6.513388599999998,7.049368431178686e-07,9.543367904751768e-07,53.2566943,6.513388599999998,2.503500000000009e-08,12.938863887595272,0.34627800000000164,0.34627800000000164,0.00464261195,1.0537219999999983,0,50,2,5,0,2,2,8,8,25n,1,4n,8,25,50V_2A_25C
7.915976243161711e-07,2.0719088346110122e-07,2.9367311775057203e-07,55.4477296,10.895459200000005,9.987885077772724e-07,1.2924616255278444e-06,55.4477296,10.895459200000005,3.011996000000013e-08,12.909096371841152,-1.619924322,-1.619924322,-1.98697667,3.0199243219999996,0,50,2,5,-2,2,2,8,8,25n,1,4n,8,25,50V_2A_25C
4.928965431886173e-07,2.168027108916733e-07,2.536923822031669e-07,53.0409443,6.0818886,7.096992540802907e-07,9.633916362834576e-07,53.0409443,6.0818886,3.5134650000000004e-08,12.123022813715316,0.9419114000000022,0.9419114000000022,0.00892764805,0.45808859999999774,0,50,2,5,0,2,2,8,8,35n,0,4n,8,25,50V_2A_25C
7.855993116213661e-07,2.155512267756279e-07,2.8347477343637876e-07,55.3337798,10.667559600000004,1.001150538396994e-06,1.2846253118333728e-06,55.3337798,10.667559600000004,4.006108000000011e-08,12.368758930871014,-1.271731266,-1.271731266,-1.97759673,2.671731266,0,50,2,5,-2,2,2,8,8,35n,0,4n,8,25,50V_2A_25C
4.951387800330163e-07,2.1193635871742362e-07,2.4381107059977437e-07,53.2566943,6.513388599999998,7.070751387504398e-07,9.508862093502142e-07,53.2566943,6.513388599999998,3.556199000000011e-08,12.656375539653432,0.3462748999999974,0.3462748999999974,0.00556083529,1.0537251000000025,0,50,2,5,0,2,2,8,8,35n,1,4n,8,25,50V_2A_25C
7.893847771413539e-07,2.1367186181246673e-07,2.8299121855994573e-07,55.4477296,10.895459200000005,1.0030566389538205e-06,1.2860478575137663e-06,55.4477296,10.895459200000005,4.011050000000002e-08,12.38835280410933,-1.619988657,-1.619988657,-1.98891471,3.019988657,0,50,2,5,-2,2,2,8,8,35n,1,4n,8,25,50V_2A_25C
9.823875083526945e-07,2.1150176923546504e-07,1.9171999621192535e-07,42.0372223,-15.925555399999993,1.1938892775881594e-06,1.3856092738000849e-06,55.1017861,10.203572199999996,2.485504000000014e-08,11.818162549650939,3.574066600000002,3.574066600000002,0.127163152,-2.174066600000002,1,50,2,5,0,2,8,8,1,10n,0,4n,8,25,50V_2A_25C
6.034615443130767e-07,2.092265048171007e-07,2.0270003734548834e-07,45.0494306,-9.901138799999998,8.126880491301773e-07,1.0153880864756656e-06,53.4373056,6.874611200000004,1.68550200000001e-08,11.109198526610099,1.3099287000000004,1.3099287000000004,-1.91723444,0.09007129999999952,0,50,2,5,-2,2,8,8,1,10n,0,4n,8,25,50V_2A_25C
4.993908024152822e-07,2.1163636624527978e-07,2.0865525457750596e-07,41.9636662,-16.072667600000003,7.11027168660562e-07,9.196824232380679e-07,55.3027379,10.605475799999995,2.8613830000000013e-08,11.848635699911648,0.4854202000000001,0.4854202000000001,0.0523874368,0.9145797999999998,0,50,2,5,0,2,8,8,1,10n,1,4n,8,25,50V_2A_25C
7.989481037277034e-07,2.0922371146307575e-07,2.2426005199886175e-07,44.9828067,-10.034386600000005,1.0081718151907792e-06,1.2324318671896409e-06,53.4885338,6.977067599999998,1.6856449999999993e-08,11.114271506884991,-1.514423786,-1.514423786,-1.9677537,2.914423786,0,50,2,5,-2,2,8,8,1,10n,1,4n,8,25,50V_2A_25C
2.3330282925861096e-06,2.2403947219582235e-07,6.288915936477116e-08,11.0980751,-77.8038498,2.557067764781932e-06,2.619956924146703e-06,87.296157,74.59231399999999,6.010502000000007e-08,23.541957089258634,4.1599565,4.1599565,0.668556631,-2.7599565,1,50,2,5,0,2,8,8,1,5n,0,4n,8,25,50V_2A_25C
6.547810462456401e-07,2.199698323312019e-07,7.94958845007892e-08,14.3490137,-71.3019726,8.74750878576842e-07,9.542467630776312e-07,82.1698333,64.33966659999999,5.6168190000000005e-08,20.310571134968235,3.1994025000000015,3.1994025000000015,-1.39873286,-1.7994025000000016,1,50,2,5,-2,2,8,8,1,5n,0,4n,8,25,50V_2A_25C
4.920084470713956e-07,2.3836842953734145e-07,6.360430062844914e-08,11.0966282,-77.8067436,7.303768766087371e-07,7.939811772371862e-07,87.2664213,74.53284260000001,5.999125000000008e-08,22.917308547402648,1.3466482000000042,1.3466482000000042,0.278051399,0.05335179999999573,0,50,2,5,0,2,8,8,1,5n,1,4n,8,25,50V_2A_25C
5.799472158469798e-07,2.200905887985591e-07,8.100372546135885e-08,14.3482259,-71.3035482,8.000378046455389e-07,8.810415301068978e-07,82.1744674,64.3489348,5.616800999999999e-08,20.329043713631343,-0.3247493000000006,-0.3247493000000006,-1.74926513,1.7247493000000005,0,50,2,5,-2,2,8,8,1,5n,1,4n,8,25,50V_2A_25C
6.960018889253684e-07,2.1097244847619075e-07,2.0146441582457388e-07,53.0999475,6.199894999999998,9.069743374015592e-07,1.1084387532261331e-06,53.1060064,6.212012799999997,1.615218000000012e-08,11.779869828694377,3.147800499999999,3.147800499999999,0.010324375,-1.747800499999999,1,50,2,5,0,2,8,8,1,15n,0,4n,8,25,50V_2A_25C
7.525666027081567e-07,2.097309135677582e-07,2.2423853008822668e-07,53.4191997,6.838399400000001,9.622975162759148e-07,1.1865360463641415e-06,53.7347439,7.469487799999996,2.0482150000000105e-08,11.382391779272762,1.0278509999999983,1.0278509999999983,-1.98279493,0.3721490000000016,0,50,2,5,-2,2,8,8,1,15n,0,4n,8,25,50V_2A_25C
4.996250246834649e-07,2.104804544548868e-07,2.3383276973780763e-07,52.9280972,5.856194400000006,7.101054791383518e-07,9.439382488761595e-07,52.9280972,5.856194400000006,1.5523249999999953e-08,11.721865456089635,0.48977459999999695,0.48977459999999695,0.00536954651,0.910225400000003,0,50,2,5,0,2,8,8,1,15n,1,4n,8,25,50V_2A_25C
7.889353778309003e-07,2.0966556633210963e-07,2.5739878923576465e-07,53.3624831,6.724966199999996,9.9860094416301e-07,1.2559997333987745e-06,53.6776297,7.355259399999994,2.037627999999998e-08,11.365916940485056,-1.515088483,-1.515088483,-1.98927173,2.915088483,0,50,2,5,-2,2,8,8,1,15n,1,4n,8,25,50V_2A_25C
7.009387475311014e-07,2.091043826429967e-07,1.7371553548714744e-07,54.5938938,9.187787599999993,9.100431301740981e-07,1.0837586656612456e-06,54.5938938,9.187787599999993,2.5615109999999984e-08,11.867830985831814,3.0855421000000014,3.0855421000000014,0.00969598026,-1.6855421000000015,1,50,2,5,0,2,8,8,1,25n,0,4n,8,25,50V_2A_25C
7.511279380559174e-07,2.0599000230130186e-07,2.037954674946829e-07,56.179288,12.358575999999998,9.571179403572192e-07,1.1609134078519021e-06,56.179288,12.358575999999998,3.005309000000002e-08,11.375059422455482,1.1547930999999991,1.1547930999999991,-1.98336252,0.24520690000000078,0,50,2,5,-2,2,8,8,1,25n,0,4n,8,25,50V_2A_25C
4.930681732628748e-07,2.0932796393242256e-07,2.2767941829411596e-07,52.9538696,5.907739199999994,7.023961371952973e-07,9.300755554894133e-07,52.9538696,5.907739199999994,2.52191200000001e-08,11.742310680214677,0.46413920000000175,0.46413920000000175,0.0037327885,0.9358607999999982,0,50,2,5,0,2,8,8,1,25n,1,4n,8,25,50V_2A_25C
7.902376258782411e-07,2.0612389331644082e-07,2.49640111515704e-07,55.0326493,10.065298600000006,9.96361519194682e-07,1.246001630710386e-06,55.0326493,10.065298600000006,2.9925690000000145e-08,11.358599721387549,-1.5151882570000001,-1.5151882570000001,-1.99054835,2.915188257,0,50,2,5,-2,2,8,8,1,25n,1,4n,8,25,50V_2A_25C
7.007526214579991e-07,2.1151569879275692e-07,1.6778845285635872e-07,54.5938938,9.187787599999993,9.122683202507561e-07,1.0800567731071148e-06,54.5938938,9.187787599999993,3.516668000000015e-08,11.648699125171033,3.086507700000002,3.086507700000002,0.00746266297,-1.6865077000000022,1,50,2,5,0,2,8,8,1,35n,0,4n,8,25,50V_2A_25C
7.49158086406702e-07,2.1275270064817465e-07,1.9775597199953428e-07,56.179288,12.358575999999998,9.619107870548766e-07,1.159666759054411e-06,56.179288,12.358575999999998,4.016137000000011e-08,10.97535578634693,1.1488072000000003,1.1488072000000003,-1.98145744,0.25119279999999966,0,50,2,5,-2,2,8,8,1,35n,0,4n,8,25,50V_2A_25C
4.967245743644101e-07,2.1164477419462854e-07,2.2180176074389924e-07,52.9538696,5.907739199999994,7.083693485590386e-07,9.301711093029379e-07,52.9538696,5.907739199999994,3.5537110000000064e-08,11.543997669843904,0.4781435000000016,0.4781435000000016,0.00495424937,0.9218564999999983,0,50,2,5,0,2,8,8,1,35n,1,4n,8,25,50V_2A_25C
7.887047109052926e-07,2.126781757561074e-07,2.3840081338869524e-07,55.0326493,10.065298600000006,1.0013828866614e-06,1.2397837000500951e-06,55.0326493,10.065298600000006,4.0159570000000144e-08,10.996424926381916,-1.515594949,-1.515594949,-1.98952058,2.915594949,0,50,2,5,-2,2,8,8,1,35n,1,4n,8,25,50V_2A_25C
5.135041890473404e-07,2.240242444446654e-07,6.517702525108886e-08,11.0935098,-77.8129804,7.375284334920059e-07,8.027054587430948e-07,87.3063191,74.61263819999999,6.005501000000013e-08,23.553247187518615,1.5627189999999977,1.5627189999999977,0.668345941,-0.16271899999999784,1,50,2,5,0,2,8,8,4,5n,0,4n,8,25,50V_2A_25C
7.390716780163778e-07,2.1996724671733626e-07,8.757081267166096e-08,14.344976,-71.310048,9.590389247337141e-07,1.046609737405375e-06,82.214925,64.42984999999999,5.616793000000012e-08,20.3375665776154,-0.9737408999999992,-0.9737408999999992,-1.39827273,2.373740899999999,0,50,2,5,-2,2,8,8,4,5n,0,4n,8,25,50V_2A_25C
5.342033230274699e-07,2.3856781894728885e-07,6.527516564200371e-08,11.0965887,-77.8068226,7.727711419747588e-07,8.380463076167625e-07,87.2566332,74.51326639999999,6.001041000000013e-08,22.91464192073452,0.45401880000000006,0.45401880000000006,0.277903742,0.9459811999999999,0,50,2,5,0,2,8,8,4,5n,1,4n,8,25,50V_2A_25C
7.394581406945507e-07,2.2008980506234463e-07,8.755436696453644e-08,14.3480105,-71.303979,9.595479457568954e-07,1.0471023127214317e-06,82.1751171,64.35023419999999,5.6168040000000096e-08,20.329149199516355,-1.601139428,-1.601139428,-1.74927375,3.001139428,0,50,2,5,-2,2,8,8,4,5n,1,4n,8,25,50V_2A_25C
4.897961557097555e-07,2.1164005113643264e-07,2.1258723465593869e-07,41.9929529,-16.014094200000002,7.01436206846188e-07,9.140234415021267e-07,55.2374629,10.474925799999994,2.8560260000000082e-08,11.837890890040589,1.6617517,1.6617517,0.128726393,-0.26175170000000003,1,50,2,5,0,2,8,8,4,10n,0,4n,8,25,50V_2A_25C
7.937458893524815e-07,2.0926138712264083e-07,2.4132892784912224e-07,45.0073899,-9.9852202,1.0030072764751223e-06,1.2443362043242446e-06,53.4736704,6.947340800000006,1.68550200000001e-08,11.112113569227564,-0.6612469999999995,-0.6612469999999995,-1.9164027,2.0612469999999994,0,50,2,5,-2,2,8,8,4,10n,0,4n,8,25,50V_2A_25C
4.978512301444115e-07,2.116404879779993e-07,2.1290589751438494e-07,41.962384,-16.075232,7.094917181224108e-07,9.223976156367957e-07,55.306561,10.613122000000002,2.8614100000000145e-08,11.849198482675593,0.42613709999999827,0.42613709999999827,0.0523822282,0.9738629000000016,0,50,2,5,0,2,8,8,4,10n,1,4n,8,25,50V_2A_25C
7.928344682327294e-07,2.0922445782964242e-07,2.4093928147091096e-07,44.981954,-10.036091999999996,1.0020589260623719e-06,1.2429982075332828e-06,53.4891383,6.978276600000002,1.680654e-08,11.114338747362277,-1.566468165,-1.566468165,-1.96775779,2.966468165,0,50,2,5,-2,2,8,8,4,10n,1,4n,8,25,50V_2A_25C
4.909131792988263e-07,2.108056566711903e-07,2.3758178447411097e-07,53.0014239,6.002847799999997,7.017188359700166e-07,9.393006204441276e-07,53.0042483,6.008496600000001,1.581203999999997e-08,11.746715470109365,1.6587181000000015,1.6587181000000015,0.0095991698,-0.2587181000000016,1,50,2,5,0,2,8,8,4,15n,0,4n,8,25,50V_2A_25C
7.773727027112063e-07,2.0971910216895054e-07,2.760255904776611e-07,53.3773254,6.754650799999992,9.870918048801568e-07,1.263117395357818e-06,53.6978871,7.395774200000005,2.0384140000000117e-08,11.369481440382591,-0.7035138999999972,-0.7035138999999972,-1.98301779,2.103513899999997,0,50,2,5,-2,2,8,8,4,15n,0,4n,8,25,50V_2A_25C
4.952196519690649e-07,2.1046052807540727e-07,2.3837259222729654e-07,52.9227694,5.845538799999999,7.056801800444722e-07,9.440527722717687e-07,52.9227694,5.845538799999999,1.5522729999999973e-08,11.720026431787609,0.40515549999999934,0.40515549999999934,0.00530756763,0.9948445000000006,0,50,2,5,0,2,8,8,4,15n,1,4n,8,25,50V_2A_25C
7.897392232508107e-07,2.0966513947434713e-07,2.745598328154587e-07,53.3608187,6.721637400000007,9.994043627251579e-07,1.2739641955406165e-06,53.6764531,7.352906200000007,2.037653000000004e-08,11.36569962330091,-1.565839155,-1.565839155,-1.9892698,2.965839155,0,50,2,5,-2,2,8,8,4,15n,1,4n,8,25,50V_2A_25C
4.921454317653408e-07,2.0925086812617702e-07,2.29425889511789e-07,53.4040857,6.808171400000005,7.013962998915178e-07,9.308221894033069e-07,53.4040857,6.808171400000005,2.5524930000000023e-08,11.784139564449891,1.6576007000000033,1.6576007000000033,0.00925094111,-0.25760070000000335,1,50,2,5,0,2,8,8,4,25n,0,4n,8,25,50V_2A_25C
7.817853834621212e-07,2.062603690448186e-07,2.654857491949454e-07,55.4470038,10.894007599999995,9.880457525069397e-07,1.2535315017018851e-06,55.4470038,10.894007599999995,2.6280239999999965e-08,11.365660896727933,-0.6970548000000001,-0.6970548000000001,-1.98515102,2.0970548,0,50,2,5,-2,2,8,8,4,25n,0,4n,8,25,50V_2A_25C
4.951712813855027e-07,2.093276469206684e-07,2.3267106717297835e-07,52.9650989,5.930197800000002,7.044989283061712e-07,9.371699954791496e-07,52.9650989,5.930197800000002,2.5115260000000067e-08,11.73979029308584,0.407851400000002,0.407851400000002,0.00373195436,0.9921485999999979,0,50,2,5,0,2,8,8,4,25n,1,4n,8,25,50V_2A_25C
7.904829253121236e-07,2.0611618837149376e-07,2.6626031092341855e-07,55.0148309,10.0296618,9.965991136836174e-07,1.262859424607036e-06,55.0148309,10.0296618,2.992677000000004e-08,11.358330937292768,-1.5661758680000002,-1.5661758680000002,-1.99052934,2.966175868,0,50,2,5,-2,2,8,8,4,25n,1,4n,8,25,50V_2A_25C
4.909875749551544e-07,2.1166103257800156e-07,2.2336734651411006e-07,53.4040857,6.808171400000005,7.02648607533156e-07,9.260159540472661e-07,53.4040857,6.808171400000005,3.525669000000013e-08,11.575668305643015,1.6580090000000034,1.6580090000000034,0.00785625242,-0.2580090000000035,1,50,2,5,0,2,8,8,4,35n,0,4n,8,25,50V_2A_25C
7.799569529135452e-07,2.1276244595982418e-07,2.545821887818972e-07,55.4470038,10.894007599999995,9.927193988733694e-07,1.2473015876552666e-06,55.4470038,10.894007599999995,4.016015000000013e-08,11.005951644884913,-0.6980651999999985,-0.6980651999999985,-1.98142728,2.0980651999999984,0,50,2,5,-2,2,8,8,4,35n,0,4n,8,25,50V_2A_25C
4.952178877532097e-07,2.1167093889506297e-07,2.2662390064926953e-07,52.9650989,5.930197800000002,7.068888266482726e-07,9.335127272975422e-07,52.9650989,5.930197800000002,3.553349000000006e-08,11.543317659261195,0.4059086999999977,0.4059086999999977,0.00498436674,0.9940913000000022,0,50,2,5,0,2,8,8,4,35n,1,4n,8,25,50V_2A_25C
7.890767174420846e-07,2.1267408564982992e-07,2.5539030360839184e-07,55.0148309,10.0296618,1.0017508030919145e-06,1.2571411067003063e-06,55.0148309,10.0296618,4.0159490000000066e-08,10.99567741254079,-1.5661638939999998,-1.5661638939999998,-1.98950674,2.9661638939999997,0,50,2,5,-2,2,8,8,4,35n,1,4n,8,25,50V_2A_25C
4.995648095466623e-07,2.2402924013457736e-07,7.032975687868549e-08,11.0863378,-77.8273244,7.235940496812396e-07,7.939238065599251e-07,87.3146568,74.62931359999999,6.00550000000001e-08,23.562251678346346,0.9672049999999999,0.9672049999999999,0.668235547,0.43279500000000004,0,50,2,5,0,2,8,8,8,5n,0,4n,8,25,50V_2A_25C
7.982499703983976e-07,2.1996001032870723e-07,9.19870593973325e-08,14.3428353,-71.31432939999999,1.018209980727105e-06,1.1101970401244374e-06,82.217988,64.43597600000001,5.6167970000000054e-08,20.34019863563674,-1.274059249,-1.274059249,-1.39838107,2.674059249,0,50,2,5,-2,2,8,8,8,5n,0,4n,8,25,50V_2A_25C
4.87339987730119e-07,2.386045494821037e-07,7.023511213913146e-08,11.0965625,-77.806875,7.259445372122226e-07,7.961796493513541e-07,87.2332536,74.4665072,6.000087000000004e-08,22.91458654382905,0.36917259999999885,0.36917259999999885,0.278018028,1.030827400000001,0,50,2,5,0,2,8,8,8,5n,1,4n,8,25,50V_2A_25C
7.91981422451584e-07,2.200883465147266e-07,9.193626061475388e-08,14.3478039,-71.3043922,1.0120697689663107e-06,1.1040060295810645e-06,82.1756498,64.3512996,5.616806999999999e-08,20.329185144105256,-1.625428466,-1.625428466,-1.74928204,3.025428466,0,50,2,5,-2,2,8,8,8,5n,1,4n,8,25,50V_2A_25C
4.903156121868161e-07,2.1168430673803085e-07,2.1892283975714907e-07,41.9734534,-16.053093200000006,7.019999189248469e-07,9.20922758681996e-07,55.2842143,10.568428600000004,2.856226999999996e-08,11.845541807053996,0.9422897999999975,0.9422897999999975,0.129090684,0.4577102000000024,0,50,2,5,0,2,8,8,8,10n,0,4n,8,25,50V_2A_25C
7.817745806980662e-07,2.092712966999627e-07,2.482047891438644e-07,44.9969535,-10.006093000000007,9.910458773980288e-07,1.2392506665418933e-06,53.4834524,6.966904799999996,1.685584000000011e-08,11.11311816828104,-1.277962269,-1.277962269,-1.91617018,2.677962269,0,50,2,5,-2,2,8,8,8,10n,0,4n,8,25,50V_2A_25C
4.911625613304732e-07,2.1164499110730865e-07,2.18524538401491e-07,41.9610974,-16.0778052,7.028075524377818e-07,9.213320908392728e-07,55.3104477,10.620895399999995,2.8614380000000102e-08,11.849767607672042,0.3202175000000018,0.3202175000000018,0.0523774577,1.079782499999998,0,50,2,5,0,2,8,8,8,10n,1,4n,8,25,50V_2A_25C
7.950949169468607e-07,2.0922525968223716e-07,2.4772791737835074e-07,44.9811365,-10.037727000000004,1.004320176629098e-06,1.2520480940074486e-06,53.4901489,6.980297800000003,1.6806620000000077e-08,11.114433484992656,-1.618389439,-1.618389439,-1.96775371,3.018389439,0,50,2,5,-2,2,8,8,8,10n,1,4n,8,25,50V_2A_25C
4.912743654742111e-07,2.106611604362376e-07,2.4440709361128805e-07,52.9576239,5.915247800000003,7.019355259104487e-07,9.463426195217368e-07,52.9576239,5.915247800000003,1.562411999999994e-08,11.732846185223812,0.9436421999999993,0.9436421999999993,0.00912745898,0.4563578000000006,0,50,2,5,0,2,8,8,8,15n,0,4n,8,25,50V_2A_25C
7.85017025306436e-07,2.0971419414157487e-07,2.815034608734508e-07,53.3642945,6.7285889999999995,9.947312194480108e-07,1.2762346803214617e-06,53.6856587,7.371317399999996,2.0385890000000112e-08,11.366704294925054,-1.271786407,-1.271786407,-1.98306528,2.671786407,0,50,2,5,-2,2,8,8,8,15n,0,4n,8,25,50V_2A_25C
4.956063932291448e-07,2.1044214918466473e-07,2.4422008168690267e-07,52.9175525,5.835104999999999,7.060485424138096e-07,9.502686241007123e-07,52.9175525,5.835104999999999,1.5470889999999965e-08,11.718233632925886,0.34807060000000334,0.34807060000000334,0.00523898492,1.0519293999999966,0,50,2,5,0,2,8,8,8,15n,1,4n,8,25,50V_2A_25C
7.893433884952354e-07,2.0966496900170975e-07,2.8093824026062054e-07,53.3591521,6.718304200000006,9.990083574969451e-07,1.2799465977575657e-06,53.6753217,7.350643399999996,2.0376809999999997e-08,11.365493009796795,-1.6196552020000001,-1.6196552020000001,-1.98926756,3.019655202,0,50,2,5,-2,2,8,8,8,15n,1,4n,8,25,50V_2A_25C
4.93549863087838e-07,2.0934832273664132e-07,2.3756339303468033e-07,52.996785,5.993570000000005,7.028981858244794e-07,9.404615788591597e-07,52.996785,5.993570000000005,2.542949000000004e-08,11.75844051087083,0.9399060999999982,0.9399060999999982,0.00839380365,0.4600939000000017,0,50,2,5,0,2,8,8,8,25n,0,4n,8,25,50V_2A_25C
7.86992791123633e-07,2.0621572576328098e-07,2.728074162161146e-07,55.1820218,10.364043600000002,9.932085168869139e-07,1.2660159331030283e-06,55.1820218,10.364043600000002,2.9876779999999966e-08,11.361045445659238,-1.273196924,-1.273196924,-1.98482897,2.673196924,0,50,2,5,-2,2,8,8,8,25n,0,4n,8,25,50V_2A_25C
4.952592311147207e-07,2.0931483068720298e-07,2.3784454907462638e-07,52.9965292,5.993058399999995,7.045740618019237e-07,9.424186108765501e-07,52.9965292,5.993058399999995,2.503500000000009e-08,11.737393305590407,0.3463145999999995,0.3463145999999995,0.00378840452,1.0536854000000004,0,50,2,5,0,2,8,8,8,25n,1,4n,8,25,50V_2A_25C
7.914607587868658e-07,2.0610575915001147e-07,2.7297709351842894e-07,54.9994535,9.998907000000003,9.975665179368773e-07,1.2705436114553063e-06,54.9994535,9.998907000000003,2.992781e-08,11.358175727580015,-1.6199327479999999,-1.6199327479999999,-1.99050362,3.0199327479999996,0,50,2,5,-2,2,8,8,8,25n,1,4n,8,25,50V_2A_25C
4.926921887432751e-07,2.1167767855144555e-07,2.3166256409474393e-07,52.996785,5.993570000000005,7.043698672947207e-07,9.360324313894646e-07,52.996785,5.993570000000005,3.537289000000003e-08,11.553986679991619,0.9419255,0.9419255,0.00826460275,0.45807449999999994,0,50,2,5,0,2,8,8,8,35n,0,4n,8,25,50V_2A_25C
7.854612840190425e-07,2.1273945603151889e-07,2.61641204237934e-07,55.1820218,10.364043600000002,9.982007400505613e-07,1.2598419442884953e-06,55.1820218,10.364043600000002,4.0159940000000004e-08,11.000395055846186,-1.271757665,-1.271757665,-1.98155191,2.671757665,0,50,2,5,-2,2,8,8,8,35n,0,4n,8,25,50V_2A_25C
4.950294447011487e-07,2.1167837570908115e-07,2.3228246132602605e-07,52.9965292,5.993058399999995,7.067078204102298e-07,9.389902817362559e-07,52.9965292,5.993058399999995,3.5583230000000075e-08,11.543113682360502,0.34629070000000084,0.34629070000000084,0.00500182504,1.053709299999999,0,50,2,5,0,2,8,8,8,35n,1,4n,8,25,50V_2A_25C
7.892496859028557e-07,2.126053365546721e-07,2.6192223299465523e-07,54.9994535,9.998907000000003,1.0018550224575278e-06,1.263777255452183e-06,54.9994535,9.998907000000003,4.018668000000002e-08,10.994838259033127,-1.619989168,-1.619989168,-1.98949023,3.019989168,0,50,2,5,-2,2,8,8,8,35n,1,4n,8,25,50V_2A_25C
2.0749622449725208e-06,1.774522487287776e-06,7.615999809947383e-10,0.175729903,-99.64854019399999,3.849484732260297e-06,3.850246332241292e-06,84.4345357,68.8690714,5.3917710000000106e-08,24.86527825877936,4.381065899999999,4.381065899999999,3.82398943,-2.9810658999999995,1,50,2,5,0,3,2,8,1,5n,0,4n,8,25,50V_2A_25C
5.901714660501809e-07,2.3159648984111314e-07,5.130994095846755e-09,2.58038464,-94.83923071999999,8.21767955891294e-07,8.268989499871409e-07,103.339119,106.67823800000001,6.441131999999995e-08,34.91258586074237,3.6113369000000013,3.6113369000000013,1.15985017,-2.2113369000000014,1,50,2,5,-2,3,2,8,1,5n,0,4n,8,25,50V_2A_25C
3.6798266591851614e-07,4.2331331707914545e-07,3.6773750715733006e-09,0.502789915,-98.99442017,7.912959829976616e-07,7.949733580692349e-07,107.663387,115.326774,6.019642000000001e-08,29.565734568174687,1.3475319,1.3475319,0.909671845,0.05246810000000002,0,50,2,5,0,3,2,8,1,5n,1,4n,8,25,50V_2A_25C
4.405612184707983e-07,2.290794397436736e-07,4.5271994927139695e-09,3.13334063,-93.73331874,6.696406582144719e-07,6.741678577071859e-07,102.667917,105.33583400000002,6.441056999999998e-08,34.37948156792866,-0.32524750000000324,-0.32524750000000324,-1.19492683,1.7252475000000032,0,50,2,5,-2,3,2,8,1,5n,1,4n,8,25,50V_2A_25C
7.896255151025853e-07,2.7467350532001394e-07,6.590489807202584e-08,11.5459712,-76.9080576,1.064299020422599e-06,1.130203918494625e-06,82.3846713,64.76934259999999,6.110502000000014e-08,23.471355374898398,3.8479582000000008,3.8479582000000008,1.73672019,-2.447958200000001,1,50,2,5,0,3,2,8,1,10n,0,4n,8,25,50V_2A_25C
4.570340853572828e-07,2.145186230033478e-07,1.6000916099323352e-07,30.248927,-39.502146,6.715527083606306e-07,8.315618693538641e-07,65.2833112,30.5666224,4.8905010000000036e-08,15.277233905668917,1.6022288000000007,1.6022288000000007,-1.14516066,-0.20222880000000076,1,50,2,5,-2,3,2,8,1,10n,0,4n,8,25,50V_2A_25C
3.839234002742441e-07,2.1408536866118194e-07,1.502360294933188e-07,25.9782357,-48.0435286,5.98008768935426e-07,7.482447984287448e-07,69.8630161,39.72603219999999,5.3006670000000013e-08,17.306644016296644,0.5278041000000009,0.5278041000000009,0.210100957,0.872195899999999,0,50,2,5,0,3,2,8,1,10n,1,4n,8,25,50V_2A_25C
6.56521999099761e-07,2.1274527128794387e-07,1.844245391874265e-07,30.5326971,-38.9346058,8.692672703877048e-07,1.0536918095751314e-06,64.6828773,29.3657546,4.880504999999996e-08,15.109187567463325,-1.3937521620000002,-1.3937521620000002,-1.85766849,2.793752162,0,50,2,5,-2,3,2,8,1,10n,1,4n,8,25,50V_2A_25C
5.260546405492729e-07,2.1371712585380623e-07,1.9810063572452735e-07,42.7058177,-14.588364600000004,7.397717664030792e-07,9.378724021276066e-07,54.7472872,9.494574400000005,2.9754990000000113e-08,12.519570824675126,3.3750523,3.3750523,0.420897919,-1.9750523000000002,1,50,2,5,0,3,2,8,1,15n,0,4n,8,25,50V_2A_25C
5.936343013209757e-07,2.1225315751141044e-07,2.3630636082676497e-07,52.7681827,5.536365399999994,8.058874588323861e-07,1.042193819659151e-06,53.0434614,6.086922799999996,1.6054980000000107e-08,12.701088270291324,1.161944100000003,1.161944100000003,-1.84661045,0.23805589999999688,0,50,2,5,-2,3,2,8,1,15n,0,4n,8,25,50V_2A_25C
3.9068062179180426e-07,2.111649629232758e-07,2.423492420975774e-07,51.0845218,2.169043599999995,6.018455847150801e-07,8.441948268126576e-07,52.439854,4.879707999999994,1.3771530000000041e-08,12.765083706587555,0.5628503999999985,0.5628503999999985,0.0118178136,0.8371496000000014,0,50,2,5,0,3,2,8,1,15n,1,4n,8,25,50V_2A_25C
6.472158238599105e-07,2.1031214124817035e-07,2.6891693147181497e-07,53.0795721,6.159144200000001,8.575279651080809e-07,1.1264448965798958e-06,53.3121417,6.624283399999996,1.6054879999999956e-08,12.71244872446212,-1.396383389,-1.396383389,-1.98996705,2.796383389,0,50,2,5,-2,3,2,8,1,15n,1,4n,8,25,50V_2A_25C
5.29371541928573e-07,2.138413705675827e-07,1.999565351262688e-07,54.5284643,9.056928600000006,7.432129124961557e-07,9.431694476224244e-07,54.5284643,9.056928600000006,2.6007230000000016e-08,12.543047012266587,3.2874102,3.2874102,0.0151064263,-1.8874102000000001,1,50,2,5,0,3,2,8,1,25n,0,4n,8,25,50V_2A_25C
5.990399940604448e-07,2.085692640824635e-07,2.2946605795304938e-07,56.4107418,12.821483599999992,8.076092581429084e-07,1.0370753160959578e-06,56.4107418,12.821483599999992,3.4144519999999945e-08,12.91982735581515,1.2976965999999983,1.2976965999999983,-1.97493933,0.1023034000000016,0,50,2,5,-2,3,2,8,1,25n,0,4n,8,25,50V_2A_25C
3.8162715689396944e-07,2.0964770326705023e-07,2.3917892210635675e-07,53.2644375,6.528874999999999,5.912748601610197e-07,8.304537822673765e-07,53.2644375,6.528874999999999,2.482153000000013e-08,12.940575152041646,0.5433203999999989,0.5433203999999989,0.0043020969,0.856679600000001,0,50,2,5,0,3,2,8,1,25n,1,4n,8,25,50V_2A_25C
6.438256824470301e-07,2.0714726266108168e-07,2.7033075591052294e-07,55.4519556,10.903911199999996,8.509729451081118e-07,1.1213037010186347e-06,55.4519556,10.903911199999996,3.017156000000011e-08,12.911196438480653,-1.396523288,-1.396523288,-1.98672476,2.796523288,0,50,2,5,-2,3,2,8,1,25n,1,4n,8,25,50V_2A_25C
5.293590041059904e-07,2.166290156011304e-07,1.8966805447087018e-07,54.5284643,9.056928600000006,7.459880197071208e-07,9.35656074177991e-07,54.5284643,9.056928600000006,3.5274230000000016e-08,12.152607593485646,3.2887642999999986,3.2887642999999986,0.00929688905,-1.8887642999999987,1,50,2,5,0,3,2,8,1,35n,0,4n,8,25,50V_2A_25C
5.964141623474297e-07,2.1537233584107841e-07,2.1263821031168575e-07,56.4107418,12.821483599999992,8.117864981885081e-07,1.0244247085001939e-06,56.4107418,12.821483599999992,4.001345999999995e-08,12.315651387362191,1.2935669999999995,1.2935669999999995,-1.97822698,0.10643300000000044,0,50,2,5,-2,3,2,8,1,35n,0,4n,8,25,50V_2A_25C
3.870974066765326e-07,2.1198091338489894e-07,2.3338352955887438e-07,53.2644375,6.528874999999999,5.990783200614315e-07,8.324618496203059e-07,53.2644375,6.528874999999999,3.562495000000001e-08,12.662350676728307,0.5544887999999979,0.5544887999999979,0.00586728175,0.845511200000002,0,50,2,5,0,3,2,8,1,35n,1,4n,8,25,50V_2A_25C
6.447426010258265e-07,2.1359746253134415e-07,2.594569218556636e-07,55.4519556,10.903911199999996,8.583400635571706e-07,1.1177969854128342e-06,55.4519556,10.903911199999996,4.0060540000000056e-08,12.38793504480629,-1.397051494,-1.397051494,-1.9890554,2.7970514939999997,0,50,2,5,-2,3,2,8,1,35n,1,4n,8,25,50V_2A_25C
3.976822508419865e-07,1.7746905534612106e-06,3.090265870682041e-09,0.17574,-99.64852,2.172372804303197e-06,2.1754630701738788e-06,84.4268986,68.8537972,5.388486999999999e-08,24.86477227362739,3.82337863,1.6532944,3.82337863,-2.42337863,1,50,2,5,0,3,2,8,4,5n,0,4n,8,25,50V_2A_25C
5.775001179862164e-07,2.3161178440000676e-07,1.2955349697966828e-08,2.57971764,-94.84056472,8.091119023862232e-07,8.2206725208419e-07,103.341972,106.683944,6.441242999999995e-08,34.91409735221855,1.16052482,-0.9201157019999999,1.16052482,0.2394751799999999,0,50,2,5,-2,3,2,8,4,5n,0,4n,8,25,50V_2A_25C
4.2263686112221163e-07,4.233147953754178e-07,5.350342037917462e-09,0.502773939,-98.994452122,8.459516564976294e-07,8.513019985355469e-07,107.663663,115.327326,6.019621000000009e-08,29.56622436296855,0.909668818,0.46988500000000144,0.909668818,0.4903311819999999,0,50,2,5,0,3,2,8,4,5n,1,4n,8,25,50V_2A_25C
5.778081706838337e-07,2.290806864545158e-07,1.107896369890665e-08,3.13328975,-93.7334205,8.068888571383495e-07,8.179678208372562e-07,102.667884,105.335768,6.441070000000003e-08,34.37968936279017,-1.1949329,-1.511818412,-1.1949329,2.5949329,0,50,2,5,-2,3,2,8,4,5n,1,4n,8,25,50V_2A_25C
3.803601186248204e-07,2.7544503018711066e-07,8.66560887995213e-08,11.5423245,-76.915351,6.55805148811931e-07,7.424612376114523e-07,82.3656553,64.7313106,6.110502000000014e-08,23.469768569839744,1.7895065999999993,1.7895065999999993,1.73707718,-0.38950659999999937,1,50,2,5,0,3,2,8,4,10n,0,4n,8,25,50V_2A_25C
6.527506875180773e-07,2.1465322327307987e-07,1.98349884854277e-07,30.2310925,-39.537815,8.674039107911572e-07,1.0657537956454343e-06,65.3530352,30.70607039999999,4.8905e-08,15.30157495136214,-0.6015825999999969,-0.6015825999999969,-1.14200044,2.0015825999999968,0,50,2,5,-2,3,2,8,4,10n,0,4n,8,25,50V_2A_25C
3.8988893353719544e-07,2.141045535019401e-07,1.545428949898687e-07,25.9887113,-48.0225774,6.039934870391355e-07,7.585363820290042e-07,69.8655497,39.731099400000005,5.30076e-08,17.307330178783157,0.5012347000000013,0.5012347000000013,0.210149555,0.8987652999999987,0,50,2,5,0,3,2,8,4,10n,1,4n,8,25,50V_2A_25C
6.407813415983471e-07,2.1274621267596892e-07,2.0112018550714983e-07,30.5372882,-38.9254236,8.53527554274316e-07,1.054647739781466e-06,64.6836752,29.367350399999992,4.880506e-08,15.109425243304594,-1.45982437,-1.45982437,-1.85765307,2.85982437,0,50,2,5,-2,3,2,8,4,10n,1,4n,8,25,50V_2A_25C
3.8062435438627216e-07,2.1379550494613188e-07,2.3355153228630828e-07,42.6604922,-14.6790156,5.94419859332404e-07,8.279713916187123e-07,54.8844223,9.768844599999994,2.9760520000000056e-08,12.537305715757178,1.7833615000000016,1.7833615000000016,0.426524283,-0.3833615000000017,1,50,2,5,0,3,2,8,4,15n,0,4n,8,25,50V_2A_25C
6.351942070864376e-07,2.1228048874153885e-07,2.8774106193330213e-07,52.7331998,5.466399600000002,8.474746958279764e-07,1.1352157577612785e-06,53.0475412,6.0950823999999955,1.6054930000000137e-08,12.69246847377313,-0.6409073000000021,-0.6409073000000021,-1.84610645,2.040907300000002,0,50,2,5,-2,3,2,8,4,15n,0,4n,8,25,50V_2A_25C
3.8538466112202573e-07,2.1116410169078887e-07,2.46884535232715e-07,51.0819,2.163799999999995,5.965487628128146e-07,8.434332980455296e-07,52.4377018,4.8754035999999985,1.3773410000000085e-08,12.764717876688398,0.48597030000000174,0.48597030000000174,0.0118240551,0.9140296999999982,0,50,2,5,0,3,2,8,4,15n,1,4n,8,25,50V_2A_25C
6.452208820791981e-07,2.1031278164483582e-07,2.8611564131581003e-07,53.0775216,6.155043199999994,8.55533663724034e-07,1.141649305039844e-06,53.3109114,6.621822800000005,1.605487000000013e-08,12.712271833390911,-1.458150035,-1.458150035,-1.99002168,2.858150035,0,50,2,5,-2,3,2,8,4,15n,1,4n,8,25,50V_2A_25C
3.82493377296487e-07,2.1430395472481544e-07,2.512968339761616e-07,53.3858857,6.771771400000006,5.967973320213025e-07,8.480941659974641e-07,53.3858857,6.771771400000006,2.5605050000000125e-08,12.489131749196172,1.7825704000000009,1.7825704000000009,0.0121577484,-0.382570400000001,1,50,2,5,0,3,2,8,4,25n,0,4n,8,25,50V_2A_25C
6.384304495978619e-07,2.091754481510605e-07,2.868009604731357e-07,55.4811665,10.962333000000001,8.476058977489224e-07,1.1344068582220581e-06,55.4811665,10.962333000000001,3.007612999999995e-08,12.901497953549248,-0.6387021999999973,-0.6387021999999973,-1.98021069,2.0387021999999972,0,50,2,5,-2,3,2,8,4,25n,0,4n,8,25,50V_2A_25C
3.83649540907541e-07,2.09609882043135e-07,2.441995737426935e-07,53.2605128,6.5210256000000015,5.93259422950676e-07,8.374589966933695e-07,53.2605128,6.5210256000000015,2.487341000000007e-08,12.939611924053871,0.4777580999999991,0.4777580999999991,0.0044680337,0.9222419000000008,0,50,2,5,0,3,2,8,4,25n,1,4n,8,25,50V_2A_25C
6.435238816328977e-07,2.0716757847295707e-07,2.8696087692812166e-07,55.4497723,10.899544599999999,8.506914601058548e-07,1.1376523370339765e-06,55.4497723,10.899544599999999,3.012143999999999e-08,12.910226597455598,-1.4587967640000001,-1.4587967640000001,-1.98684278,2.858796764,0,50,2,5,-2,3,2,8,4,25n,1,4n,8,25,50V_2A_25C
3.810680718480181e-07,2.1666126983754788e-07,2.454028722776319e-07,53.3858857,6.771771400000006,5.97729341685566e-07,8.431322139631979e-07,53.3858857,6.771771400000006,3.517146999999995e-08,12.141946030798465,1.7825038000000006,1.7825038000000006,0.00866842586,-0.3825038000000007,1,50,2,5,0,3,2,8,4,35n,0,4n,8,25,50V_2A_25C
6.385173289150235e-07,2.1548256952340582e-07,2.7642030268085876e-07,55.4811665,10.962333000000001,8.539998984384294e-07,1.1304202011192882e-06,55.4811665,10.962333000000001,4.0061240000000054e-08,12.370264070368762,-0.6388095000000007,-0.6388095000000007,-1.97787918,2.0388095000000006,0,50,2,5,-2,3,2,8,4,35n,0,4n,8,25,50V_2A_25C
3.8481210282298093e-07,2.1197800268133692e-07,2.3818178594786835e-07,53.2605128,6.5210256000000015,5.967901055043179e-07,8.349718914521863e-07,53.2605128,6.5210256000000015,3.556351999999994e-08,12.659399062816956,0.48176549999999807,0.48176549999999807,0.00573883866,0.9182345000000018,0,50,2,5,0,3,2,8,4,35n,1,4n,8,25,50V_2A_25C
6.44580805753388e-07,2.136314077734405e-07,2.7645729253225925e-07,55.4497723,10.899544599999999,8.582122135268285e-07,1.1346695060590878e-06,55.4497723,10.899544599999999,4.006053000000002e-08,12.388116822581264,-1.458920847,-1.458920847,-1.98899023,2.858920847,0,50,2,5,-2,3,2,8,4,35n,1,4n,8,25,50V_2A_25C
3.9670811563216425e-07,1.7747487631649416e-06,8.300340549552083e-09,0.175752915,-99.64849417,2.171456878797106e-06,2.1797572193466578e-06,84.4244053,68.84881060000001,5.388800999999994e-08,24.864545997437837,3.82317463,1.0690618,3.82317463,-2.42317463,1,50,2,5,0,3,2,8,8,5n,0,4n,8,25,50V_2A_25C
6.314403754050935e-07,2.316154367472117e-07,1.7353925839943867e-08,2.57938423,-94.84123154,8.630558121523053e-07,8.804097379922492e-07,103.342477,106.684954,6.441299000000008e-08,34.914201238631534,1.16116778,-1.13776585,1.16116778,0.23883221999999993,0,50,2,5,-2,3,2,8,8,5n,0,4n,8,25,50V_2A_25C
3.810360738502293e-07,4.2334831485299247e-07,1.031324205336228e-08,0.50277082,-98.99445836,8.043843887032218e-07,8.146976307565841e-07,107.663848,115.327696,6.019599999999997e-08,29.563952720433885,0.909668074,0.4626517999999997,0.909668074,0.49033192599999986,0,50,2,5,0,3,2,8,8,5n,1,4n,8,25,50V_2A_25C
6.280045189387372e-07,2.290818705578671e-07,1.5456816815583386e-08,3.13323132,-93.73353735999999,8.570863894966043e-07,8.725432063121877e-07,102.66786,105.33572,6.441083000000008e-08,34.37991180040737,-1.19493664,-1.538765653,-1.19493664,2.5949366400000002,0,50,2,5,-2,3,2,8,8,5n,1,4n,8,25,50V_2A_25C
3.8043923107225355e-07,2.7571070622263715e-07,9.294230702181564e-08,11.5411628,-76.9176744,6.561499372948906e-07,7.490922443167062e-07,82.3625597,64.72511940000001,6.110500000000007e-08,23.468615307345118,1.73743932,1.0286158999999984,1.73743932,-0.3374393200000001,1,50,2,5,0,3,2,8,8,10n,0,4n,8,25,50V_2A_25C
6.368176951551631e-07,2.1468589023744667e-07,2.051802271864224e-07,30.2277446,-39.5445108,8.515035853926097e-07,1.056683812579032e-06,65.3682285,30.736457,4.8905e-08,15.307407747249576,-1.1220822739999998,-1.1220822739999998,-1.14118499,2.5220822739999997,0,50,2,5,-2,3,2,8,8,10n,0,4n,8,25,50V_2A_25C
3.7568193670440056e-07,2.1462321234148306e-07,1.6015120411866202e-07,25.9864895,-48.027021,5.903051490458836e-07,7.504563531645456e-07,69.8662758,39.732551599999994,5.2998470000000126e-08,17.30814225564858,0.39226520000000065,0.39226520000000065,0.209921967,1.0077347999999993,0,50,2,5,0,3,2,8,8,10n,1,4n,8,25,50V_2A_25C
6.440289713925978e-07,2.1274683752661074e-07,2.0791031928196798e-07,30.5399459,-38.9201082,8.567758089192085e-07,1.0646861282011765e-06,64.6844052,29.3688104,4.8805070000000035e-08,15.109640974998712,-1.524028714,-1.524028714,-1.85763781,2.924028714,0,50,2,5,-2,3,2,8,8,10n,1,4n,8,25,50V_2A_25C
3.816248000149829e-07,2.138223249573626e-07,2.400879708887305e-07,42.6480053,-14.703989399999998,5.954471249723454e-07,8.355350958610759e-07,54.9220964,9.844192800000002,2.976257000000008e-08,12.542528437383847,1.0319246,1.0319246,0.427955498,0.36807539999999994,0,50,2,5,0,3,2,8,8,15n,0,4n,8,25,50V_2A_25C
6.451644025738817e-07,2.1228420011118007e-07,2.9324793718186373e-07,52.7221885,5.444377000000003,8.574486026850618e-07,1.1506965398669256e-06,53.0440491,6.088098200000004,1.6054910000000064e-08,12.690311287035446,-1.116985251,-1.116985251,-1.84588336,2.516985251,0,50,2,5,-2,3,2,8,8,15n,0,4n,8,25,50V_2A_25C
3.813673023535453e-07,2.111630351997594e-07,2.5269285917258134e-07,51.0793109,2.158621800000006,5.925303375533047e-07,8.45223196725886e-07,52.4355729,4.871145799999994,1.377305000000005e-08,12.764364203453956,0.40027660000000154,0.40027660000000154,0.0118309032,0.9997233999999984,0,50,2,5,0,3,2,8,8,15n,1,4n,8,25,50V_2A_25C
6.465452482573191e-07,2.1031348607232327e-07,2.9257137256795955e-07,53.0754477,6.150895399999996,8.568587343296424e-07,1.149430106897602e-06,53.3097046,6.619409200000007,1.605487000000013e-08,12.712109842345471,-1.524399056,-1.524399056,-1.99007557,2.924399056,0,50,2,5,-2,3,2,8,8,15n,1,4n,8,25,50V_2A_25C
3.854944628391194e-07,2.1448193916238354e-07,2.596919181043399e-07,53.0411136,6.0822272000000055,5.99976402001503e-07,8.596683201058429e-07,53.0411136,6.0822272000000055,2.5647200000000135e-08,12.471767977920134,1.028058699999999,1.028058699999999,0.0125939506,0.3719413000000009,0,50,2,5,0,3,2,8,8,25n,0,4n,8,25,50V_2A_25C
6.430683456455689e-07,2.091556462151273e-07,2.942514517434581e-07,55.3337462,10.6674924,8.522239918606962e-07,1.1464754436041542e-06,55.3337462,10.6674924,3.012174000000002e-08,12.898026222883484,-1.117083669,-1.117083669,-1.98002307,2.517083669,0,50,2,5,-2,3,2,8,8,25n,0,4n,8,25,50V_2A_25C
3.8581802199307373e-07,2.095758710781307e-07,2.4940022772882095e-07,53.2567055,6.513411000000006,5.953938930712044e-07,8.447941208000254e-07,53.2567055,6.513411000000006,2.503500000000009e-08,12.938957736026133,0.4213989999999974,0.4213989999999974,0.0046432239,0.9786010000000025,0,50,2,5,0,3,2,8,8,25n,1,4n,8,25,50V_2A_25C
6.425554656823468e-07,2.0719096424528078e-07,2.936734849166248e-07,55.4477014,10.8954028,8.497464299276276e-07,1.1434199148442523e-06,55.4477014,10.8954028,3.011996999999995e-08,12.909170037804524,-1.525307171,-1.525307171,-1.98697693,2.925307171,0,50,2,5,-2,3,2,8,8,25n,1,4n,8,25,50V_2A_25C
3.8417217160870923e-07,2.1680322405871606e-07,2.5369273572673925e-07,53.0411136,6.0822272000000055,6.009753956674253e-07,8.546681313941645e-07,53.0411136,6.0822272000000055,3.5134650000000004e-08,12.123152738545382,1.0306327999999993,1.0306327999999993,0.00892815059,0.36936720000000056,0,50,2,5,0,3,2,8,8,35n,0,4n,8,25,50V_2A_25C
6.443414645652325e-07,2.155513929488704e-07,2.834750155836714e-07,55.3337462,10.6674924,8.598928575141029e-07,1.1433678730977742e-06,55.3337462,10.6674924,4.006108000000011e-08,12.368836600703291,-1.116142021,-1.116142021,-1.97759704,2.516142021,0,50,2,5,-2,3,2,8,8,35n,0,4n,8,25,50V_2A_25C
3.8254096755706027e-07,2.119363400685849e-07,2.4381127641711e-07,53.2567055,6.513411000000006,5.944773076256451e-07,8.382885840427551e-07,53.2567055,6.513411000000006,3.556199000000011e-08,12.656465502873564,0.4070487999999983,0.4070487999999983,0.00556038861,0.9929512000000016,0,50,2,5,0,3,2,8,8,35n,1,4n,8,25,50V_2A_25C
6.443476490441918e-07,2.1367203983302712e-07,2.829914765427849e-07,55.4477014,10.8954028,8.580196888772189e-07,1.1410111654200037e-06,55.4477014,10.8954028,4.011050000000002e-08,12.388428417860364,-1.5247409319999998,-1.5247409319999998,-1.9889148,2.9247409319999997,0,50,2,5,-2,3,2,8,8,35n,1,4n,8,25,50V_2A_25C
2.07496886577986e-06,2.2403897034804339e-07,6.289154004243265e-08,11.0984789,-77.8030422,2.2990078361279032e-06,2.361899376170336e-06,87.2954353,74.59087059999999,6.010502000000007e-08,23.541531178733507,4.381101000000001,4.381101000000001,0.668547156,-2.981101000000001,1,50,2,5,0,3,8,8,1,5n,0,4n,8,25,50V_2A_25C
5.901825802184117e-07,2.1996958551173104e-07,7.949824674409297e-08,14.3494682,-71.30106359999999,8.101521657301427e-07,8.896504124742357e-07,82.1690831,64.33816619999999,5.6168190000000005e-08,20.310146332604848,3.6113801000000016,3.6113801000000016,-1.39874245,-2.2113801000000017,1,50,2,5,-2,3,8,8,1,5n,0,4n,8,25,50V_2A_25C
3.6793919610888084e-07,2.3836548721041643e-07,6.36063972354767e-08,11.0969666,-77.8060668,6.063046833192973e-07,6.69911080554774e-07,87.2658208,74.5316416,5.999125000000008e-08,22.917065621002834,1.3476889000000014,1.3476889000000014,0.278047409,0.0523110999999985,0,50,2,5,0,3,8,8,1,5n,1,4n,8,25,50V_2A_25C
4.4047526263188425e-07,2.2009034669855765e-07,8.100601612145334e-08,14.3486614,-71.3026772,6.605656093304419e-07,7.415716254518953e-07,82.1737877,64.34757540000001,5.616800999999999e-08,20.328640765398365,-0.32474969999999814,-0.32474969999999814,-1.74926948,1.724749699999998,0,50,2,5,-2,3,8,8,1,5n,1,4n,8,25,50V_2A_25C
7.894658517756423e-07,2.1150175630362147e-07,1.9172249986603638e-07,42.0382799,-15.923440200000002,1.0009676080792637e-06,1.1926901079453e-06,55.1010337,10.202067400000004,2.485504000000014e-08,11.818073909821603,3.847945300000001,3.847945300000001,0.127147808,-2.447945300000001,1,50,2,5,0,3,8,8,1,10n,0,4n,8,25,50V_2A_25C
4.573145469834021e-07,2.0922649099692067e-07,2.02701826901482e-07,45.0503145,-9.899371000000002,6.665410379803228e-07,8.692428648818047e-07,53.4367783,6.873556600000001,1.68550200000001e-08,11.109146406285365,1.5998502999999982,1.5998502999999982,-1.91724556,-0.19985029999999826,1,50,2,5,-2,3,8,8,1,10n,0,4n,8,25,50V_2A_25C
3.8382402369708206e-07,2.1163629817065043e-07,2.0865776070686254e-07,41.9645387,-16.070922600000003,5.954603218677325e-07,8.041180825745951e-07,55.3021123,10.604224599999995,2.8613830000000013e-08,11.848557775126906,0.5277667999999984,0.5277667999999984,0.0523819621,0.8722332000000015,0,50,2,5,0,3,8,8,1,10n,1,4n,8,25,50V_2A_25C
6.564343449955745e-07,2.0922367517430025e-07,2.2426239166147102e-07,44.9836439,-10.032712200000006,8.656580201698748e-07,1.0899204118313459e-06,53.4880359,6.9760718,1.6806450000000096e-08,11.114219323199794,-1.393740458,-1.393740458,-1.96775824,2.793740458,0,50,2,5,-2,3,8,8,1,10n,1,4n,8,25,50V_2A_25C
5.258179426994266e-07,2.1097276530948703e-07,2.014629622822171e-07,53.1001407,6.200281399999994,7.367907080089137e-07,9.382536702911308e-07,53.1062114,6.2124228,1.615218000000012e-08,11.77991980980832,3.375119099999999,3.375119099999999,0.0103264923,-1.9751190999999992,1,50,2,5,0,3,8,8,1,15n,0,4n,8,25,50V_2A_25C
5.935373195680473e-07,2.0973114102782646e-07,2.2423772900700366e-07,53.419505,6.839010000000002,8.032684605958737e-07,1.0275061896028774e-06,53.7350134,7.470026799999999,2.048216000000014e-08,11.382412197710776,1.1614515000000019,1.1614515000000019,-1.98279399,0.23854849999999805,0,50,2,5,-2,3,8,8,1,15n,0,4n,8,25,50V_2A_25C
3.90646313319627e-07,2.1048061593313157e-07,2.338324748981865e-07,52.9281039,5.856207800000006,6.011269292527586e-07,8.34959404150945e-07,52.9281039,5.856207800000006,1.552324000000013e-08,11.721894518110608,0.5628565999999999,0.5628565999999999,0.00537005301,0.8371434,0,50,2,5,0,3,8,8,1,15n,1,4n,8,25,50V_2A_25C
6.4713879462354e-07,2.09665783615239e-07,2.573937086382317e-07,53.3627568,6.725513599999999,8.568045782387791e-07,1.114198286877011e-06,53.6778963,7.355792600000001,2.037627999999998e-08,11.365935633405902,-1.396413105,-1.396413105,-1.98927162,2.796413105,0,50,2,5,-2,3,8,8,1,15n,1,4n,8,25,50V_2A_25C
5.291211913994027e-07,2.0910466249718545e-07,1.7371361643558463e-07,54.5937979,9.187595799999997,7.382258538965881e-07,9.119394703321728e-07,54.5937979,9.187595799999997,2.5615099999999947e-08,11.867860176966115,3.287162500000001,3.287162500000001,0.00969523427,-1.887162500000001,1,50,2,5,0,3,8,8,1,25n,0,4n,8,25,50V_2A_25C
5.989395216836408e-07,2.0599015843264283e-07,2.0379311532052227e-07,56.1793391,12.3586782,8.049296801162836e-07,1.008722795436806e-06,56.1793391,12.3586782,3.005309000000002e-08,11.37506241985079,1.2974807999999989,1.2974807999999989,-1.98336301,0.10251920000000103,0,50,2,5,-2,3,8,8,1,25n,0,4n,8,25,50V_2A_25C
3.815215793152433e-07,2.0932811780022073e-07,2.276791343909829e-07,52.9539908,5.907981599999999,5.90849697115464e-07,8.185288315064469e-07,52.9539908,5.907981599999999,2.5219110000000064e-08,11.74232783015329,0.5433640000000004,0.5433640000000004,0.00373270522,0.8566359999999995,0,50,2,5,0,3,8,8,1,25n,1,4n,8,25,50V_2A_25C
6.437045319743495e-07,2.0612398569020967e-07,2.496394626679732e-07,55.0326512,10.065302399999993,8.498285176645592e-07,1.0994679803325323e-06,55.0326512,10.065302399999993,2.9925690000000145e-08,11.35860152851602,-1.396523655,-1.396523655,-1.99054808,2.7965236549999997,0,50,2,5,-2,3,8,8,1,25n,1,4n,8,25,50V_2A_25C
5.291086223869161e-07,2.11515938530529e-07,1.6778656308614812e-07,54.5937979,9.187595799999997,7.40624560917445e-07,9.084111240035931e-07,54.5937979,9.187595799999997,3.516668000000015e-08,11.648736120972677,3.2885150000000003,3.2885150000000003,0.0074631615,-1.8885150000000004,1,50,2,5,0,3,8,8,1,35n,0,4n,8,25,50V_2A_25C
5.963132843646972e-07,2.127528116835607e-07,1.9776730240859491e-07,56.1793391,12.3586782,8.090660960482579e-07,1.0068333984568528e-06,56.1793391,12.3586782,4.016137000000011e-08,10.97537136420685,1.2933675000000022,1.2933675000000022,-1.98145744,0.10663249999999769,0,50,2,5,-2,3,8,8,1,35n,0,4n,8,25,50V_2A_25C
3.8703313228075084e-07,2.1164491230193478e-07,2.2180151346072774e-07,52.9539908,5.907981599999999,5.986780445826857e-07,8.204795580434134e-07,52.9539908,5.907981599999999,3.5537110000000064e-08,11.544022433689241,0.5545054,0.5545054,0.00495430115,0.8454945999999999,0,50,2,5,0,3,8,8,1,35n,1,4n,8,25,50V_2A_25C
6.446444743614567e-07,2.1267827633618382e-07,2.3840019177890397e-07,55.0326512,10.065302399999993,8.573227506976406e-07,1.0957229424765445e-06,55.0326512,10.065302399999993,4.0159570000000144e-08,10.996434646926032,-1.397075264,-1.397075264,-1.98952074,2.797075264,0,50,2,5,-2,3,8,8,1,35n,1,4n,8,25,50V_2A_25C
3.976881843387684e-07,2.2402379813530944e-07,6.517911160858815e-08,11.0938439,-77.81231220000001,6.217119824740778e-07,6.86891094082666e-07,87.3057138,74.61142760000001,6.005501000000013e-08,23.55289519225708,1.6533125999999996,1.6533125999999996,0.668338079,-0.25331259999999967,1,50,2,5,0,3,8,8,4,5n,0,4n,8,25,50V_2A_25C
5.780175561152133e-07,2.1996700930431584e-07,8.761986390175168e-08,14.3454121,-71.30917579999999,7.979845654195291e-07,8.856044293212808e-07,82.2142066,64.4284132,5.616793000000012e-08,20.337161517069315,-0.919495517,-0.919495517,-1.39828194,2.319495517,0,50,2,5,-2,3,8,8,4,5n,0,4n,8,25,50V_2A_25C
4.226723328777354e-07,2.385649904795637e-07,6.52617812850673e-08,11.0969275,-77.806145,6.612373233572991e-07,7.264991046423665e-07,87.2559918,74.51198360000001,6.001038000000002e-08,22.914402248996875,0.4696095999999983,0.4696095999999983,0.277900327,0.9303904000000016,0,50,2,5,0,3,8,8,4,5n,1,4n,8,25,50V_2A_25C
5.777207008625876e-07,2.200895633235416e-07,8.755687431961761e-08,14.3484459,-71.3031082,7.978102641861291e-07,8.853671385057467e-07,82.1744374,64.3488748,5.6168040000000096e-08,20.328746387179272,-1.511885302,-1.511885302,-1.74927809,2.911885302,0,50,2,5,-2,3,8,8,4,5n,1,4n,8,25,50V_2A_25C
3.802847361339082e-07,2.1163998624876784e-07,2.1258988031877433e-07,41.9938293,-16.012341399999997,5.91924722382676e-07,8.045146027014503e-07,55.2368459,10.473691799999997,2.8560260000000082e-08,11.837815877442313,1.7895424999999996,1.7895424999999996,0.128713824,-0.3895424999999997,1,50,2,5,0,3,8,8,4,10n,0,4n,8,25,50V_2A_25C
6.526934261353833e-07,2.0926135766987136e-07,2.4133175525267434e-07,45.0082299,-9.983540199999993,8.619547838052547e-07,1.103286539057929e-06,53.473157,6.946314000000001,1.68550200000001e-08,11.112061603318578,-0.6017079999999986,-0.6017079999999986,-1.91641302,2.0017079999999985,0,50,2,5,-2,3,8,8,4,10n,0,4n,8,25,50V_2A_25C
3.898177057489667e-07,2.116404191718788e-07,2.1290851093358247e-07,41.9632574,-16.073485199999993,6.014581249208455e-07,8.143666358544279e-07,55.3059344,10.611868799999998,2.8614100000000145e-08,11.84912044435068,0.5012316000000006,0.5012316000000006,0.0523767459,0.8987683999999994,0,50,2,5,0,3,8,8,4,10n,1,4n,8,25,50V_2A_25C
6.406985122831983e-07,2.0922442099171288e-07,2.409420531489809e-07,44.982791,-10.034418000000002,8.499229332749112e-07,1.090864986423892e-06,53.4886397,6.9772794,1.680654e-08,11.114286493636559,-1.459832806,-1.459832806,-1.96776233,2.859832806,0,50,2,5,-2,3,8,8,4,10n,1,4n,8,25,50V_2A_25C
3.8234611960724097e-07,2.092512939161278e-07,2.2942566636514718e-07,53.404078,6.808155999999997,5.915974135233688e-07,8.21023079888516e-07,53.404078,6.808155999999997,2.5525039999999998e-08,11.784158762213156,1.7824850000000012,1.7824850000000012,0.00925013767,-0.3824850000000013,1,50,2,5,0,3,8,8,4,25n,0,4n,8,25,50V_2A_25C
6.383318731415607e-07,2.062604057574694e-07,2.6548544793987266e-07,55.4470093,10.894018599999995,8.4459227889903e-07,1.1100777268389028e-06,55.4470093,10.894018599999995,2.6280239999999965e-08,11.36566283010295,-0.6386789999999998,-0.6386789999999998,-1.98515111,2.0386789999999997,0,50,2,5,-2,3,8,8,4,25n,0,4n,8,25,50V_2A_25C
3.835673180327194e-07,2.093277868094167e-07,2.3267090847254257e-07,52.9652194,5.930438800000004,5.928951048421361e-07,8.255660133146787e-07,52.9652194,5.930438800000004,2.5115260000000067e-08,11.739807701958727,0.47777750000000196,0.47777750000000196,0.0037319856,0.922222499999998,0,50,2,5,0,3,8,8,4,25n,1,4n,8,25,50V_2A_25C
6.434165613567439e-07,2.0611609738647514e-07,2.6626002654217297e-07,55.0148373,10.029674600000007,8.495326587432191e-07,1.115792685285392e-06,55.0148373,10.029674600000007,2.9926780000000076e-08,11.358332477753365,-1.4588057829999999,-1.4588057829999999,-1.99052908,2.8588057829999998,0,50,2,5,-2,3,8,8,4,25n,1,4n,8,25,50V_2A_25C
3.8048784389289036e-07,2.108058776127578e-07,2.3755142710752013e-07,53.0015609,6.003121800000002,5.912937215056481e-07,8.288451486131683e-07,53.0043937,6.008787400000004,1.581202000000011e-08,11.746752335926463,1.7832504999999976,1.7832504999999976,0.00960059864,-0.3832504999999977,1,50,2,5,0,3,8,8,4,15n,0,4n,8,25,50V_2A_25C
6.350888147007376e-07,2.0971928738219774e-07,2.7596088258362747e-07,53.3776056,6.755211200000006,8.448081020829353e-07,1.120768984666563e-06,53.6981527,7.396305400000004,2.038414999999994e-08,11.369500132766671,-0.6409465999999995,-0.6409465999999995,-1.98301665,2.0409465999999994,0,50,2,5,-2,3,8,8,4,15n,0,4n,8,25,50V_2A_25C
3.853053569454902e-07,2.1046065912178468e-07,2.3837242416659242e-07,52.9227677,5.845535400000004,5.957660160672749e-07,8.341384402338674e-07,52.9227677,5.845535400000004,1.5522729999999973e-08,11.720055735618516,0.4859895999999999,0.4859895999999999,0.00530802619,0.9140104,0,50,2,5,0,3,8,8,4,15n,1,4n,8,25,50V_2A_25C
6.451491556920262e-07,2.0966534524661065e-07,2.7462526595109295e-07,53.361092,6.722183999999999,8.548145009386368e-07,1.1294397668897297e-06,53.6767197,7.3534394,2.037653000000004e-08,11.365718266934197,-1.458142896,-1.458142896,-1.9892697,2.858142896,0,50,2,5,-2,3,8,8,4,15n,1,4n,8,25,50V_2A_25C
3.8092052216442713e-07,2.11661118003237e-07,2.233671441936356e-07,53.404078,6.808155999999997,5.925816401676642e-07,8.159487843612998e-07,53.404078,6.808155999999997,3.52567400000001e-08,11.575694927409685,1.7824208999999982,1.7824208999999982,0.00785678102,-0.3824208999999983,1,50,2,5,0,3,8,8,4,35n,0,4n,8,25,50V_2A_25C
6.384007029598987e-07,2.1276252880903226e-07,2.545819237084497e-07,55.4470093,10.894018599999995,8.511632317689309e-07,1.1057451554773806e-06,55.4470093,10.894018599999995,4.016015000000013e-08,11.005962143475394,-0.6388642000000004,-0.6388642000000004,-1.98142734,2.0388642000000003,0,50,2,5,-2,3,8,8,4,35n,0,4n,8,25,50V_2A_25C
3.847321872816452e-07,2.1167111439270613e-07,2.266237749300649e-07,52.9652194,5.930438800000004,5.964033016743513e-07,8.230270766044162e-07,52.9652194,5.930438800000004,3.553346999999999e-08,11.543342642870812,0.4817871999999994,0.4817871999999994,0.00498438708,0.9182128000000005,0,50,2,5,0,3,8,8,4,35n,1,4n,8,25,50V_2A_25C
6.444720545914219e-07,2.1267418893735759e-07,2.553900549916455e-07,55.0148373,10.029674600000007,8.571462435287795e-07,1.112536298520425e-06,55.0148373,10.029674600000007,4.0159490000000066e-08,10.995687120889317,-1.4589391950000001,-1.4589391950000001,-1.98950688,2.858939195,0,50,2,5,-2,3,8,8,4,35n,1,4n,8,25,50V_2A_25C
3.966418210165111e-07,2.240287993213132e-07,7.033197605651323e-08,11.0866742,-77.8266516,6.206706203378243e-07,6.910025963943375e-07,87.3140503,74.62810060000001,6.00550000000001e-08,23.561898888007754,1.0690570000000008,1.0690570000000008,0.668227562,0.3309429999999991,0,50,2,5,0,3,8,8,8,5n,0,4n,8,25,50V_2A_25C
6.314807336514196e-07,2.1995977238240582e-07,9.198970130895853e-08,14.3432709,-71.3134582,8.514405060338254e-07,9.434302073427839e-07,82.2173085,64.434617,5.6167970000000054e-08,20.339794236477267,-1.137605699,-1.137605699,-1.3983903,2.537605699,0,50,2,5,-2,3,8,8,8,5n,0,4n,8,25,50V_2A_25C
3.8079762154902867e-07,2.386015470427878e-07,7.026764983050101e-08,11.0969017,-77.80619659999999,6.193991685918165e-07,6.896668184223176e-07,87.2326373,74.46527459999999,6.000087000000004e-08,22.914342111660936,0.46234480000000033,0.46234480000000033,0.278013961,0.9376551999999996,0,50,2,5,0,3,8,8,8,5n,1,4n,8,25,50V_2A_25C
6.279945799866847e-07,2.2008810453707226e-07,9.193889751727898e-08,14.3482392,-71.3035216,8.48082684523757e-07,9.400215820410359e-07,82.1749702,64.34994040000001,5.616806999999999e-08,20.32878244317082,-1.538757152,-1.538757152,-1.74928638,2.938757152,0,50,2,5,-2,3,8,8,8,5n,1,4n,8,25,50V_2A_25C
3.803596408175233e-07,2.1168424149182826e-07,2.1892557612752802e-07,41.974324,-16.051351999999994,5.920438823093515e-07,8.109694584368796e-07,55.2835926,10.567185199999997,2.856226999999996e-08,11.84546447729699,1.028585200000002,1.028585200000002,0.129078043,0.37141479999999794,0,50,2,5,0,3,8,8,8,10n,0,4n,8,25,50V_2A_25C
6.367524028089972e-07,2.0927126599020095e-07,2.48207716084731e-07,44.9977921,-10.004415800000004,8.460236687991982e-07,1.0942313848839292e-06,53.4829561,6.965912200000004,1.685584000000011e-08,11.113066081194464,-1.122271065,-1.122271065,-1.91618056,2.522271065,0,50,2,5,-2,3,8,8,8,10n,0,4n,8,25,50V_2A_25C
3.75626768760387e-07,2.116449216056667e-07,2.1852728595337604e-07,41.961972,-16.076055999999994,5.872716903660536e-07,8.057989763194296e-07,55.3098198,10.619639600000001,2.8614380000000102e-08,11.849689415407813,0.39231019999999717,0.39231019999999717,0.0523719649,1.0076898000000027,0,50,2,5,0,3,8,8,8,10n,1,4n,8,25,50V_2A_25C
6.439436774477109e-07,2.0922522256418912e-07,2.4773080073369644e-07,44.9819732,-10.036053600000002,8.531689000119001e-07,1.1008997007455966e-06,53.4896501,6.979300199999998,1.6806620000000077e-08,11.11438120888711,-1.524032056,-1.524032056,-1.96775826,2.9240320559999997,0,50,2,5,-2,3,8,8,8,10n,1,4n,8,25,50V_2A_25C
3.8145480699368673e-07,2.106613253965557e-07,2.444069925997307e-07,52.9576361,5.915272200000004,5.921161323902425e-07,8.365231249899731e-07,52.9576361,5.915272200000004,1.562411999999994e-08,11.732878043580543,1.0317934000000015,1.0317934000000015,0.0091286098,0.3682065999999984,0,50,2,5,0,3,8,8,8,15n,0,4n,8,25,50V_2A_25C
6.450529299017798e-07,2.097143074548805e-07,2.81504042837364e-07,53.3645712,6.729142400000001,8.547672373566603e-07,1.1362712801940244e-06,53.6859239,7.3718477999999985,2.0385909999999973e-08,11.366723289042751,-1.1170163149999999,-1.1170163149999999,-1.98306415,2.517016315,0,50,2,5,-2,3,8,8,8,15n,0,4n,8,25,50V_2A_25C
3.8128295564192043e-07,2.1044231040210556e-07,2.442200470048996e-07,52.9175497,5.835099400000003,5.91725266044026e-07,8.359453130489255e-07,52.9175497,5.835099400000003,1.547088000000014e-08,11.7182621125096,0.4002997999999991,0.4002997999999991,0.00523940405,0.9997002000000008,0,50,2,5,0,3,8,8,8,15n,1,4n,8,25,50V_2A_25C
6.464280166172369e-07,2.0966518618717314e-07,2.8093879830108946e-07,53.3594249,6.7188498,8.5609320280441e-07,1.1370320011054995e-06,53.6755883,7.351176600000002,2.0376809999999997e-08,11.365511531960076,-1.524416473,-1.524416473,-1.98926746,2.924416473,0,50,2,5,-2,3,8,8,8,15n,1,4n,8,25,50V_2A_25C
3.8536743390198227e-07,2.093485211965085e-07,2.375633242753875e-07,52.9968599,5.993719799999995,5.947159550984908e-07,8.322792793738783e-07,52.9968599,5.993719799999995,2.5429480000000003e-08,11.758457397562001,1.0281155999999996,1.0281155999999996,0.00839286907,0.37188440000000034,0,50,2,5,0,3,8,8,8,25n,0,4n,8,25,50V_2A_25C
6.429643169689477e-07,2.062157980379978e-07,2.728072468880934e-07,55.1820265,10.364052999999998,8.491801150069455e-07,1.1219873618950388e-06,55.1820265,10.364052999999998,2.9876779999999966e-08,11.36104709997572,-1.117070387,-1.117070387,-1.98482904,2.517070387,0,50,2,5,-2,3,8,8,8,25n,0,4n,8,25,50V_2A_25C
3.857441716339895e-07,2.0931495316682675e-07,2.3784450327724542e-07,52.9966593,5.993318599999996,5.950591248008163e-07,8.329036280780616e-07,52.9966593,5.993318599999996,2.503500000000009e-08,11.737411105362103,0.42141819999999797,0.42141819999999797,0.00378851045,0.978581800000002,0,50,2,5,0,3,8,8,8,25n,1,4n,8,25,50V_2A_25C
6.424467440141708e-07,2.0610585064215798e-07,2.7297694748613237e-07,54.9994586,9.998917199999994,8.485525946563288e-07,1.1215295421424612e-06,54.9994586,9.998917199999994,2.992781e-08,11.358177673657968,-1.5253111289999999,-1.5253111289999999,-1.99050337,2.925311129,0,50,2,5,-2,3,8,8,8,25n,1,4n,8,25,50V_2A_25C
3.8400751945484463e-07,2.116778163414416e-07,2.3166253043390572e-07,52.9968599,5.993719799999995,5.956853357962863e-07,8.27347866230192e-07,52.9968599,5.993719799999995,3.537290000000007e-08,11.55401117042171,1.0306575000000002,1.0306575000000002,0.00826513759,0.3693424999999997,0,50,2,5,0,3,8,8,8,35n,0,4n,8,25,50V_2A_25C
6.442260786969876e-07,2.127395439565494e-07,2.6164107808249296e-07,55.1820265,10.364052999999998,8.56965622653537e-07,1.11860670073603e-06,55.1820265,10.364052999999998,4.0159940000000004e-08,11.00040491782578,-1.116149502,-1.116149502,-1.98155195,2.516149502,0,50,2,5,-2,3,8,8,8,35n,0,4n,8,25,50V_2A_25C
3.824547197404566e-07,2.1167850538378404e-07,2.3228245815835067e-07,52.9966593,5.993318599999996,5.941332251242407e-07,8.264156832825913e-07,52.9966593,5.993318599999996,3.558322000000004e-08,11.543138856951813,0.40706040000000243,0.40706040000000243,0.00500180443,0.9929395999999975,0,50,2,5,0,3,8,8,8,35n,1,4n,8,25,50V_2A_25C
6.442394898641981e-07,2.1260520927677138e-07,2.61922106093881e-07,54.9994586,9.998917199999994,8.568446991409694e-07,1.1187668052348504e-06,54.9994586,9.998917199999994,4.018668000000002e-08,10.994847859569964,-1.524749464,-1.524749464,-1.98949037,2.924749464,0,50,2,5,-2,3,8,8,8,35n,1,4n,8,25,50V_2A_25C
1.9026566536739555e-06,1.7745172427463461e-06,7.615969037824372e-10,0.175733525,-99.64853295,3.6771738964203014e-06,3.677935493324084e-06,84.4345258,68.8690516,5.3917710000000106e-08,24.86526687405746,4.582108100000001,4.582108100000001,3.82398574,-3.182108100000001,1,50,2,5,0,4,2,8,1,5n,0,4n,8,25,50V_2A_25C
5.199116252409718e-07,2.3159651078629386e-07,5.131192526797367e-09,2.58045636,-94.83908728,7.515081360272657e-07,7.56639328554063e-07,103.338857,106.67771400000001,6.441131999999995e-08,34.91239805375609,3.8558898000000017,3.8558898000000017,1.15984312,-2.455889800000002,1,50,2,5,-2,4,2,8,1,5n,0,4n,8,25,50V_2A_25C
2.909123790106864e-07,4.2331143707162386e-07,3.6773746966749212e-09,0.5028032,-98.99439360000001,7.142238160823103e-07,7.179011907789852e-07,107.663272,115.32654400000001,6.019642000000001e-08,29.56572768690109,1.3475318000000058,1.3475318000000058,0.909670292,0.05246819999999408,0,50,2,5,0,4,2,8,1,5n,1,4n,8,25,50V_2A_25C
3.564507089623547e-07,2.2907946181187726e-07,4.526695539436769e-09,3.13341625,-93.7331675,5.85530170774232e-07,5.900568663136687e-07,102.667666,105.335332,6.441056999999998e-08,34.379304629756916,-0.32331889999999675,-0.32331889999999675,-1.19492989,1.7233188999999967,0,50,2,5,-2,4,2,8,1,5n,1,4n,8,25,50V_2A_25C
6.575493268990735e-07,2.746700120819882e-07,6.590630786797207e-08,11.5462225,-76.907555,9.322193389810617e-07,9.981256468490337e-07,82.3845167,64.76903340000001,6.110502000000014e-08,23.471292402275846,4.020509800000001,4.020509800000001,1.73671065,-2.620509800000001,1,50,2,5,0,4,2,8,1,10n,0,4n,8,25,50V_2A_25C
3.6430613377002665e-07,2.1451872729725325e-07,1.6001108735413033e-07,30.249387,-39.501226,5.788248610672799e-07,7.388359484214102e-07,65.2828648,30.565729599999994,4.8905010000000036e-08,15.277102740987008,1.7905879999999996,1.7905879999999996,-1.14517572,-0.3905879999999997,1,50,2,5,-2,4,2,8,1,10n,0,4n,8,25,50V_2A_25C
3.0677349465601305e-07,2.1408517217117158e-07,1.5023544448258084e-07,25.9786362,-48.0427276,5.208586668271846e-07,6.710941113097654e-07,69.8626186,39.72523720000001,5.300668000000005e-08,17.306504849201843,0.5681150000000006,0.5681150000000006,0.210097333,0.8318849999999993,0,50,2,5,0,4,2,8,1,10n,1,4n,8,25,50V_2A_25C
5.535943330680575e-07,2.127453567685469e-07,1.844215350220152e-07,30.5331364,-38.9337272,7.663396898366043e-07,9.507612248586195e-07,64.6824614,29.364922799999984,4.880504999999996e-08,15.10906836439454,-1.324918978,-1.324918978,-1.85767315,2.724918978,0,50,2,5,-2,4,2,8,1,10n,1,4n,8,25,50V_2A_25C
4.1988716901575083e-07,2.1371792418835786e-07,1.98084765419664e-07,42.706404,-14.587192000000002,6.336050932041087e-07,8.316898586237727e-07,54.7468693,9.4937386,2.9755040000000083e-08,12.519594542503917,3.5242348000000003,3.5242348000000003,0.420881306,-2.1242348000000004,1,50,2,5,0,4,2,8,1,15n,0,4n,8,25,50V_2A_25C
4.87552572379156e-07,2.1225323911464073e-07,2.363637064572924e-07,52.7682697,5.536539399999994,6.998058114937968e-07,9.361695179510891e-07,53.043473,6.086945999999998,1.6054980000000107e-08,12.70113697139864,1.2520673000000002,1.2520673000000002,-1.84661554,0.1479326999999997,0,50,2,5,-2,4,2,8,1,15n,0,4n,8,25,50V_2A_25C
3.1692764391018433e-07,2.111650406090382e-07,2.4234971242901664e-07,51.0847661,2.169532200000006,5.280926845192225e-07,7.704423969482391e-07,52.4398995,4.8797990000000055,1.3771530000000041e-08,12.765139200566274,0.6171799999999994,0.6171799999999994,0.011816836,0.7828200000000005,0,50,2,5,0,4,2,8,1,15n,1,4n,8,25,50V_2A_25C
5.463297970822137e-07,2.1031221572454343e-07,2.689175421262611e-07,53.0796409,6.159281800000002,7.566420128067572e-07,1.0255595549330182e-06,53.31216,6.624319999999998,1.6054879999999956e-08,12.712493690541832,-1.327810457,-1.327810457,-1.98996698,2.727810457,0,50,2,5,-2,4,2,8,1,15n,1,4n,8,25,50V_2A_25C
4.226142970920036e-07,2.1384172546135862e-07,1.999555979011137e-07,54.5283934,9.056786799999998,6.364560225533622e-07,8.364116204544759e-07,54.5283934,9.056786799999998,2.600726999999995e-08,12.543136847466345,3.418504800000001,3.418504800000001,0.0151063787,-2.018504800000001,1,50,2,5,0,4,2,8,1,25n,0,4n,8,25,50V_2A_25C
4.949365721666311e-07,2.0856938128534862e-07,2.2946498768267e-07,56.4106936,12.821387200000004,7.035059534519798e-07,9.329709411346498e-07,56.4106936,12.821387200000004,3.4144519999999945e-08,12.919875243867759,1.3815709999999992,1.3815709999999992,-1.97493892,0.018429000000000695,0,50,2,5,-2,4,2,8,1,25n,0,4n,8,25,50V_2A_25C
3.0800441312091017e-07,2.096476252469671e-07,2.3917895058098075e-07,53.2644441,6.528888199999996,5.176520383678772e-07,7.56830988948858e-07,53.2644441,6.528888199999996,2.482153000000013e-08,12.940627204600869,0.6075204000000003,0.6075204000000003,0.0043024868,0.7924795999999996,0,50,2,5,0,4,2,8,1,25n,1,4n,8,25,50V_2A_25C
5.40749265785903e-07,2.0714737731830994e-07,2.7033069669586356e-07,55.4519399,10.9038798,7.478966431042129e-07,1.0182273398000764e-06,55.4519399,10.9038798,3.017156000000011e-08,12.91123939634364,-1.328302303,-1.328302303,-1.98672491,2.728302303,0,50,2,5,-2,4,2,8,1,25n,1,4n,8,25,50V_2A_25C
4.22698927018196e-07,2.166293007204056e-07,1.8966731392819112e-07,54.5283934,9.056786799999998,6.393282277386016e-07,8.289955416667926e-07,54.5283934,9.056786799999998,3.5274230000000016e-08,12.152696239399614,3.4201092000000006,3.4201092000000006,0.00929682802,-2.0201092000000007,1,50,2,5,0,4,2,8,1,35n,0,4n,8,25,50V_2A_25C
4.926958832115049e-07,2.1537242130772233e-07,2.1263733792262072e-07,56.4106936,12.821387200000004,7.080683045192272e-07,9.207056424418479e-07,56.4106936,12.821387200000004,4.001345999999995e-08,12.315699300839338,1.3838249000000005,1.3838249000000005,-1.97822724,0.016175099999999443,0,50,2,5,-2,4,2,8,1,35n,0,4n,8,25,50V_2A_25C
3.1361204328114317e-07,2.1198099370429982e-07,2.333835127551076e-07,53.2644441,6.528888199999996,5.25593036985443e-07,7.589765497405506e-07,53.2644441,6.528888199999996,3.562492000000011e-08,12.662401822134836,0.6133527000000001,0.6133527000000001,0.00586707058,0.7866472999999998,0,50,2,5,0,4,2,8,1,35n,1,4n,8,25,50V_2A_25C
5.431407017034973e-07,2.135975597750247e-07,2.5945679206945366e-07,55.4519399,10.9038798,7.56738261478522e-07,1.0161950535479757e-06,55.4519399,10.9038798,4.0060540000000056e-08,12.387978710262937,-1.3284831220000002,-1.3284831220000002,-1.98905545,2.728483122,0,50,2,5,-2,4,2,8,1,35n,1,4n,8,25,50V_2A_25C
3.2228976638635757e-07,1.7746851365743982e-06,3.090298279201188e-09,0.175743275,-99.64851345,2.096974902960756e-06,2.100065201239957e-06,84.4268833,68.8537666,5.388486999999999e-08,24.864762617836874,3.82337471,1.7197719000000014,3.82337471,-2.42337471,1,50,2,5,0,4,2,8,4,5n,0,4n,8,25,50V_2A_25C
4.799728194738636e-07,2.3161180261276107e-07,1.2993567582768324e-08,2.57978775,-94.84042449999998,7.115846220866247e-07,7.24578189669393e-07,103.341717,106.68343399999999,6.441242999999995e-08,34.9139149882211,1.16051777,-0.841252678,1.16051777,0.2394822299999999,0,50,2,5,-2,4,2,8,4,5n,0,4n,8,25,50V_2A_25C
3.4512104760102705e-07,4.23312913274512e-07,5.350378271152597e-09,0.502787236,-98.994425528,7.684339608755391e-07,7.737843391466917e-07,107.663549,115.327098,6.019621000000009e-08,29.566217456267573,0.909667266,0.4815637000000006,0.909667266,0.4903327339999999,0,50,2,5,0,4,2,8,4,5n,1,4n,8,25,50V_2A_25C
4.780808075062493e-07,2.2908070846979696e-07,1.1079329638952231e-08,3.13336536,-93.73326928,7.071615159760463e-07,7.182408456149985e-07,102.667633,105.33526599999999,6.441070000000003e-08,34.3795124739796,-1.19493596,-1.451162475,-1.19493596,2.59493596,0,50,2,5,-2,4,2,8,4,5n,1,4n,8,25,50V_2A_25C
3.077845497637207e-07,2.7544187592060836e-07,8.662686677168906e-08,11.5425503,-76.9148994,5.83226425684329e-07,6.698532924560181e-07,82.3655267,64.73105340000001,6.110502000000014e-08,23.469713068599702,1.8729484999999997,1.8729484999999997,1.73706895,-0.47294849999999977,1,50,2,5,0,4,2,8,4,10n,0,4n,8,25,50V_2A_25C
5.537686848465226e-07,2.1465331994232363e-07,1.98422242264308e-07,30.2315356,-39.5369288,7.684220047888462e-07,9.668442470531542e-07,65.3526,30.70519999999999,4.8905e-08,15.301447561989516,-0.5725420999999997,-0.5725420999999997,-1.14201421,1.9725420999999996,0,50,2,5,-2,4,2,8,4,10n,0,4n,8,25,50V_2A_25C
3.170985162691161e-07,2.1410448719365028e-07,1.545448792486289e-07,25.9891113,-48.0217774,5.312030034627664e-07,6.857478827113952e-07,69.8651337,39.7302674,5.300758999999996e-08,17.307184823796273,0.5537285999999995,0.5537285999999995,0.210145538,0.8462714000000005,0,50,2,5,0,4,2,8,4,10n,1,4n,8,25,50V_2A_25C
5.339679248034415e-07,2.1274629845855043e-07,2.0119611677025314e-07,30.5377276,-38.9245448,7.467142232619919e-07,9.479103400322449e-07,64.6832594,29.366518799999994,4.880506e-08,15.10930605421185,-1.3991011420000001,-1.3991011420000001,-1.85765772,2.799101142,0,50,2,5,-2,4,2,8,4,10n,1,4n,8,25,50V_2A_25C
3.0739732689599923e-07,2.1379590713766427e-07,2.3352266350051107e-07,42.6610086,-14.677982799999995,5.211932340336635e-07,7.547158975341746e-07,54.8840596,9.768119200000001,2.9760520000000056e-08,12.537323277303106,1.8650149999999996,1.8650149999999996,0.42650986,-0.46501499999999973,1,50,2,5,0,4,2,8,4,15n,0,4n,8,25,50V_2A_25C
5.366025655082924e-07,2.1228056700161258e-07,2.877419390648423e-07,52.7332887,5.466577400000006,7.488831325099049e-07,1.0366250715747472e-06,53.047557,6.095113999999995,1.6054930000000137e-08,12.692514905135367,-0.6038728999999989,-0.6038728999999989,-1.84611145,2.003872899999999,0,50,2,5,-2,4,2,8,4,15n,0,4n,8,25,50V_2A_25C
3.123465476379191e-07,2.1116417566473552e-07,2.4688507247467755e-07,51.0821445,2.1642889999999966,5.235107233026546e-07,7.703957957773322e-07,52.4377471,4.875494200000006,1.3773410000000085e-08,12.764773424487853,0.544594,0.544594,0.0118230764,0.8554059999999999,0,50,2,5,0,4,2,8,4,15n,1,4n,8,25,50V_2A_25C
5.412663460609564e-07,2.103128563244767e-07,2.861164759426966e-07,53.0775905,6.155180999999999,7.515792023854331e-07,1.0376956783281296e-06,53.3109298,6.621859599999993,1.605487000000013e-08,12.7123167796329,-1.3974662480000002,-1.3974662480000002,-1.99002161,2.797466248,0,50,2,5,-2,4,2,8,4,15n,1,4n,8,25,50V_2A_25C
3.0959309239502006e-07,2.1430420263824724e-07,2.5129700244923405e-07,53.3859045,6.7718090000000055,5.238972950332673e-07,7.751942974825014e-07,53.3859045,6.7718090000000055,2.5605050000000125e-08,12.489207634506894,1.8637064000000017,1.8637064000000017,0.012157923,-0.46370640000000174,1,50,2,5,0,4,2,8,4,25n,0,4n,8,25,50V_2A_25C
5.400636430478156e-07,2.091754827183088e-07,2.868010904975415e-07,55.4810786,10.962157199999993,7.492391257661244e-07,1.0360402162636658e-06,55.4810786,10.962157199999993,3.007613999999999e-08,12.901543337319797,-0.6038487999999997,-0.6038487999999997,-1.98021018,2.0038487999999997,0,50,2,5,-2,4,2,8,4,25n,0,4n,8,25,50V_2A_25C
3.0927756602258607e-07,2.0960992572091954e-07,2.4419967226622034e-07,53.2605191,6.521038200000008,5.188874917435056e-07,7.630871640097259e-07,53.2605191,6.521038200000008,2.487341000000007e-08,12.939665689841858,0.5320175000000003,0.5320175000000003,0.0044683955,0.8679824999999997,0,50,2,5,0,4,2,8,4,25n,1,4n,8,25,50V_2A_25C
5.403160904393295e-07,2.071676348082179e-07,2.8696102143222293e-07,55.4497564,10.899512799999998,7.474837252475474e-07,1.0344447466797703e-06,55.4497564,10.899512799999998,3.0121450000000027e-08,12.910269037846223,-1.3973383099999999,-1.3973383099999999,-1.98684292,2.7973383099999998,0,50,2,5,-2,4,2,8,4,25n,1,4n,8,25,50V_2A_25C
3.080113667620534e-07,2.16661549736342e-07,2.454029700369568e-07,53.3859045,6.7718090000000055,5.246729164983954e-07,7.700758865353522e-07,53.3859045,6.7718090000000055,3.517146999999995e-08,12.142020677997133,1.8648732999999993,1.8648732999999993,0.00866852067,-0.4648732999999994,1,50,2,5,0,4,2,8,4,35n,0,4n,8,25,50V_2A_25C
5.407094832482603e-07,2.1548266183882873e-07,2.7642036894394055e-07,55.4810786,10.962157199999993,7.56192145087089e-07,1.0326125140310295e-06,55.4810786,10.962157199999993,4.0061240000000054e-08,12.370309140755063,-0.6030736999999995,-0.6030736999999995,-1.97787937,2.0030736999999994,0,50,2,5,-2,4,2,8,4,35n,0,4n,8,25,50V_2A_25C
3.1128616473940877e-07,2.119779868382934e-07,2.3818183591706507e-07,53.2605191,6.521038200000008,5.232641515777021e-07,7.614459874947672e-07,53.2605191,6.521038200000008,3.556351999999994e-08,12.6594507102149,0.5384691999999998,0.5384691999999998,0.00573860767,0.8615308000000002,0,50,2,5,0,4,2,8,4,35n,1,4n,8,25,50V_2A_25C
5.415256539094351e-07,2.136315049939399e-07,2.764573775602302e-07,55.4497564,10.899512799999998,7.55157158903375e-07,1.0316145364636053e-06,55.4497564,10.899512799999998,4.006053000000002e-08,12.38816049140966,-1.397379357,-1.397379357,-1.98899029,2.7973793569999996,0,50,2,5,-2,4,2,8,4,35n,1,4n,8,25,50V_2A_25C
3.2701431364039216e-07,1.7747433404054925e-06,8.33309657721928e-09,0.175756167,-99.648487666,2.1017576540458845e-06,2.1100907506231037e-06,84.4243892,68.84877839999999,5.388800999999994e-08,24.86453626523143,3.82317068,1.1377439000000003,3.82317068,-2.42317068,1,50,2,5,0,4,2,8,8,5n,0,4n,8,25,50V_2A_25C
5.258147929934635e-07,2.3161545467431653e-07,1.7354338894660703e-08,2.57945429,-94.84109142,7.574302476677801e-07,7.747845865624409e-07,103.342222,106.68444400000003,6.441299000000008e-08,34.91401902755062,1.16116096,-1.051882411,1.16116096,0.23883904,0,50,2,5,-2,4,2,8,8,5n,0,4n,8,25,50V_2A_25C
3.112834255774364e-07,4.2334643032992453e-07,1.0313360302064248e-08,0.502784126,-98.99443174799998,7.346298559073609e-07,7.449432162094251e-07,107.663734,115.32746800000001,6.019599999999997e-08,29.563945838702505,0.909666523,0.5224529000000011,0.909666523,0.49033347699999996,0,50,2,5,0,4,2,8,8,5n,1,4n,8,25,50V_2A_25C
5.191485327344408e-07,2.2908189127605012e-07,1.5457255087270254e-08,3.13330692,-93.73338616,7.482304240104908e-07,7.636876790977611e-07,102.667608,105.335216,6.441083000000008e-08,34.37973500924571,-1.1949397,-1.487713702,-1.1949397,2.5949397,0,50,2,5,-2,4,2,8,8,5n,1,4n,8,25,50V_2A_25C
3.0837676745665683e-07,2.1382305487245736e-07,2.4008983288456937e-07,42.6485166,-14.702966799999999,5.221998223291142e-07,7.622896552136835e-07,54.9217342,9.843468400000006,2.9762580000000117e-08,12.542541721664461,1.0967805999999989,1.0967805999999989,0.42794106,0.303219400000001,0,50,2,5,0,4,2,8,8,15n,0,4n,8,25,50V_2A_25C
5.48136329199123e-07,2.122842782770919e-07,2.9324887376763816e-07,52.7222786,5.444557200000006,7.604206074762149e-07,1.053669481243853e-06,53.044066,6.088132000000002,1.6054910000000064e-08,12.690357627572462,-1.0250764970000001,-1.0250764970000001,-1.84588839,2.425076497,0,50,2,5,-2,4,2,8,8,15n,0,4n,8,25,50V_2A_25C
3.051513241791849e-07,2.1116310887195344e-07,2.527219372577315e-07,51.0795555,2.159110999999996,5.163144330511383e-07,7.690363703088699e-07,52.4356179,4.871235799999994,1.377305000000005e-08,12.764419764749043,0.4440363999999999,0.4440363999999999,0.0118299235,0.9559636,0,50,2,5,0,4,2,8,8,15n,1,4n,8,25,50V_2A_25C
5.428975650200237e-07,2.103135585165955e-07,2.925722702780964e-07,53.0755167,6.151033400000004,7.532111235366193e-07,1.0457833938147157e-06,53.3097231,6.619446199999999,1.605487000000013e-08,12.712154813752909,-1.470461099,-1.470461099,-1.9900755,2.870461099,0,50,2,5,-2,4,2,8,8,15n,1,4n,8,25,50V_2A_25C
3.1346399771001134e-07,2.1448222767345435e-07,2.5969218324312333e-07,53.0412106,6.082421199999999,5.279462253834657e-07,7.876384086265891e-07,53.0412106,6.082421199999999,2.5647200000000135e-08,12.471842008820325,1.0936699999999995,1.0936699999999995,0.0125938066,0.30633000000000044,0,50,2,5,0,4,2,8,8,25n,0,4n,8,25,50V_2A_25C
5.44707702702758e-07,2.0915573615737498e-07,2.9425168803602205e-07,55.3337269,10.667453800000002,7.53863438860133e-07,1.0481151268961551e-06,55.3337269,10.667453800000002,3.012174000000002e-08,12.898071538948358,-1.0231293780000001,-1.0231293780000001,-1.98002265,2.423129378,0,50,2,5,-2,4,2,8,8,25n,0,4n,8,25,50V_2A_25C
3.1313895542535446e-07,2.095758787179866e-07,2.4940039034158714e-07,53.2567117,6.5134233999999935,5.227148341433411e-07,7.721152244849282e-07,53.2567117,6.5134233999999935,2.503500000000009e-08,12.939011597418457,0.4736583000000003,0.4736583000000003,0.00464357528,0.9263416999999996,0,50,2,5,0,4,2,8,8,25n,1,4n,8,25,50V_2A_25C
5.374375182190583e-07,2.0719110916290438e-07,2.9367370455027246e-07,55.4476852,10.895370400000004,7.446286273819626e-07,1.038302331932235e-06,55.4476852,10.895370400000004,3.011996999999995e-08,12.90921282255914,-1.4714608789999999,-1.4714608789999999,-1.98697708,2.871460879,0,50,2,5,-2,4,2,8,8,25n,1,4n,8,25,50V_2A_25C
3.0765120981894303e-07,2.757075782041034e-07,9.294395906846845e-08,11.541387,-76.917226,5.833587880230465e-07,6.763027470915149e-07,82.3624323,64.72486459999999,6.110500000000007e-08,23.468560465925194,1.73743113,1.092459400000001,1.73743113,-0.33743113000000013,1,50,2,5,0,4,2,8,8,10n,0,4n,8,25,50V_2A_25C
5.376949691951399e-07,2.1468598616022303e-07,2.0518278332336306e-07,30.2281872,-39.5436256,7.52380955355363e-07,9.575637386787261e-07,65.3677935,30.73558700000001,4.8905e-08,15.307280586166844,-1.0272600139999999,-1.0272600139999999,-1.14119879,2.427260014,0,50,2,5,-2,4,2,8,8,10n,0,4n,8,25,50V_2A_25C
3.0037902678321167e-07,2.1462327971982324e-07,1.6015325298242217e-07,25.98689,-48.02622,5.150023065030349e-07,6.751555594854571e-07,69.865855,39.73170999999999,5.2998470000000126e-08,17.307994861481905,0.448250100000001,0.448250100000001,0.209918182,0.9517498999999989,0,50,2,5,0,4,2,8,8,10n,1,4n,8,25,50V_2A_25C
5.361078982666283e-07,2.1274691882876225e-07,2.079127917534667e-07,30.5403843,-38.9192314,7.488548170953906e-07,9.567676088488572e-07,64.6839895,29.36797899999999,4.8805070000000035e-08,15.109521997728754,-1.470750776,-1.470750776,-1.85764247,2.870750776,0,50,2,5,-2,4,2,8,8,10n,1,4n,8,25,50V_2A_25C
3.1162948887962285e-07,2.1680351807943844e-07,2.536929667410829e-07,53.0412106,6.082421199999999,5.284330069590613e-07,7.821259737001442e-07,53.0412106,6.082421199999999,3.5134650000000004e-08,12.123226684061198,1.0961605999999993,1.0961605999999993,0.00892844154,0.30383940000000065,0,50,2,5,0,4,2,8,8,35n,0,4n,8,25,50V_2A_25C
5.472255121509064e-07,2.1555148914531477e-07,2.8347516702433503e-07,55.3337269,10.667453800000002,7.627770012962211e-07,1.0462521683205562e-06,55.3337269,10.667453800000002,4.006108000000011e-08,12.36888154843884,-1.024643261,-1.024643261,-1.9775972,2.424643261,0,50,2,5,-2,4,2,8,8,35n,0,4n,8,25,50V_2A_25C
3.074961124317963e-07,2.1193632328290213e-07,2.438113969344863e-07,53.2567117,6.5134233999999935,5.194324357146984e-07,7.632438326491847e-07,53.2567117,6.5134233999999935,3.556199000000011e-08,12.656517172582054,0.453940600000001,0.453940600000001,0.00556013299,0.9460593999999989,0,50,2,5,0,4,2,8,8,35n,1,4n,8,25,50V_2A_25C
5.405580823370856e-07,2.13672136921094e-07,2.8299163347512933e-07,55.4476852,10.895370400000004,7.542302192581796e-07,1.0372218527333089e-06,55.4476852,10.895370400000004,4.011050000000002e-08,12.388472144364231,-1.47100425,-1.47100425,-1.98891485,2.87100425,0,50,2,5,-2,4,2,8,8,35n,1,4n,8,25,50V_2A_25C
1.9026508878474669e-06,2.2403869330280698e-07,6.289283422205323e-08,11.0986987,-77.8026026,2.126689581150274e-06,2.1895824153723273e-06,87.2950424,74.5900848,6.010502000000007e-08,23.5412994508947,4.5821302,4.5821302,0.668542002,-3.1821302,1,50,2,5,0,4,8,8,1,5n,0,4n,8,25,50V_2A_25C
5.199124503454188e-07,2.1996944642317984e-07,7.949957957833104e-08,14.3497244,-71.3005512,7.398818967685986e-07,8.193814763469296e-07,82.1686601,64.3373202,5.6168190000000005e-08,20.309906965489738,3.8559213000000003,3.8559213000000003,-1.39874786,-2.4559213000000004,1,50,2,5,-2,4,8,8,1,5n,0,4n,8,25,50V_2A_25C
2.908710328651237e-07,2.383638190877093e-07,6.360754234544603e-08,11.0971585,-77.805683,5.29234851952833e-07,5.928423942982791e-07,87.2654804,74.5309608,5.999125000000008e-08,22.91692807054807,1.3476888000000002,1.3476888000000002,0.278045146,0.05231119999999967,0,50,2,5,0,4,8,8,1,5n,1,4n,8,25,50V_2A_25C
3.5637002392247863e-07,2.200902087711866e-07,8.100656240935153e-08,14.3489095,-71.302181,5.764602326936652e-07,6.574667951030168e-07,82.1734003,64.3468006,5.616800999999999e-08,20.328411300566014,-0.32280959999999936,-0.32280959999999936,-1.74927196,1.7228095999999993,0,50,2,5,-2,4,8,8,1,5n,1,4n,8,25,50V_2A_25C
6.574103033949058e-07,2.115017456522914e-07,1.9172386888290702e-07,42.0388577,-15.922284599999998,8.689120490471971e-07,1.0606359179301042e-06,55.1006223,10.201244599999995,2.485504000000014e-08,11.818025750671401,4.020504000000001,4.020504000000001,0.127139417,-2.620504000000001,1,50,2,5,0,4,8,8,1,10n,0,4n,8,25,50V_2A_25C
3.645335434021079e-07,2.0922648276238627e-07,2.0270284160713343e-07,45.050815,-9.89837,5.737600261644942e-07,7.764628677716276e-07,53.4364795,6.872958999999994,1.68550200000001e-08,11.10911724618099,1.7876020000000015,1.7876020000000015,-1.91725185,-0.38760200000000156,1,50,2,5,-2,4,8,8,1,10n,0,4n,8,25,50V_2A_25C
3.066893759217557e-07,2.1163625947578268e-07,2.0865919432059163e-07,41.9650367,-16.069926600000002,5.183256353975384e-07,7.2698482971813e-07,55.3017549,10.603509799999998,2.8613830000000013e-08,11.848513720647638,0.5681323999999996,0.5681323999999996,0.0523788313,0.8318676000000003,0,50,2,5,0,4,8,8,1,10n,1,4n,8,25,50V_2A_25C
5.534969250016067e-07,2.092236541038031e-07,2.2426373422653607e-07,44.9841233,-10.0317534,7.627205791054098e-07,9.869843133319458e-07,53.4877505,6.975500999999995,1.6806450000000096e-08,11.11418983151816,-1.324920783,-1.324920783,-1.96776083,2.724920783,0,50,2,5,-2,4,8,8,1,10n,1,4n,8,25,50V_2A_25C
4.1964671079083433e-07,2.109729349526344e-07,2.0146216763467872e-07,53.1002468,6.200493600000002,6.306196457434687e-07,8.320818133781474e-07,53.106324,6.2126480000000015,1.615218000000012e-08,11.779947441959145,3.5239809000000015,3.5239809000000015,0.0103276521,-2.1239809000000016,1,50,2,5,0,4,8,8,1,15n,0,4n,8,25,50V_2A_25C
4.873777196086583e-07,2.097312564707171e-07,2.242372774291679e-07,53.4196783,6.839356600000002,6.971089760793755e-07,9.213462535085434e-07,53.7351661,7.470332200000001,2.048216000000014e-08,11.382423868391061,1.2517386999999989,1.2517386999999989,-1.98279345,0.14826130000000104,0,50,2,5,-2,4,8,8,1,15n,0,4n,8,25,50V_2A_25C
3.1689391745276e-07,2.104806935858953e-07,2.3382880789400943e-07,52.9281079,5.856215800000001,5.273746110386553e-07,7.612034189326647e-07,52.9281079,5.856215800000001,1.552324000000013e-08,11.721911913757706,0.6171617000000005,0.6171617000000005,0.0053703432,0.7828382999999994,0,50,2,5,0,4,8,8,1,15n,1,4n,8,25,50V_2A_25C
5.462652809991536e-07,2.0966590794407076e-07,2.5739374731505294e-07,53.362914,6.725828000000007,7.559311889432244e-07,1.0133249362582774e-06,53.6780491,7.356098200000006,2.037627999999998e-08,11.365946755491752,-1.327832945,-1.327832945,-1.98927156,2.727832945,0,50,2,5,-2,4,8,8,1,15n,1,4n,8,25,50V_2A_25C
4.224056958685296e-07,2.091048007123661e-07,1.7371256640276872e-07,54.5937453,9.187490600000004,6.315104965808957e-07,8.052230629836644e-07,54.5937453,9.187490600000004,2.5615099999999947e-08,11.867876257316551,3.418249499999998,3.418249499999998,0.00969482659,-2.0182494999999983,1,50,2,5,0,4,8,8,1,25n,0,4n,8,25,50V_2A_25C
4.948578276583472e-07,2.059902464022542e-07,2.0379178394633942e-07,56.1793678,12.358735600000003,7.008480740606014e-07,9.046398580069408e-07,56.1793678,12.358735600000003,3.005309000000002e-08,11.37506449724408,1.3813244000000005,1.3813244000000005,-1.98336329,0.01867559999999946,0,50,2,5,-2,4,8,8,1,25n,0,4n,8,25,50V_2A_25C
3.079156632395134e-07,2.0932817970067264e-07,2.2767897395022508e-07,52.9540603,5.908120600000005,5.17243842940186e-07,7.449228168904111e-07,52.9540603,5.908120600000005,2.5219110000000064e-08,11.742337938088452,0.6075588000000014,0.6075588000000014,0.003732658,0.7924411999999985,0,50,2,5,0,4,8,8,1,25n,1,4n,8,25,50V_2A_25C
5.406082715882581e-07,2.0612403838286422e-07,2.496390948548902e-07,55.0326521,10.0653042,7.467323099711224e-07,9.963714048260125e-07,55.0326521,10.0653042,2.9925690000000145e-08,11.35860298889544,-1.3283077699999999,-1.3283077699999999,-1.99054792,2.72830777,0,50,2,5,-2,4,8,8,1,25n,1,4n,8,25,50V_2A_25C
4.224908011945235e-07,2.1151604136468275e-07,1.677855292446744e-07,54.5937453,9.187490600000004,6.340068425592063e-07,8.017923718038807e-07,54.5937453,9.187490600000004,3.5166689999999974e-08,11.64875663751388,3.4198515999999994,3.4198515999999994,0.0074634355,-2.0198515999999995,1,50,2,5,0,4,8,8,1,35n,0,4n,8,25,50V_2A_25C
4.926162146621277e-07,2.1275286782321477e-07,1.9777373400251632e-07,56.1793678,12.358735600000003,7.053690824853424e-07,9.031428164878588e-07,56.1793678,12.358735600000003,4.016137000000011e-08,10.975380542884835,1.3836185000000008,1.3836185000000008,-1.98145743,0.01638149999999916,0,50,2,5,-2,4,8,8,1,35n,0,4n,8,25,50V_2A_25C
3.1356069832214913e-07,2.1164499107613326e-07,2.2180137396188518e-07,52.9540603,5.908120600000005,5.252056893982824e-07,7.470070633601675e-07,52.9540603,5.908120600000005,3.5537110000000064e-08,11.544037057276858,0.6133575999999987,0.6133575999999987,0.00495433109,0.7866424000000012,0,50,2,5,0,4,8,8,1,35n,1,4n,8,25,50V_2A_25C
5.430589553704039e-07,2.1267833366103167e-07,2.383998396555809e-07,55.0326521,10.0653042,7.557372890314356e-07,9.941371286870165e-07,55.0326521,10.0653042,4.0159570000000144e-08,10.996440620961842,-1.328498846,-1.328498846,-1.98952082,2.728498846,0,50,2,5,-2,4,8,8,1,35n,1,4n,8,25,50V_2A_25C
3.2226081780127996e-07,2.2402323265955458e-07,6.51802941297862e-08,11.0940365,-77.811927,5.462840504608345e-07,6.114643445906208e-07,87.3053674,74.61073479999999,6.005501000000013e-08,23.55268539761827,1.7200822999999996,1.7200822999999996,0.668333526,-0.3200822999999997,1,50,2,5,0,4,8,8,4,5n,0,4n,8,25,50V_2A_25C
4.795752842861672e-07,2.1996687317049486e-07,8.757475842937532e-08,14.3456605,-71.308679,6.99542157456662e-07,7.871169158860373e-07,82.213797,64.427594,5.616793000000012e-08,20.336930809519664,-0.842015579,-0.842015579,-1.39828719,2.242015579,0,50,2,5,-2,4,8,8,4,5n,0,4n,8,25,50V_2A_25C
3.451074750114179e-07,2.3856333786725175e-07,6.526296398923193e-08,11.0971196,-77.8057608,5.836708128786696e-07,6.489337768679016e-07,87.2556288,74.5112576,6.001035999999995e-08,22.91426495163421,0.48106899999999975,0.48106899999999975,0.277898383,0.9189310000000002,0,50,2,5,0,4,8,8,4,5n,1,4n,8,25,50V_2A_25C
4.784611246864075e-07,2.2008942491119012e-07,8.760411748802054e-08,14.3486939,-71.3026122,6.985505495975977e-07,7.861546670856183e-07,82.17405,64.34809999999999,5.6168040000000096e-08,20.32851700612271,-1.450866683,-1.450866683,-1.74928057,2.850866683,0,50,2,5,-2,4,8,8,4,5n,1,4n,8,25,50V_2A_25C
3.077077310366573e-07,2.1164028740024145e-07,2.1259137766042226e-07,41.9943316,-16.011336799999995,5.193480184368987e-07,7.31939396097321e-07,55.236491,10.472982000000002,2.8560270000000118e-08,11.837768901459329,1.8728517999999994,1.8728517999999994,0.128706608,-0.4728517999999995,1,50,2,5,0,4,8,8,4,10n,0,4n,8,25,50V_2A_25C
5.538757098988634e-07,2.0926135290541574e-07,2.41333378758038e-07,45.0087109,-9.982578200000006,7.631370628042791e-07,1.0044704415623171e-06,53.4728627,6.9457254000000015,1.68550200000001e-08,11.11203227358386,-0.5728811,-0.5728811,-1.91641892,1.9728811,0,50,2,5,-2,4,8,8,4,10n,0,4n,8,25,50V_2A_25C
3.1703583920742257e-07,2.1164071377520093e-07,2.1291000635205428e-07,41.9637559,-16.072488199999995,5.286765529826235e-07,7.415865593346778e-07,55.3055764,10.6111528,2.861410999999997e-08,11.849072932878718,0.5537207000000013,0.5537207000000013,0.0523736109,0.8462792999999986,0,50,2,5,0,4,8,8,4,10n,1,4n,8,25,50V_2A_25C
5.338977286299205e-07,2.0922439968074168e-07,2.4094364413516197e-07,44.9832702,-10.0334596,7.431221283106622e-07,9.84065772445824e-07,53.488354,6.976708000000002,1.680654e-08,11.114256965074363,-1.399118975,-1.399118975,-1.96776493,2.799118975,0,50,2,5,-2,4,8,8,4,10n,1,4n,8,25,50V_2A_25C
3.072795415507082e-07,2.108060041607506e-07,2.3755124744496706e-07,53.001641,6.003282,5.180855457114588e-07,7.556367931564259e-07,53.0044785,6.008956999999996,1.5812010000000072e-08,11.746773021569634,1.8649290999999995,1.8649290999999995,0.00960141856,-0.46492909999999954,1,50,2,5,0,4,8,8,4,15n,0,4n,8,25,50V_2A_25C
5.365548059834885e-07,2.097195594895584e-07,2.760263461172814e-07,53.3777666,6.755533200000002,7.46274365473047e-07,1.0223007115903283e-06,53.6983049,7.396609799999993,2.038414999999994e-08,11.369511082489547,-0.603879899999999,-0.603879899999999,-1.983016,2.003879899999999,0,50,2,5,-2,4,8,8,4,15n,0,4n,8,25,50V_2A_25C
3.122830407513318e-07,2.1046073414965143e-07,2.3837233085153942e-07,52.922767,5.845534,5.227437749009832e-07,7.611161057525226e-07,52.922767,5.845534,1.5522729999999973e-08,11.720072960815266,0.5445993000000016,0.5445993000000016,0.00530828895,0.8554006999999983,0,50,2,5,0,4,8,8,4,15n,1,4n,8,25,50V_2A_25C
5.411710906817719e-07,2.0966547074666918e-07,2.745605452985989e-07,53.3612489,6.722497799999998,7.508365614284411e-07,1.02539710672704e-06,53.6768724,7.353744800000002,2.037653000000004e-08,11.36572937746067,-1.397482147,-1.397482147,-1.98926964,2.797482147,0,50,2,5,-2,4,8,8,4,15n,1,4n,8,25,50V_2A_25C
3.0947209256937687e-07,2.0925152564359008e-07,2.2942551779212885e-07,53.404072,6.808143999999999,5.18723618212967e-07,7.481491360050958e-07,53.404072,6.808143999999999,2.552511000000004e-08,11.784169066729646,1.8635666999999998,1.8635666999999998,0.00924967749,-0.4635666999999999,1,50,2,5,0,4,8,8,4,25n,0,4n,8,25,50V_2A_25C
5.399976180311961e-07,2.0626043109255166e-07,2.6548527939561246e-07,55.4470123,10.894024599999993,7.462580491237477e-07,1.0117433285193602e-06,55.4470123,10.894024599999993,2.6280239999999965e-08,11.365664357210536,-0.6038557000000004,-0.6038557000000004,-1.98515117,2.0038557000000004,0,50,2,5,-2,4,8,8,4,25n,0,4n,8,25,50V_2A_25C
3.0920964499673637e-07,2.0932784183589175e-07,2.3267082002135782e-07,52.9652886,5.930577200000003,5.185374868326281e-07,7.51208306853986e-07,52.9652886,5.930577200000003,2.5115260000000067e-08,11.739817973466518,0.5320353000000004,0.5320353000000004,0.00373200398,0.8679646999999995,0,50,2,5,0,4,8,8,4,25n,1,4n,8,25,50V_2A_25C
5.402266381644305e-07,2.0611614961391307e-07,2.662598677069282e-07,55.0148408,10.029681600000004,7.463427877783435e-07,1.0126026554852718e-06,55.0148408,10.029681600000004,2.9926780000000076e-08,11.35833397556626,-1.397340232,-1.397340232,-1.99052893,2.797340232,0,50,2,5,-2,4,8,8,4,25n,1,4n,8,25,50V_2A_25C
3.078859074574214e-07,2.1166118314005614e-07,2.2336700768437426e-07,53.404072,6.808143999999999,5.195470905974776e-07,7.429140982818518e-07,53.404072,6.808143999999999,3.525675999999996e-08,11.575709671208358,1.8647655000000007,1.8647655000000007,0.00785708367,-0.46476550000000083,1,50,2,5,0,4,8,8,4,35n,0,4n,8,25,50V_2A_25C
5.405991383919234e-07,2.1276258679656227e-07,2.5458177624538675e-07,55.4470123,10.894024599999993,7.533617251884857e-07,1.0079435014338726e-06,55.4470123,10.894024599999993,4.016015000000013e-08,11.005968571925088,-0.6031054000000005,-0.6031054000000005,-1.98142737,2.0031054000000004,0,50,2,5,-2,4,8,8,4,35n,0,4n,8,25,50V_2A_25C
3.1122197555007486e-07,2.116712098351997e-07,2.2662370593467242e-07,52.9652886,5.930577200000003,5.228931853852746e-07,7.49516891319947e-07,52.9652886,5.930577200000003,3.553345999999995e-08,11.543357387203777,0.5384808000000003,0.5384808000000003,0.0049843991,0.8615191999999996,0,50,2,5,0,4,8,8,4,35n,1,4n,8,25,50V_2A_25C
5.414254637407819e-07,2.1267424773778704e-07,2.5538991664808034e-07,55.0148408,10.029681600000004,7.54099711478569e-07,1.0094896281266493e-06,55.0148408,10.029681600000004,4.0159490000000066e-08,10.995693091584563,-1.397393823,-1.397393823,-1.98950697,2.797393823,0,50,2,5,-2,4,8,8,4,35n,1,4n,8,25,50V_2A_25C
3.272116908528899e-07,2.2402854934373143e-07,7.033323425837736e-08,11.0868651,-77.8262698,5.512402401966213e-07,6.215734744549987e-07,87.3137061,74.62741220000001,6.00550000000001e-08,23.561698899774274,1.1378015000000001,1.1378015000000001,0.668223036,0.2621984999999998,0,50,2,5,0,4,8,8,8,5n,0,4n,8,25,50V_2A_25C
5.258233862463245e-07,2.1995963658752005e-07,9.199121004012051e-08,14.343519,-71.312962,7.457830228338446e-07,8.377742328739651e-07,82.2169212,64.4338424,5.6167970000000054e-08,20.33956390656861,-1.051783318,-1.051783318,-1.39839556,2.451783318,0,50,2,5,-2,4,8,8,8,5n,0,4n,8,25,50V_2A_25C
3.1129003477585666e-07,2.385998459423387e-07,7.023861285587571e-08,11.0970941,-77.8058118,5.498898807181954e-07,6.201284935740711e-07,87.232288,74.464576,6.000087000000004e-08,22.91420378414204,0.5224530999999999,0.5224530999999999,0.278011655,0.8775469,0,50,2,5,0,4,8,8,8,5n,1,4n,8,25,50V_2A_25C
5.191497699244775e-07,2.2008796619580542e-07,9.194040298098195e-08,14.3484871,-71.3030258,7.39237736120283e-07,8.311781391012649e-07,82.1745829,64.34916580000001,5.616806999999999e-08,20.3285531566282,-1.487705171,-1.487705171,-1.74928886,2.887705171,0,50,2,5,-2,4,8,8,8,5n,1,4n,8,25,50V_2A_25C
3.076051611136774e-07,2.116842044454904e-07,2.189271428511339e-07,41.9748211,-16.0503578,5.192893655591678e-07,7.382165084103016e-07,55.2832373,10.566474600000006,2.856226999999996e-08,11.845420731637027,1.0924732000000006,1.0924732000000006,0.129070812,0.3075267999999993,0,50,2,5,0,4,8,8,8,10n,0,4n,8,25,50V_2A_25C
5.376286392691312e-07,2.092715044130847e-07,2.4820939669809756e-07,44.9982723,-10.003455400000007,7.46900143682216e-07,9.951095403803134e-07,53.4826717,6.965343399999995,1.6855850000000146e-08,11.113034422587154,-1.0271115659999999,-1.0271115659999999,-1.91618651,2.4271115659999998,0,50,2,5,-2,4,8,8,8,10n,0,4n,8,25,50V_2A_25C
3.0028663809054536e-07,2.1164488213664098e-07,2.185608152483124e-07,41.962471,-16.075058,5.119315202271863e-07,7.304923354754988e-07,55.3094612,10.6189224,2.8614380000000102e-08,11.84964522486542,0.4479924000000004,0.4479924000000004,0.0523688252,0.9520075999999995,0,50,2,5,0,4,8,8,8,10n,1,4n,8,25,50V_2A_25C
5.360321312896116e-07,2.092252011680283e-07,2.477324554447944e-07,44.9824523,-10.035095400000003,7.452573324576399e-07,9.929897879024344e-07,53.4893643,6.9787285999999975,1.6806620000000077e-08,11.11435167081109,-1.4707497040000002,-1.4707497040000002,-1.96776086,2.870749704,0,50,2,5,-2,4,8,8,8,10n,1,4n,8,25,50V_2A_25C
3.082473157841981e-07,2.106614197759099e-07,2.444069374815347e-07,52.9576434,5.915286800000003,5.18908735560108e-07,7.633156730416426e-07,52.9576434,5.915286800000003,1.562411999999994e-08,11.73289672758892,1.0966979000000006,1.0966979000000006,0.00912927204,0.30330209999999935,0,50,2,5,0,4,8,8,8,15n,0,4n,8,25,50V_2A_25C
5.480253829456747e-07,2.097144257443313e-07,2.815043813649346e-07,53.3647301,6.729460200000005,7.57739808690006e-07,1.0392441900549406e-06,53.686076,7.372152,2.0385909999999973e-08,11.366734063299221,-1.0250879199999998,-1.0250879199999998,-1.9830635,2.4250879199999997,0,50,2,5,-2,4,8,8,8,15n,0,4n,8,25,50V_2A_25C
3.0499899330417783e-07,2.1044238113617842e-07,2.442200299955072e-07,52.9175484,5.835096800000002,5.154413744403563e-07,7.596614044358634e-07,52.9175484,5.835096800000002,1.547088000000014e-08,11.718279238929703,0.4438949000000001,0.4438949000000001,0.0052396447,0.9561050999999998,0,50,2,5,0,4,8,8,8,15n,1,4n,8,25,50V_2A_25C
5.427681291766061e-07,2.0966532636326626e-07,2.8093912278506377e-07,53.3595816,6.719163199999997,7.524334555398723e-07,1.0333725783249362e-06,53.6757411,7.3514822000000075,2.0376820000000033e-08,11.365522993965799,-1.470483006,-1.470483006,-1.9892674,2.8704830059999997,0,50,2,5,-2,4,8,8,8,15n,1,4n,8,25,50V_2A_25C
3.114837127528032e-07,2.1167787236253588e-07,2.3166251394494748e-07,52.9969028,5.993805600000002,5.23161585115339e-07,7.548240990602865e-07,52.9969028,5.993805600000002,3.537292000000014e-08,11.55402560935741,1.0961944000000017,1.0961944000000017,0.00826544524,0.30380559999999823,0,50,2,5,0,4,8,8,8,35n,0,4n,8,25,50V_2A_25C
5.471173944946503e-07,2.1273959394690207e-07,2.616410103052963e-07,55.1820291,10.364058200000002,7.598569884415524e-07,1.0214979987468487e-06,55.1820291,10.364058200000002,4.0159940000000004e-08,11.000410970991046,-1.024600133,-1.024600133,-1.98155198,2.424600133,0,50,2,5,-2,4,8,8,8,35n,0,4n,8,25,50V_2A_25C
3.074225620242444e-07,2.1167857075367033e-07,2.3228245916683287e-07,52.9967341,5.993468199999995,5.191011327779148e-07,7.513835919447476e-07,52.9967341,5.993468199999995,3.558322000000004e-08,11.54315369521227,0.45395009999999836,0.45395009999999836,0.00500179307,0.9460499000000016,0,50,2,5,0,4,8,8,8,35n,1,4n,8,25,50V_2A_25C
5.4046716871282e-07,2.1260545249974996e-07,2.61922037406835e-07,54.9994613,9.9989226,7.530726212125699e-07,1.014994658619405e-06,54.9994613,9.9989226,4.018666999999998e-08,10.994853897192169,-1.470993802,-1.470993802,-1.98949044,2.870993802,0,50,2,5,-2,4,8,8,8,35n,1,4n,8,25,50V_2A_25C
3.1337300194690405e-07,2.0934860974588177e-07,2.3756328752016632e-07,52.9969028,5.993805600000002,5.227216116927858e-07,7.602848992129521e-07,52.9969028,5.993805600000002,2.5429480000000003e-08,11.758467336767035,1.0937343999999989,1.0937343999999989,0.0083923338,0.306265600000001,0,50,2,5,0,4,8,8,8,25n,0,4n,8,25,50V_2A_25C
5.446324775964714e-07,2.0621583922768338e-07,2.728071541322776e-07,55.1820291,10.364058200000002,7.508483168241548e-07,1.0236554709564324e-06,55.1820291,10.364058200000002,2.9876779999999966e-08,11.361048471553115,-1.0231367869999999,-1.0231367869999999,-1.98482908,2.423136787,0,50,2,5,-2,4,8,8,8,25n,0,4n,8,25,50V_2A_25C
3.1308296998030026e-07,2.093150017628914e-07,2.378444798396548e-07,52.9967341,5.993468199999995,5.223979717431916e-07,7.602424515828464e-07,52.9967341,5.993468199999995,2.503500000000009e-08,11.737421594413483,0.4736635000000007,0.4736635000000007,0.0037885715,0.9263364999999992,0,50,2,5,0,4,8,8,8,25n,1,4n,8,25,50V_2A_25C
5.373445232334038e-07,2.0610590298480052e-07,2.7297686793006506e-07,54.9994613,9.9989226,7.434504262182043e-07,1.0164272941482693e-06,54.9994613,9.9989226,2.992781e-08,11.358179215095346,-1.4714600660000001,-1.4714600660000001,-1.99050322,2.871460066,0,50,2,5,-2,4,8,8,8,25n,1,4n,8,25,50V_2A_25C
1.6814668835901873e-06,1.7745120410278943e-06,7.620051945966301e-10,0.175737285,-99.64852543,3.4559789246180814e-06,3.456740929812678e-06,84.4345165,68.869033,5.391772000000014e-08,24.865265808150486,4.8343869900000005,4.8343869900000005,3.82398207,-3.4343869900000006,1,50,2,5,0,6,2,8,1,5n,0,4n,8,25,50V_2A_25C
3.9453754978290995e-07,2.3159653573145817e-07,5.131398515291103e-09,2.5805312,-94.8389376,6.261340855143681e-07,6.312654840296592e-07,103.33858,106.67715999999999,6.441131999999995e-08,34.91219978428817,4.1500597599999995,4.1500597599999995,1.1598361,-2.7500597599999996,1,50,2,5,-2,6,2,8,1,5n,0,4n,8,25,50V_2A_25C
1.9798015146288455e-07,4.233094262343955e-07,3.677375284856492e-09,0.502817275,-98.99436545,6.2128957769728e-07,6.249669529821365e-07,107.663149,115.32629800000001,6.019642000000001e-08,29.56572017070957,1.3475316999999976,1.3475316999999976,0.909668787,0.052468300000002355,0,50,2,5,0,6,2,8,1,5n,1,4n,8,25,50V_2A_25C
2.539268292504854e-07,2.290794858688897e-07,4.527692427829338e-09,3.13349614,-93.73300772,4.830063151193751e-07,4.875340075472045e-07,102.667399,105.334798,6.441056999999998e-08,34.379116228423904,-0.3252479000000008,-0.3252479000000008,-1.19493293,1.7252479000000007,0,50,2,5,-2,6,2,8,1,5n,1,4n,8,25,50V_2A_25C
4.850155823112981e-07,2.7466639044403944e-07,6.591000004050484e-08,11.5464838,-76.90703239999999,7.596819727553375e-07,8.255919727958424e-07,82.384355,64.76871,6.110502000000014e-08,23.47122667853935,4.2342162000000005,4.2342162000000005,1.73670084,-2.8342162000000006,1,50,2,5,0,6,2,8,1,10n,0,4n,8,25,50V_2A_25C
2.4391516744189494e-07,2.1451883927944788e-07,1.6001314604235384e-07,30.2498794,-39.5002412,4.584340067213428e-07,6.184471527636967e-07,65.2823876,30.564775200000014,4.8905010000000036e-08,15.276962903847435,2.037551219999999,2.037551219999999,-1.14519175,-0.6375512199999993,1,50,2,5,-2,6,2,8,1,10n,0,4n,8,25,50V_2A_25C
2.0878251769385357e-07,2.1408540211737323e-07,1.5024004764250288e-07,25.9790698,-48.0418604,4.228679198112268e-07,5.731079674537297e-07,69.8621877,39.724375400000014,5.3006690000000086e-08,17.30634442719737,0.6384678000000008,0.6384678000000008,0.210093411,0.7615321999999991,0,50,2,5,0,6,2,8,1,10n,1,4n,8,25,50V_2A_25C
4.0569724163236604e-07,2.1274544842224148e-07,1.844238656023697e-07,30.5336091,-38.9327818,6.184426900546075e-07,8.028665556569773e-07,64.6820143,29.36402860000001,4.880504999999996e-08,15.108940559178187,-1.241837917,-1.241837917,-1.85767816,2.641837917,0,50,2,5,-2,6,2,8,1,10n,1,4n,8,25,50V_2A_25C
2.9240249731766605e-07,2.137184311414861e-07,1.9810370661543125e-07,42.7070175,-14.585965000000002,5.061209284591521e-07,7.042246350745833e-07,54.7464363,9.492872599999998,2.9755040000000083e-08,12.519618142438876,3.71532547,3.71532547,0.420863933,-2.31532547,1,50,2,5,0,6,2,8,1,15n,0,4n,8,25,50V_2A_25C
3.4166152523646733e-07,2.1225332721366476e-07,2.363638957723648e-07,52.7683624,5.536724800000002,5.539148524501321e-07,7.90278748222497e-07,53.0434849,6.0869698000000065,1.6054980000000107e-08,12.701189607802762,1.3665512,1.3665512,-1.84662097,0.033448799999999945,0,50,2,5,-2,6,2,8,1,15n,0,4n,8,25,50V_2A_25C
2.2198810538192525e-07,2.111652755079741e-07,2.423526638840911e-07,51.0850311,2.170062200000004,4.3315338088989934e-07,6.755060447739904e-07,52.4399487,4.879897400000004,1.3771530000000041e-08,12.765199850275538,0.6942989999999991,0.6942989999999991,0.0118157789,0.7057010000000008,0,50,2,5,0,6,2,8,1,15n,1,4n,8,25,50V_2A_25C
4.013407716632324e-07,2.1031229560859555e-07,2.689182047808304e-07,53.0797146,6.159429200000005,6.11653067271828e-07,8.805712720526584e-07,53.3121795,6.624358999999998,1.6054879999999956e-08,12.712542497890711,-1.243582224,-1.243582224,-1.98996691,2.643582224,0,50,2,5,-2,6,2,8,1,15n,1,4n,8,25,50V_2A_25C
2.9416174530731733e-07,2.1384208525475734e-07,1.9995461672699186e-07,54.5283188,9.056637600000002,5.080038305620747e-07,7.079584472890666e-07,54.5283188,9.056637600000002,2.600732000000013e-08,12.543231184242101,3.5877221200000005,3.5877221200000005,0.0151063369,-2.1877221200000005,1,50,2,5,0,6,2,8,1,25n,0,4n,8,25,50V_2A_25C
3.5008203108987753e-07,2.0856942532091352e-07,2.2946384128219575e-07,56.4106416,12.821283199999996,5.58651456410791e-07,7.881152976929867e-07,56.4106416,12.821283199999996,3.414452999999998e-08,12.91992653850033,1.4980191999999999,1.4980191999999999,-1.97493847,-0.09801919999999997,1,50,2,5,-2,6,2,8,1,25n,0,4n,8,25,50V_2A_25C
2.1462980786746195e-07,2.0964754852527142e-07,2.3917898284735266e-07,53.2644512,6.528902400000006,4.2427735639273337e-07,6.63456339240086e-07,53.2644512,6.528902400000006,2.482153000000013e-08,12.940683822064187,0.6955624,0.6955624,0.00430291103,0.7044375999999999,0,50,2,5,0,6,2,8,1,25n,1,4n,8,25,50V_2A_25C
3.943815899655241e-07,2.0714734874436854e-07,2.703306366609044e-07,55.4519229,10.9038458,6.015289387098926e-07,8.71859575370797e-07,55.4519229,10.9038458,3.017157000000015e-08,12.91128576897376,-1.246254142,-1.246254142,-1.98672506,2.646254142,0,50,2,5,-2,6,2,8,1,25n,1,4n,8,25,50V_2A_25C
2.943321562135682e-07,2.1662960160995775e-07,1.8966653957263424e-07,54.5283188,9.056637600000002,5.109617578235259e-07,7.006282973961601e-07,54.5283188,9.056637600000002,3.5274230000000016e-08,12.152789324833916,3.589589799999999,3.589589799999999,0.00929677439,-2.189589799999999,1,50,2,5,0,6,2,8,1,35n,0,4n,8,25,50V_2A_25C
3.4697985954830514e-07,2.1537229548714394e-07,2.126364035050511e-07,56.4106416,12.821283199999996,5.623521550354491e-07,7.749885585405002e-07,56.4106416,12.821283199999996,4.001346999999999e-08,12.315751104188987,1.4905101999999992,1.4905101999999992,-1.9782275,-0.09051019999999932,1,50,2,5,-2,6,2,8,1,35n,0,4n,8,25,50V_2A_25C
2.1957500729583015e-07,2.119810913353933e-07,2.333834954531764e-07,53.2644512,6.528902400000006,4.3155609863122347e-07,6.649395940843999e-07,53.2644512,6.528902400000006,3.5624879999999965e-08,12.662457374447872,0.6958000999999996,0.6958000999999996,0.00586684225,0.7041999000000003,0,50,2,5,0,6,2,8,1,35n,1,4n,8,25,50V_2A_25C
3.9808853928988404e-07,2.135974441352128e-07,2.5945665567243025e-07,55.4519229,10.9038458,6.116859834250968e-07,8.71142639097527e-07,55.4519229,10.9038458,4.006055000000009e-08,12.388026095371632,-1.244452741,-1.244452741,-1.98905551,2.644452741,0,50,2,5,-2,6,2,8,1,35n,1,4n,8,25,50V_2A_25C
2.2825774516777569e-07,1.7746797952987733e-06,3.0903470459174067e-09,0.175746738,-99.648506524,2.002937540466549e-06,2.0060278875124664e-06,84.426869,68.85373799999999,5.388486999999999e-08,24.864753327683143,3.82337081,1.8164263399999996,3.82337081,-2.42337081,1,50,2,5,0,6,2,8,4,5n,0,4n,8,25,50V_2A_25C
3.546510469883952e-07,2.3161182479826833e-07,1.2956043296916374e-08,2.57986099,-94.84027802,5.862628717866635e-07,5.992189150835799e-07,103.341447,106.68289399999999,6.441242999999995e-08,34.91372205755444,1.16051074,-0.742387967,1.16051074,0.23948925999999982,0,50,2,5,-2,6,2,8,4,5n,0,4n,8,25,50V_2A_25C
2.453176577738046e-07,4.2331090097232863e-07,5.334849836478805e-09,0.50280132,-98.99439736000001,6.686285587461332e-07,6.73963408582612e-07,107.663426,115.326852,6.019621000000009e-08,29.5662099300631,0.909665762,0.5103384999999996,0.909665762,0.49033423799999987,0,50,2,5,0,6,2,8,4,5n,1,4n,8,25,50V_2A_25C
3.4551344974518956e-07,2.2908073289427504e-07,1.1125970543245244e-08,3.13344525,-93.7331095,5.745941826394646e-07,5.857201531827099e-07,102.667365,105.33473,6.441070000000003e-08,34.37932405088263,-1.194939,-1.3744594,-1.194939,2.594939,0,50,2,5,-2,6,2,8,4,5n,1,4n,8,25,50V_2A_25C
2.155167533908271e-07,2.754385464668831e-07,8.66285435717032e-08,11.5427898,-76.9144204,4.909552998577102e-07,5.775838434294134e-07,82.3653891,64.7307782,6.110502000000014e-08,23.46965389859891,1.9842134599999994,1.9842134599999994,1.73706039,-0.5842134599999995,1,50,2,5,0,6,2,8,4,10n,0,4n,8,25,50V_2A_25C
4.144776825531334e-07,2.146534243950275e-07,1.9842492929382894e-07,30.2320112,-39.5359776,6.29131106948161e-07,8.275560362419899e-07,65.3521334,30.7042668,4.8905e-08,15.301311407362508,-0.5344163000000002,-0.5344163000000002,-1.14202891,1.9344163,0,50,2,5,-2,6,2,8,4,10n,0,4n,8,25,50V_2A_25C
2.2335145390996038e-07,2.1410443314154485e-07,1.5454702797138125e-07,25.9895444,-48.0209112,4.374558870515052e-07,5.920029150228865e-07,69.8646832,39.7293664,5.300758000000014e-08,17.30702688489825,0.6244203000000006,0.6244203000000006,0.210141195,0.7755796999999993,0,50,2,5,0,6,2,8,4,10n,1,4n,8,25,50V_2A_25C
3.850926772855123e-07,2.127463903147716e-07,2.0112519865843513e-07,30.5382003,-38.9235994,5.97839067600284e-07,7.989642662587191e-07,64.6828123,29.365624599999993,4.880506e-08,15.10917825092978,-1.324269083,-1.324269083,-1.85766273,2.724269083,0,50,2,5,-2,6,2,8,4,10n,1,4n,8,25,50V_2A_25C
2.1434487702707295e-07,2.1379634071589965e-07,2.3355524952628847e-07,42.6615618,-14.676876399999996,4.281412177429726e-07,6.616964672692611e-07,54.8836709,9.767341799999997,2.9760520000000056e-08,12.537342466604803,1.9734742799999996,1.9734742799999996,0.426494421,-0.5734742799999997,1,50,2,5,0,6,2,8,4,15n,0,4n,8,25,50V_2A_25C
3.9882076936083747e-07,2.1228065202139036e-07,2.8774288985448155e-07,52.7333836,5.466767200000006,6.111014213822278e-07,8.988443112367094e-07,53.0475734,6.095146799999996,1.6054930000000137e-08,12.69256528598771,-0.5268090000000001,-0.5268090000000001,-1.84611679,1.926809,0,50,2,5,-2,6,2,8,4,15n,0,4n,8,25,50V_2A_25C
2.1918941619628402e-07,2.11164255352657e-07,2.469085503258776e-07,51.0824096,2.1648191999999966,4.30353671548941e-07,6.772622218748186e-07,52.4377962,4.875592400000002,1.3773410000000085e-08,12.76483378017392,0.6224451999999996,0.6224451999999996,0.0118220186,0.7775548000000003,0,50,2,5,0,6,2,8,4,15n,1,4n,8,25,50V_2A_25C
3.9241118066060634e-07,2.103129362522415e-07,2.8611738093630233e-07,53.0776643,6.155328600000005,6.027241169128478e-07,8.888414978491501e-07,53.3109493,6.621898599999995,1.605487000000013e-08,12.712365576444613,-1.320612237,-1.320612237,-1.99002154,2.720612237,0,50,2,5,-2,6,2,8,4,15n,1,4n,8,25,50V_2A_25C
2.1688560400322957e-07,2.1430447082367897e-07,2.5129720274541016e-07,53.3859248,6.771849599999996,4.3119007482690855e-07,6.824872775723187e-07,53.3859248,6.771849599999996,2.5605050000000125e-08,12.489289439388925,1.9730052199999992,1.9730052199999992,0.0121581192,-0.5730052199999993,1,50,2,5,0,6,2,8,4,25n,0,4n,8,25,50V_2A_25C
4.032944316598038e-07,2.091756122386744e-07,2.8680123745382806e-07,55.4809836,10.961967200000004,6.124700438984783e-07,8.992712813523063e-07,55.4809836,10.961967200000004,3.007613999999999e-08,12.90159300574737,-0.5357655999999995,-0.5357655999999995,-1.98020961,1.9357655999999994,0,50,2,5,-2,6,2,8,4,25n,0,4n,8,25,50V_2A_25C
2.144829750322099e-07,2.096098911628085e-07,2.441997806620765e-07,53.2605259,6.521051799999996,4.240928661950184e-07,6.682926468570949e-07,53.2605259,6.521051799999996,2.487341000000007e-08,12.939723919964667,0.6069770000000005,0.6069770000000005,0.00446878929,0.7930229999999994,0,50,2,5,0,6,2,8,4,25n,1,4n,8,25,50V_2A_25C
3.9378122900815564e-07,2.0716673335860098e-07,2.869611827850255e-07,55.4497392,10.899478400000007,6.009479623667566e-07,8.879091451517822e-07,55.4497392,10.899478400000007,3.011995000000009e-08,12.910297673419501,-1.321597875,-1.321597875,-1.98684048,2.7215978749999996,0,50,2,5,-2,6,2,8,4,25n,1,4n,8,25,50V_2A_25C
2.151377337523411e-07,2.1666185237885582e-07,2.454030936640383e-07,53.3859248,6.771849599999996,4.3179958613119696e-07,6.772026797952353e-07,53.3859248,6.771849599999996,3.517146999999995e-08,12.142101132402491,1.97353996,1.97353996,0.00866863301,-0.5735399600000002,1,50,2,5,0,6,2,8,4,35n,0,4n,8,25,50V_2A_25C
4.0401358015090045e-07,2.1548276236339003e-07,2.764204470699508e-07,55.4809836,10.961967200000004,6.194963425142905e-07,8.959167895842413e-07,55.4809836,10.961967200000004,4.0061240000000054e-08,12.370358061872599,-0.5326234999999997,-0.5326234999999997,-1.97787957,1.9326234999999996,0,50,2,5,-2,6,2,8,4,35n,0,4n,8,25,50V_2A_25C
2.175569916968637e-07,2.119779634004077e-07,2.3818189174647432e-07,53.2605259,6.521051799999996,4.295349550972714e-07,6.677168468437457e-07,53.2605259,6.521051799999996,3.556351999999994e-08,12.659506830133685,0.6150818999999998,0.6150818999999998,0.00573835792,0.7849181000000001,0,50,2,5,0,6,2,8,4,35n,1,4n,8,25,50V_2A_25C
3.941584135912974e-07,2.1363160948053963e-07,2.7645747429887867e-07,55.4497392,10.899478400000007,6.07790023071837e-07,8.842474973707157e-07,55.4497392,10.899478400000007,4.006053000000002e-08,12.388207912139139,-1.320565327,-1.320565327,-1.98899034,2.720565327,0,50,2,5,-2,6,2,8,4,35n,1,4n,8,25,50V_2A_25C
2.3745984707313307e-07,1.7747379965342939e-06,8.300618114091503e-09,0.175759611,-99.648480778,2.012197843607427e-06,2.0204984617215185e-06,84.4243741,68.84874819999999,5.388800999999994e-08,24.864526900226622,3.82316675,1.2329979200000007,3.82316675,-2.42316675,1,50,2,5,0,6,2,8,8,5n,0,4n,8,25,50V_2A_25C
3.862750383805811e-07,2.3161547698169666e-07,1.73547775955999e-08,2.5795275,-94.840945,6.178905153622777e-07,6.352452929578776e-07,103.341951,106.68390199999997,6.441299000000008e-08,34.91382630857123,1.1611542,-0.949648192,1.1611542,0.2388458,0,50,2,5,-2,6,2,8,8,5n,0,4n,8,25,50V_2A_25C
2.2243018434633443e-07,4.2334441695854193e-07,1.031348970761696e-08,0.502798221,-98.99440355799999,6.457746013048764e-07,6.560880910124934e-07,107.663611,115.327222,6.019599999999997e-08,29.56393833772451,0.909665019,0.5959526999999998,0.909665019,0.49033498099999995,0,50,2,5,0,6,2,8,8,5n,1,4n,8,25,50V_2A_25C
3.711141392659226e-07,2.2908191422455065e-07,1.545772106442354e-08,3.1333868,-93.7332264,6.001960534904732e-07,6.156537745548968e-07,102.667341,105.33468199999999,6.441083000000008e-08,34.379546722086936,-1.19494274,-1.424408619,-1.19494274,2.5949427399999996,0,50,2,5,-2,6,2,8,8,5n,1,4n,8,25,50V_2A_25C
2.1503000294053633e-07,2.75704271301031e-07,9.297760837558581e-08,11.541625,-76.91675000000001,4.907342742415673e-07,5.837118826171531e-07,82.3622956,64.72459119999999,6.110500000000007e-08,23.46850188577583,1.73742258,1.1872952100000003,1.73742258,-0.33742258000000014,1,50,2,5,0,6,2,8,8,10n,0,4n,8,25,50V_2A_25C
3.9833336692511046e-07,2.1468609002637267e-07,2.0522728483705968e-07,30.2286624,-39.5426752,6.130194569514831e-07,8.182467417885428e-07,65.367327,30.734654000000006,4.8905e-08,15.307144634016678,-0.917621481,-0.917621481,-1.1412135,2.3176214809999998,0,50,2,5,-2,6,2,8,8,10n,0,4n,8,25,50V_2A_25C
2.0586606275390902e-07,2.1462335203658895e-07,1.6015550219656425e-07,25.9873236,-48.0253528,4.2048941479049797e-07,5.806449169870622e-07,69.8653993,39.730798600000014,5.2998470000000126e-08,17.307835363746122,0.5222537000000003,0.5222537000000003,0.209914089,0.8777462999999996,0,50,2,5,0,6,2,8,8,10n,1,4n,8,25,50V_2A_25C
3.838231434171872e-07,2.127470064987694e-07,2.0791545556657648e-07,30.540856,-38.918288,5.965701499159566e-07,8.044856054825331e-07,64.6835426,29.36708519999999,4.8805070000000035e-08,15.109394406597765,-1.4044417139999998,-1.4044417139999998,-1.85764748,2.8044417139999998,0,50,2,5,-2,6,2,8,8,10n,1,4n,8,25,50V_2A_25C
2.1501041450517922e-07,2.13823481939851e-07,2.4009184597373743e-07,42.6490655,-14.701869000000002,4.288338964450302e-07,6.689257424187676e-07,54.9213451,9.842690200000007,2.9762580000000117e-08,12.542560323710608,1.1921134700000007,1.1921134700000007,0.427925571,0.20788652999999924,0,50,2,5,0,6,2,8,8,15n,0,4n,8,25,50V_2A_25C
4.093996262480026e-07,2.1228436294122212e-07,2.932498892901444e-07,52.7223748,5.444749599999994,6.216839891892247e-07,9.149338784793691e-07,53.0440836,6.0881672,1.6054910000000064e-08,12.690407925522114,-0.915050374,-0.915050374,-1.84589375,2.315050374,0,50,2,5,-2,6,2,8,8,15n,0,4n,8,25,50V_2A_25C
2.07944781630038e-07,2.111631881153551e-07,2.526941330996498e-07,51.0798207,2.159641399999998,4.191079697453931e-07,6.718021028450429e-07,52.4356666,4.871333199999995,1.377305000000005e-08,12.764480138603096,0.5066682999999994,0.5066682999999994,0.0118288645,0.8933317000000005,0,50,2,5,0,6,2,8,8,15n,1,4n,8,25,50V_2A_25C
3.9356358157655813e-07,2.103136363684298e-07,2.924903117754409e-07,53.0755906,6.151181199999996,6.03877217944988e-07,8.963675297204289e-07,53.3097428,6.619485600000005,1.605487000000013e-08,12.712203634493228,-1.401964169,-1.401964169,-1.99007543,2.8019641689999997,0,50,2,5,-2,6,2,8,8,15n,1,4n,8,25,50V_2A_25C
2.2162177741013913e-07,2.1448254055326016e-07,2.596924790165077e-07,53.0413157,6.082631399999997,4.361043179633993e-07,6.95796796979907e-07,53.0413157,6.082631399999997,2.5647200000000135e-08,12.471922008745288,1.1910126400000003,1.1910126400000003,0.0125936603,0.20898735999999962,0,50,2,5,0,6,2,8,8,25n,0,4n,8,25,50V_2A_25C
4.0622526375565543e-07,2.0915569706584642e-07,2.9425195027166756e-07,55.3337059,10.667411799999995,6.153809608215018e-07,9.096329110931694e-07,55.3337059,10.667411799999995,3.0121750000000056e-08,12.898120486255133,-0.91543363,-0.91543363,-1.98002218,2.31543363,0,50,2,5,-2,6,2,8,8,25n,0,4n,8,25,50V_2A_25C
2.2046429677435998e-07,2.0957588501879198e-07,2.494005685851983e-07,53.2567184,6.513436799999994,4.30040181793152e-07,6.794407503783503e-07,53.2567184,6.513436799999994,2.503500000000009e-08,12.939070143918576,0.5425190000000004,0.5425190000000004,0.00464395781,0.8574809999999995,0,50,2,5,0,6,2,8,8,25n,1,4n,8,25,50V_2A_25C
3.8854617440958735e-07,2.0719109304175477e-07,2.9367394686364557e-07,55.4476677,10.895335399999995,5.957372674513421e-07,8.894112143149877e-07,55.4476677,10.895335399999995,3.011997999999999e-08,12.909259040193419,-1.404018977,-1.404018977,-1.98697724,2.804018977,0,50,2,5,-2,6,2,8,8,25n,1,4n,8,25,50V_2A_25C
2.1908276788950676e-07,2.1680383693286277e-07,2.5369322624498754e-07,53.0413157,6.082631399999997,4.358866048223695e-07,6.89579831067357e-07,53.0413157,6.082631399999997,3.5134650000000004e-08,12.123306577471165,1.1924978700000004,1.1924978700000004,0.0089287655,0.2075021299999995,0,50,2,5,0,6,2,8,8,35n,0,4n,8,25,50V_2A_25C
4.095301997980387e-07,2.1555159356064762e-07,2.8347533670826234e-07,55.3337059,10.667411799999995,6.250817933586863e-07,9.085571300669486e-07,55.3337059,10.667411799999995,4.006108000000011e-08,12.368930343397807,-0.91404163,-0.91404163,-1.97759737,2.31404163,0,50,2,5,-2,6,2,8,8,35n,0,4n,8,25,50V_2A_25C
2.1187771369072186e-07,2.119363103128352e-07,2.438115287960456e-07,53.2567184,6.513436799999994,4.2381402400355703e-07,6.676255527996026e-07,53.2567184,6.513436799999994,3.556199000000011e-08,12.6565733249118,0.5190020999999998,0.5190020999999998,0.00555985652,0.8809979000000001,0,50,2,5,0,6,2,8,8,35n,1,4n,8,25,50V_2A_25C
3.9182820903372107e-07,2.1367224150610212e-07,2.8299180779472476e-07,55.4476677,10.895335399999995,6.055004505398232e-07,8.88492258334548e-07,55.4476677,10.895335399999995,4.011050000000002e-08,12.388519627502774,-1.40276484,-1.40276484,-1.9889149,2.80276484,0,50,2,5,-2,6,2,8,8,35n,1,4n,8,25,50V_2A_25C
1.6848340977403748e-06,2.240384039964101e-07,6.289419114687926e-08,11.0989293,-77.8021414,1.908872501736785e-06,1.9717666928836644e-06,87.2946303,74.58926059999999,6.010502000000007e-08,23.541056394055236,4.83622108,4.83622108,0.668536597,-3.4362210799999997,1,50,2,5,0,6,8,8,1,5n,0,4n,8,25,50V_2A_25C
3.945451585653965e-07,2.1996929631335229e-07,7.950101132515384e-08,14.3499994,-71.3000012,6.145144548787487e-07,6.940154662039026e-07,82.1682057,64.3364114,5.6168190000000005e-08,20.30964999053002,4.150073260000001,4.150073260000001,-1.39875367,-2.750073260000001,1,50,2,5,-2,6,8,8,1,5n,0,4n,8,25,50V_2A_25C
1.979638309703959e-07,2.3836201837430745e-07,6.360870418976583e-08,11.0973656,-77.8052688,4.3632584934470336e-07,4.999345535344692e-07,87.2651129,74.53022580000001,5.999125000000008e-08,22.9167797301527,1.3466479000000007,1.3466479000000007,0.278042704,0.053352099999999236,0,50,2,5,0,6,8,8,1,5n,1,4n,8,25,50V_2A_25C
2.538225919191774e-07,2.2009005937741407e-07,8.100797082118614e-08,14.3491767,-71.3016466,4.7391265129659147e-07,5.549206221177776e-07,82.1729829,64.34596579999999,5.616800999999999e-08,20.328164147590094,-0.32280989999999576,-0.32280989999999576,-1.74927463,1.7228098999999957,0,50,2,5,-2,6,8,8,1,5n,1,4n,8,25,50V_2A_25C
4.848973661854884e-07,2.115017351377812e-07,1.9172735818094014e-07,42.0394651,-15.921069799999998,6.963991013232696e-07,8.881264595042098e-07,55.1001899,10.200379799999993,2.485504000000014e-08,11.817975276605047,4.234223909999999,4.234223909999999,0.127130595,-2.834223909999999,1,50,2,5,0,6,8,8,1,10n,0,4n,8,25,50V_2A_25C
2.4378799547583407e-07,2.0922647399276718e-07,2.026770084599599e-07,45.0513535,-9.897293000000005,4.5301446946860125e-07,6.556914779285612e-07,53.4361577,6.872315400000004,1.68550200000001e-08,11.109086052744617,2.0372833900000007,2.0372833900000007,-1.91725862,-0.6372833900000008,1,50,2,5,-2,6,8,8,1,10n,0,4n,8,25,50V_2A_25C
2.0868876343561391e-07,2.1163621755142355e-07,2.0866074942195008e-07,41.965576,-16.068848000000003,4.2032498098703744e-07,6.289857304089875e-07,55.3013675,10.602734999999996,2.8613830000000013e-08,11.848466252780419,0.6384795000000008,0.6384795000000008,0.0523754373,0.7615204999999992,0,50,2,5,0,6,8,8,1,10n,1,4n,8,25,50V_2A_25C
4.055873566728606e-07,2.0922363129311727e-07,2.2426518627717834e-07,44.9846411,-10.030717800000005,6.148109879659778e-07,8.390761742431562e-07,53.487442,6.974884000000003,1.6806450000000096e-08,11.114158191405267,-1.241838593,-1.241838593,-1.96776363,2.641838593,0,50,2,5,-2,6,8,8,1,10n,1,4n,8,25,50V_2A_25C
2.921817359506783e-07,2.1097311393294793e-07,2.0146133204379575e-07,53.1003585,6.200716999999997,5.031548498836262e-07,7.046161819274219e-07,53.1064426,6.212885200000003,1.615218000000012e-08,11.779976666775088,3.715700100000001,3.715700100000001,0.0103288747,-2.3157001000000013,1,50,2,5,0,6,8,8,1,15n,0,4n,8,25,50V_2A_25C
3.414513118178839e-07,2.0973140600218612e-07,2.2423679251099934e-07,53.419865,6.839730000000003,5.5118271782007e-07,7.754195103310694e-07,53.7353305,7.470661000000007,2.0482169999999966e-08,11.382437098410486,1.3664077,1.3664077,-1.98279287,0.03359230000000002,0,50,2,5,-2,6,8,8,1,15n,0,4n,8,25,50V_2A_25C
2.2196839451019605e-07,2.1048077781533406e-07,2.3383212936216976e-07,52.9281126,5.856225199999996,4.324491723255301e-07,6.662813016876998e-07,52.9281126,5.856225199999996,1.552324000000013e-08,11.721931052969088,0.6942767000000014,0.6942767000000014,0.00537065869,0.7057232999999985,0,50,2,5,0,6,8,8,1,15n,1,4n,8,25,50V_2A_25C
4.0130061700105026e-07,2.0966604213570742e-07,2.5739893269599967e-07,53.363084,6.726168000000001,6.109666591367577e-07,8.683655918327574e-07,53.6782141,7.356428199999995,2.037627999999998e-08,11.365958997434628,-1.2435751119999998,-1.2435751119999998,-1.9892715,2.6435751119999997,0,50,2,5,-2,6,8,8,1,15n,1,4n,8,25,50V_2A_25C
2.9399983148951906e-07,2.0910494661673428e-07,1.7371146158884951e-07,54.5936898,9.1873796,5.031047781062534e-07,6.768162396951029e-07,54.5936898,9.1873796,2.5615099999999947e-08,11.867893336509932,3.58745654,3.58745654,0.00969439971,-2.18745654,1,50,2,5,0,6,8,8,1,25n,0,4n,8,25,50V_2A_25C
3.5001881540997215e-07,2.059903410132178e-07,2.037903512295271e-07,56.1793987,12.3587974,5.5600915642319e-07,7.59799507652717e-07,56.1793987,12.3587974,3.005309000000002e-08,11.375066940444526,1.4978543000000002,1.4978543000000002,-1.98336358,-0.09785430000000028,1,50,2,5,-2,6,8,8,1,25n,0,4n,8,25,50V_2A_25C
2.1455992677341396e-07,2.0932824740171636e-07,2.2767880143400873e-07,52.9541358,5.908271600000006,4.238881741751303e-07,6.515669756091391e-07,52.9541358,5.908271600000006,2.5219110000000064e-08,11.74234917322181,0.6955953999999984,0.6955953999999984,0.00373260764,0.7044046000000015,0,50,2,5,0,6,8,8,1,25n,1,4n,8,25,50V_2A_25C
3.9428954649771266e-07,2.061240952366723e-07,2.496386988854474e-07,55.0326529,10.065305800000004,6.00413641734385e-07,8.500523406198325e-07,55.0326529,10.065305800000004,2.9925690000000145e-08,11.35860479947283,-1.246185432,-1.246185432,-1.99054775,2.6461854320000002,0,50,2,5,-2,6,8,8,1,25n,1,4n,8,25,50V_2A_25C
2.941758896463327e-07,2.115161732052454e-07,1.677844412852782e-07,54.5936898,9.1873796,5.056920628515781e-07,6.734765041368563e-07,54.5936898,9.1873796,3.5166689999999974e-08,11.64877838888007,3.58932963,3.58932963,0.00746372616,-2.18932963,1,50,2,5,0,6,8,8,1,35n,0,4n,8,25,50V_2A_25C
3.469166838254652e-07,2.1275292821374138e-07,1.977806658122494e-07,56.1793987,12.3587974,5.596696120392066e-07,7.57450277851456e-07,56.1793987,12.3587974,4.016137000000011e-08,10.97539062123194,1.490343900000001,1.490343900000001,-1.98145742,-0.09034390000000103,1,50,2,5,-2,6,8,8,1,35n,0,4n,8,25,50V_2A_25C
2.195408813009581e-07,2.1164507640343054e-07,2.218012245366411e-07,52.9541358,5.908271600000006,4.3118595770438866e-07,6.529871822410298e-07,52.9541358,5.908271600000006,3.5537110000000064e-08,11.544053185802476,0.6957904999999993,0.6957904999999993,0.00495436428,0.7042095000000006,0,50,2,5,0,6,8,8,1,35n,1,4n,8,25,50V_2A_25C
3.979839546880566e-07,2.1267839545836126e-07,2.3839946062375045e-07,55.0326529,10.065305800000004,6.106623501464178e-07,8.490618107701683e-07,55.0326529,10.065305800000004,4.0159570000000144e-08,10.996447298304378,-1.244352712,-1.244352712,-1.98952092,2.644352712,0,50,2,5,-2,6,8,8,1,35n,1,4n,8,25,50V_2A_25C
2.281505304858494e-07,2.2402296356664735e-07,6.518156548662728e-08,11.0942438,-77.8115124,4.5217349405249675e-07,5.17355059539124e-07,87.3049946,74.6099892,6.005501000000013e-08,23.552467996371732,1.8167301699999996,1.8167301699999996,0.668328629,-0.4167301699999997,1,50,2,5,0,6,8,8,4,5n,0,4n,8,25,50V_2A_25C
3.5453053061769084e-07,2.1996672713242576e-07,8.757630424748365e-08,14.345928,-71.308144,5.744972577501166e-07,6.620735619976003e-07,82.2133558,64.4267116,5.616793000000012e-08,20.336682390743867,-0.742386933,-0.742386933,-1.39829285,2.142386933,0,50,2,5,-2,6,8,8,4,5n,0,4n,8,25,50V_2A_25C
2.452969071333735e-07,2.385617243661354e-07,6.526423881474999e-08,11.0973269,-77.8053462,4.838586314995089e-07,5.491228703142589e-07,87.2552375,74.51047500000001,6.001035000000012e-08,22.914122160365373,0.5103568000000003,0.5103568000000003,0.277896283,0.8896431999999996,0,50,2,5,0,6,8,8,4,5n,1,4n,8,25,50V_2A_25C
3.451746521812838e-07,2.2008927582961702e-07,8.755984890934167e-08,14.3489611,-71.3020778,5.652639280109008e-07,6.528237769202425e-07,82.1736326,64.34726520000001,5.6168040000000096e-08,20.328269909657628,-1.374737021,-1.374737021,-1.74928325,2.774737021,0,50,2,5,-2,6,8,8,4,5n,1,4n,8,25,50V_2A_25C
2.1543981795284316e-07,2.1164025232791803e-07,2.1262323370968564e-07,41.9948739,-16.010252199999996,4.2708007028076117e-07,6.397033039904469e-07,55.2361076,10.472215199999994,2.8560270000000118e-08,11.837722057859446,1.9840815700000007,1.9840815700000007,0.128698811,-0.5840815700000008,1,50,2,5,0,6,8,8,4,10n,0,4n,8,25,50V_2A_25C
4.14558728937212e-07,2.0926133924857576e-07,2.413351339700073e-07,45.0092304,-9.9815392,6.238200681857878e-07,8.651552021557951e-07,53.4725447,6.9450894000000005,1.68550200000001e-08,11.112000793399663,-0.5347755999999997,-0.5347755999999997,-1.91642529,1.9347755999999996,0,50,2,5,-2,6,8,8,4,10n,0,4n,8,25,50V_2A_25C
2.232587812125979e-07,2.1164067136142372e-07,2.1293345822614267e-07,41.9642956,-16.0714088,4.348994525740216e-07,6.478329108001643e-07,55.3051887,10.610377400000004,2.861410999999997e-08,11.849025410639332,0.624460899999999,0.624460899999999,0.0523702135,0.7755391000000009,0,50,2,5,0,6,8,8,4,10n,1,4n,8,25,50V_2A_25C
3.8503339753759687e-07,2.0922437642064676e-07,2.4094536493444083e-07,44.983788,-10.032424000000006,5.942577739582436e-07,8.352031388926844e-07,53.4880451,6.976090200000001,1.680654e-08,11.114225284417497,-1.3242565389999998,-1.3242565389999998,-1.96776773,2.7242565389999998,0,50,2,5,-2,6,8,8,4,10n,1,4n,8,25,50V_2A_25C
2.1426629135017344e-07,2.108061376067102e-07,2.3755105493576705e-07,53.0017279,6.003455799999997,4.2507242895688364e-07,6.626234838926507e-07,53.0045704,6.009140799999998,1.5812000000000036e-08,11.746795670316363,1.9733772700000003,1.9733772700000003,0.00960230831,-0.5733772700000004,1,50,2,5,0,6,8,8,4,15n,0,4n,8,25,50V_2A_25C
3.986842727525991e-07,2.0971954468599384e-07,2.759614626717248e-07,53.3779406,6.755881200000005,6.08403817438593e-07,8.843652801103178e-07,53.6984692,7.396938399999997,2.0384159999999977e-08,11.369523494595697,-0.5267146,-0.5267146,-1.9830153,1.9267146,0,50,2,5,-2,6,8,8,4,15n,0,4n,8,25,50V_2A_25C
2.191827079077417e-07,2.1046095150317418e-07,2.38372230953554e-07,52.9227663,5.845532599999999,4.2964365941091587e-07,6.680158903644698e-07,52.9227663,5.845532599999999,1.552272000000015e-08,11.720095375936431,0.6225185,0.6225185,0.00530756892,0.7774814999999999,0,50,2,5,0,6,8,8,4,15n,1,4n,8,25,50V_2A_25C
3.9233051582305e-07,2.096656062410341e-07,2.7456083168490056e-07,53.3614187,6.722837400000003,6.019961220640841e-07,8.765569537489847e-07,53.6770375,7.354074999999995,2.037653000000004e-08,11.365741613616837,-1.320606345,-1.320606345,-1.98926957,2.720606345,0,50,2,5,-2,6,8,8,4,15n,1,4n,8,25,50V_2A_25C
2.1679970497388113e-07,2.0925179686728426e-07,2.2942535842776551e-07,53.4040654,6.808130800000002,4.260515018411654e-07,6.554768602689309e-07,53.4040654,6.808130800000002,2.5525180000000082e-08,11.784180635831854,1.9729015499999996,1.9729015499999996,0.00924918161,-0.5729015499999996,1,50,2,5,0,6,8,8,4,25n,0,4n,8,25,50V_2A_25C
4.032837849266013e-07,2.0626063528730222e-07,2.6548509975492435e-07,55.4470154,10.894030799999996,6.095444202139035e-07,8.750295199688278e-07,55.4470154,10.894030799999996,2.6280239999999965e-08,11.365666556934825,-0.5357893999999987,-0.5357893999999987,-1.98515122,1.9357893999999987,0,50,2,5,-2,6,8,8,4,25n,0,4n,8,25,50V_2A_25C
2.144300638319958e-07,2.0932790088428446e-07,2.3267072585340302e-07,52.9653638,5.930727599999998,4.2375796471628023e-07,6.564286905696833e-07,52.9653638,5.930727599999998,2.5115260000000067e-08,11.73982936981095,0.6069936000000009,0.6069936000000009,0.00373202478,0.793006399999999,0,50,2,5,0,6,8,8,4,25n,1,4n,8,25,50V_2A_25C
3.9372331959614023e-07,2.0611620591541796e-07,2.6625969858454397e-07,55.0148445,10.029689000000005,5.998395255115582e-07,8.660992240961022e-07,55.0148445,10.029689000000005,2.9926780000000076e-08,11.358335826562701,-1.321588268,-1.321588268,-1.99052876,2.7215882679999996,0,50,2,5,-2,6,8,8,4,25n,1,4n,8,25,50V_2A_25C
2.3735157578506572e-07,2.2402828062311262e-07,7.033459065635595e-08,11.087071,-77.825858,4.613798564081783e-07,5.317144470645343e-07,87.3133349,74.6266698,6.00550000000001e-08,23.561483299366547,1.233072270000001,1.233072270000001,0.668218158,0.16692772999999894,0,50,2,5,0,6,8,8,8,5n,0,4n,8,25,50V_2A_25C
3.861995844326861e-07,2.1995948996846461e-07,9.199283714163378e-08,14.3437863,-71.3124274,6.061590744011508e-07,6.981519115427845e-07,82.2165039,64.43300780000001,5.6167970000000054e-08,20.339315843314008,-0.949512092,-0.949512092,-1.39840123,2.349512092,0,50,2,5,-2,6,8,8,8,5n,0,4n,8,25,50V_2A_25C
2.224547831753145e-07,2.385980117900923e-07,7.023997792079589e-08,11.0973016,-77.8053968,4.610527949654068e-07,5.312927728862026e-07,87.2319113,74.46382259999999,6.000087000000004e-08,22.91405465390143,0.595922100000001,0.595922100000001,0.278009168,0.8040778999999989,0,50,2,5,0,6,8,8,8,5n,1,4n,8,25,50V_2A_25C
3.714620762893251e-07,2.2008781660440584e-07,9.201176003915068e-08,14.3487542,-71.3024916,5.915498928937309e-07,6.835616529328816e-07,82.1741655,64.348331,5.616806999999999e-08,20.328306150098587,-1.4242227230000002,-1.4242227230000002,-1.74929154,2.824222723,0,50,2,5,-2,6,8,8,8,5n,1,4n,8,25,50V_2A_25C
2.1504367986597377e-07,2.1166124502687458e-07,2.2336686203730587e-07,53.4040654,6.808130800000002,4.267049248928484e-07,6.500717869301543e-07,53.4040654,6.808130800000002,3.525679000000007e-08,11.575725827341758,1.9734694200000007,1.9734694200000007,0.00785741327,-0.5734694200000008,1,50,2,5,0,6,8,8,4,35n,0,4n,8,25,50V_2A_25C
4.038997929880216e-07,2.1276242614752208e-07,2.5458161908306285e-07,55.4470154,10.894030799999996,6.166622191355437e-07,8.712438382186065e-07,55.4470154,10.894030799999996,4.0160159999999955e-08,11.005975640071547,-0.5326184000000005,-0.5326184000000005,-1.9814274,1.9326184000000004,0,50,2,5,-2,6,8,8,4,35n,0,4n,8,25,50V_2A_25C
2.175119357519954e-07,2.1167131546638833e-07,2.2662363277284852e-07,52.9653638,5.930727599999998,4.291832512183837e-07,6.558068839912323e-07,52.9653638,5.930727599999998,3.553345000000013e-08,11.543373638006251,0.6150830999999997,0.6150830999999997,0.00498441291,0.7849169000000003,0,50,2,5,0,6,8,8,4,35n,1,4n,8,25,50V_2A_25C
3.9408448874026034e-07,2.1267431107952271e-07,2.5538976995226035e-07,55.0148445,10.029689000000005,6.06758799819783e-07,8.621485697720434e-07,55.0148445,10.029689000000005,4.0159490000000066e-08,10.995699768165087,-1.320559572,-1.320559572,-1.98950705,2.720559572,0,50,2,5,-2,6,8,8,4,35n,1,4n,8,25,50V_2A_25C
2.1513379609990333e-07,2.1168450096609732e-07,2.189288408826657e-07,41.9753591,-16.049281800000003,4.2681829706600067e-07,6.457471379486663e-07,55.2828525,10.565704999999994,2.8562279999999998e-08,11.845370164807534,1.187253590000001,1.187253590000001,0.12906298,0.21274640999999894,0,50,2,5,0,6,8,8,8,10n,0,4n,8,25,50V_2A_25C
3.9824414661294195e-07,2.0927148128494058e-07,2.482112142367941e-07,44.998791,-10.002418000000006,6.075156278978825e-07,8.557268421346766e-07,53.4823643,6.964728600000001,1.6855850000000146e-08,11.113002831949093,-0.917855725,-0.917855725,-1.91619293,2.317855725,0,50,2,5,-2,6,8,8,8,10n,0,4n,8,25,50V_2A_25C
2.0583920626431142e-07,2.1164483946190492e-07,2.1853056218198922e-07,41.9630112,-16.073977600000006,4.1748404572621636e-07,6.360146079082055e-07,55.3090728,10.618145600000005,2.8614380000000102e-08,11.849597626693567,0.5223038000000013,0.5223038000000013,0.0523654226,0.8776961999999986,0,50,2,5,0,6,8,8,8,10n,1,4n,8,25,50V_2A_25C
3.837525904495222e-07,2.0922517769563063e-07,2.4773424578686206e-07,44.9829699,-10.034060199999999,5.929777681451528e-07,8.407120139320148e-07,53.4890553,6.978110599999993,1.6806620000000077e-08,11.114319975625792,-1.404431368,-1.404431368,-1.96776366,2.804431368,0,50,2,5,-2,6,8,8,8,10n,1,4n,8,25,50V_2A_25C
2.148599169749952e-07,2.1066152199883628e-07,2.4440687971412004e-07,52.9576514,5.915302800000006,4.255214389738315e-07,6.699283186879515e-07,52.9576514,5.915302800000006,1.562411999999994e-08,11.732917232069225,1.1921854799999991,1.1921854799999991,0.00912999343,0.20781452000000078,0,50,2,5,0,6,8,8,8,15n,0,4n,8,25,50V_2A_25C
4.0925224070779726e-07,2.0971458673376805e-07,2.815047497218537e-07,53.3649019,6.7298038,6.189668274415653e-07,9.00471577163419e-07,53.6862403,7.372480600000004,2.038592000000001e-08,11.366746411464828,-0.91500417,-0.91500417,-1.98306279,2.31500417,0,50,2,5,-2,6,8,8,8,15n,0,4n,8,25,50V_2A_25C
2.0796519772714522e-07,2.1044245611984257e-07,2.442476203348899e-07,52.9175472,5.835094400000003,4.184076538469878e-07,6.626552741818777e-07,52.9175472,5.835094400000003,1.547088000000014e-08,11.718298125790561,0.5067920000000008,0.5067920000000008,0.00523990672,0.8932079999999991,0,50,2,5,0,6,8,8,8,15n,1,4n,8,25,50V_2A_25C
3.9355700592138886e-07,2.0966546036769795e-07,2.8101157032270185e-07,53.3597511,6.719502199999994,6.032224662890868e-07,8.842340366117887e-07,53.6759062,7.3518124,2.0376820000000033e-08,11.365535135713909,-1.4019564629999999,-1.4019564629999999,-1.98926734,2.801956463,0,50,2,5,-2,6,8,8,8,15n,1,4n,8,25,50V_2A_25C
2.2157453853966194e-07,2.0934874911024305e-07,2.3756324893668945e-07,52.9969492,5.993898400000006,4.30923287649905e-07,6.684865365865945e-07,52.9969492,5.993898400000006,2.5429469999999967e-08,11.758478655343906,1.1910364100000006,1.1910364100000006,0.00839175519,0.2089635899999993,0,50,2,5,0,6,8,8,8,25n,0,4n,8,25,50V_2A_25C
4.062008399545891e-07,2.0621588351825192e-07,2.7280705648606486e-07,55.1820317,10.364063400000006,6.12416723472841e-07,8.852237799589059e-07,55.1820317,10.364063400000006,2.9876779999999966e-08,11.361050192527495,-0.9154790230000001,-0.9154790230000001,-1.98482912,2.315479023,0,50,2,5,-2,6,8,8,8,25n,0,4n,8,25,50V_2A_25C
2.2043272736302513e-07,2.0931505028115931e-07,2.3784445609912915e-07,52.9968153,5.993630600000004,4.297477776441844e-07,6.675922337433136e-07,52.9968153,5.993630600000004,2.503500000000009e-08,11.737433232603468,0.5425041999999998,0.5425041999999998,0.00378863853,0.8574958000000001,0,50,2,5,0,6,8,8,8,25n,1,4n,8,25,50V_2A_25C
3.8847421731798504e-07,2.061059591974681e-07,2.7297678494020915e-07,54.9994641,9.998928199999995,5.945801765154531e-07,8.675569614556622e-07,54.9994641,9.998928199999995,2.992781e-08,11.358181120544181,-1.40401129,-1.40401129,-1.99050306,2.80401129,0,50,2,5,-2,6,8,8,8,25n,1,4n,8,25,50V_2A_25C
2.1895058535718335e-07,2.1167795656030086e-07,2.3166249744180095e-07,52.9969492,5.993898400000006,4.306285419174842e-07,6.622910393592851e-07,52.9969492,5.993898400000006,3.5372929999999966e-08,11.554041500582548,1.1925491699999995,1.1925491699999995,0.00826578119,0.20745083000000042,0,50,2,5,0,6,8,8,8,35n,0,4n,8,25,50V_2A_25C
4.094327997302283e-07,2.1273964773812968e-07,2.616409399172483e-07,55.1820317,10.364063400000006,6.22172447468358e-07,8.838133873856063e-07,55.1820317,10.364063400000006,4.0159940000000004e-08,11.0004177356203,-0.914044981,-0.914044981,-1.981552,2.314044981,0,50,2,5,-2,6,8,8,8,35n,0,4n,8,25,50V_2A_25C
2.1181631388967078e-07,2.1167865669628673e-07,2.3228246198204316e-07,52.9968153,5.993630600000004,4.234949705859575e-07,6.557774325680006e-07,52.9968153,5.993630600000004,3.558321e-08,11.543170071950902,0.5190153999999989,0.5190153999999989,0.00500178156,0.880984600000001,0,50,2,5,0,6,8,8,8,35n,1,4n,8,25,50V_2A_25C
3.917571641769138e-07,2.1260532255665424e-07,2.619219661516195e-07,54.9994641,9.998928199999995,6.04362486733568e-07,8.662844528851875e-07,54.9994641,9.998928199999995,4.018666999999998e-08,10.994860477503128,-1.402756945,-1.402756945,-1.98949052,2.8027569449999996,0,50,2,5,-2,6,8,8,8,35n,1,4n,8,25,50V_2A_25C
1.5412047301336262e-06,1.7745094474514793e-06,7.620045701814166e-10,0.17573917,-99.64852166,3.3157141775851053e-06,3.3164761821552867e-06,84.4345118,68.86902359999999,5.391772000000014e-08,24.86526022359604,4.9791907900000005,4.9791907900000005,3.82398024,-3.5791907900000006,1,50,2,5,0,8,2,8,1,5n,0,4n,8,25,50V_2A_25C
2.972049123064615e-07,2.3159654805021943e-07,5.131502474070729e-09,2.58056902,-94.83886195999999,5.288014603566809e-07,5.339329628307517e-07,103.33844,106.67688000000003,6.441131999999995e-08,34.9120992647895,4.31617237,4.31617237,1.1598326,-2.9161723700000004,1,50,2,5,-2,8,2,8,1,5n,0,4n,8,25,50V_2A_25C
1.4570804880130996e-07,4.233083992553078e-07,3.677307146966314e-09,0.502824444,-98.994351112,5.690164480566177e-07,5.72693755203584e-07,107.663087,115.32617400000001,6.019642000000001e-08,29.56571628454509,1.3464938000000046,1.3464938000000046,0.909668044,0.053506199999995285,0,50,2,5,0,8,2,8,1,5n,1,4n,8,25,50V_2A_25C
1.9512570291912959e-07,2.2907949863707308e-07,4.527819978597163e-09,3.13353661,-93.73292678,4.2420520155620267e-07,4.287330215347998e-07,102.667263,105.33452600000001,6.441056999999998e-08,34.37902058914756,-0.32524809999999604,-0.32524809999999604,-1.19493445,1.725248099999996,0,50,2,5,-2,8,2,8,1,5n,1,4n,8,25,50V_2A_25C
3.7756151172133795e-07,2.746645777383642e-07,6.591073315330945e-08,11.5466148,-76.9067704,6.522260894597021e-07,7.181368226130115e-07,82.3842739,64.7685478,6.110502000000014e-08,23.471193675225685,4.3613186399999995,4.3613186399999995,1.73669593,-2.9613186399999996,1,50,2,5,0,8,2,8,1,10n,0,4n,8,25,50V_2A_25C
1.7054659520696857e-07,2.1451889649974987e-07,1.6001419264162394e-07,30.2501298,-39.4997404,3.8506549170671844e-07,5.450796843483424e-07,65.2821449,30.56428980000001,4.8905010000000036e-08,15.276891853826369,2.191011920000001,2.191011920000001,-1.14519989,-0.7910119200000012,1,50,2,5,-2,8,2,8,1,10n,0,4n,8,25,50V_2A_25C
1.50562875268179e-07,2.1408563482062728e-07,1.502386050217155e-07,25.9792923,-48.0414154,3.646485100888063e-07,5.148871151105218e-07,69.8619667,39.72393339999999,5.300670000000012e-08,17.306258021910594,0.6852906500000007,0.6852906500000007,0.210091401,0.7147093499999992,0,50,2,5,0,8,2,8,1,10n,1,4n,8,25,50V_2A_25C
3.0331979267490794e-07,2.1274549510400168e-07,1.8442505154302773e-07,30.5338496,-38.9323008,5.160652877789097e-07,7.004903393219374e-07,64.6817869,29.36357380000001,4.880504999999996e-08,15.108875590213724,-1.187037801,-1.187037801,-1.8576807,2.587037801,0,50,2,5,-2,8,2,8,1,10n,1,4n,8,25,50V_2A_25C
2.1997259231332112e-07,2.137186854186533e-07,1.9808712451631933e-07,42.7073252,-14.585349599999999,4.336912777319744e-07,6.317784022482938e-07,54.7462191,9.492438199999995,2.9755040000000083e-08,12.519629992945259,3.831462730000001,3.831462730000001,0.42085523,-2.431462730000001,1,50,2,5,0,8,2,8,1,15n,0,4n,8,25,50V_2A_25C
2.4414261695515345e-07,2.122533721099265e-07,2.3630681868947272e-07,52.7684095,5.536818999999993,4.563959890650799e-07,6.927028077545527e-07,53.0434909,6.086981800000003,1.6054980000000107e-08,12.701216448068793,1.46241266,1.46241266,-1.84662372,-0.06241266000000012,1,50,2,5,-2,8,2,8,1,15n,0,4n,8,25,50V_2A_25C
1.6511653610162796e-07,2.1116531835289202e-07,2.423529265027985e-07,51.085167,2.170333999999997,3.7628185445452e-07,6.186347809573185e-07,52.4399739,4.8799477999999965,1.3771530000000041e-08,12.76523081999359,0.7417161300000004,0.7417161300000004,0.0118152379,0.6582838699999995,0,50,2,5,0,8,2,8,1,15n,1,4n,8,25,50V_2A_25C
3.0043453258300036e-07,2.103123362155834e-07,2.6891854267271686e-07,53.079752,6.159503999999998,5.107468687985837e-07,7.796654114713006e-07,53.3121894,6.6243788000000015,1.6054879999999956e-08,12.712567379960122,-1.188901086,-1.188901086,-1.98996688,2.588901086,0,50,2,5,-2,8,2,8,1,15n,1,4n,8,25,50V_2A_25C
2.2011707361228387e-07,2.1384227762667178e-07,1.9995412469060033e-07,54.5282814,9.056562799999995,4.3395935123895565e-07,6.33913475929556e-07,54.5282814,9.056562799999995,2.6007339999999992e-08,12.543278519804103,3.691798340000001,3.691798340000001,0.0151063257,-2.291798340000001,1,50,2,5,0,8,2,8,1,25n,0,4n,8,25,50V_2A_25C
2.5125251041079306e-07,2.0856948386511985e-07,2.2946325805877194e-07,56.4106151,12.821230200000002,4.598219942759129e-07,6.892852523346848e-07,56.4106151,12.821230200000002,3.414452999999998e-08,12.91995295503807,1.5888604700000002,1.5888604700000002,-1.97493823,-0.18886047000000028,1,50,2,5,-2,8,2,8,1,25n,0,4n,8,25,50V_2A_25C
1.5922777728261692e-07,2.0964748602388573e-07,2.3917899965877323e-07,53.2644548,6.528909600000007,3.6887526330650266e-07,6.080542629652758e-07,53.2644548,6.528909600000007,2.482153000000013e-08,12.940712826817514,0.7479169099999998,0.7479169099999998,0.00430312981,0.6520830900000001,0,50,2,5,0,8,2,8,1,25n,1,4n,8,25,50V_2A_25C
2.939683440688048e-07,2.071474186951598e-07,2.7033060694931333e-07,55.4519143,10.903828599999997,5.011157627639646e-07,7.714463697132779e-07,55.4519143,10.903828599999997,3.017157000000015e-08,12.911309542216488,-1.190369118,-1.190369118,-1.98672514,2.590369118,0,50,2,5,-2,8,2,8,1,25n,1,4n,8,25,50V_2A_25C
2.2031768968991038e-07,2.1662975249687014e-07,1.8966615064181718e-07,54.5282814,9.056562799999995,4.3694744218678055e-07,6.266135928285977e-07,54.5282814,9.056562799999995,3.5274230000000016e-08,12.152836028018582,3.693177070000001,3.693177070000001,0.00929675757,-2.293177070000001,1,50,2,5,0,8,2,8,1,35n,0,4n,8,25,50V_2A_25C
2.4873304503088273e-07,2.1537234275158917e-07,2.1263592820783274e-07,56.4106151,12.821230200000002,4.6410538778247187e-07,6.767413159903046e-07,56.4106151,12.821230200000002,4.001346999999999e-08,12.315777525552836,1.5886060400000002,1.5886060400000002,-1.97822762,-0.18860604000000025,1,50,2,5,-2,8,2,8,1,35n,0,4n,8,25,50V_2A_25C
1.6346575090804723e-07,2.1198113600815874e-07,2.333834869591185e-07,53.2644548,6.528909600000007,3.7544688691620597e-07,6.088303738753244e-07,53.2644548,6.528909600000007,3.5624860000000104e-08,12.662485907219358,0.7455744000000006,0.7455744000000006,0.00586672612,0.6544255999999993,0,50,2,5,0,8,2,8,1,35n,1,4n,8,25,50V_2A_25C
2.97429503733053e-07,2.135974973864211e-07,2.594565869515409e-07,55.4519143,10.903828599999997,5.110270011194741e-07,7.70483588071015e-07,55.4519143,10.903828599999997,4.006055000000009e-08,12.388050265596567,-1.1896776199999999,-1.1896776199999999,-1.98905554,2.58967762,0,50,2,5,-2,8,2,8,1,35n,1,4n,8,25,50V_2A_25C
1.7361441462777156e-07,1.7746771432340317e-06,3.10865834498628e-09,0.175748499,-99.648503002,1.9482915578618033e-06,1.9514002162067895e-06,84.4268619,68.85372380000001,5.388486999999999e-08,24.86474870743048,3.82336887,1.8818973299999993,3.82336887,-2.42336887,1,50,2,5,0,8,2,8,4,5n,0,4n,8,25,50V_2A_25C
2.76937549623311e-07,2.3161177922227557e-07,1.2956223809196899e-08,2.57989798,-94.84020404,5.085493288455865e-07,5.215055526547834e-07,103.34131,106.68261999999999,6.441242000000013e-08,34.913616153921964,1.16050724,-0.6812446300000001,1.16050724,0.23949275999999986,0,50,2,5,-2,8,2,8,4,5n,0,4n,8,25,50V_2A_25C
1.857615422193837e-07,4.233098738795717e-07,5.33487048176517e-09,0.502808496,-98.994383008,6.090714160989554e-07,6.144062865807205e-07,107.663363,115.32672600000002,6.019621000000009e-08,29.566206046672384,0.909665019,0.5360798800000008,0.909665019,0.49033498099999995,0,50,2,5,0,8,2,8,4,5n,1,4n,8,25,50V_2A_25C
2.59640994025445e-07,2.2908074488464183e-07,1.107991362877033e-08,3.13348572,-93.73302856000001,4.887217389100869e-07,4.998016525388572e-07,102.66723,105.33445999999999,6.441070000000003e-08,34.37922844676084,-1.19494052,-1.326443498,-1.19494052,2.5949405199999998,0,50,2,5,-2,8,2,8,4,5n,1,4n,8,25,50V_2A_25C
1.608232540218127e-07,2.754368558441732e-07,8.662939812639546e-08,11.5429117,-76.9141766,4.3626010986598593e-07,5.228895079923814e-07,82.3653188,64.7306376,6.110502000000014e-08,23.46962369512551,2.0535828800000004,2.0535828800000004,1.73705607,-0.6535828800000005,1,50,2,5,0,8,2,8,4,10n,0,4n,8,25,50V_2A_25C
3.184902273875128e-07,2.1465347754770756e-07,1.984262947436387e-07,30.2322529,-39.5354942,5.331437049352204e-07,7.31569999678859e-07,65.3518964,30.703792800000002,4.8905e-08,15.301242300289328,-0.46356761000000013,-0.46356761000000013,-1.14203635,1.86356761,0,50,2,5,-2,8,2,8,4,10n,0,4n,8,25,50V_2A_25C
1.6709543346161484e-07,2.1410452757739812e-07,1.5454813066622523e-07,25.9897666,-48.0204668,3.81199961039013e-07,5.357480917052382e-07,69.8644519,39.72890380000001,5.300758000000014e-08,17.306941558981695,0.6666024799999999,0.6666024799999999,0.210138968,0.73339752,0,50,2,5,0,8,2,8,4,10n,1,4n,8,25,50V_2A_25C
2.8353549781463355e-07,2.1274643722366722e-07,2.0112652142034755e-07,30.5384408,-38.9231184,4.962819350383007e-07,6.974084564586483e-07,64.682585,29.365170000000006,4.880506e-08,15.109113287468105,-1.273037502,-1.273037502,-1.85766528,2.6730375019999997,0,50,2,5,-2,8,2,8,4,10n,1,4n,8,25,50V_2A_25C
1.5919883307286863e-07,2.1379656263856e-07,2.3352557993350085e-07,42.6618442,-14.676311600000005,3.729953957114286e-07,6.065209756449295e-07,54.8834724,9.766944800000005,2.9760520000000056e-08,12.537352329151553,2.0417792199999996,2.0417792199999996,0.426486548,-0.6417792199999997,1,50,2,5,0,8,2,8,4,15n,0,4n,8,25,50V_2A_25C
3.055603885961271e-07,2.1228069523208748e-07,2.877433740759937e-07,52.7334318,5.466863599999997,5.178410838282146e-07,8.055844579042083e-07,53.0475817,6.095163400000003,1.6054930000000137e-08,12.692590941419988,-0.40403088000000054,-0.40403088000000054,-1.84611949,1.8040308800000004,0,50,2,5,-2,8,2,8,4,15n,0,4n,8,25,50V_2A_25C
1.6377464327881685e-07,2.1116429616780637e-07,2.4688595665628563e-07,51.0825456,2.165091200000006,3.749389394466232e-07,6.218248961029088e-07,52.4378213,4.875642600000006,1.3773410000000085e-08,12.764864788581063,0.6681396299999998,0.6681396299999998,0.0118214769,0.7318603700000001,0,50,2,5,0,8,2,8,4,15n,1,4n,8,25,50V_2A_25C
2.8945660944981164e-07,2.1031297690869912e-07,2.8611784215349426e-07,53.0777018,6.1554036,4.997695863585108e-07,7.85887428512005e-07,53.3109592,6.621918399999998,1.605487000000013e-08,12.71239045104163,-1.2706654990000001,-1.2706654990000001,-1.9900215,2.670665499,0,50,2,5,-2,8,2,8,4,15n,1,4n,8,25,50V_2A_25C
1.6189409663885264e-07,2.1430460825398486e-07,2.5129730735971356e-07,53.3859352,6.771870399999998,3.761987048928375e-07,6.27496012252551e-07,53.3859352,6.771870399999998,2.5605050000000125e-08,12.489331278942855,2.04126225,2.04126225,0.0121582291,-0.64126225,1,50,2,5,0,8,2,8,4,25n,0,4n,8,25,50V_2A_25C
3.099757738687678e-07,2.091756668810716e-07,2.8680131299253706e-07,55.4809352,10.961870399999995,5.191514407498394e-07,8.059527537423764e-07,55.4809352,10.961870399999995,3.007613999999999e-08,12.901618316536013,-0.41311032000000036,-0.41311032000000036,-1.98020931,1.8131103200000003,0,50,2,5,-2,8,2,8,4,25n,0,4n,8,25,50V_2A_25C
1.580550290217622e-07,2.0960991472601363e-07,2.441998365862641e-07,53.2605293,6.5210586000000035,3.676649437477758e-07,6.118647803340399e-07,53.2605293,6.5210586000000035,2.487341000000007e-08,12.939753937566193,0.6521043399999993,0.6521043399999993,0.00446899263,0.7478956600000006,0,50,2,5,0,8,2,8,4,25n,1,4n,8,25,50V_2A_25C
2.9298275789193524e-07,2.071668087207382e-07,2.86961265261534e-07,55.4497304,10.8994608,5.001495666126734e-07,7.871108318742074e-07,55.4497304,10.8994608,3.011995000000009e-08,12.910321398388076,-1.270463388,-1.270463388,-1.98684056,2.670463388,0,50,2,5,-2,8,2,8,4,25n,1,4n,8,25,50V_2A_25C
1.6008190202205063e-07,2.1666200743682586e-07,2.454031593405973e-07,53.3859352,6.771870399999998,3.7674390945887646e-07,6.221470687994737e-07,53.3859352,6.771870399999998,3.517146999999995e-08,12.142142283095362,2.0422379299999998,2.0422379299999998,0.00866870043,-0.6422379299999998,1,50,2,5,0,8,2,8,4,35n,0,4n,8,25,50V_2A_25C
3.1044359783153584e-07,2.154828222348569e-07,2.764204874060253e-07,55.4809352,10.961870399999995,5.259264200663927e-07,8.023469074724179e-07,55.4809352,10.961870399999995,4.0061240000000054e-08,12.370382977438759,-0.4103749599999995,-0.4103749599999995,-1.97787966,1.8103749599999994,0,50,2,5,-2,8,2,8,4,35n,0,4n,8,25,50V_2A_25C
1.6175571855719753e-07,2.1197795425466198e-07,2.381819208185937e-07,53.2605293,6.5210586000000035,3.737336728118595e-07,6.119155936304532e-07,53.2605293,6.5210586000000035,3.556351999999994e-08,12.659535662129935,0.6603119900000003,0.6603119900000003,0.00573823073,0.7396880099999996,0,50,2,5,0,8,2,8,4,35n,1,4n,8,25,50V_2A_25C
2.921369381756794e-07,2.1363166266661256e-07,2.764575240948452e-07,55.4497304,10.8994608,5.057686008422919e-07,7.822261249371371e-07,55.4497304,10.8994608,4.006053000000002e-08,12.388232086570792,-1.270457176,-1.270457176,-1.98899037,2.670457176,0,50,2,5,-2,8,2,8,4,35n,1,4n,8,25,50V_2A_25C
1.8333257230284498e-07,1.7747353441263022e-06,8.30069659153125e-09,0.175761363,-99.648477274,1.958067916429147e-06,1.9663686130206785e-06,84.4243666,68.8487332,5.388800999999994e-08,24.864522246005325,3.82316479,1.2938955500000002,3.82316479,-2.42316479,1,50,2,5,0,8,2,8,8,5n,0,4n,8,25,50V_2A_25C
2.9661475360455874e-07,2.3161543042127768e-07,1.735500004208609e-08,2.57956447,-94.84087105999998,5.282301840258364e-07,5.455851840679225e-07,103.341814,106.68362799999998,6.441298000000004e-08,34.91372013531694,1.16115083,-0.88592732,1.16115083,0.23884916999999994,0,50,2,5,-2,8,2,8,8,5n,0,4n,8,25,50V_2A_25C
1.695249395385965e-07,4.2334338845233294e-07,1.0313556301872464e-08,0.502805404,-98.994389192,5.928683279909295e-07,6.03181884292802e-07,107.663548,115.32709600000003,6.019599999999997e-08,29.563934465600006,0.909664277,0.6373063300000004,0.909664277,0.49033572299999995,0,50,2,5,0,8,2,8,8,5n,1,4n,8,25,50V_2A_25C
2.749984187622436e-07,2.2908192609232292e-07,1.5535548043119952e-08,3.13342727,-93.73314546,5.040803448545665e-07,5.196158928976865e-07,102.667205,105.33440999999999,6.441083000000008e-08,34.379451133076344,-1.19494426,-1.379652701,-1.19494426,2.59494426,0,50,2,5,-2,8,2,8,8,5n,1,4n,8,25,50V_2A_25C
1.6019417942652325e-07,2.7570259193857793e-07,9.294661983106626e-08,11.5417463,-76.9165074,4.358967713651012e-07,5.288433911961674e-07,82.3622258,64.72445160000001,6.110500000000007e-08,23.468471957478428,1.73741826,1.2507618000000003,1.73741826,-0.3374182600000002,1,50,2,5,0,8,2,8,8,10n,0,4n,8,25,50V_2A_25C
3.0276016800960686e-07,2.146861425607616e-07,2.0518692648726496e-07,30.228904,-39.542192,5.174463105703685e-07,7.226332370576334e-07,65.36709,30.73418000000001,4.8905e-08,15.30707560007546,-0.8213079799999994,-0.8213079799999994,-1.14122097,2.2213079799999993,0,50,2,5,-2,8,2,8,8,10n,0,4n,8,25,50V_2A_25C
1.50236619935553e-07,2.1462338983653555e-07,1.601566559455808e-07,25.9875461,-48.0249078,3.648600097720885e-07,5.250166657176693e-07,69.8651653,39.7303306,5.2998470000000126e-08,17.30775351172494,0.5654196500000008,0.5654196500000008,0.20991199,0.8345803499999991,0,50,2,5,0,8,2,8,8,10n,1,4n,8,25,50V_2A_25C
2.796084724390729e-07,2.1274705116287776e-07,2.0791681127429476e-07,30.541096,-38.917808,4.923555236019506e-07,7.002723348762453e-07,64.6833153,29.366630600000008,4.8805070000000035e-08,15.109329542031428,-1.358708863,-1.358708863,-1.85765002,2.758708863,0,50,2,5,-2,8,2,8,8,10n,1,4n,8,25,50V_2A_25C
1.594882592396014e-07,2.1382369570973886e-07,2.4009287953612923e-07,42.649346,-14.701307999999997,3.733119549493403e-07,6.134048344854695e-07,54.9211463,9.842292599999993,2.9762580000000117e-08,12.542569866823706,1.2562396799999993,1.2562396799999993,0.427917667,0.1437603200000006,0,50,2,5,0,8,2,8,8,15n,0,4n,8,25,50V_2A_25C
3.142702221657236e-07,2.1228440602420475e-07,2.932830925470488e-07,52.7224237,5.444847400000001,5.265546281899284e-07,8.198377207369772e-07,53.0440925,6.088184999999997,1.6054910000000064e-08,12.690433551378177,-0.8337152100000003,-0.8337152100000003,-1.84589646,2.23371521,0,50,2,5,-2,8,2,8,8,15n,0,4n,8,25,50V_2A_25C
1.5019424476562671e-07,2.111632288185383e-07,2.526944738737693e-07,51.0799569,2.159913799999998,3.61357473584165e-07,6.140519474579343e-07,52.4356915,4.8713829999999945,1.377305000000005e-08,12.764511156848434,0.5452886799999987,0.5452886799999987,0.0118283222,0.8547113200000012,0,50,2,5,0,8,2,8,8,15n,1,4n,8,25,50V_2A_25C
2.8981213799787575e-07,2.103136759223682e-07,2.924908070324357e-07,53.0756282,6.151256399999994,5.001258139202439e-07,7.926166209526796e-07,53.3097527,6.619505399999993,1.605487000000013e-08,12.712228525465772,-1.356978309,-1.356978309,-1.99007539,2.756978309,0,50,2,5,-2,8,2,8,8,15n,1,4n,8,25,50V_2A_25C
1.669907625684145e-07,2.144827008729222e-07,2.5969263515877637e-07,53.0413696,6.082739200000005,3.814734634413367e-07,6.41166098600113e-07,53.0413696,6.082739200000005,2.5647200000000135e-08,12.471962960147383,1.2556622199999996,1.2556622199999996,0.0125935952,0.1443377800000003,0,50,2,5,0,8,2,8,8,25n,0,4n,8,25,50V_2A_25C
3.1105379482131996e-07,2.0915574672143858e-07,2.942520847099754e-07,55.3336953,10.667390600000003,5.202095415427585e-07,8.144616262527339e-07,55.3336953,10.667390600000003,3.0121750000000056e-08,12.898145570354094,-0.8328294400000003,-0.8328294400000003,-1.98002193,2.23282944,0,50,2,5,-2,8,2,8,8,25n,0,4n,8,25,50V_2A_25C
1.653335322447992e-07,2.095759087829049e-07,2.494006603315044e-07,53.2567218,6.513443600000003,3.749094410277041e-07,6.243101013592085e-07,53.2567218,6.513443600000003,2.503500000000009e-08,12.93910028456731,0.5824331100000002,0.5824331100000002,0.00464415539,0.8175668899999997,0,50,2,5,0,8,2,8,8,25n,1,4n,8,25,50V_2A_25C
2.863011894286764e-07,2.0719123613444017e-07,2.936740708765064e-07,55.4476589,10.8953178,4.934924255631166e-07,7.87166496439623e-07,55.4476589,10.8953178,3.011997999999999e-08,12.90928263516233,-1.357891719,-1.357891719,-1.98697732,2.757891719,0,50,2,5,-2,8,2,8,8,25n,1,4n,8,25,50V_2A_25C
1.6401867125698538e-07,2.1680400033993376e-07,2.536933636392216e-07,53.0413696,6.082739200000005,3.8082267159691915e-07,6.345160352361408e-07,53.0413696,6.082739200000005,3.5134650000000004e-08,12.1233474708982,1.25721769,1.25721769,0.00892894119,0.14278230999999986,0,50,2,5,0,8,2,8,8,35n,0,4n,8,25,50V_2A_25C
3.144037319738113e-07,2.1555164671829298e-07,2.8347542407979185e-07,55.3336953,10.667390600000003,5.299553786921043e-07,8.134308027718961e-07,55.3336953,10.667390600000003,4.006108000000011e-08,12.36895521173056,-0.8302209700000001,-0.8302209700000001,-1.97759743,2.23022097,0,50,2,5,-2,8,2,8,8,35n,0,4n,8,25,50V_2A_25C
1.5498489873775716e-07,2.1193630370473005e-07,2.438115968071901e-07,53.2567218,6.513443600000003,3.6692120244248723e-07,6.107327992496774e-07,53.2567218,6.513443600000003,3.556199000000011e-08,12.656602178128004,0.5578262499999997,0.5578262499999997,0.00555971559,0.8421737500000002,0,50,2,5,0,8,2,8,8,35n,1,4n,8,25,50V_2A_25C
2.89264552110922e-07,2.1367229470928518e-07,2.8299189714263545e-07,55.4476589,10.8953178,5.029368468202072e-07,7.859287439628426e-07,55.4476589,10.8953178,4.011050000000002e-08,12.388543838979405,-1.356746318,-1.356746318,-1.98891493,2.756746318,0,50,2,5,-2,8,2,8,8,35n,1,4n,8,25,50V_2A_25C
1.5446816300077439e-06,2.2403825840944262e-07,6.289487189226447e-08,11.099045,-77.80190999999999,1.7687198884171864e-06,1.831614760309451e-06,87.2944235,74.58884699999999,6.010502000000007e-08,23.540934454733414,4.98102129,4.98102129,0.668533888,-3.5810212900000002,1,50,2,5,0,8,8,8,1,5n,0,4n,8,25,50V_2A_25C
2.9721080844006074e-07,2.1996921944091972e-07,7.950174035276765e-08,14.3501394,-71.2997212,5.171800278809805e-07,5.966817682337481e-07,82.1679744,64.33594880000001,5.6168190000000005e-08,20.309519172712754,4.316173629999999,4.316173629999999,-1.39875663,-2.916173629999999,1,50,2,5,-2,8,8,8,1,5n,0,4n,8,25,50V_2A_25C
1.4565240726687214e-07,2.3836109640544273e-07,6.360940905441734e-08,11.0974718,-77.8050564,3.8401350367231484e-07,4.476229127267322e-07,87.2649247,74.52984939999999,5.999125000000008e-08,22.916703739736633,1.347688599999998,1.347688599999998,0.278041454,0.052311400000002006,0,50,2,5,0,8,8,8,1,5n,1,4n,8,25,50V_2A_25C
1.9503858552342595e-07,2.2008998364215892e-07,8.100868783317085e-08,14.3493127,-71.3013746,4.1512856916558487e-07,4.961372569987558e-07,82.1727704,64.34554080000001,5.616800999999999e-08,20.328038362451128,-0.32281000000000404,-0.32281000000000404,-1.74927599,1.722810000000004,0,50,2,5,-2,8,8,8,1,5n,1,4n,8,25,50V_2A_25C
3.774565922950455e-07,2.1150172966379424e-07,1.9172808062478316e-07,42.0397698,-15.920460399999998,5.889583219588397e-07,7.806864025836229e-07,55.0999728,10.199945600000007,2.485504000000014e-08,11.81794995740098,4.3613257,4.3613257,0.12712617,-2.9613257,1,50,2,5,0,8,8,8,1,10n,0,4n,8,25,50V_2A_25C
1.7036465266493805e-07,2.0922646949064148e-07,2.0267756488889185e-07,45.0516279,-9.8967442,3.7959112215557954e-07,5.822686870444714e-07,53.4359938,6.871987599999998,1.68550200000001e-08,11.109070194225563,2.1909939299999994,2.1909939299999994,-1.91726206,-0.7909939299999995,1,50,2,5,-2,8,8,8,1,10n,0,4n,8,25,50V_2A_25C
1.5047788508291038e-07,2.1163619602492993e-07,2.0866154727390318e-07,41.9658527,-16.0682946,3.621140811078403e-07,5.707756283817435e-07,55.3011688,10.602337599999998,2.8613830000000013e-08,11.84844194588825,0.6853444800000004,0.6853444800000004,0.0523736966,0.7146555199999995,0,50,2,5,0,8,8,8,1,10n,1,4n,8,25,50V_2A_25C
3.03198245241601e-07,2.092236195378079e-07,2.2426592581368502e-07,44.9849048,-10.030190399999995,5.124218647794089e-07,7.366877905930939e-07,53.487285,6.97457,1.6806450000000096e-08,11.114142107021813,-1.187035539,-1.187035539,-1.96776506,2.587035539,0,50,2,5,-2,8,8,8,1,10n,1,4n,8,25,50V_2A_25C
2.1972353508365575e-07,2.1097320349496104e-07,2.014609126829185e-07,53.1004147,6.2008294000000035,4.3069673857861677e-07,6.321576512615353e-07,53.1065021,6.2130042,1.615218000000012e-08,11.779991338518931,3.8314422399999994,3.8314422399999994,0.0103294907,-2.4314422399999995,1,50,2,5,0,8,8,8,1,15n,0,4n,8,25,50V_2A_25C
2.439984241867149e-07,2.0973147100341572e-07,2.2429338026957097e-07,53.4199602,6.839920399999996,4.537298951901306e-07,6.780232754597016e-07,53.7354142,7.470828400000003,2.0482169999999966e-08,11.382443619560119,1.4621114200000003,1.4621114200000003,-1.98279258,-0.06211142000000036,1,50,2,5,-2,8,8,8,1,15n,0,4n,8,25,50V_2A_25C
1.65088422706772e-07,2.1048082093942002e-07,2.3382853712943924e-07,52.9281149,5.856229799999994,3.75569243646192e-07,6.093977807756313e-07,52.9281149,5.856229799999994,1.552324000000013e-08,11.72194091730558,0.7416544800000002,0.7416544800000002,0.00537082137,0.6583455199999997,0,50,2,5,0,8,8,8,1,15n,1,4n,8,25,50V_2A_25C
3.0040405014179595e-07,2.0966609667570367e-07,2.5739381403213216e-07,53.3631707,6.7263413999999955,5.100701468174996e-07,7.674639608496317e-07,53.6782982,7.356596400000001,2.037627999999998e-08,11.365965230930707,-1.188914144,-1.188914144,-1.98927146,2.588914144,0,50,2,5,-2,8,8,8,1,15n,1,4n,8,25,50V_2A_25C
2.19985639793504e-07,2.0910501955917746e-07,1.7371090723287185e-07,54.5936619,9.187323800000001,4.290906593526815e-07,6.028015665855534e-07,54.5936619,9.187323800000001,2.5615099999999947e-08,11.86790190984114,3.69154846,3.69154846,0.00969418795,-2.29154846,1,50,2,5,0,8,8,8,1,25n,0,4n,8,25,50V_2A_25C
2.511972200380231e-07,2.0599038921473142e-07,2.0378962124034602e-07,56.1794144,12.358828799999996,4.571876092527545e-07,6.609772304931005e-07,56.1794144,12.358828799999996,3.005309000000002e-08,11.375068214625879,1.5886281699999998,1.5886281699999998,-1.98336373,-0.18862816999999987,1,50,2,5,-2,8,8,8,1,25n,0,4n,8,25,50V_2A_25C
1.5916912827121138e-07,2.0932832816249113e-07,2.27678713004975e-07,52.9541746,5.9083492000000035,3.684974564337025e-07,5.961761694386775e-07,52.9541746,5.9083492000000035,2.5219100000000028e-08,11.742355249356432,0.7479445699999996,0.7479445699999996,0.00373258264,0.6520554300000003,0,50,2,5,0,8,8,8,1,25n,1,4n,8,25,50V_2A_25C
2.938877241146149e-07,2.0612412410043762e-07,2.496384975635709e-07,55.0326534,10.065306800000002,5.000118482150525e-07,7.496503457786234e-07,55.0326534,10.065306800000002,2.9925690000000145e-08,11.35860574882996,-1.190409839,-1.190409839,-1.99054766,2.590409839,0,50,2,5,-2,8,8,8,1,25n,1,4n,8,25,50V_2A_25C
2.2019483067945363e-07,2.1151623909468483e-07,1.6778389550700052e-07,54.5936619,9.187323800000001,4.3171106977413846e-07,5.99494965281139e-07,54.5936619,9.187323800000001,3.5166689999999974e-08,11.648789306395798,3.6929288299999996,3.6929288299999996,0.00746387451,-2.2929288299999997,1,50,2,5,0,8,8,8,1,35n,0,4n,8,25,50V_2A_25C
2.486783329051346e-07,2.1275295893731817e-07,1.9778419810686292e-07,56.1794144,12.358828799999996,4.6143129184245277e-07,6.592154899493157e-07,56.1794144,12.358828799999996,4.016137000000011e-08,10.97539578326141,1.58840861,1.58840861,-1.98145741,-0.1884086100000002,1,50,2,5,-2,8,8,8,1,35n,0,4n,8,25,50V_2A_25C
1.6344208946169566e-07,2.1164512013935285e-07,2.2180114780565707e-07,52.9541746,5.9083492000000035,3.7508720960104854e-07,5.968883574067056e-07,52.9541746,5.9083492000000035,3.5537110000000064e-08,11.544061504369774,0.7455604299999994,0.7455604299999994,0.00495438212,0.6544395700000005,0,50,2,5,0,8,8,8,1,35n,1,4n,8,25,50V_2A_25C
2.9738630299290914e-07,2.1267842678937597e-07,2.3839926805345951e-07,55.0326534,10.065306800000002,5.100647297822852e-07,7.484639978357447e-07,55.0326534,10.065306800000002,4.0159570000000144e-08,10.996450727265453,-1.189682129,-1.189682129,-1.98952097,2.589682129,0,50,2,5,-2,8,8,8,1,35n,1,4n,8,25,50V_2A_25C
1.7345005471284275e-07,2.2402282602891188e-07,6.520000791125912e-08,11.0943498,-77.8113004,3.9747288074175463e-07,4.6267288865301374e-07,87.304804,74.60960800000001,6.005501000000013e-08,23.55235686076144,1.8821191699999993,1.8821191699999993,0.668326128,-0.4821191699999994,1,50,2,5,0,8,8,8,4,5n,0,4n,8,25,50V_2A_25C
2.76742463675079e-07,2.1996665274923186e-07,8.757709039085924e-08,14.346064,-71.307872,4.967091164243109e-07,5.842862068151701e-07,82.2131314,64.42626279999999,5.616793000000012e-08,20.336556088412223,-0.6810220000000005,-0.6810220000000005,-1.39829572,2.0810220000000004,0,50,2,5,-2,8,8,8,4,5n,0,4n,8,25,50V_2A_25C
1.857443070182137e-07,2.3856082475010936e-07,6.526489212762973e-08,11.0974332,-77.8051336,4.2430513176832303e-07,4.895700238959527e-07,87.2550369,74.51007379999999,6.001034000000009e-08,22.914046838647003,0.5360850800000003,0.5360850800000003,0.277895206,0.8639149199999996,0,50,2,5,0,8,8,8,4,5n,1,4n,8,25,50V_2A_25C
2.596396912798283e-07,2.200891998227932e-07,8.756063462388092e-08,14.349097,-71.301806,4.797288911026216e-07,5.672895257265025e-07,82.1734202,64.34684039999999,5.6168040000000096e-08,20.328144165092986,-1.326480804,-1.326480804,-1.74928461,2.726480804,0,50,2,5,-2,8,8,8,4,5n,1,4n,8,25,50V_2A_25C
1.6079317037674065e-07,2.116402344277236e-07,2.125938252270537e-07,41.9951515,-16.009697000000003,3.724334048044642e-07,5.850272300315179e-07,55.2359114,10.471822799999998,2.8560270000000118e-08,11.83769812218629,2.0534992900000004,2.0534992900000004,0.128694822,-0.6534992900000005,1,50,2,5,0,8,8,8,4,10n,0,4n,8,25,50V_2A_25C
3.185283836004974e-07,2.0926133229859616e-07,2.413360271308414e-07,45.0094946,-9.981010800000007,5.277897158990935e-07,7.691257430299349e-07,53.4723829,6.944765799999999,1.68550200000001e-08,11.111984798719396,-0.46421290999999965,-0.46421290999999965,-1.91642853,1.8642129099999996,0,50,2,5,-2,8,8,8,4,10n,0,4n,8,25,50V_2A_25C
1.67046825789574e-07,2.1164064971163924e-07,2.1291246036369845e-07,41.9645726,-16.070854800000006,3.7868747550121323e-07,5.915999358649116e-07,55.3049896,10.609979199999998,2.861410999999997e-08,11.849001064840728,0.66659165,0.66659165,0.0523684702,0.7334083499999999,0,50,2,5,0,8,8,8,4,10n,1,4n,8,25,50V_2A_25C
2.8347613740393255e-07,2.092243644736866e-07,2.4094624158183246e-07,44.9840516,-10.031896799999998,4.927005018776192e-07,7.336467434594516e-07,53.4878878,6.975775600000007,1.680654e-08,11.114209175588002,-1.273016981,-1.273016981,-1.96776916,2.673016981,0,50,2,5,-2,8,8,8,4,10n,1,4n,8,25,50V_2A_25C
1.5912852694439702e-07,2.1080619944416615e-07,2.3755095637498798e-07,53.0017724,6.003544799999999,3.6993472638856315e-07,6.074856827635511e-07,53.0046175,6.009235000000003,1.5812000000000036e-08,11.746807586943076,2.0417036499999996,2.0417036499999996,0.00960276643,-0.6417036499999997,1,50,2,5,0,8,8,8,4,15n,0,4n,8,25,50V_2A_25C
3.053808997806809e-07,2.097197462827136e-07,2.759616166620443e-07,53.3780292,6.756058400000001,5.151006460633946e-07,7.910622627254389e-07,53.6985529,7.3971058000000065,2.0384159999999977e-08,11.369529634954079,-0.40386910000000054,-0.40386910000000054,-1.98301493,1.8038691000000004,0,50,2,5,-2,8,8,8,4,15n,0,4n,8,25,50V_2A_25C
1.6374466933502292e-07,2.104609932170418e-07,2.3837217986039725e-07,52.922766,5.845532000000005,3.7420566255206474e-07,6.12577842412462e-07,52.922766,5.845532000000005,1.552272000000015e-08,11.720105143943345,0.6681203,0.6681203,0.0053077164,0.7318796999999999,0,50,2,5,0,8,8,8,4,15n,1,4n,8,25,50V_2A_25C
2.8937904923056756e-07,2.0966567510509313e-07,2.745609778426469e-07,53.3615052,6.723010400000008,4.990447243356607e-07,7.736057021783076e-07,53.6771216,7.354243199999998,2.037653000000004e-08,11.365747868379803,-1.270673726,-1.270673726,-1.98926954,2.670673726,0,50,2,5,-2,8,8,8,4,15n,1,4n,8,25,50V_2A_25C
1.6182739333001426e-07,2.092519262881106e-07,2.294252768881542e-07,53.4040619,6.808123800000004,3.7107931961812486e-07,6.005045965062791e-07,53.4040619,6.808123800000004,2.5525220000000016e-08,11.784186471328017,2.04112485,2.04112485,0.00924893004,-0.6411248500000002,1,50,2,5,0,8,8,8,4,25n,0,4n,8,25,50V_2A_25C
3.10017307726219e-07,2.0626064119927212e-07,2.654850084858408e-07,55.447017,10.894034000000007,5.162779489254912e-07,7.81762957411332e-07,55.447017,10.894034000000007,2.6280239999999965e-08,11.365667556910852,-0.4131833999999994,-0.4131833999999994,-1.98515124,1.8131833999999993,0,50,2,5,-2,8,8,8,4,25n,0,4n,8,25,50V_2A_25C
1.5801111904615695e-07,2.0932793253662327e-07,2.326706773800992e-07,52.9654024,5.930804800000004,3.673390515827802e-07,6.000097289628794e-07,52.9654024,5.930804800000004,2.5115260000000067e-08,11.739835260758955,0.6521211199999994,0.6521211199999994,0.00373203631,0.7478788800000005,0,50,2,5,0,8,8,8,4,25n,1,4n,8,25,50V_2A_25C
2.929372880352659e-07,2.061162344232199e-07,2.6625961288045446e-07,55.0148463,10.029692600000004,4.990535224584858e-07,7.653131353389402e-07,55.0148463,10.029692600000004,2.9926780000000076e-08,11.358336797739177,-1.2704594020000002,-1.2704594020000002,-1.99052867,2.670459402,0,50,2,5,-2,8,8,8,4,25n,1,4n,8,25,50V_2A_25C
1.6000564583421826e-07,2.1166128107675108e-07,2.233667871640756e-07,53.4040619,6.808123800000004,3.7166692691096934e-07,5.950337140750449e-07,53.4040619,6.808123800000004,3.5256800000000104e-08,11.575734149285758,2.0421582899999997,2.0421582899999997,0.00785758446,-0.6421582899999998,1,50,2,5,0,8,8,8,4,35n,0,4n,8,25,50V_2A_25C
3.1032636692472313e-07,2.1276245190707247e-07,2.5458153949009667e-07,55.447017,10.894034000000007,5.230888188317956e-07,7.776703583218922e-07,55.447017,10.894034000000007,4.0160159999999955e-08,11.005979306946331,-0.41035555000000024,-0.41035555000000024,-1.98142741,1.8103555500000001,0,50,2,5,-2,8,8,8,4,35n,0,4n,8,25,50V_2A_25C
1.6172260243316972e-07,2.116713783716093e-07,2.266235949740447e-07,52.9654024,5.930804800000004,3.73393980804779e-07,6.000175757788237e-07,52.9654024,5.930804800000004,3.553344000000009e-08,11.543382036066546,0.6603085299999991,0.6603085299999991,0.00498442081,0.7396914700000008,0,50,2,5,0,8,8,8,4,35n,1,4n,8,25,50V_2A_25C
2.9207417484196657e-07,2.126743432359948e-07,2.5538969555306033e-07,55.0148463,10.029692600000004,5.047485180779614e-07,7.601382136310217e-07,55.0148463,10.029692600000004,4.0159490000000066e-08,10.99570318999402,-1.2704639,-1.2704639,-1.9895071,2.6704638999999997,0,50,2,5,-2,8,8,8,4,35n,1,4n,8,25,50V_2A_25C
1.8321332238055805e-07,2.2402814179693194e-07,7.033528466468393e-08,11.0871763,-77.82564740000001,4.0724146417749e-07,4.77576748842174e-07,87.313145,74.62629000000001,6.00550000000001e-08,23.561372994654995,1.2939487900000008,1.2939487900000008,0.668215664,0.10605120999999906,0,50,2,5,0,8,8,8,8,5n,0,4n,8,25,50V_2A_25C
2.9651133967991016e-07,2.1995941485253941e-07,9.199366506530351e-08,14.3439222,-71.3121556,5.164707545324496e-07,6.084644195977531e-07,82.2162916,64.43258320000001,5.6167970000000054e-08,20.339189655590562,-0.885911318,-0.885911318,-1.39840411,2.285911318,0,50,2,5,-2,8,8,8,8,5n,0,4n,8,25,50V_2A_25C
1.6929958851508516e-07,2.385970711481831e-07,7.027098136008108e-08,11.097408,-77.805184,4.078966596632683e-07,4.781676410233494e-07,87.2317182,74.4634364,6.000087000000004e-08,22.91397821461167,0.6372506099999997,0.6372506099999997,0.278007894,0.7627493900000002,0,50,2,5,0,8,8,8,8,5n,1,4n,8,25,50V_2A_25C
2.747127039630617e-07,2.2008774073555586e-07,9.194285377421522e-08,14.3488902,-71.3022196,4.948004446986176e-07,5.867432984728328e-07,82.1739531,64.34790620000001,5.616806999999999e-08,20.328180434285155,-1.379806905,-1.379806905,-1.7492929,2.779806905,0,50,2,5,-2,8,8,8,8,5n,1,4n,8,25,50V_2A_25C
1.6023735226920948e-07,2.1168448049409817e-07,2.1892971087748674e-07,41.9756347,-16.0487306,3.7192183276330764e-07,5.908515436407944e-07,55.2826554,10.565310800000006,2.8562279999999998e-08,11.845346070788903,1.2507360700000003,1.2507360700000003,0.12905897,0.1492639299999996,0,50,2,5,0,8,8,8,8,10n,0,4n,8,25,50V_2A_25C
3.0260780025921473e-07,2.092714696150342e-07,2.482121394420864e-07,44.999055,-10.001890000000003,5.11879269874249e-07,7.600914093163354e-07,53.4822078,6.964415599999995,1.6855850000000146e-08,11.112986778467645,-0.8211090300000006,-0.8211090300000006,-1.91619619,2.2211090300000005,0,50,2,5,-2,8,8,8,8,10n,0,4n,8,25,50V_2A_25C
1.5021799064396793e-07,2.1164481741266054e-07,2.1853143723496444e-07,41.9632885,-16.073423000000005,3.6186280805662845e-07,5.803942452915929e-07,55.3088734,10.617746800000006,2.8614380000000102e-08,11.84957323729145,0.5654674800000006,0.5654674800000006,0.0523636764,0.8345325199999993,0,50,2,5,0,8,8,8,8,10n,1,4n,8,25,50V_2A_25C
2.795343071003821e-07,2.0922516575034664e-07,2.4773515763765294e-07,44.9832335,-10.033533000000006,4.887594728507288e-07,7.364946304883817e-07,53.4888979,6.9777957999999956,1.6806620000000077e-08,11.114303857910913,-1.358691094,-1.358691094,-1.96776509,2.758691094,0,50,2,5,-2,8,8,8,8,10n,1,4n,8,25,50V_2A_25C
1.5931970735654414e-07,2.1066157433466163e-07,2.444068502084922e-07,52.9576556,5.915311200000006,3.699812816912058e-07,6.14388131899698e-07,52.9576556,5.915311200000006,1.562411999999994e-08,11.73292777758712,1.25636862,1.25636862,0.00913036573,0.14363137999999998,0,50,2,5,0,8,8,8,8,15n,0,4n,8,25,50V_2A_25C
3.1407806442007756e-07,2.0971452218834125e-07,2.815940065331643e-07,53.3649895,6.729979000000001,5.237925866084189e-07,8.053865931415832e-07,53.6863239,7.372647799999995,2.0385930000000045e-08,11.36675290333304,-0.833602,-0.833602,-1.98306243,2.233602,0,50,2,5,-2,8,8,8,8,15n,0,4n,8,25,50V_2A_25C
1.5021344893604444e-07,2.1044251718253758e-07,2.44247612028954e-07,52.9175466,5.835093200000004,3.60655966118582e-07,6.04903578147536e-07,52.9175466,5.835093200000004,1.5470870000000104e-08,11.718307342879262,0.5453868599999998,0.5453868599999998,0.00524004213,0.8546131400000001,0,50,2,5,0,8,8,8,8,15n,1,4n,8,25,50V_2A_25C
2.8975196095435475e-07,2.0966552863610449e-07,2.809396565161893e-07,53.3598374,6.719674800000007,4.994174895904592e-07,7.803571461066485e-07,53.6759903,7.351980600000004,2.0376820000000033e-08,11.36554134357714,-1.356947672,-1.356947672,-1.9892673,2.756947672,0,50,2,5,-2,8,8,8,8,15n,1,4n,8,25,50V_2A_25C
1.670011982205159e-07,2.0934878425383842e-07,2.375632427109549e-07,52.9969598,5.993919599999998,3.763499824743543e-07,6.139132251853092e-07,52.9969598,5.993919599999998,2.5429469999999967e-08,11.75848389697564,1.2556681000000012,1.2556681000000012,0.00839143186,0.14433189999999874,0,50,2,5,0,8,8,8,8,25n,0,4n,8,25,50V_2A_25C
3.110748740782575e-07,2.0621590605030256e-07,2.7280700701204525e-07,55.1820331,10.364066199999998,5.1729078012856e-07,7.900977871406053e-07,55.1820331,10.364066199999998,2.9876779999999966e-08,11.361051094745829,-0.8328552800000004,-0.8328552800000004,-1.98482914,2.2328552800000003,0,50,2,5,-2,8,8,8,8,25n,0,4n,8,25,50V_2A_25C
1.6533205960061663e-07,2.0931511725953475e-07,2.3784444383124676e-07,52.9968571,5.993714199999999,3.746471768601514e-07,6.124916206913981e-07,52.9968571,5.993714199999999,2.503500000000009e-08,11.737439506975543,0.5823946499999995,0.5823946499999995,0.0037886738,0.8176053500000005,0,50,2,5,0,8,8,8,8,25n,1,4n,8,25,50V_2A_25C
2.8624348779073876e-07,2.0610598786661115e-07,2.729767426445823e-07,54.9994656,9.998931200000001,4.923494756573499e-07,7.653262183019322e-07,54.9994656,9.998931200000001,2.992781e-08,11.35818211257286,-1.357883352,-1.357883352,-1.99050297,2.757883352,0,50,2,5,-2,8,8,8,8,25n,1,4n,8,25,50V_2A_25C
1.6389324219413942e-07,2.1167799796495816e-07,2.3166250604862799e-07,52.9969598,5.993919599999998,3.755712401590976e-07,6.072337462077256e-07,52.9969598,5.993919599999998,3.5372929999999966e-08,11.554049330077275,1.2572851099999998,1.2572851099999998,0.00826594701,0.14271489000000015,0,50,2,5,0,8,8,8,8,35n,0,4n,8,25,50V_2A_25C
3.1430591748325895e-07,2.1273967509178848e-07,2.6164090395917884e-07,55.1820331,10.364066199999998,5.270455925750475e-07,7.886864965342263e-07,55.1820331,10.364066199999998,4.0159940000000004e-08,11.000421203272891,-0.8302464399999998,-0.8302464399999998,-1.98155201,2.2302464399999997,0,50,2,5,-2,8,8,8,8,35n,0,4n,8,25,50V_2A_25C
1.549306395403674e-07,2.1167868591068318e-07,2.322824632859149e-07,52.9968571,5.993714199999999,3.666093254510506e-07,5.988917887369655e-07,52.9968571,5.993714199999999,3.558321e-08,11.543178514250148,0.5578422600000001,0.5578422600000001,0.00500177646,0.8421577399999998,0,50,2,5,0,8,8,8,8,35n,1,4n,8,25,50V_2A_25C
2.892048854673534e-07,2.126053321694607e-07,2.6192192975595394e-07,54.9994656,9.998931200000001,5.018102176368141e-07,7.63732147392768e-07,54.9994656,9.998931200000001,4.018666999999998e-08,10.994863888564424,-1.3567200289999999,-1.3567200289999999,-1.98949056,2.756720029,0,50,2,5,-2,8,8,8,8,35n,1,4n,8,25,50V_2A_25C
3.643258694463032e-05,6.972691770521235e-06,3.9271637688257855e-08,3.43736907,-98.281315465,4.340527871515156e-05,4.344455035283982e-05,245.818773,22.909386499999997,1.5120989999999984e-08,258.99726558251683,4.80100593,3.563451999999984,4.80100593,-3.5510059299999996,1,200,10,5,0,1,2,8,1,5n,0,4n,8,125,200V_10A_125C
1.725459569466836e-05,1.846343316652579e-06,4.812087379300072e-07,50.9187129,-74.54064355,1.910093901132094e-05,1.9582147749250947e-05,269.928969,34.9644845,4.4005050000000025e-08,248.12683365750686,2.5416179999999997,2.5416179999999997,1.83164702,-1.2916179999999997,1,200,10,5,-2,1,2,8,1,5n,0,4n,8,125,200V_10A_125C
1.603048586272058e-05,2.7337831032944064e-06,6.576843689991583e-08,16.8234009,-91.58829955000002,1.8764268966014986e-05,1.8830037402914903e-05,278.100231,39.050115500000004,3.232038000000012e-08,252.7117284912456,1.3118840000000205,1.3118840000000205,0.934280365,-0.06188400000002048,1,200,10,5,0,1,2,8,1,5n,1,4n,8,125,200V_10A_125C
1.8944396403242225e-05,1.77770766430962e-06,5.388906820468132e-07,62.2115337,-68.89423315,2.0722104067551847e-05,2.126099474959866e-05,267.363684,33.68184199999999,3.8475000000000085e-08,240.17839502642028,-0.3379329999999925,-0.3379329999999925,-1.12738848,1.5879329999999925,0,200,10,5,-2,1,2,8,1,5n,1,4n,8,125,200V_10A_125C
2.746160785440978e-05,2.726705759463526e-06,1.5711537777235487e-06,175.556415,-12.221792500000006,3.0188313613873308e-05,3.175946739159685e-05,216.552492,8.276246,1.996620000000002e-08,236.5378103444809,3.069897999999995,3.069897999999995,1.40435091,-1.819897999999995,1,200,10,5,0,1,2,8,1,10n,0,4n,8,125,200V_10A_125C
1.86427690568958e-05,1.840212254447506e-06,1.64209810860927e-06,214.915612,7.457806000000005,2.0482981311343306e-05,2.2125079419952574e-05,216.571209,8.285604500000005,1.7111719999999965e-08,213.68466156040796,1.7855810000000076,1.7855810000000076,-1.30249649,-0.5355810000000076,1,200,10,5,-2,1,2,8,1,10n,0,4n,8,125,200V_10A_125C
1.6190178785577566e-05,1.7368752715326167e-06,1.7505685044806998e-06,207.211198,3.605598999999998,1.792705405711018e-05,1.967762256159088e-05,208.442426,4.221213000000006,7.875000000000115e-09,228.01104502077052,0.3955219999999997,0.3955219999999997,0.0580663054,0.8544780000000003,0,200,10,5,0,1,2,8,1,10n,1,4n,8,125,200V_10A_125C
1.9195949969946516e-05,1.760206930304302e-06,1.7972127152624322e-06,210.722218,5.361108999999999,2.095615690025082e-05,2.2753369615513252e-05,213.74135,6.870675000000006,1.1075000000000144e-08,210.99245457662713,-1.6979890000000069,-1.6979890000000069,-1.9214123,2.947989000000007,0,200,10,5,-2,1,2,8,1,10n,1,4n,8,125,200V_10A_125C
2.6266384154184777e-05,2.724106355227646e-06,1.5391585865442586e-06,220.102265,10.051132499999994,2.8990490509412424e-05,3.0529649095956684e-05,220.102265,10.051132499999994,2.5222660000000024e-08,241.12338839848616,2.992668000000009,2.992668000000009,0.357572036,-1.742668000000009,1,200,10,5,0,1,2,8,1,15n,0,4n,8,125,200V_10A_125C
1.906449899651924e-05,1.8360095833474362e-06,1.426751857598348e-06,218.760275,9.380137500000004,2.0900508579866676e-05,2.2327260437465025e-05,218.760275,9.380137500000004,2.2361939999999993e-08,217.59459175967075,1.8543400000000076,1.8543400000000076,-1.77183713,-0.6043400000000076,1,200,10,5,-2,1,2,8,1,15n,0,4n,8,125,200V_10A_125C
1.626316143348526e-05,1.7373523130439684e-06,1.7225935464054204e-06,209.809463,4.904731499999997,1.800051374652923e-05,1.972310729293465e-05,209.809463,4.904731499999997,7.875000000000115e-09,229.57716220292588,0.418091000000004,0.418091000000004,0.0327045142,0.831908999999996,0,200,10,5,0,1,2,8,1,15n,1,4n,8,125,200V_10A_125C
1.92436420182748e-05,1.7595695660191696e-06,1.753707569855003e-06,214.535143,7.2675715000000025,2.1003211584293972e-05,2.2756919154148976e-05,214.535143,7.2675715000000025,1.625526000000008e-08,213.3388855234908,-1.6958930000000123,-1.6958930000000123,-1.92190768,2.9458930000000123,0,200,10,5,-2,1,2,8,1,15n,1,4n,8,125,200V_10A_125C
2.6368877102956195e-05,2.726330632439078e-06,1.3221485606947574e-06,220.102265,10.051132499999994,2.9095207735395273e-05,3.041735629609003e-05,220.102265,10.051132499999994,2.550506999999998e-08,241.66349465093813,3.0011399999999924,3.0011399999999924,0.15125352,-1.7511399999999924,1,200,10,5,0,1,2,8,1,25n,0,4n,8,125,200V_10A_125C
1.8919642709675268e-05,1.841283430559626e-06,1.274005320508855e-06,218.760275,9.380137500000004,2.0760926140234894e-05,2.203493146074375e-05,218.760275,9.380137500000004,2.545500000000004e-08,216.444922100279,1.8781740000000013,1.8781740000000013,-1.92047867,-0.6281740000000013,1,200,10,5,-2,1,2,8,1,25n,0,4n,8,125,200V_10A_125C
1.6270560446789873e-05,1.738115688774432e-06,1.6814652793016304e-06,209.809463,4.904731499999997,1.8008676135564306e-05,1.9690141414865938e-05,209.809463,4.904731499999997,7.875000000000115e-09,229.21717387994553,0.4263809999999921,0.4263809999999921,0.0204432548,0.8236190000000079,0,200,10,5,0,1,2,8,1,25n,1,4n,8,125,200V_10A_125C
1.924131276684586e-05,1.7636396443533338e-06,1.690988741233943e-06,214.535143,7.2675715000000025,2.1004952411199193e-05,2.2695941152433136e-05,214.535143,7.2675715000000025,2.4775000000000114e-08,212.31878342881177,-1.6950329999999951,-1.6950329999999951,-1.96367868,2.945032999999995,0,200,10,5,-2,1,2,8,1,25n,1,4n,8,125,200V_10A_125C
2.6341190034731902e-05,2.722070573136784e-06,1.2862610039040535e-06,220.102265,10.051132499999994,2.9063260607868686e-05,3.034952161177274e-05,220.102265,10.051132499999994,3.367500000000015e-08,240.45167328576568,3.0010130000000004,3.0010130000000004,0.105219507,-1.7510130000000004,1,200,10,5,0,1,2,8,1,35n,0,4n,8,125,200V_10A_125C
1.890707556324632e-05,1.8315395370727147e-06,1.464997332667965e-06,218.760275,9.380137500000004,2.0738615100319034e-05,2.2203612432986998e-05,218.760275,9.380137500000004,3.382500000000005e-08,215.39431295133213,1.8752599999999973,1.8752599999999973,-1.90150348,-0.6252599999999973,1,200,10,5,-2,1,2,8,1,35n,0,4n,8,125,200V_10A_125C
1.6245403839199116e-05,1.7354514722537542e-06,1.6386859860750942e-06,209.809463,4.904731499999997,1.798085531145287e-05,1.9619541297527963e-05,209.809463,4.904731499999997,7.875000000000115e-09,228.36866514570735,0.4262769999999989,0.4262769999999989,0.0137211549,0.8237230000000011,0,200,10,5,0,1,2,8,1,35n,1,4n,8,125,200V_10A_125C
1.9217175120072163e-05,1.7565490900008932e-06,1.6276695477139275e-06,214.535143,7.2675715000000025,2.0973724210073056e-05,2.2601393757786982e-05,214.535143,7.2675715000000025,2.7324999999999988e-08,211.20201086017192,-1.6949459999999874,-1.6949459999999874,-1.96656237,2.9449459999999874,0,200,10,5,-2,1,2,8,1,35n,1,4n,8,125,200V_10A_125C
1.6030293889494108e-05,6.9640098074023655e-06,6.799206480129482e-08,3.46593706,-98.26703147,2.2994303696896472e-05,2.3062295761697767e-05,245.778556,22.889278000000004,1.5121159999999965e-08,258.930111378863,4.79679302,1.5992880000000014,4.79679302,-3.54679302,1,200,10,5,0,1,2,8,4,5n,0,4n,8,125,200V_10A_125C
1.8434082517098694e-05,1.8473649952294191e-06,5.536842580195402e-07,50.9093815,-74.54530925,2.0281447512328112e-05,2.0835131770347654e-05,269.834719,34.9173595,4.395760000000006e-08,248.1134311648832,1.84417702,-0.6879030000000057,1.84417702,-0.5941770200000001,1,200,10,5,-2,1,2,8,4,5n,0,4n,8,125,200V_10A_125C
1.6256709723352104e-05,2.733742016385915e-06,9.000023541310642e-08,16.8231589,-91.58842055,1.899045173973802e-05,1.9080451975151126e-05,278.113102,39.05655100000001,3.232101000000008e-08,252.70789770470358,0.93400558,0.3437409999999943,0.93400558,0.31599442,0,200,10,5,0,1,2,8,4,5n,1,4n,8,125,200V_10A_125C
1.9362537238002073e-05,1.7777582413092144e-06,6.038196133241174e-07,62.2104614,-68.89476930000001,2.1140295479311287e-05,2.1744115092635404e-05,267.367411,33.6837055,3.8475000000000085e-08,240.19477082293605,-1.12700044,-1.6396890000000042,-1.12700044,2.3770004399999998,0,200,10,5,-2,1,2,8,4,5n,1,4n,8,125,200V_10A_125C
1.5901770168783104e-05,2.726380991616254e-06,1.7157034310167526e-06,175.805742,-12.097128999999995,1.8628151160399358e-05,2.034385459141611e-05,216.715036,8.357517999999999,1.9974999999999965e-08,236.54582190578316,1.5550839999999937,1.5550839999999937,1.40106981,-0.3050839999999937,1,200,10,5,0,1,2,8,4,10n,0,4n,8,125,200V_10A_125C
1.838113362885054e-05,1.839257875173999e-06,1.8933285658070936e-06,214.789774,7.394886999999996,2.022039150402454e-05,2.2113720069831632e-05,215.959101,7.979550500000003,1.707499999999996e-08,213.44672014805556,-0.7422929999999894,-0.7422929999999894,-1.30660299,1.9922929999999894,0,200,10,5,-2,1,2,8,4,10n,0,4n,8,125,200V_10A_125C
1.6349925796471893e-05,1.7368759670373717e-06,1.7839776231325486e-06,207.22021,3.6101050000000043,1.8086801763509265e-05,1.9870779386641815e-05,208.353981,4.176990500000002,7.875000000000115e-09,227.98528897725953,0.3667000000000087,0.3667000000000087,0.0575005584,0.8832999999999913,0,200,10,5,0,1,2,8,4,10n,1,4n,8,125,200V_10A_125C
1.9342002605816796e-05,1.7601925600332238e-06,1.878211844695904e-06,210.719509,5.359754499999995,2.110219516585002e-05,2.2980407010545923e-05,213.709208,6.854603999999995,1.1075000000000144e-08,210.98305265164976,-1.711905999999999,-1.711905999999999,-1.92096162,2.961905999999999,0,200,10,5,-2,1,2,8,4,10n,1,4n,8,125,200V_10A_125C
1.5895046328217774e-05,2.7266787300374327e-06,1.791008939825034e-06,217.947211,8.973605500000005,1.8621725058255206e-05,2.041273399808024e-05,217.947211,8.973605500000005,1.966613999999999e-08,239.29510054441596,1.5605360000000132,1.5605360000000132,0.332418691,-0.31053600000001325,1,200,10,5,0,1,2,8,4,15n,0,4n,8,125,200V_10A_125C
1.8372397981247675e-05,1.8383397327911817e-06,1.8101566040314535e-06,217.734157,8.867078500000005,2.0210737714038855e-05,2.202089431807031e-05,217.734157,8.867078500000005,1.6754450000000142e-08,215.9356871418476,-0.7333140000000071,-0.7333140000000071,-1.81902498,1.9833140000000071,0,200,10,5,-2,1,2,8,4,15n,0,4n,8,125,200V_10A_125C
1.6344910583228043e-05,1.7374218431084785e-06,1.7569967461797293e-06,209.710188,4.855093999999994,1.8082332426336523e-05,1.983932917251625e-05,209.710188,4.855093999999994,7.875000000000115e-09,229.5491950659455,0.3740280000000098,0.3740280000000098,0.0333562251,0.8759719999999902,0,200,10,5,0,1,2,8,4,15n,1,4n,8,125,200V_10A_125C
1.9324108392028626e-05,1.759589897441615e-06,1.8369683140709513e-06,214.494682,7.247341000000006,2.108369828947024e-05,2.2920666603541193e-05,214.494682,7.247341000000006,1.6205180000000102e-08,213.3166000986263,-1.7334229999999877,-1.7334229999999877,-1.92235498,2.9834229999999877,0,200,10,5,-2,1,2,8,4,15n,1,4n,8,125,200V_10A_125C
1.5872783478230538e-05,2.7267873630320656e-06,1.755565007910633e-06,217.947211,8.973605500000005,1.8599570841262605e-05,2.0355135849173237e-05,217.947211,8.973605500000005,2.5505330000000075e-08,239.46708542949068,1.5603440000000148,1.5603440000000148,0.135253719,-0.31034400000001483,1,200,10,5,0,1,2,8,4,25n,0,4n,8,125,200V_10A_125C
1.834462284496286e-05,1.84211289420943e-06,1.7597097730088028e-06,217.734157,8.867078500000005,2.018673573917229e-05,2.1946445512181094e-05,217.734157,8.867078500000005,2.545507000000008e-08,214.97012762197187,-0.7345949999999846,-0.7345949999999846,-1.93041556,1.9845949999999846,0,200,10,5,-2,1,2,8,4,25n,0,4n,8,125,200V_10A_125C
1.6315572148040034e-05,1.738227380159186e-06,1.7165294897959091e-06,209.710188,4.855093999999994,1.805379952819922e-05,1.977032901799513e-05,209.710188,4.855093999999994,7.875000000000115e-09,229.19588489918718,0.3721439999999916,0.3721439999999916,0.0200425237,0.8778560000000084,0,200,10,5,0,1,2,8,4,25n,1,4n,8,125,200V_10A_125C
1.9301420845770234e-05,1.7636827523261675e-06,1.775937168589559e-06,214.494682,7.247341000000006,2.1065103598096402e-05,2.284104076668596e-05,214.494682,7.247341000000006,2.4775000000000114e-08,212.2960703537559,-1.7372919999999965,-1.7372919999999965,-1.96436496,2.9872919999999965,0,200,10,5,-2,1,2,8,4,25n,1,4n,8,125,200V_10A_125C
1.5857117701646536e-05,2.7225541738549087e-06,1.7109934431876386e-06,217.947211,8.973605500000005,1.8579671875501445e-05,2.0290665318689085e-05,217.947211,8.973605500000005,3.0974999999999945e-08,238.2241646896919,1.5604240000000118,1.5604240000000118,0.0929158677,-0.3104240000000118,1,200,10,5,0,1,2,8,4,35n,0,4n,8,125,200V_10A_125C
1.8329550918678746e-05,1.8323947337631846e-06,1.6946519629230443e-06,217.734157,8.867078500000005,2.016194565244193e-05,2.1856597615364976e-05,217.734157,8.867078500000005,3.3774999999999943e-08,213.87687427576694,-0.7344500000000096,-0.7344500000000096,-1.90787763,1.9844500000000096,0,200,10,5,-2,1,2,8,4,35n,0,4n,8,125,200V_10A_125C
1.6295724115713038e-05,1.735444507964669e-06,1.67381570604897e-06,209.710188,4.855093999999994,1.8031168623677708e-05,1.970498432972668e-05,209.710188,4.855093999999994,7.875000000000115e-09,228.33888766504927,0.3716739999999845,0.3716739999999845,0.0137511843,0.8783260000000155,0,200,10,5,0,1,2,8,4,35n,1,4n,8,125,200V_10A_125C
1.9282483991759637e-05,1.7566136169278885e-06,1.7125828389554588e-06,214.494682,7.247341000000006,2.1039097608687524e-05,2.2751680447642984e-05,214.494682,7.247341000000006,2.4775000000000114e-08,211.1772228903634,-1.7369520000000023,-1.7369520000000023,-1.96694965,2.9869520000000023,0,200,10,5,-2,1,2,8,4,35n,1,4n,8,125,200V_10A_125C
1.6015254043415748e-05,6.96420417692004e-06,1.0365936366324625e-07,3.46588591,-98.267057045,2.2979458220335788e-05,2.3083117583999035e-05,245.777964,22.888981999999995,1.5121339999999983e-08,258.92727796387584,4.79647029,0.7972230000000025,4.79647029,-3.5464702900000002,1,200,10,5,0,1,2,8,8,5n,0,4n,8,125,200V_10A_125C
1.884070183823141e-05,1.848005044000138e-06,5.989466713300256e-07,50.9075644,-74.5462178,2.068870688223155e-05,2.1287653553561575e-05,269.720484,34.860242,4.3961120000000123e-08,248.0859609898525,1.84975573,-1.3829709999999977,1.84975573,-0.59975573,1,200,10,5,-2,1,2,8,8,5n,0,4n,8,125,200V_10A_125C
1.6500386487774965e-05,2.7336285303335035e-06,1.2429650996499415e-07,16.8228979,-91.58855105,1.9234015018108467e-05,1.9358311528073462e-05,278.124991,39.06249550000001,3.232161000000014e-08,252.70359395615617,0.933877023,0.35427799999999365,0.933877023,0.316122977,0,200,10,5,0,1,2,8,8,5n,1,4n,8,125,200V_10A_125C
1.9487498324195085e-05,1.7778277354451909e-06,6.484223205712677e-07,62.2093958,-68.8953021,2.1265326059640277e-05,2.1913748380211543e-05,267.391456,33.695728,3.8475000000000085e-08,240.21020124179762,-1.12662684,-1.7821190000000229,-1.12662684,2.37662684,0,200,10,5,-2,1,2,8,8,5n,1,4n,8,125,200V_10A_125C
1.602568986194006e-05,2.7262266723166802e-06,1.7491930252453547e-06,175.786591,-12.106704500000005,1.875191653425674e-05,2.0501109559502095e-05,216.819853,8.409926499999997,1.9974999999999965e-08,236.57784210963962,1.40056727,0.8178010000000029,1.40056727,-0.15056727000000003,1,200,10,5,0,1,2,8,8,10n,0,4n,8,125,200V_10A_125C
1.8889231588253167e-05,1.839069852834974e-06,1.9313466015606037e-06,214.750508,7.375253999999997,2.072830144108814e-05,2.2659648042648743e-05,215.586243,7.793121499999997,1.702500000000006e-08,213.31352488289784,-1.30971314,-1.3781749999999988,-1.30971314,2.55971314,0,200,10,5,-2,1,2,8,8,10n,0,4n,8,125,200V_10A_125C
1.641192135812702e-05,1.736880096582513e-06,1.8172025966605998e-06,207.230415,3.615207499999997,1.8148801454709533e-05,1.9966004051370132e-05,208.259001,4.129500500000006,7.875000000000115e-09,227.9606612044115,0.3275649999999928,0.3275649999999928,0.0568090943,0.9224350000000072,0,200,10,5,0,1,2,8,8,10n,1,4n,8,125,200V_10A_125C
1.9441793661524697e-05,1.7601785958875015e-06,1.921375011009206e-06,210.716783,5.358391499999995,2.12019722574122e-05,2.3123347268421405e-05,213.678045,6.839022499999999,1.1075000000000144e-08,210.97435988529782,-1.7770920000000103,-1.7770920000000103,-1.92053785,3.0270920000000103,0,200,10,5,-2,1,2,8,8,10n,1,4n,8,125,200V_10A_125C
1.600696541083333e-05,2.726846966744024e-06,1.8495038405887059e-06,216.835597,8.417798500000004,1.8733812377577353e-05,2.058331621816606e-05,216.835597,8.417798500000004,1.97574700000001e-08,238.76483258487113,0.819974000000002,0.819974000000002,0.325144826,0.430025999999998,0,200,10,5,0,1,2,8,8,15n,0,4n,8,125,200V_10A_125C
1.8884636806416146e-05,1.8382244418554225e-06,1.8792621561215879e-06,217.26459,8.632295,2.072286124827157e-05,2.2602123404393158e-05,217.26459,8.632295,1.6770780000000087e-08,215.56982775626608,-1.3771640000000218,-1.3771640000000218,-1.82250488,2.627164000000022,0,200,10,5,-2,1,2,8,8,15n,0,4n,8,125,200V_10A_125C
1.637375730382368e-05,1.7375055098661116e-06,1.7890140224587793e-06,209.605945,4.802972499999996,1.811126281368979e-05,1.9900276836148568e-05,209.605945,4.802972499999996,7.875000000000115e-09,229.52359309148574,0.3179659999999842,0.3179659999999842,0.0338817014,0.9320340000000158,0,200,10,5,0,1,2,8,8,15n,1,4n,8,125,200V_10A_125C
1.9402964975246538e-05,1.7596221263626216e-06,1.880724568756385e-06,214.455451,7.227725500000006,2.1162587101609158e-05,2.3043311670365544e-05,214.455451,7.227725500000006,1.620507999999995e-08,213.29524100323505,-1.7757859999999823,-1.7757859999999823,-1.9229372,3.0257859999999823,0,200,10,5,-2,1,2,8,8,15n,1,4n,8,125,200V_10A_125C
1.598649889900072e-05,2.727153211469487e-06,1.817632243320295e-06,216.835597,8.417798500000004,1.871365211047021e-05,2.0531284353790504e-05,216.835597,8.417798500000004,2.550566e-08,238.91887001336454,0.820272999999986,0.820272999999986,0.124680268,0.42972700000001396,0,200,10,5,0,1,2,8,8,25n,0,4n,8,125,200V_10A_125C
1.8844425185736918e-05,1.8425425972189826e-06,1.8227011052758581e-06,217.26459,8.632295,2.06869677829559e-05,2.250966888823176e-05,217.26459,8.632295,2.545520000000013e-08,214.60873454149822,-1.3771329999999864,-1.3771329999999864,-1.93706525,2.6271329999999864,0,200,10,5,-2,1,2,8,8,25n,0,4n,8,125,200V_10A_125C
1.6360720849107838e-05,1.7382188578365681e-06,1.7486734966254094e-06,209.605945,4.802972499999996,1.8098939706944405e-05,1.9847613203569815e-05,209.605945,4.802972499999996,7.875000000000115e-09,229.16954977240792,0.319153,0.319153,0.0194153632,0.930847,0,200,10,5,0,1,2,8,8,25n,1,4n,8,125,200V_10A_125C
1.93596283779165e-05,1.763716435274927e-06,1.818976682849332e-06,214.455451,7.227725500000006,2.1123344813191425e-05,2.2942321496040756e-05,214.455451,7.227725500000006,2.4775000000000114e-08,212.27500296543303,-1.7745040000000074,-1.7745040000000074,-1.96502272,3.0245040000000074,0,200,10,5,-2,1,2,8,8,25n,1,4n,8,125,200V_10A_125C
1.5971420849185684e-05,2.723437353023135e-06,1.77273878102397e-06,216.835597,8.417798500000004,1.869485820220882e-05,2.046759698323279e-05,216.835597,8.417798500000004,2.8274999999999954e-08,237.66490525641987,0.8202359999999942,0.8202359999999942,0.0823006893,0.4297640000000058,0,200,10,5,0,1,2,8,8,35n,0,4n,8,125,200V_10A_125C
1.883409308590766e-05,1.8331237027891868e-06,1.7574762084790274e-06,217.26459,8.632295,2.0667216788696848e-05,2.2424692997175873e-05,217.26459,8.632295,3.3725000000000046e-08,213.49766355032338,-1.3771040000000028,-1.3771040000000028,-1.91395022,2.6271040000000028,0,200,10,5,-2,1,2,8,8,35n,0,4n,8,125,200V_10A_125C
1.634516330508585e-05,1.7354293870302053e-06,1.7061496988073106e-06,209.605945,4.802972499999996,1.8080592692116055e-05,1.9786742390923364e-05,209.605945,4.802972499999996,7.875000000000115e-09,228.30471006605285,0.3195709999999963,0.3195709999999963,0.0138623071,0.9304290000000037,0,200,10,5,0,1,2,8,8,35n,1,4n,8,125,200V_10A_125C
1.9345591573283566e-05,1.7566762282970614e-06,1.7556629199007192e-06,214.455451,7.227725500000006,2.1102267801580627e-05,2.2857930721481345e-05,214.455451,7.227725500000006,2.4775000000000114e-08,211.15409076255912,-1.7706870000000094,-1.7706870000000094,-1.96733216,3.0206870000000094,0,200,10,5,-2,1,2,8,8,35n,1,4n,8,125,200V_10A_125C
3.641806176683979e-05,1.7268659434107834e-06,1.4428007106424133e-06,168.619333,-15.690333499999994,3.814492771025057e-05,3.9587728420892986e-05,209.11932,4.559659999999994,5.317039999999954e-09,160.1536738265723,3.5631989999999973,3.5631989999999973,0.292461259,-2.3131989999999973,1,200,10,5,0,1,8,8,1,5n,0,4n,8,125,200V_10A_125C
1.7247171455501485e-05,1.6984793257391478e-06,1.4997547290513607e-06,199.821143,-0.0894284999999968,1.8945650781240633e-05,2.0445405510291993e-05,206.82999,3.4149950000000047,4.724999999999984e-09,138.16934090778605,2.5452840000000094,2.5452840000000094,-1.6785919,-1.2952840000000094,1,200,10,5,-2,1,8,8,1,5n,0,4n,8,125,200V_10A_125C
1.6023349547654438e-05,1.7271439268017777e-06,1.4508904765467116e-06,168.949037,-15.525481499999998,1.7750493474456215e-05,1.9201383951002927e-05,210.551757,5.275878500000005,6.625000000000127e-09,160.12641995938517,1.310892999999993,1.310892999999993,0.113980829,-0.06089299999999298,1,200,10,5,0,1,8,8,1,5n,1,4n,8,125,200V_10A_125C
1.8936479882681565e-05,1.6983843248641593e-06,1.5152496680288534e-06,199.483872,-0.2580640000000045,2.0634864207545725e-05,2.215011387557458e-05,207.180574,3.5902870000000036,4.724999999999984e-09,138.15097987109607,-0.3379510000000039,-0.3379510000000039,-1.87980535,1.5879510000000039,0,200,10,5,-2,1,8,8,1,5n,1,4n,8,125,200V_10A_125C
2.744080455881244e-05,1.7255134093672374e-06,1.4483711582094962e-06,213.579954,6.789976999999993,2.9166317968179677e-05,3.0614689126389174e-05,213.579954,6.789976999999993,1.167343e-08,163.26011289691252,3.070071000000013,3.070071000000013,0.122967992,-1.8200710000000129,1,200,10,5,0,1,8,8,1,10n,0,4n,8,125,200V_10A_125C
1.863367138453673e-05,1.6975829991626603e-06,1.355332292447699e-06,212.883074,6.441536999999996,2.033125438369939e-05,2.1686586676147088e-05,212.883074,6.441536999999996,1.1565880000000133e-08,141.67939548529736,1.7854579999999771,1.7854579999999771,-1.88713108,-0.5354579999999771,1,200,10,5,-2,1,8,8,1,10n,0,4n,8,125,200V_10A_125C
1.618079754125305e-05,1.7259396659569264e-06,1.6331363981581993e-06,210.491319,5.245659500000001,1.790673720720998e-05,1.9539873605368178e-05,210.491319,5.245659500000001,9.074999999999994e-09,161.2906022244151,0.3955399999999827,0.3955399999999827,0.0486465379,0.8544600000000173,0,200,10,5,0,1,8,8,1,10n,1,4n,8,125,200V_10A_125C
1.9186913109469542e-05,1.6974504287103074e-06,1.5634329803167235e-06,211.966204,5.983102000000002,2.088436353817985e-05,2.2447796518496573e-05,211.966204,5.983102000000002,8.874999999999979e-09,140.5647115373658,-1.6979589999999973,-1.6979589999999973,-1.95400945,2.9479589999999973,0,200,10,5,-2,1,8,8,1,10n,1,4n,8,125,200V_10A_125C
2.624464938868478e-05,1.7254389054671772e-06,1.1962308358267376e-06,213.579954,6.789976999999993,2.797008829415196e-05,2.9166319129978697e-05,213.579954,6.789976999999993,1.4825000000000108e-08,164.58831623594864,2.992736000000008,2.992736000000008,0.065546899,-1.7427360000000078,1,200,10,5,0,1,8,8,1,15n,0,4n,8,125,200V_10A_125C
1.905567033865073e-05,1.6954441546701936e-06,1.1221415391534627e-06,214.167564,7.0837819999999985,2.0751114493320923e-05,2.1873256032474385e-05,214.167564,7.0837819999999985,1.467499999999999e-08,143.23175843410846,1.8541960000000017,1.8541960000000017,-1.91874768,-0.6041960000000017,1,200,10,5,-2,1,8,8,1,15n,0,4n,8,125,200V_10A_125C
1.6253838914682508e-05,1.7257899153749972e-06,1.614581222344278e-06,210.491319,5.245659500000001,1.7979628830057505e-05,1.9594210052401785e-05,210.491319,5.245659500000001,9.074999999999994e-09,162.11437998994788,0.418124999999975,0.418124999999975,0.0365684135,0.831875000000025,0,200,10,5,0,1,8,8,1,15n,1,4n,8,125,200V_10A_125C
1.9234490991498055e-05,1.696792710396397e-06,1.5301460788365037e-06,211.966204,5.983102000000002,2.0931283701894452e-05,2.2461429780730956e-05,211.966204,5.983102000000002,1.4225000000000063e-08,141.6382067167133,-1.6958689999999876,-1.6958689999999876,-1.9649405,2.9458689999999876,0,200,10,5,-2,1,8,8,1,15n,1,4n,8,125,200V_10A_125C
2.6347485336979353e-05,1.726454270875681e-06,1.1372931409258513e-06,213.579954,6.789976999999993,2.8073939607855033e-05,2.9211232748780883e-05,213.579954,6.789976999999993,1.4825000000000108e-08,164.108893658818,3.001215000000002,3.001215000000002,0.0426001392,-1.751215000000002,1,200,10,5,0,1,8,8,1,25n,0,4n,8,125,200V_10A_125C
1.891075390218266e-05,1.6998547764743536e-06,1.042366939999604e-06,214.167564,7.0837819999999985,2.061060867865701e-05,2.1652975618656614e-05,214.167564,7.0837819999999985,1.712500000000007e-08,142.20861465381648,1.8780199999999923,1.8780199999999923,-1.97165701,-0.6280199999999923,1,200,10,5,-2,1,8,8,1,25n,0,4n,8,125,200V_10A_125C
1.6261028525299943e-05,1.7265809950536884e-06,1.5737754010745411e-06,210.491319,5.245659500000001,1.7987609520353632e-05,1.9561384921428175e-05,210.491319,5.245659500000001,9.074999999999994e-09,161.63030922657524,0.4263440000000003,0.4263440000000003,0.021843169,0.8236559999999997,0,200,10,5,0,1,8,8,1,25n,1,4n,8,125,200V_10A_125C
1.92320953625667e-05,1.7002556370869168e-06,1.469434634782006e-06,211.966204,5.983102000000002,2.0932350999653617e-05,2.240178563443562e-05,211.966204,5.983102000000002,1.4225000000000063e-08,140.73794788125758,-1.6949999999999932,-1.6949999999999932,-1.98304932,2.944999999999993,0,200,10,5,-2,1,8,8,1,25n,1,4n,8,125,200V_10A_125C
2.631965479949876e-05,1.7232804728012633e-06,1.0953014608374629e-06,213.579954,6.789976999999993,2.8042935272300026e-05,2.913823673313749e-05,213.579954,6.789976999999993,1.4825000000000108e-08,163.7181309619482,3.001098000000013,3.001098000000013,0.0175849308,-1.7510980000000131,1,200,10,5,0,1,8,8,1,35n,0,4n,8,125,200V_10A_125C
1.8897911997652076e-05,1.6916640536155757e-06,1.7006575188047198e-06,214.167564,7.0837819999999985,2.0589576051267653e-05,2.2290233570072373e-05,214.167564,7.0837819999999985,1.712500000000007e-08,141.78281138336757,1.875095999999985,1.875095999999985,-1.94973965,-0.625095999999985,1,200,10,5,-2,1,8,8,1,35n,0,4n,8,125,200V_10A_125C
1.623599216628019e-05,1.7238399976267737e-06,1.5310444134624932e-06,210.491319,5.245659500000001,1.7959832163906965e-05,1.949087657736946e-05,210.491319,5.245659500000001,9.074999999999994e-09,161.2329244761691,0.4262650000000008,0.4262650000000008,0.0070410027,0.8237349999999992,0,200,10,5,0,1,8,8,1,35n,1,4n,8,125,200V_10A_125C
1.9207966393884144e-05,1.693017813314429e-06,1.6570768010112437e-06,211.966204,5.983102000000002,2.0900984207198572e-05,2.2558061008209816e-05,211.966204,5.983102000000002,1.4225000000000063e-08,140.25221914313775,-1.6949249999999836,-1.6949249999999836,-1.97252129,2.9449249999999836,0,200,10,5,-2,1,8,8,1,35n,1,4n,8,125,200V_10A_125C
1.6019161913956055e-05,1.7271384679121262e-06,1.4740158645051255e-06,168.943081,-15.528459499999997,1.7746300381868182e-05,1.922031624637331e-05,209.746374,4.8731870000000015,5.3250000000000295e-09,160.0225439364886,1.5990449999999896,1.5990449999999896,0.28971647,-0.3490449999999896,1,200,10,5,0,1,8,8,4,5n,0,4n,8,125,200V_10A_125C
1.8424582039547833e-05,1.69837593121357e-06,1.5792394703770763e-06,199.661285,-0.16935750000000382,2.0122957970761404e-05,2.170219744113848e-05,207.016755,3.5083774999999946,4.724999999999984e-09,138.15567511780432,-0.6881599999999821,-0.6881599999999821,-1.68633395,1.9381599999999821,0,200,10,5,-2,1,8,8,4,5n,0,4n,8,125,200V_10A_125C
1.625047485704202e-05,1.7271659079947663e-06,1.4752286979209437e-06,168.941074,-15.529463000000007,1.7977640765036785e-05,1.945286946295773e-05,210.605926,5.302963000000005,6.625000000000127e-09,160.13396468050385,0.34372999999999365,0.34372999999999365,0.113177508,0.9062700000000063,0,200,10,5,0,1,8,8,4,5n,1,4n,8,125,200V_10A_125C
1.9354336735815028e-05,1.6983825510681714e-06,1.5801816053698417e-06,199.465275,-0.2673625000000044,2.10527192868832e-05,2.2632900892253043e-05,207.200737,3.600368500000002,4.724999999999984e-09,138.15083583878058,-1.6397319999999809,-1.6397319999999809,-1.8801985,2.889731999999981,0,200,10,5,-2,1,8,8,4,5n,1,4n,8,125,200V_10A_125C
1.5885928524713953e-05,1.725340908227377e-06,1.6296527524074567e-06,212.096647,6.048323499999994,1.761126943294133e-05,1.9240922185348784e-05,212.096647,6.048323499999994,9.325000000000118e-09,161.86601094222095,1.5551659999999856,1.5551659999999856,0.080191761,-0.3051659999999856,1,200,10,5,0,1,8,8,4,10n,0,4n,8,125,200V_10A_125C
1.83714554045247e-05,1.6967137644537203e-06,1.6337753645428576e-06,212.426155,6.213077499999997,2.0068169168978418e-05,2.1701944533521276e-05,212.426155,6.213077499999997,8.974999999999986e-09,140.98409294017134,-0.7423330000000021,-0.7423330000000021,-1.90899111,1.9923330000000021,0,200,10,5,-2,1,8,8,4,10n,0,4n,8,125,200V_10A_125C
1.6340279904901174e-05,1.7259421403098883e-06,1.6685791848778017e-06,210.382222,5.1911110000000065,1.806622204521106e-05,1.9734801230088862e-05,210.382222,5.1911110000000065,9.025000000000096e-09,161.26872898045372,0.3666199999999833,0.3666199999999833,0.0488743837,0.8833800000000167,0,200,10,5,0,1,8,8,4,10n,1,4n,8,125,200V_10A_125C
1.933248406159263e-05,1.6974926989601856e-06,1.6450129563281496e-06,211.942812,5.971406000000002,2.1029976760552816e-05,2.2674989716880967e-05,211.942812,5.971406000000002,8.874999999999979e-09,140.54572770410374,-1.7119440000000168,-1.7119440000000168,-1.95453243,2.961944000000017,0,200,10,5,-2,1,8,8,4,10n,1,4n,8,125,200V_10A_125C
1.5879438813802486e-05,1.7256250808610602e-06,1.608390368908289e-06,212.096647,6.048323499999994,1.7605063894663545e-05,1.9213454263571834e-05,212.096647,6.048323499999994,9.325000000000118e-09,162.61260980622092,1.56057899999999,1.56057899999999,0.0632132498,-0.31057899999998995,1,200,10,5,0,1,8,8,4,15n,0,4n,8,125,200V_10A_125C
1.83629013960007e-05,1.6962280796925996e-06,1.5854243231328357e-06,212.426155,6.213077499999997,2.00591294756933e-05,2.1644553798826135e-05,212.426155,6.213077499999997,1.4074999999999946e-08,141.98962276557222,-0.7333320000000185,-0.7333320000000185,-1.93840699,1.9833320000000185,0,200,10,5,-2,1,8,8,4,15n,0,4n,8,125,200V_10A_125C
1.633538129499928e-05,1.725730708170066e-06,1.6500397108764717e-06,210.382222,5.1911110000000065,1.8061112003169345e-05,1.9711151714045818e-05,210.382222,5.1911110000000065,9.025000000000096e-09,162.09283812049028,0.3739620000000059,0.3739620000000059,0.0365727686,0.8760379999999941,0,200,10,5,0,1,8,8,4,15n,1,4n,8,125,200V_10A_125C
1.9314851770898827e-05,1.6968141646897734e-06,1.6130681616986737e-06,211.942812,5.971406000000002,2.10116659355886e-05,2.2624734097287274e-05,211.942812,5.971406000000002,1.4225000000000063e-08,141.6230018151295,-1.7334659999999928,-1.7334659999999928,-1.96533861,2.983465999999993,0,200,10,5,-2,1,8,8,4,15n,1,4n,8,125,200V_10A_125C
1.5857416299119662e-05,1.7263668669208775e-06,1.5659385233970236e-06,212.096647,6.048323499999994,1.758378316604054e-05,1.9149721689437563e-05,212.096647,6.048323499999994,9.325000000000118e-09,162.14009925571145,1.5604730000000018,1.5604730000000018,0.040707034,-0.3104730000000018,1,200,10,5,0,1,8,8,4,25n,0,4n,8,125,200V_10A_125C
1.833576411546742e-05,1.7001384622549154e-06,1.5267330921167892e-06,212.426155,6.213077499999997,2.0035902577722333e-05,2.156263566983912e-05,212.426155,6.213077499999997,1.6825000000000046e-08,141.0681716192998,-0.7343669999999918,-0.7343669999999918,-1.97490344,1.9843669999999918,0,200,10,5,-2,1,8,8,4,25n,0,4n,8,125,200V_10A_125C
1.6306160666784e-05,1.726722958532632e-06,1.6089702323406048e-06,210.382222,5.1911110000000065,1.8032883625316634e-05,1.9641853857657238e-05,210.382222,5.1911110000000065,9.025000000000096e-09,161.62261196293247,0.3721040000000073,0.3721040000000073,0.0216287346,0.8778959999999927,0,200,10,5,0,1,8,8,4,25n,1,4n,8,125,200V_10A_125C
1.929264208540066e-05,1.7002636439443301e-06,1.5542337209006556e-06,211.942812,5.971406000000002,2.099290572934499e-05,2.2547139450245645e-05,211.942812,5.971406000000002,1.4225000000000063e-08,140.72446623949435,-1.7372530000000097,-1.7372530000000097,-1.98297826,2.9872530000000097,0,200,10,5,-2,1,8,8,4,25n,1,4n,8,125,200V_10A_125C
1.6005249801657607e-05,1.7272927088876664e-06,1.5099416355617703e-06,168.885324,-15.557338000000001,1.7732542510545272e-05,1.924248414610704e-05,210.159944,5.079971999999998,6.47500000000001e-09,160.08272765851575,0.7973749999999882,0.7973749999999882,0.288241831,0.4526250000000118,0,200,10,5,0,1,8,8,8,5n,0,4n,8,125,200V_10A_125C
1.8834803839699393e-05,1.6983393275085342e-06,1.6250035971567972e-06,199.56698,-0.21650999999999954,2.053314316720793e-05,2.2158146764364727e-05,207.121965,3.5609824999999944,4.724999999999984e-09,138.15343348883545,-1.3826559999999972,-1.3826559999999972,-1.69012005,2.632655999999997,0,200,10,5,-2,1,8,8,8,5n,0,4n,8,125,200V_10A_125C
1.6492149262739085e-05,1.7271830812399391e-06,1.5095584836977559e-06,168.930511,-15.534744500000002,1.8219332343979024e-05,1.972889082767678e-05,210.663943,5.331971499999995,6.625000000000127e-09,160.1419480906716,0.3542710000000113,0.3542710000000113,0.112949956,0.8957289999999887,0,200,10,5,0,1,8,8,8,5n,1,4n,8,125,200V_10A_125C
1.947926120001665e-05,1.6983808225030738e-06,1.6247976643045618e-06,199.446236,-0.2768820000000005,2.1177642022519726e-05,2.280243968682429e-05,207.221371,3.6106855000000024,4.724999999999984e-09,138.15029303560652,-1.7821810000000085,-1.7821810000000085,-1.88059951,3.0321810000000085,0,200,10,5,-2,1,8,8,8,5n,1,4n,8,125,200V_10A_125C
1.5841445189230498e-05,1.7234625378217387e-06,1.5230334021202858e-06,212.096647,6.048323499999994,1.7564907727052236e-05,1.908794112917252e-05,212.096647,6.048323499999994,9.325000000000118e-09,161.74552632253852,1.560479000000015,1.560479000000015,0.0149007157,-0.31047900000001505,1,200,10,5,0,1,8,8,4,35n,0,4n,8,125,200V_10A_125C
1.831996710950297e-05,1.6919035758319848e-06,1.782755516440365e-06,212.426155,6.213077499999997,2.0011870685334956e-05,2.179462620177532e-05,212.426155,6.213077499999997,1.6825000000000046e-08,140.60840428429614,-0.7344690000000185,-0.7344690000000185,-1.95122456,1.9844690000000185,0,200,10,5,-2,1,8,8,4,35n,0,4n,8,125,200V_10A_125C
1.6286223191425973e-05,1.7238059104301104e-06,1.5661198358310545e-06,210.382222,5.1911110000000065,1.8010029101856083e-05,1.9576148937687138e-05,210.382222,5.1911110000000065,9.025000000000096e-09,161.2105098741565,0.37165600000000154,0.37165600000000154,0.00719890211,0.8783439999999985,0,200,10,5,0,1,8,8,4,35n,1,4n,8,125,200V_10A_125C
1.927325029601852e-05,1.6930323452854845e-06,1.7391978072334003e-06,211.942812,5.971406000000002,2.0966282641304006e-05,2.2705480448537407e-05,211.942812,5.971406000000002,1.4225000000000063e-08,140.2377470577415,-1.7369979999999998,-1.7369979999999998,-1.9726537,2.986998,0,200,10,5,-2,1,8,8,4,35n,1,4n,8,125,200V_10A_125C
1.600911569258352e-05,1.725744143469815e-06,1.684754379142459e-06,211.217288,5.608643999999998,1.7734859836053333e-05,1.9419614215195792e-05,211.217288,5.608643999999998,9.175000000000001e-09,161.49425207180266,0.8177450000000022,0.8177450000000022,0.079048899,0.43225499999999784,0,200,10,5,0,1,8,8,8,10n,0,4n,8,125,200V_10A_125C
1.8879376797483087e-05,1.6968318703537078e-06,1.6830307649189888e-06,212.146075,6.073037499999998,2.0576208667836795e-05,2.2259239432755782e-05,212.146075,6.073037499999998,8.925000000000088e-09,140.72903159419144,-1.3781490000000076,-1.3781490000000076,-1.91937489,2.6281490000000076,0,200,10,5,-2,1,8,8,8,10n,0,4n,8,125,200V_10A_125C
1.6402567014002994e-05,1.725940690417127e-06,1.7037780438078867e-06,210.283931,5.141965499999998,1.812850770442012e-05,1.9832285748228006e-05,210.283931,5.141965499999998,9.025000000000096e-09,161.25053498164033,0.3275369999999782,0.3275369999999782,0.0491785628,0.9224630000000218,0,200,10,5,0,1,8,8,8,10n,1,4n,8,125,200V_10A_125C
1.9433024181426828e-05,1.6975286365686369e-06,1.6890144391021592e-06,211.92225,5.961124999999995,2.1130552817995464e-05,2.2819567257097624e-05,211.92225,5.961124999999995,8.874999999999979e-09,140.52665347245616,-1.777052999999995,-1.777052999999995,-1.95492192,3.027052999999995,0,200,10,5,-2,1,8,8,8,10n,1,4n,8,125,200V_10A_125C
1.599087512401416e-05,1.725707482069768e-06,1.6684281422165133e-06,211.217288,5.608643999999998,1.771658260608393e-05,1.938501074830044e-05,211.217288,5.608643999999998,9.175000000000001e-09,162.27031388660757,0.819896,0.819896,0.0586882298,0.43010400000000004,0,200,10,5,0,1,8,8,8,15n,0,4n,8,125,200V_10A_125C
1.887455051002616e-05,1.6961919564899275e-06,1.650919313311555e-06,212.146075,6.073037499999998,2.057074246651609e-05,2.2221661779827643e-05,212.146075,6.073037499999998,1.4174999999999953e-08,141.7602983740421,-1.37706399999999,-1.37706399999999,-1.93824157,2.62706399999999,0,200,10,5,-2,1,8,8,8,15n,0,4n,8,125,200V_10A_125C
1.6364190682960827e-05,1.7256526530357877e-06,1.6833055186346644e-06,210.283931,5.141965499999998,1.8089843335996613e-05,1.9773148854631277e-05,210.283931,5.141965499999998,1.1874999999999992e-08,162.07312763429883,0.318017999999995,0.318017999999995,0.0365132925,0.931982000000005,0,200,10,5,0,1,8,8,8,15n,1,4n,8,125,200V_10A_125C
1.939351608336501e-05,1.6968268651489649e-06,1.6560499163742544e-06,211.92225,5.961124999999995,2.1090342948513974e-05,2.274639286488823e-05,211.92225,5.961124999999995,1.4174999999999953e-08,141.60887477931752,-1.7759659999999826,-1.7759659999999826,-1.96553754,3.0259659999999826,0,200,10,5,-2,1,8,8,8,15n,1,4n,8,125,200V_10A_125C
1.5970645742747893e-05,1.726462807783416e-06,1.6279239742862167e-06,211.217288,5.608643999999998,1.769710855053131e-05,1.9325032524817524e-05,211.217288,5.608643999999998,9.175000000000001e-09,161.8020991932804,0.8204960000000199,0.8204960000000199,0.038215615,0.4295039999999801,0,200,10,5,0,1,8,8,8,25n,0,4n,8,125,200V_10A_125C
1.883571528592222e-05,1.7002520112108599e-06,1.589280072262057e-06,212.146075,6.073037499999998,2.053596729713308e-05,2.212524736939514e-05,212.146075,6.073037499999998,1.6874999999999944e-08,140.84455684543676,-1.3770440000000121,-1.3770440000000121,-1.97356355,2.627044000000012,0,200,10,5,-2,1,8,8,8,25n,0,4n,8,125,200V_10A_125C
1.6351334364592515e-05,1.7266743580939462e-06,1.6412049601250236e-06,210.283931,5.141965499999998,1.807800872268646e-05,1.9719213682811485e-05,210.283931,5.141965499999998,1.1874999999999992e-08,161.6025431330973,0.3191140000000132,0.3191140000000132,0.0213824594,0.9308859999999868,0,200,10,5,0,1,8,8,8,25n,1,4n,8,125,200V_10A_125C
1.9350580368922614e-05,1.7002721510105286e-06,1.597194847260993e-06,211.92225,5.961124999999995,2.1050852519933144e-05,2.2648047367194135e-05,211.92225,5.961124999999995,1.4174999999999953e-08,140.7117417375799,-1.7744020000000091,-1.7744020000000091,-1.98292496,3.024402000000009,0,200,10,5,-2,1,8,8,8,25n,1,4n,8,125,200V_10A_125C
1.5955063332275837e-05,1.7235812415728845e-06,1.5850309106814801e-06,211.217288,5.608643999999998,1.7678644573848722e-05,1.9263675484530203e-05,211.217288,5.608643999999998,9.175000000000001e-09,161.39994465245343,0.8202319999999759,0.8202319999999759,0.0127567952,0.42976800000002413,0,200,10,5,0,1,8,8,8,35n,0,4n,8,125,200V_10A_125C
1.882413514805423e-05,1.6920815117250789e-06,1.7979410775533713e-06,212.146075,6.073037499999998,2.051621665977931e-05,2.2314157737332683e-05,212.146075,6.073037499999998,1.6874999999999944e-08,140.37706866340187,-1.377034999999978,-1.377034999999978,-1.95250646,2.627034999999978,0,200,10,5,-2,1,8,8,8,35n,0,4n,8,125,200V_10A_125C
1.6335619022712326e-05,1.7237764648626593e-06,1.5984123990177883e-06,210.283931,5.141965499999998,1.8059395487574985e-05,1.9657807886592773e-05,210.283931,5.141965499999998,1.1874999999999992e-08,161.20510625658997,0.3195259999999962,0.3195259999999962,0.00735798788,0.9304740000000038,0,200,10,5,0,1,8,8,8,35n,1,4n,8,125,200V_10A_125C
1.933630785653615e-05,1.6930529703549746e-06,1.7796824719634467e-06,211.92225,5.961124999999995,2.1029360826891127e-05,2.2809043298854575e-05,211.92225,5.961124999999995,1.4174999999999953e-08,140.22469864239682,-1.7707519999999874,-1.7707519999999874,-1.97277254,3.0207519999999874,0,200,10,5,-2,1,8,8,8,35n,1,4n,8,125,200V_10A_125C
3.8938219715026215e-05,6.976088739877019e-06,3.9278943046545416e-08,3.4280421,-98.28597895000001,4.5914308454903236e-05,4.595358739794978e-05,245.83219,22.916095,1.512103000000013e-08,259.0168609774976,4.80217005,4.399760000000015,4.80217005,-3.55217005,1,200,10,5,0,2,2,8,1,5n,0,4n,8,125,200V_10A_125C
1.691930191090094e-05,1.8463649906369079e-06,4.814694964980109e-07,50.9405027,-74.52974865,1.876566690153785e-05,1.9247136398035862e-05,269.915603,34.95780149999999,4.4005050000000025e-08,248.10236813701354,3.044014000000004,3.044014000000004,1.83098163,-1.7940140000000042,1,200,10,5,-2,2,2,8,1,5n,0,4n,8,125,200V_10A_125C
1.3084200974653197e-05,2.7337723218199294e-06,6.580718340768597e-08,16.8315697,-91.58421515,1.5817973296473125e-05,1.588378047988081e-05,278.102133,39.05106649999999,3.2320389999999947e-08,252.7090182071477,1.311883999999992,1.311883999999992,0.934304931,-0.061883999999992056,1,200,10,5,0,2,2,8,1,5n,1,4n,8,125,200V_10A_125C
1.6121760690786796e-05,1.7777059057634004e-06,5.391433865508362e-07,62.2302059,-68.88489705,1.7899466596550198e-05,1.8438609983101033e-05,267.351924,33.675962,3.8475000000000085e-08,240.1592434053976,-0.3379330000000209,-0.3379330000000209,-1.12755009,1.587933000000021,0,200,10,5,-2,2,2,8,1,5n,1,4n,8,125,200V_10A_125C
2.696190093756994e-05,2.72680718189034e-06,1.5707881281255044e-06,175.461036,-12.269481999999996,2.968870811946028e-05,3.125949624758578e-05,216.560322,8.280161000000007,1.9966179999999946e-08,236.55531719795727,3.49925300000001,3.49925300000001,1.4051039,-2.24925300000001,1,200,10,5,0,2,2,8,1,10n,0,4n,8,125,200V_10A_125C
1.5643814062199295e-05,1.8402254167825052e-06,1.6420698041154718e-06,214.915988,7.4579939999999985,1.74840394789818e-05,1.9126109283097274e-05,216.571682,8.285841000000005,1.7111719999999965e-08,213.6756855095059,2.2363160000000164,2.2363160000000164,-1.30281413,-0.9863160000000164,1,200,10,5,-2,2,2,8,1,10n,0,4n,8,125,200V_10A_125C
1.2544218458493485e-05,1.736857085063161e-06,1.7505604996159202e-06,207.213601,3.6068005000000056,1.4281075543556646e-05,1.6031636043172567e-05,208.445875,4.2229375000000005,7.875000000000115e-09,228.00864465911184,0.45619400000001065,0.45619400000001065,0.0581157406,0.7938059999999894,0,200,10,5,0,2,2,8,1,10n,1,4n,8,125,200V_10A_125C
1.571273960738471e-05,1.76020718708013e-06,1.7971657230683759e-06,210.727838,5.3639189999999966,1.747294679446484e-05,1.9270112517533217e-05,213.74447,6.8722350000000025,1.1075000000000144e-08,210.98568437340828,-1.585677000000004,-1.585677000000004,-1.92138421,2.835677000000004,0,200,10,5,-2,2,2,8,1,10n,1,4n,8,125,200V_10A_125C
2.4304686463343386e-05,2.72421789565442e-06,1.5393851728748104e-06,220.104493,10.052246499999995,2.7028904358997807e-05,2.8568289531872617e-05,220.104493,10.052246499999995,2.522267000000006e-08,241.1366209389569,3.373435999999998,3.373435999999998,0.357942141,-2.123435999999998,1,200,10,5,0,2,2,8,1,15n,0,4n,8,125,200V_10A_125C
1.6541787128695688e-05,1.8360232413335444e-06,1.4266960928225724e-06,218.760648,9.380324000000002,1.8377810370029233e-05,1.9804506462851806e-05,218.760648,9.380324000000002,2.2361939999999993e-08,217.58579419670787,2.2593410000000063,2.2593410000000063,-1.77180313,-1.0093410000000063,1,200,10,5,-2,2,2,8,1,15n,0,4n,8,125,200V_10A_125C
1.2447871365968715e-05,1.73733416008003e-06,1.722585138700388e-06,209.812646,4.906323,1.4185205526048746e-05,1.5907790664749132e-05,209.812646,4.906323,7.875000000000115e-09,229.57460158078612,0.5155360000000258,0.5155360000000258,0.0327348002,0.7344639999999742,0,200,10,5,0,2,2,8,1,15n,1,4n,8,125,200V_10A_125C
1.556045255345982e-05,1.7595702355627888e-06,1.7536599343099151e-06,214.53802,7.2690099999999935,1.7320022789022612e-05,1.9073682723332527e-05,214.53802,7.2690099999999935,1.625526000000008e-08,213.33192730498428,-1.4998300000000029,-1.4998300000000029,-1.92188692,2.749830000000003,0,200,10,5,-2,2,2,8,1,15n,1,4n,8,125,200V_10A_125C
2.4393046952260136e-05,2.7264429400580016e-06,1.3222720581183293e-06,220.104493,10.052246499999995,2.7119489892318137e-05,2.8441761950436465e-05,220.104493,10.052246499999995,2.550506999999998e-08,241.6794831317762,3.3796669999999835,3.3796669999999835,0.151309021,-2.1296669999999835,1,200,10,5,0,2,2,8,1,25n,0,4n,8,125,200V_10A_125C
1.6506478431342633e-05,1.8412976898418928e-06,1.2739662891789893e-06,218.760648,9.380324000000002,1.8347776121184524e-05,1.9621742410363513e-05,218.760648,9.380324000000002,2.540500000000014e-08,216.4357651025395,2.301795999999996,2.301795999999996,-1.92040677,-1.051795999999996,1,200,10,5,-2,2,2,8,1,25n,0,4n,8,125,200V_10A_125C
1.2440249386586739e-05,1.738097490441047e-06,1.6814585333333815e-06,209.812646,4.906323,1.4178346877027785e-05,1.5859805410361168e-05,209.812646,4.906323,7.875000000000115e-09,229.21457771744664,0.5303789999999822,0.5303789999999822,0.0204474758,0.7196210000000178,0,200,10,5,0,2,2,8,1,25n,1,4n,8,125,200V_10A_125C
1.551473829585895e-05,1.7636403055073286e-06,1.6909403352172877e-06,214.53802,7.2690099999999935,1.7278378601366278e-05,1.8969318936583565e-05,214.53802,7.2690099999999935,2.4775000000000114e-08,212.3117434243242,-1.485256000000021,-1.485256000000021,-1.96366654,2.735256000000021,0,200,10,5,-2,2,2,8,1,25n,1,4n,8,125,200V_10A_125C
2.4370095441838954e-05,2.7221809746210104e-06,1.2863856870090414e-06,220.104493,10.052246499999995,2.7092276416459963e-05,2.8378662103469004e-05,220.104493,10.052246499999995,3.367500000000015e-08,240.46690313902147,3.3797849999999983,3.3797849999999983,0.105282411,-2.1297849999999983,1,200,10,5,0,2,2,8,1,35n,0,4n,8,125,200V_10A_125C
1.648701944497519e-05,1.8315548357925166e-06,1.4651274075063831e-06,218.760648,9.380324000000002,1.831857428076771e-05,1.978370168827409e-05,218.760648,9.380324000000002,3.382500000000005e-08,215.38540334270425,2.2981809999999996,2.2981809999999996,-1.90150242,-1.0481809999999996,1,200,10,5,-2,2,2,8,1,35n,0,4n,8,125,200V_10A_125C
1.2423971390032842e-05,1.7354334025468938e-06,1.6386782003369279e-06,209.812646,4.906323,1.4159404792579736e-05,1.5798082992916664e-05,209.812646,4.906323,7.875000000000115e-09,228.36612000654233,0.5308949999999868,0.5308949999999868,0.0137288736,0.7191050000000132,0,200,10,5,0,2,2,8,1,35n,1,4n,8,125,200V_10A_125C
1.549344012458898e-05,1.7565500723742892e-06,1.6276210661864026e-06,214.53802,7.2690099999999935,1.724999019696327e-05,1.887761126314967e-05,214.53802,7.2690099999999935,2.7324999999999988e-08,211.19507463779385,-1.4835549999999955,-1.4835549999999955,-1.9665626,2.7335549999999955,0,200,10,5,-2,2,2,8,1,35n,1,4n,8,125,200V_10A_125C
1.2717216514442218e-05,6.963092509462746e-06,6.800995532183915e-08,3.46873816,-98.26563092,1.9680309023904964e-05,1.9748318979226802e-05,245.774774,22.887387000000004,1.512115000000014e-08,258.92505963136324,4.79645921,1.8396740000000023,4.79645921,-3.54645921,1,200,10,5,0,2,2,8,4,5n,0,4n,8,125,200V_10A_125C
1.5169011146134602e-05,1.8473506220547013e-06,5.542158688299737e-07,50.9310755,-74.53446225,1.7016361768189303e-05,1.7570577637019278e-05,269.82128,34.91064,4.395760000000006e-08,248.08934842120172,1.84352448,-0.47189800000001014,1.84352448,-0.5935244799999999,1,200,10,5,-2,2,2,8,4,5n,0,4n,8,125,200V_10A_125C
1.250723340533825e-05,2.7337303214359835e-06,9.013712383595228e-08,16.8314239,-91.58428805,1.5240963726774234e-05,1.5331100850610187e-05,278.115105,39.057552500000014,3.2321020000000114e-08,252.70516057767105,0.934030241,0.3945190000000025,0.934030241,0.315969759,0,200,10,5,0,2,2,8,4,5n,1,4n,8,125,200V_10A_125C
1.5503189411533594e-05,1.7777548938443988e-06,6.040763394489174e-07,62.2292731,-68.88536345,1.7280944305377993e-05,1.788502064482691e-05,267.357025,33.67851250000001,3.8475000000000085e-08,240.17555718722005,-1.12716313,-1.5303579999999783,-1.12716313,2.37716313,0,200,10,5,-2,2,2,8,4,5n,1,4n,8,125,200V_10A_125C
1.2422883010991397e-05,2.726408049943948e-06,1.715857083341748e-06,175.838094,-12.080952999999996,1.5149291060935345e-05,1.6865148144277094e-05,216.711757,8.355878500000003,1.9974999999999965e-08,236.54145997331304,1.8493679999999983,1.8493679999999983,1.40084546,-0.5993679999999983,1,200,10,5,0,2,2,8,4,10n,0,4n,8,125,200V_10A_125C
1.4572924894766513e-05,1.8392353232960266e-06,1.893308543863132e-06,214.790174,7.395087000000003,1.641216021806254e-05,1.830546876192567e-05,215.960114,7.980057000000001,1.707499999999996e-08,213.43785771509954,-0.5541520000000162,-0.5541520000000162,-1.30691665,1.8041520000000162,0,200,10,5,-2,2,2,8,4,10n,0,4n,8,125,200V_10A_125C
1.2444475530662949e-05,1.7368580989041228e-06,1.7839713620163976e-06,207.222771,3.6113854999999973,1.4181333629567072e-05,1.596530499158347e-05,208.357598,4.178798999999998,7.875000000000115e-09,227.98290385367739,0.4843270000000075,0.4843270000000075,0.0575527176,0.7656729999999925,0,200,10,5,0,2,2,8,4,10n,1,4n,8,125,200V_10A_125C
1.558388131031324e-05,1.7601926177850463e-06,1.8781981871552882e-06,210.724951,5.362475500000003,1.7344073928098288e-05,1.9222272115253575e-05,213.714179,6.857089500000001,1.1075000000000144e-08,210.97586090202995,-1.5470969999999795,-1.5470969999999795,-1.92092642,2.7970969999999795,0,200,10,5,-2,2,2,8,4,10n,1,4n,8,125,200V_10A_125C
1.2447932694879398e-05,2.7267060557983685e-06,1.7909809460697015e-06,217.948018,8.974008999999995,1.5174638750677767e-05,1.6965619696747467e-05,217.948018,8.974008999999995,1.966609000000002e-08,239.29202267855908,1.8555010000000038,1.8555010000000038,0.332362858,-0.6055010000000038,1,200,10,5,0,2,2,8,4,15n,0,4n,8,125,200V_10A_125C
1.4662842424483343e-05,1.8383175437288924e-06,1.8104202200700277e-06,217.73421,8.867104999999995,1.6501159968212234e-05,1.8311580188282263e-05,217.73421,8.867104999999995,1.6754450000000142e-08,215.9267912267585,-0.5396590000000003,-0.5396590000000003,-1.81891322,1.7896590000000003,0,200,10,5,-2,2,2,8,4,15n,0,4n,8,125,200V_10A_125C
1.2473491847511211e-05,1.7374040226324103e-06,1.7569898637686168e-06,209.713545,4.856772500000005,1.4210895870143622e-05,1.5967885733912238e-05,209.713545,4.856772500000005,7.875000000000115e-09,229.54664987114364,0.48455699999999524,0.48455699999999524,0.033388083,0.7654430000000048,0,200,10,5,0,2,2,8,4,15n,1,4n,8,125,200V_10A_125C
1.5582517812048103e-05,1.759590340671014e-06,1.8369518610683085e-06,214.499256,7.249628000000001,1.734210815271912e-05,1.9179060013787428e-05,214.499256,7.249628000000001,1.6205180000000102e-08,213.30929313033795,-1.543703999999991,-1.543703999999991,-1.92232097,2.793703999999991,0,200,10,5,-2,2,2,8,4,15n,1,4n,8,125,200V_10A_125C
1.24303843658651e-05,2.726813095309026e-06,1.7555461808775162e-06,217.948018,8.974008999999995,1.5157197461174127e-05,1.6912743642051644e-05,217.948018,8.974008999999995,2.5505330000000075e-08,239.4636356347545,1.8541500000000042,1.8541500000000042,0.135230694,-0.6041500000000042,1,200,10,5,0,2,2,8,4,25n,0,4n,8,125,200V_10A_125C
1.4632180064093256e-05,1.8420911512450148e-06,1.7596850583584964e-06,217.73421,8.867104999999995,1.6474271215338272e-05,1.8233956273696767e-05,217.73421,8.867104999999995,2.545507000000008e-08,214.9609460283673,-0.5426799999999901,-0.5426799999999901,-1.93034414,1.79267999999999,0,200,10,5,-2,2,2,8,4,25n,0,4n,8,125,200V_10A_125C
1.2486999640402873e-05,1.7382095884103595e-06,1.716524506423404e-06,209.713545,4.856772500000005,1.4225209228813232e-05,1.5941733735236637e-05,209.713545,4.856772500000005,7.875000000000115e-09,229.19331085146655,0.469475999999986,0.469475999999986,0.0200479622,0.780524000000014,0,200,10,5,0,2,2,8,4,25n,1,4n,8,125,200V_10A_125C
1.557111820038727e-05,1.7636826220547842e-06,1.7759198162087997e-06,214.499256,7.249628000000001,1.7334800822442055e-05,1.9110720638650856e-05,214.499256,7.249628000000001,2.4775000000000114e-08,212.2886777544065,-1.5410489999999868,-1.5410489999999868,-1.9643457,2.791048999999987,0,200,10,5,-2,2,2,8,4,25n,1,4n,8,125,200V_10A_125C
1.242018139637141e-05,2.722583343619819e-06,1.7109749647248644e-06,217.948018,8.974008999999995,1.514276473999123e-05,1.6853739704716095e-05,217.948018,8.974008999999995,3.0974999999999945e-08,238.22097049021943,1.8542089999999973,1.8542089999999973,0.09291195,-0.6042089999999973,1,200,10,5,0,2,2,8,4,35n,0,4n,8,125,200V_10A_125C
1.4621086070182019e-05,1.8323738993348922e-06,1.6946280161821718e-06,217.73421,8.867104999999995,1.6453459969516912e-05,1.8148087985699082e-05,217.73421,8.867104999999995,3.3774999999999943e-08,213.86793089985156,-0.5419640000000072,-0.5419640000000072,-1.90787507,1.7919640000000072,0,200,10,5,-2,2,2,8,4,35n,0,4n,8,125,200V_10A_125C
1.2472370224158492e-05,1.7354267614919763e-06,1.673809602446482e-06,209.713545,4.856772500000005,1.4207796985650467e-05,1.588160658809695e-05,209.713545,4.856772500000005,7.875000000000115e-09,228.33636362809287,0.4695959999999957,0.4695959999999957,0.0137590279,0.7804040000000043,0,200,10,5,0,2,2,8,4,35n,1,4n,8,125,200V_10A_125C
1.5557377629351295e-05,1.756614707684155e-06,1.7125657511378422e-06,214.499256,7.249628000000001,1.7313992337035452e-05,1.9026558088173294e-05,214.499256,7.249628000000001,2.4775000000000114e-08,211.16991017025606,-1.543042000000014,-1.543042000000014,-1.96695076,2.793042000000014,0,200,10,5,-2,2,2,8,4,35n,1,4n,8,125,200V_10A_125C
1.2087297263528354e-05,6.9632879363784104e-06,1.036787374635893e-07,3.46870846,-98.26564577,1.9050585199906764e-05,1.9154263937370352e-05,245.774164,22.887082000000007,1.5121320000000122e-08,258.9220408335688,4.79613565,0.9376059999999882,4.79613565,-3.54613565,1,200,10,5,0,2,2,8,8,5n,0,4n,8,125,200V_10A_125C
1.4922848909491505e-05,1.847992125833876e-06,5.992117889453034e-07,50.9294029,-74.53529855,1.677084103532538e-05,1.7370052824270685e-05,269.706842,34.853421,4.3961120000000123e-08,248.06188543037945,1.84909839,-1.0367710000000159,1.84909839,-0.59909839,1,200,10,5,-2,2,2,8,8,5n,0,4n,8,125,200V_10A_125C
1.2441406997522872e-05,2.7336173487451736e-06,1.2433923537805086e-07,16.8312761,-91.58436195,1.5175024346268047e-05,1.5299363581646097e-05,278.127117,39.0635585,3.232161999999996e-08,252.70085532052485,0.933908329,0.5005649999999946,0.933908329,0.316091671,0,200,10,5,0,2,2,8,8,5n,1,4n,8,125,200V_10A_125C
1.5378290071582494e-05,1.7778265755448723e-06,6.486819404445882e-07,62.2283156,-68.8858422,1.7156116647127365e-05,1.7804798587571953e-05,267.381003,33.69050150000001,3.8475000000000085e-08,240.19088781717008,-1.1267904,-1.4694519999999898,-1.1267904,2.3767904,0,200,10,5,-2,2,2,8,8,5n,1,4n,8,125,200V_10A_125C
1.2199289487931119e-05,2.726258734204351e-06,1.7493503696188666e-06,175.819365,-12.090317499999996,1.492554822213547e-05,1.6674898591754337e-05,216.816148,8.408074,1.9974999999999965e-08,236.57335369870222,1.40034146,0.9236789999999928,1.40034146,-0.15034145999999993,1,200,10,5,0,2,2,8,8,10n,0,4n,8,125,200V_10A_125C
1.5202957467112335e-05,1.8390482309954792e-06,1.931328561804731e-06,214.750952,7.375476000000005,1.7042005698107815e-05,1.8973334259912548e-05,215.587168,7.7935839999999965,1.702500000000006e-08,213.3046675028079,-1.2107050000000186,-1.2107050000000186,-1.31003058,2.4607050000000186,0,200,10,5,-2,2,2,8,8,10n,0,4n,8,125,200V_10A_125C
1.2596932685333535e-05,1.7368626167982362e-06,1.8171977277849817e-06,207.233163,3.6165814999999952,1.4333795302131771e-05,1.6150993029916752e-05,208.262775,4.131387500000002,7.875000000000115e-09,227.95829763857276,0.41254999999998176,0.41254999999998176,0.0568638178,0.8374500000000182,0,200,10,5,0,2,2,8,8,10n,1,4n,8,125,200V_10A_125C
1.5626506347723844e-05,1.760178899447474e-06,1.9213631644876146e-06,210.722319,5.3611594999999985,1.738668524717132e-05,1.9308048411658934e-05,213.683093,6.841546500000006,1.1075000000000144e-08,210.96716142260772,-1.5765900000000101,-1.5765900000000101,-1.92050206,2.82659000000001,0,200,10,5,-2,2,2,8,8,10n,1,4n,8,125,200V_10A_125C
1.2188260114731958e-05,2.7268795812328282e-06,1.8494858597803832e-06,216.835522,8.417760999999999,1.4915139695964786e-05,1.6764625555745168e-05,216.835522,8.417760999999999,1.975739000000002e-08,238.7616969860824,0.9221019999999953,0.9221019999999953,0.325099854,0.3278980000000047,0,200,10,5,0,2,2,8,8,15n,0,4n,8,125,200V_10A_125C
1.515158436516183e-05,1.8382031752406294e-06,1.8792410382856387e-06,217.265553,8.632776500000006,1.698978754040246e-05,1.8869028578688097e-05,217.265553,8.632776500000006,1.677077000000005e-08,215.5609357946335,-1.1950129999999888,-1.1950129999999888,-1.82239376,2.445012999999989,0,200,10,5,-2,2,2,8,8,15n,0,4n,8,125,200V_10A_125C
1.2570430232491809e-05,1.7374880650656936e-06,1.7890082490529092e-06,209.609465,4.8047325,1.4307918297557502e-05,1.609692654661041e-05,209.609465,4.8047325,7.875000000000115e-09,229.52106962736013,0.39924400000001015,0.39924400000001015,0.0339148793,0.8507559999999899,0,200,10,5,0,2,2,8,8,15n,1,4n,8,125,200V_10A_125C
1.5646964670230774e-05,1.7596228597756893e-06,1.879993193091062e-06,214.460096,7.230047999999997,1.7406587530006463e-05,1.9286580723097524e-05,214.460096,7.230047999999997,1.620507999999995e-08,213.28792336768532,-1.5984760000000051,-1.5984760000000051,-1.92290337,2.848476000000005,0,200,10,5,-2,2,2,8,8,15n,1,4n,8,125,200V_10A_125C
1.2175043015677357e-05,2.727184505007038e-06,1.8176153658021316e-06,216.835522,8.417760999999999,1.4902227520684395e-05,1.6719842886486526e-05,216.835522,8.417760999999999,2.550566e-08,238.91545919518674,0.9213880000000074,0.9213880000000074,0.124644554,0.3286119999999926,0,200,10,5,0,2,2,8,8,25n,0,4n,8,125,200V_10A_125C
1.5120197082916553e-05,1.842521910275574e-06,1.8226786251385257e-06,217.265553,8.632776500000006,1.6962718993192127e-05,1.8785397618330653e-05,217.265553,8.632776500000006,2.545520000000013e-08,214.59954145282475,-1.1777199999999937,-1.1777199999999937,-1.93698892,2.4277199999999937,0,200,10,5,-2,2,2,8,8,25n,0,4n,8,125,200V_10A_125C
1.2528973278315376e-05,1.7382014819117517e-06,1.7486698626037255e-06,209.609465,4.8047325,1.4267174760227127e-05,1.601584462283085e-05,209.609465,4.8047325,7.875000000000115e-09,229.16699936439548,0.4066880000000026,0.4066880000000026,0.0194206316,0.8433119999999974,0,200,10,5,0,2,2,8,8,25n,1,4n,8,125,200V_10A_125C
1.56242116864159e-05,1.7637173547345057e-06,1.8189608960484417e-06,214.460096,7.230047999999997,1.7387929041150405e-05,1.9206889937198846e-05,214.460096,7.230047999999997,2.4775000000000114e-08,212.26761120165716,-1.5991909999999905,-1.5991909999999905,-1.96500365,2.8491909999999905,0,200,10,5,-2,2,2,8,8,25n,1,4n,8,125,200V_10A_125C
1.2164265478049968e-05,2.7234825040193355e-06,1.772722019384517e-06,216.835522,8.417760999999999,1.4887747982069303e-05,1.666047000145382e-05,216.835522,8.417760999999999,2.8274999999999954e-08,237.66177548722706,0.9212070000000097,0.9212070000000097,0.0823031188,0.32879299999999034,0,200,10,5,0,2,2,8,8,35n,0,4n,8,125,200V_10A_125C
1.5116424339601742e-05,1.8331039186536908e-06,1.7574543610243793e-06,217.265553,8.632776500000006,1.6949528258255434e-05,1.8706982619279814e-05,217.265553,8.632776500000006,3.3725000000000046e-08,213.48870294917955,-1.1850379999999916,-1.1850379999999916,-1.91394709,2.4350379999999916,0,200,10,5,-2,2,2,8,8,35n,0,4n,8,125,200V_10A_125C
1.2517967546196324e-05,1.7354120497160197e-06,1.7061448125856744e-06,209.609465,4.8047325,1.4253379595912343e-05,1.5959524408498018e-05,209.609465,4.8047325,7.875000000000115e-09,228.30220292823884,0.4076989999999796,0.4076989999999796,0.0138703796,0.8423010000000204,0,200,10,5,0,2,2,8,8,35n,1,4n,8,125,200V_10A_125C
1.5619551764428253e-05,1.756677627105919e-06,1.755647420668898e-06,214.460096,7.230047999999997,1.737622939153417e-05,1.9131876812203068e-05,214.460096,7.230047999999997,2.4775000000000114e-08,211.14676680531167,-1.603541000000007,-1.603541000000007,-1.96733355,2.853541000000007,0,200,10,5,-2,2,2,8,8,35n,1,4n,8,125,200V_10A_125C
3.8925442350829324e-05,1.7269108529437441e-06,1.442675334512154e-06,168.428104,-15.785948000000005,4.065235320377307e-05,4.209502853828522e-05,209.14816,4.574079999999995,5.317010000000057e-09,160.25841279142642,4.3996429999999975,4.3996429999999975,0.292409954,-3.1496429999999975,1,200,10,5,0,2,8,8,1,5n,0,4n,8,125,200V_10A_125C
1.692800843652222e-05,1.698483864950442e-06,1.4997386022514198e-06,199.828959,-0.08552050000000122,1.8626492301472663e-05,2.0126230903724082e-05,206.831632,3.4158160000000066,4.724999999999984e-09,138.1635227657013,3.0457739999999944,3.0457739999999944,-1.67861528,-1.7957739999999944,1,200,10,5,-2,2,8,8,1,5n,0,4n,8,125,200V_10A_125C
1.3078722074484468e-05,1.7271221269762503e-06,1.4509617525248914e-06,168.966348,-15.516825999999995,1.4805844201460718e-05,1.625680595398561e-05,210.550026,5.275013000000001,6.625000000000127e-09,160.11891621088503,1.310892999999993,1.310892999999993,0.113962784,-0.06089299999999298,1,200,10,5,0,2,8,8,1,5n,1,4n,8,125,200V_10A_125C
1.6115975510849566e-05,1.6983543928030883e-06,1.5152369824101268e-06,199.492466,-0.2537669999999963,1.7814329903652654e-05,1.932956688606278e-05,207.182103,3.591051500000006,4.724999999999984e-09,138.14493715792594,-0.33795099999997547,-0.33795099999997547,-1.87981186,1.5879509999999755,0,200,10,5,-2,2,8,8,1,5n,1,4n,8,125,200V_10A_125C
2.694393226130415e-05,1.7255543218133761e-06,1.4492084484087484e-06,213.583116,6.791557999999996,2.8669486583117527e-05,3.0118695031526275e-05,213.583116,6.791557999999996,1.167343e-08,163.36107867650605,3.4995420000000195,3.4995420000000195,0.122949289,-2.2495420000000195,1,200,10,5,0,2,8,8,1,10n,0,4n,8,125,200V_10A_125C
1.563683576521108e-05,1.6975875209957881e-06,1.355260357024811e-06,212.884566,6.442283000000003,1.7334423286206867e-05,1.868968364323168e-05,212.884566,6.442283000000003,1.1565880000000133e-08,141.67357823599846,2.2361749999999745,2.2361749999999745,-1.88713418,-0.9861749999999745,1,200,10,5,-2,2,8,8,1,10n,0,4n,8,125,200V_10A_125C
1.2537791355265046e-05,1.7259187124552848e-06,1.6331200982490323e-06,210.4934,5.246700000000004,1.4263710067720331e-05,1.5896830165969362e-05,210.4934,5.246700000000004,9.074999999999994e-09,161.2836887906718,0.4561210000000244,0.4561210000000244,0.0486810594,0.7938789999999756,0,200,10,5,0,2,8,8,1,10n,1,4n,8,125,200V_10A_125C
1.5706042338847013e-05,1.6974206486487e-06,1.5633359145838788e-06,211.967775,5.983887499999994,1.7403462987495712e-05,1.896679890207959e-05,211.967775,5.983887499999994,8.874999999999979e-09,140.55869772441912,-1.585552999999976,-1.585552999999976,-1.95399525,2.835552999999976,0,200,10,5,-2,2,8,8,1,10n,1,4n,8,125,200V_10A_125C
2.4285833523393795e-05,1.7254775272801252e-06,1.196992802089294e-06,213.583116,6.791557999999996,2.6011311050673922e-05,2.7208303852763217e-05,213.583116,6.791557999999996,1.4825000000000108e-08,164.6915239552861,3.373587999999984,3.373587999999984,0.0656163911,-2.123587999999984,1,200,10,5,0,2,8,8,1,15n,0,4n,8,125,200V_10A_125C
1.6534660903702728e-05,1.6954488995359393e-06,1.1220637428923016e-06,214.169017,7.084508499999998,1.8230109803238665e-05,1.9352173546130968e-05,214.169017,7.084508499999998,1.467499999999999e-08,143.22590705161957,2.2591759999999965,2.2591759999999965,-1.91872056,-1.0091759999999965,1,200,10,5,-2,2,8,8,1,15n,0,4n,8,125,200V_10A_125C
1.2441250404836575e-05,1.7257693762597909e-06,1.6145885058620111e-06,210.4934,5.246700000000004,1.4167019781096366e-05,1.5781608286958378e-05,210.4934,5.246700000000004,9.074999999999994e-09,162.1075228297896,0.5155509999999879,0.5155509999999879,0.0365836359,0.7344490000000121,0,200,10,5,0,2,8,8,1,15n,1,4n,8,125,200V_10A_125C
1.5553661249513416e-05,1.696762818475578e-06,1.530128249420005e-06,211.967775,5.983887499999994,1.7250424067988992e-05,1.8780552317408998e-05,211.967775,5.983887499999994,1.4225000000000063e-08,141.63211046927177,-1.4998530000000017,-1.4998530000000017,-1.96492292,2.7498530000000017,0,200,10,5,-2,2,8,8,1,15n,1,4n,8,125,200V_10A_125C
2.4374448655191602e-05,1.7264953330608939e-06,1.1380039033360004e-06,213.583116,6.791557999999996,2.6100943988252496e-05,2.7238947891588496e-05,213.583116,6.791557999999996,1.4825000000000108e-08,164.21212770119152,3.3797989999999913,3.3797989999999913,0.0426422132,-2.1297989999999913,1,200,10,5,0,2,8,8,1,25n,0,4n,8,125,200V_10A_125C
1.6499648588562017e-05,1.6998594457210942e-06,1.0422947194415225e-06,214.169017,7.084508499999998,1.8199508034283112e-05,1.9241802753724636e-05,214.169017,7.084508499999998,1.712500000000007e-08,142.20270688370704,2.301649999999995,2.301649999999995,-1.97163295,-1.051649999999995,1,200,10,5,-2,2,8,8,1,25n,0,4n,8,125,200V_10A_125C
1.2433432560595374e-05,1.726559484133957e-06,1.573757985787874e-06,210.4934,5.246700000000004,1.4159992044729331e-05,1.5733750030517206e-05,210.4934,5.246700000000004,9.074999999999994e-09,161.6232984927074,0.5304380000000037,0.5304380000000037,0.0218475146,0.7195619999999963,0,200,10,5,0,2,8,8,1,25n,1,4n,8,125,200V_10A_125C
1.5507879957494585e-05,1.7002258044768629e-06,1.4693758662213631e-06,211.967775,5.983887499999994,1.7208105761971448e-05,1.867748162819281e-05,211.967775,5.983887499999994,1.4225000000000063e-08,140.73181797926537,-1.4852369999999837,-1.4852369999999837,-1.9830585,2.7352369999999837,0,200,10,5,-2,2,8,8,1,25n,1,4n,8,125,200V_10A_125C
2.4351403998507284e-05,1.7233150555597244e-06,1.0960151284484711e-06,213.583116,6.791557999999996,2.607471905406701e-05,2.717073418251548e-05,213.583116,6.791557999999996,1.4825000000000108e-08,163.81969346170754,3.379924000000017,3.379924000000017,0.0175242946,-2.129924000000017,1,200,10,5,0,2,8,8,1,35n,0,4n,8,125,200V_10A_125C
1.6479927840164857e-05,1.6916687365336919e-06,1.7008210922125483e-06,214.169017,7.084508499999998,1.817159657669855e-05,1.9872417668911096e-05,214.169017,7.084508499999998,1.712500000000007e-08,141.7769799277044,2.2980289999999854,2.2980289999999854,-1.94973383,-1.0480289999999854,1,200,10,5,-2,2,8,8,1,35n,0,4n,8,125,200V_10A_125C
1.24173167173001e-05,1.7238187271624048e-06,1.5310258106915768e-06,210.4934,5.246700000000004,1.4141135444462504e-05,1.567216125515408e-05,210.4934,5.246700000000004,9.074999999999994e-09,161.22595419523623,0.5308479999999918,0.5308479999999918,0.00704453068,0.7191520000000082,0,200,10,5,0,2,8,8,1,35n,1,4n,8,125,200V_10A_125C
1.548663257831259e-05,1.692988556841469e-06,1.6572542398176019e-06,211.967775,5.983887499999994,1.717962113515406e-05,1.883687537497166e-05,211.967775,5.983887499999994,1.4225000000000063e-08,140.24619591264147,-1.4835410000000024,-1.4835410000000024,-1.97251873,2.7335410000000024,0,200,10,5,-2,2,8,8,1,35n,1,4n,8,125,200V_10A_125C
1.2710787754421648e-05,1.7271121321920619e-06,1.4740796517587467e-06,168.959051,-15.520474500000004,1.443789988661371e-05,1.5911979538372456e-05,209.744629,4.872314500000002,5.3250000000000295e-09,160.0155612776829,1.84059400000001,1.84059400000001,0.289679812,-0.59059400000001,1,200,10,5,0,2,8,8,4,5n,0,4n,8,125,200V_10A_125C
1.5163472985186469e-05,1.6983455380185444e-06,1.5792272375268594e-06,199.668908,-0.1655460000000062,1.6861818523205012e-05,1.8441045760731872e-05,207.018282,3.5091409999999996,4.724999999999984e-09,138.14988835036127,-0.47194600000000264,-0.47194600000000264,-1.6863516,1.7219460000000026,0,200,10,5,-2,2,8,8,4,5n,0,4n,8,125,200V_10A_125C
1.2502037995050113e-05,1.7271431495660263e-06,1.4753014721802392e-06,168.958907,-15.520546499999996,1.422918114461614e-05,1.5704482616796378e-05,210.603919,5.301959499999996,6.625000000000127e-09,160.12645998503208,0.39468299999998635,0.39468299999998635,0.113165581,0.8553170000000136,0,200,10,5,0,2,8,8,4,5n,1,4n,8,125,200V_10A_125C
1.549706274421299e-05,1.6983527055285909e-06,1.5801719983350932e-06,199.474079,-0.2629605000000055,1.7195415449741582e-05,1.8775587448076676e-05,207.202333,3.601166500000005,4.724999999999984e-09,138.14473649887304,-1.5303200000000174,-1.5303200000000174,-1.88020531,2.7803200000000174,0,200,10,5,-2,2,8,8,4,5n,1,4n,8,125,200V_10A_125C
1.2412016378773703e-05,1.7253154983836959e-06,1.6296320090416503e-06,212.098479,6.049239499999999,1.4137331877157399e-05,1.5766963886199048e-05,212.098479,6.049239499999999,9.325000000000118e-09,161.85950716903355,1.8493220000000008,1.8493220000000008,0.0802449876,-0.5993220000000008,1,200,10,5,0,2,8,8,4,10n,0,4n,8,125,200V_10A_125C
1.4565338018783665e-05,1.6966833709442656e-06,1.633188287809259e-06,212.42747,6.213734999999999,1.626202138972793e-05,1.789520967753719e-05,212.42747,6.213734999999999,8.974999999999986e-09,140.9783231704938,-0.5542540000000145,-0.5542540000000145,-1.90897738,1.8042540000000145,0,200,10,5,-2,2,8,8,4,10n,0,4n,8,125,200V_10A_125C
1.2437919087981075e-05,1.7259159566601996e-06,1.6685658415204866e-06,210.384435,5.192217499999998,1.4163835044641275e-05,1.583240088616176e-05,210.384435,5.192217499999998,9.024860000000011e-09,161.2618774825519,0.4843130000000144,0.4843130000000144,0.0489115148,0.7656869999999856,0,200,10,5,0,2,8,8,4,10n,1,4n,8,125,200V_10A_125C
1.5577239075778516e-05,1.6974628608877223e-06,1.6449575089206697e-06,211.944449,5.972224499999995,1.7274701936666237e-05,1.8919659445586905e-05,211.944449,5.972224499999995,8.874999999999979e-09,140.53965874995376,-1.5473390000000222,-1.5473390000000222,-1.95451708,2.7973390000000222,0,200,10,5,-2,2,8,8,4,10n,1,4n,8,125,200V_10A_125C
1.2437425979224933e-05,1.7256001567276095e-06,1.6083731515395835e-06,212.098479,6.049239499999999,1.4163026135952543e-05,1.5771399287492127e-05,212.098479,6.049239499999999,9.325000000000118e-09,162.60608554140123,1.8554540000000088,1.8554540000000088,0.0632366238,-0.6054540000000088,1,200,10,5,0,2,8,8,4,15n,0,4n,8,125,200V_10A_125C
1.4656313816139885e-05,1.6961975639988677e-06,1.5853694684867743e-06,212.42747,6.213734999999999,1.6352511380138754e-05,1.7937880848625527e-05,212.42747,6.213734999999999,1.4074999999999946e-08,141.98378456025847,-0.5396560000000079,-0.5396560000000079,-1.93837763,1.789656000000008,0,200,10,5,-2,2,8,8,4,15n,0,4n,8,125,200V_10A_125C
1.2466486826358964e-05,1.7257047629026358e-06,1.64992767178658e-06,210.384435,5.192217499999998,1.4192191589261599e-05,1.584211926104818e-05,210.384435,5.192217499999998,9.024860000000011e-09,162.08607235495305,0.4846380000000181,0.4846380000000181,0.0365876097,0.7653619999999819,0,200,10,5,0,2,8,8,4,15n,1,4n,8,125,200V_10A_125C
1.5575442591838375e-05,1.6967843399822197e-06,1.6130113462674682e-06,211.944449,5.972224499999995,1.7272226931820594e-05,1.8885238278088063e-05,211.944449,5.972224499999995,1.4225000000000063e-08,141.61685186062869,-1.5435740000000067,-1.5435740000000067,-1.96532044,2.7935740000000067,0,200,10,5,-2,2,8,8,4,15n,1,4n,8,125,200V_10A_125C
1.2420072414870683e-05,1.7263411687386637e-06,1.5659215939590746e-06,212.098479,6.049239499999999,1.4146413583609346e-05,1.571233517756842e-05,212.098479,6.049239499999999,9.325000000000118e-09,162.13352708831454,1.8541639999999973,1.8541639999999973,0.0407146855,-0.6041639999999973,1,200,10,5,0,2,8,8,4,25n,0,4n,8,125,200V_10A_125C
1.462624250827835e-05,1.7001079709215318e-06,1.5266778002361463e-06,212.42747,6.213734999999999,1.632635047919988e-05,1.7853028279436027e-05,212.42747,6.213734999999999,1.6825000000000046e-08,141.06229537145043,-0.5423849999999959,-0.5423849999999959,-1.97488244,1.792384999999996,0,200,10,5,-2,2,8,8,4,25n,0,4n,8,125,200V_10A_125C
1.2480255932502509e-05,1.726697296843933e-06,1.6089513983953461e-06,210.384435,5.192217499999998,1.4206953229346442e-05,1.581590462774179e-05,210.384435,5.192217499999998,9.024860000000011e-09,161.61567388574053,0.46948299999999676,0.46948299999999676,0.0216324453,0.7805170000000032,0,200,10,5,0,2,8,8,4,25n,1,4n,8,125,200V_10A_125C
1.556433553058438e-05,1.7002339012053444e-06,1.554177262252149e-06,211.944449,5.972224499999995,1.7264569431789725e-05,1.8818746694041872e-05,211.944449,5.972224499999995,1.4225000000000063e-08,140.71828180554996,-1.5411070000000109,-1.5411070000000109,-1.98298751,2.791107000000011,0,200,10,5,-2,2,8,8,4,25n,1,4n,8,125,200V_10A_125C
1.2409585167997517e-05,1.7234366305854988e-06,1.5230155861017882e-06,212.098479,6.049239499999999,1.4133021798583016e-05,1.5656037384684806e-05,212.098479,6.049239499999999,9.325000000000118e-09,161.73898611255578,1.8541760000000238,1.8541760000000238,0.014914872,-0.6041760000000238,1,200,10,5,0,2,8,8,4,35n,0,4n,8,125,200V_10A_125C
1.4614450907611819e-05,1.69187291703594e-06,1.7829126644126566e-06,212.42747,6.213734999999999,1.630632382464776e-05,1.8089236489060416e-05,212.42747,6.213734999999999,1.6825000000000046e-08,140.60260402763305,-0.5419330000000002,-0.5419330000000002,-1.9512169,1.7919330000000002,0,200,10,5,-2,2,8,8,4,35n,0,4n,8,125,200V_10A_125C
1.2465560080301043e-05,1.7237799290664587e-06,1.566099876554279e-06,210.384435,5.192217499999998,1.4189340009367501e-05,1.575543988592178e-05,210.384435,5.192217499999998,9.024860000000011e-09,161.20359252696207,0.4696050000000014,0.4696050000000014,0.00720271406,0.7803949999999986,0,200,10,5,0,2,8,8,4,35n,1,4n,8,125,200V_10A_125C
1.5550370352821587e-05,1.6930032770643936e-06,1.739383007168557e-06,211.944449,5.972224499999995,1.724337362988598e-05,1.8982756637054537e-05,211.944449,5.972224499999995,1.4225000000000063e-08,140.2316763574439,-1.5430039999999963,-1.5430039999999963,-1.97265114,2.7930039999999963,0,200,10,5,-2,2,8,8,4,35n,1,4n,8,125,200V_10A_125C
1.2080125328146628e-05,1.72726684549508e-06,1.5100087099342626e-06,168.90167,-15.549165000000002,1.3807392173641708e-05,1.531740088357597e-05,210.158015,5.079007500000003,6.47500000000001e-09,160.07561351963693,0.9386940000000266,0.9386940000000266,0.288200274,0.31130599999997344,0,200,10,5,0,2,8,8,8,5n,0,4n,8,125,200V_10A_125C
1.4916540496324393e-05,1.698309043798994e-06,1.6249934650451172e-06,199.574892,-0.21255399999999725,1.6614849540123386e-05,1.8239843005168502e-05,207.123225,3.5616124999999954,4.724999999999984e-09,138.14757098898286,-1.0360290000000134,-1.0360290000000134,-1.69013944,2.2860290000000134,0,200,10,5,-2,2,8,8,8,5n,0,4n,8,125,200V_10A_125C
1.2436961833842313e-05,1.7271597421046298e-06,1.5096366784256599e-06,168.94887,-15.525565000000002,1.4164121575946944e-05,1.5673758254372604e-05,210.6619,5.330950000000001,6.625000000000127e-09,160.13434192862368,0.5002350000000035,0.5002350000000035,0.112935692,0.7497649999999965,0,200,10,5,0,2,8,8,8,5n,1,4n,8,125,200V_10A_125C
1.537264420640799e-05,1.6983510238690169e-06,1.6247902378018532e-06,199.455208,-0.2723960000000005,1.7070995230277006e-05,1.869578546807886e-05,207.223021,3.6115104999999943,4.724999999999984e-09,138.1441500680342,-1.46968099999998,-1.46968099999998,-1.88060659,2.71968099999998,0,200,10,5,-2,2,8,8,8,5n,1,4n,8,125,200V_10A_125C
1.2188091992549567e-05,1.7257192335925373e-06,1.6847387267417313e-06,211.21908,5.609539999999995,1.3913811226142104e-05,1.5598549952883836e-05,211.21908,5.609539999999995,9.175000000000001e-09,161.48766253349828,0.923749000000015,0.923749000000015,0.0791052917,0.32625099999998497,0,200,10,5,0,2,8,8,8,10n,0,4n,8,125,200V_10A_125C
1.5195980429101536e-05,1.696801493161329e-06,1.6823096506578228e-06,212.147429,6.073714499999994,1.6892781922262866e-05,1.8575091572920688e-05,212.147429,6.073714499999994,8.925000000000088e-09,140.72318860006885,-1.2114269999999863,-1.2114269999999863,-1.91935388,2.4614269999999863,0,200,10,5,-2,2,8,8,8,10n,0,4n,8,125,200V_10A_125C
1.2589753236966787e-05,1.7259182599190383e-06,1.7037645802397331e-06,210.286255,5.143127500000005,1.4315671496885825e-05,1.6019436077125558e-05,210.286255,5.143127500000005,9.025000000000096e-09,161.24360290958413,0.41269499999998516,0.41269499999998516,0.0492179639,0.8373050000000148,0,200,10,5,0,2,8,8,8,10n,1,4n,8,125,200V_10A_125C
1.5618877703262092e-05,1.6974986828124509e-06,1.6889605626301965e-06,211.923941,5.961970500000007,1.7316376386074544e-05,1.9005336948704742e-05,211.923941,5.961970500000007,8.874999999999979e-09,140.52054539240413,-1.5765130000000056,-1.5765130000000056,-1.9549086,2.8265130000000056,0,200,10,5,-2,2,8,8,8,10n,1,4n,8,125,200V_10A_125C
1.2177376638663893e-05,1.7256820648424573e-06,1.6684012853272701e-06,211.21908,5.609539999999995,1.3903058703506351e-05,1.557145998883362e-05,211.21908,5.609539999999995,9.175000000000001e-09,162.26361264422766,0.921986000000004,0.921986000000004,0.0587160306,0.32801399999999603,0,200,10,5,0,2,8,8,8,15n,0,4n,8,125,200V_10A_125C
1.514453372949272e-05,1.6961616183873404e-06,1.6515336544235272e-06,212.147429,6.073714499999994,1.684069534788006e-05,1.8492229002303586e-05,212.147429,6.073714499999994,1.4174999999999953e-08,141.7543906862217,-1.194545000000005,-1.194545000000005,-1.9382121,2.444545000000005,0,200,10,5,-2,2,8,8,8,15n,0,4n,8,125,200V_10A_125C
1.256339481995153e-05,1.7256311691018633e-06,1.683290435548196e-06,210.286255,5.143127500000005,1.4289025989053393e-05,1.597231642460159e-05,210.286255,5.143127500000005,1.1874999999999992e-08,162.06640821219182,0.39932099999998627,0.39932099999998627,0.0365277378,0.8506790000000137,0,200,10,5,0,2,8,8,8,15n,1,4n,8,125,200V_10A_125C
1.563950020828715e-05,1.6967970861081725e-06,1.65599452621106e-06,211.923941,5.961970500000007,1.7336297294395324e-05,1.8992291820606383e-05,211.923941,5.961970500000007,1.4174999999999953e-08,141.6026818263317,-1.598306999999977,-1.598306999999977,-1.96551886,2.848306999999977,0,200,10,5,-2,2,8,8,8,15n,1,4n,8,125,200V_10A_125C
1.216424224348542e-05,1.7264377646225625e-06,1.6279089154205632e-06,211.21908,5.609539999999995,1.3890680008107983e-05,1.5518588923528545e-05,211.21908,5.609539999999995,9.175000000000001e-09,161.79543995599835,0.9213539999999796,0.9213539999999796,0.0382223173,0.3286460000000204,0,200,10,5,0,2,8,8,8,25n,0,4n,8,125,200V_10A_125C
1.5114031432558516e-05,1.70022171521809e-06,1.5892262409862272e-06,212.147429,6.073714499999994,1.6814253147776604e-05,1.840347938876283e-05,212.147429,6.073714499999994,1.6874999999999944e-08,140.83860867699437,-1.178116999999986,-1.178116999999986,-1.97357973,2.428116999999986,0,200,10,5,-2,2,8,8,8,25n,0,4n,8,125,200V_10A_125C
1.2522246664445439e-05,1.726651900012989e-06,1.6411897663787658e-06,210.286255,5.143127500000005,1.4248898564458427e-05,1.5890088330837194e-05,210.286255,5.143127500000005,1.1874999999999992e-08,161.59551214340138,0.40666000000001645,0.40666000000001645,0.0213872156,0.8433399999999835,0,200,10,5,0,2,8,8,8,25n,1,4n,8,125,200V_10A_125C
1.5617511331397007e-05,1.7002424835209692e-06,1.5971397076595726e-06,211.923941,5.961970500000007,1.7317753814917974e-05,1.8914893522577548e-05,211.923941,5.961970500000007,1.4174999999999953e-08,140.70551325593792,-1.599266,-1.599266,-1.98293423,2.849266,0,200,10,5,-2,2,8,8,8,25n,1,4n,8,125,200V_10A_125C
1.2153067553572056e-05,1.723556313662343e-06,1.5850148932132128e-06,211.21908,5.609539999999995,1.3876623867234398e-05,1.546163876044761e-05,211.21908,5.609539999999995,9.175000000000001e-09,161.3933256163714,0.9211310000000026,0.9211310000000026,0.0127626676,0.3288689999999974,0,200,10,5,0,2,8,8,8,35n,0,4n,8,125,200V_10A_125C
1.5109027159087183e-05,1.6920512996747982e-06,1.7981055586578005e-06,212.147429,6.073714499999994,1.6801078458761983e-05,1.8599184017419784e-05,212.147429,6.073714499999994,1.6874999999999944e-08,140.3711894647285,-1.184944999999999,-1.184944999999999,-1.95250178,2.434944999999999,0,200,10,5,-2,2,8,8,8,35n,0,4n,8,125,200V_10A_125C
1.2511045931868976e-05,1.7237539577924947e-06,1.5983961445765137e-06,210.286255,5.143127500000005,1.4234799889661471e-05,1.5833196034237985e-05,210.286255,5.143127500000005,1.1874999999999992e-08,161.19810842465532,0.4077309999999841,0.4077309999999841,0.0073619824,0.8422690000000159,0,200,10,5,0,2,8,8,8,35n,1,4n,8,125,200V_10A_125C
1.5612390890519015e-05,1.693024272850735e-06,1.7798733332830859e-06,211.923941,5.961970500000007,1.730541516336975e-05,1.9085288496652838e-05,211.923941,5.961970500000007,1.4174999999999953e-08,140.21861035544234,-1.6035249999999905,-1.6035249999999905,-1.97276988,2.8535249999999905,0,200,10,5,-2,2,8,8,8,35n,1,4n,8,125,200V_10A_125C
2.6832900229111267e-05,2.726825450396228e-06,1.5710907390520727e-06,175.52177,-12.239114999999996,2.9559725679507495e-05,3.113081641855957e-05,216.556361,8.278180500000005,1.9966189999999983e-08,236.54596222042417,3.6952129999999954,3.6952129999999954,1.40465474,-2.4452129999999954,1,200,10,5,0,3,2,8,1,10n,0,4n,8,125,200V_10A_125C
1.4724693634525494e-05,1.8402294964697006e-06,1.6422787849556756e-06,214.91612,7.458060000000002,1.6564923130995195e-05,1.820720191595087e-05,216.57185,8.285925000000006,1.7111719999999965e-08,213.67268822169154,2.4519540000000006,2.4519540000000006,-1.30292083,-1.2019540000000006,1,200,10,5,-2,3,2,8,1,10n,0,4n,8,125,200V_10A_125C
1.1385735116689857e-05,1.7368612778646615e-06,1.7505585154541915e-06,207.214347,3.607173500000002,1.3122596394554518e-05,1.487315491000871e-05,208.447049,4.223524499999996,7.875000000000115e-09,228.00782927252132,0.5604990000000214,0.5604990000000214,0.0581325149,0.6895009999999786,0,200,10,5,0,3,2,8,1,10n,1,4n,8,125,200V_10A_125C
1.4478265888436283e-05,1.7602179074439195e-06,1.7971602120809349e-06,210.729564,5.364782000000004,1.62384837958802e-05,1.8035644007961135e-05,213.746043,6.873021499999993,1.1075000000000144e-08,210.98329210444695,-1.4103880000000117,-1.4103880000000117,-1.92137312,2.6603880000000117,0,200,10,5,-2,3,2,8,1,10n,1,4n,8,125,200V_10A_125C
3.99820088019102e-05,6.974173798372298e-06,3.933793205666692e-08,3.43356839,-98.283215805,4.69561826002825e-05,4.699552053233916e-05,245.824499,22.9122495,1.512100000000002e-08,259.00575393461344,4.938377000000003,4.938377000000003,4.80148953,-3.6883770000000027,1,200,10,5,0,3,2,8,1,5n,0,4n,8,125,200V_10A_125C
1.7808681019803074e-05,1.8463805313519187e-06,4.815289612918183e-07,50.9478046,-74.52609770000001,1.9655061551154992e-05,2.013659051244681e-05,269.911123,34.95556149999999,4.4005050000000025e-08,248.09389239486984,3.642308000000014,3.642308000000014,1.83075889,-2.392308000000014,1,200,10,5,-2,3,2,8,1,5n,0,4n,8,125,200V_10A_125C
1.2106207584028524e-05,2.733779851018061e-06,6.581996488527474e-08,16.8342622,-91.5828689,1.4839987435046586e-05,1.490580739993186e-05,278.102726,39.05136300000001,3.232039999999998e-08,252.70819341216142,1.3118829999999946,1.3118829999999946,0.934312758,-0.06188299999999458,1,200,10,5,0,3,2,8,1,5n,1,4n,8,125,200V_10A_125C
1.5317048001851354e-05,1.7777161133681163e-06,5.392270668552066e-07,62.2363709,-68.88181455,1.709476411521947e-05,1.7633991182074675e-05,267.348031,33.674015499999996,3.8475000000000085e-08,240.15290183931555,-0.3379329999999925,-0.3379329999999925,-1.12760361,1.5879329999999925,0,200,10,5,-2,3,2,8,1,5n,1,4n,8,125,200V_10A_125C
2.3507596686518544e-05,2.72423087613321e-06,1.539304243300558e-06,220.10403,10.052014999999997,2.6231827562651755e-05,2.7771131805952314e-05,220.10403,10.052014999999997,2.522267000000006e-08,241.13011076748768,3.5666710000000137,3.5666710000000137,0.357728662,-2.3166710000000137,1,200,10,5,0,3,2,8,1,15n,0,4n,8,125,200V_10A_125C
1.5737034247499055e-05,1.8360276743173778e-06,1.4266772371232746e-06,218.760779,9.380389500000007,1.7573061921816432e-05,1.8999739158939705e-05,218.760779,9.380389500000007,2.2361939999999993e-08,217.58285817175917,2.460710000000006,2.460710000000006,-1.77179159,-1.210710000000006,1,200,10,5,-2,3,2,8,1,15n,0,4n,8,125,200V_10A_125C
1.1192213228784785e-05,1.7373383658899648e-06,1.722582956690115e-06,209.813737,4.906868500000002,1.292955159467475e-05,1.4652134551364865e-05,209.813737,4.906868500000002,7.875000000000115e-09,229.57373234044314,0.6653249999999957,0.6653249999999957,0.0327451053,0.5846750000000043,0,200,10,5,0,3,2,8,1,15n,1,4n,8,125,200V_10A_125C
1.4281734085732193e-05,1.7595810696898907e-06,1.7536933328467773e-06,214.539467,7.269733500000001,1.6041315155422085e-05,1.7795008488268863e-05,214.539467,7.269733500000001,1.625526000000008e-08,213.3294975408166,-1.3319170000000042,-1.3319170000000042,-1.92187599,2.5819170000000042,0,200,10,5,-2,3,2,8,1,15n,1,4n,8,125,200V_10A_125C
2.3560881090341483e-05,2.726456636096809e-06,1.322249916633659e-06,220.10403,10.052014999999997,2.628733772643829e-05,2.760958764307195e-05,220.10403,10.052014999999997,2.550506999999998e-08,241.6712221948015,3.570746999999983,3.570746999999983,0.151285161,-2.320746999999983,1,200,10,5,0,3,2,8,1,25n,0,4n,8,125,200V_10A_125C
1.578075243103917e-05,1.8413023248830835e-06,1.2739530112542604e-06,218.760779,9.380389500000007,1.7622054755922254e-05,1.8896007767176513e-05,218.760779,9.380389500000007,2.540500000000014e-08,216.43270802630087,2.5023929999999837,2.5023929999999837,-1.92038249,-1.2523929999999837,1,200,10,5,-2,3,2,8,1,25n,0,4n,8,125,200V_10A_125C
1.1144465410484244e-05,1.7381016811866933e-06,1.6814568491287996e-06,209.813737,4.906868500000002,1.2882567091670938e-05,1.4564023940799738e-05,209.813737,4.906868500000002,7.875000000000115e-09,229.21369872687322,0.6938740000000223,0.6938740000000223,0.0204490204,0.5561259999999777,0,200,10,5,0,3,2,8,1,25n,1,4n,8,125,200V_10A_125C
1.4241172393371852e-05,1.763650672980952e-06,1.6909336592042118e-06,214.539467,7.269733500000001,1.6004823066352803e-05,1.7695756725557015e-05,214.539467,7.269733500000001,2.4775000000000114e-08,212.30928270811958,-1.323112000000009,-1.323112000000009,-1.96366031,2.573112000000009,0,200,10,5,-2,3,2,8,1,25n,1,4n,8,125,200V_10A_125C
2.3540246977947637e-05,2.722195766994477e-06,1.2863624137877093e-06,220.10403,10.052014999999997,2.6262442744942115e-05,2.7548805158729824e-05,220.10403,10.052014999999997,3.367500000000015e-08,240.4591158360209,3.571055000000001,3.571055000000001,0.105249977,-2.321055000000001,1,200,10,5,0,3,2,8,1,35n,0,4n,8,125,200V_10A_125C
1.5755507730041652e-05,1.83155966970452e-06,1.4651724120663801e-06,218.760779,9.380389500000007,1.758706739974617e-05,1.9052239811812552e-05,218.760779,9.380389500000007,3.382500000000005e-08,215.3824276759489,2.498839000000004,2.498839000000004,-1.90150315,-1.2488390000000038,1,200,10,5,-2,3,2,8,1,35n,0,4n,8,125,200V_10A_125C
1.1131499126032965e-05,1.7354375749324008e-06,1.6386761796153453e-06,209.813737,4.906868500000002,1.2866936700965367e-05,1.4505612880580712e-05,209.813737,4.906868500000002,7.875000000000115e-09,228.36525442964987,0.694074999999998,0.694074999999998,0.013731375,0.555925000000002,0,200,10,5,0,3,2,8,1,35n,1,4n,8,125,200V_10A_125C
1.4222651756094473e-05,1.7565611095881537e-06,1.6276144464256027e-06,214.539467,7.269733500000001,1.5979212865682628e-05,1.7606827312108232e-05,214.539467,7.269733500000001,2.7324999999999988e-08,211.19264399393523,-1.3207479999999805,-1.3207479999999805,-1.9665629,2.5707479999999805,0,200,10,5,-2,3,2,8,1,35n,1,4n,8,125,200V_10A_125C
1.1653638767072829e-05,6.962796446825023e-06,6.801571831556734e-08,3.46965644,-98.26517178,1.861643521389785e-05,1.868445093221342e-05,245.77352,22.886759999999995,1.5121140000000104e-08,258.9232888916849,4.79634885,1.9172709999999995,4.79634885,-3.54634885,1,200,10,5,0,3,2,8,4,5n,0,4n,8,125,200V_10A_125C
1.4189030016472297e-05,1.8473554597474873e-06,5.540312420963785e-07,50.9381031,-74.53094845,1.6036385476219785e-05,1.6590416718316164e-05,269.816922,34.90846099999999,4.395760000000006e-08,248.0815216251973,1.84331178,-0.45976000000001704,1.84331178,-0.5933117800000001,1,200,10,5,-2,3,2,8,4,5n,0,4n,8,125,200V_10A_125C
1.1434364667152262e-05,2.7337353734377276e-06,9.005412558503655e-08,16.8341492,-91.58292539999998,1.4168100040589989e-05,1.4258154166175026e-05,278.115734,39.05786699999999,3.2321020000000114e-08,252.70419818588636,0.934038115,0.4691039999999873,0.934038115,0.315961885,0,200,10,5,0,3,2,8,4,5n,1,4n,8,125,200V_10A_125C
1.4472070472800236e-05,1.7777652259746123e-06,6.041613684711824e-07,62.2354899,-68.88225505,1.624983569877485e-05,1.6853997067246034e-05,267.35358,33.67679000000001,3.8475000000000085e-08,240.16918115229936,-1.12721704,-1.4698750000000018,-1.12721704,2.3772170399999997,0,200,10,5,-2,3,2,8,4,5n,1,4n,8,125,200V_10A_125C
1.1360097125091479e-05,2.726423525661498e-06,1.7159063632997438e-06,175.848541,-12.075729499999992,1.4086520650752977e-05,1.580242701405272e-05,216.710659,8.355329499999996,1.9974999999999965e-08,236.53999152658457,1.9652279999999962,1.9652279999999962,1.40077188,-0.7152279999999962,1,200,10,5,0,3,2,8,4,10n,0,4n,8,125,200V_10A_125C
1.3369029881387616e-05,1.8392376351544733e-06,1.8933016698432335e-06,214.790253,7.3951265000000035,1.5208267516542088e-05,1.7101569186385322e-05,215.960388,7.9801939999999965,1.707499999999996e-08,213.43492688908435,-0.4824859999999944,-0.4824859999999944,-1.30701708,1.7324859999999944,0,200,10,5,-2,3,2,8,4,10n,0,4n,8,125,200V_10A_125C
1.1180639916643608e-05,1.736862402552806e-06,1.7839692637770445e-06,207.223575,3.6117875000000055,1.2917502319196414e-05,1.4701471582973459e-05,208.358742,4.179371000000003,7.875000000000115e-09,227.98210004560383,0.6099670000000117,0.6099670000000117,0.0575691445,0.6400329999999883,0,200,10,5,0,3,2,8,4,10n,1,4n,8,125,200V_10A_125C
1.435802621814937e-05,1.760203520902699e-06,1.8781935940866347e-06,210.72672,5.36336,1.611822973905207e-05,1.7996423333138704e-05,213.715792,6.857895999999996,1.1075000000000144e-08,210.97346521990113,-1.4202549999999974,-1.4202549999999974,-1.92091502,2.6702549999999974,0,200,10,5,-2,3,2,8,4,10n,1,4n,8,125,200V_10A_125C
1.1397261325292595e-05,2.7267202990440607e-06,1.7909716482132744e-06,217.948244,8.974121999999994,1.4123981624336656e-05,1.591495327254993e-05,217.948244,8.974121999999994,1.9666079999999985e-08,239.29096386186325,1.9690870000000018,1.9690870000000018,0.332343971,-0.7190870000000018,1,200,10,5,0,3,2,8,4,15n,0,4n,8,125,200V_10A_125C
1.3501967523301643e-05,1.8383199678806618e-06,1.8104119798273697e-06,217.734183,8.8670915,1.5340287491182304e-05,1.7150699471009674e-05,217.734183,8.8670915,1.6754450000000142e-08,215.92384788138202,-0.4816020000000094,-0.4816020000000094,-1.81887893,1.7316020000000094,0,200,10,5,-2,3,2,8,4,15n,0,4n,8,125,200V_10A_125C
1.1162632006553809e-05,1.7374083401413104e-06,1.7569875655074655e-06,209.714604,4.857302000000004,1.290004034669512e-05,1.4657027912202586e-05,209.714604,4.857302000000004,7.875000000000115e-09,229.54579449677757,0.6262030000000038,0.6262030000000038,0.0333980645,0.6237969999999962,0,200,10,5,0,3,2,8,4,15n,1,4n,8,125,200V_10A_125C
1.4306749874103482e-05,1.7596013040664554e-06,1.8369463582810309e-06,214.50074,7.250370000000004,1.6066351178169937e-05,1.7903297536450967e-05,214.50074,7.250370000000004,1.6205180000000102e-08,213.30685899210488,-1.401409000000001,-1.401409000000001,-1.92230994,2.651409000000001,0,200,10,5,-2,3,2,8,4,15n,1,4n,8,125,200V_10A_125C
1.1379676548196239e-05,2.726828157888742e-06,1.7555398296365954e-06,217.948244,8.974121999999994,1.410650470608498e-05,1.5862044535721575e-05,217.948244,8.974121999999994,2.5505330000000075e-08,239.46245807548866,1.967691000000002,1.967691000000002,0.13522284,-0.7176910000000021,1,200,10,5,0,3,2,8,4,25n,0,4n,8,125,200V_10A_125C
1.3468092912457952e-05,1.8420937172444964e-06,1.7596768753762818e-06,217.734183,8.8670915,1.531018662970245e-05,1.7069863505078732e-05,217.734183,8.8670915,2.545507000000008e-08,214.95791355373817,-0.48159899999998856,-0.48159899999998856,-1.93032213,1.7315989999999886,0,200,10,5,-2,3,2,8,4,25n,0,4n,8,125,200V_10A_125C
1.1179084761351081e-05,1.7382139151573638e-06,1.7165228201120656e-06,209.714604,4.857302000000004,1.2917298676508444e-05,1.4633821496620509e-05,209.714604,4.857302000000004,7.875000000000115e-09,229.1924460347806,0.6148450000000025,0.6148450000000025,0.0200496348,0.6351549999999975,0,200,10,5,0,3,2,8,4,25n,1,4n,8,125,200V_10A_125C
1.4284770991940385e-05,1.7636940980270885e-06,1.7759140176675252e-06,214.50074,7.250370000000004,1.6048465089967474e-05,1.7824379107634998e-05,214.50074,7.250370000000004,2.4775000000000114e-08,212.2862218164447,-1.399248,-1.399248,-1.96433946,2.649248,0,200,10,5,-2,3,2,8,4,25n,1,4n,8,125,200V_10A_125C
1.1371051631195e-05,2.7225995039504053e-06,1.7109687543917582e-06,217.948244,8.974121999999994,1.4093651135145404e-05,1.5804619889537162e-05,217.948244,8.974121999999994,3.0974999999999945e-08,238.21987572644898,1.9669570000000078,1.9669570000000078,0.0929104123,-0.7169570000000078,1,200,10,5,0,3,2,8,4,35n,0,4n,8,125,200V_10A_125C
1.3457282620391923e-05,1.8323768273473544e-06,1.694620098679561e-06,217.734183,8.8670915,1.5289659447739276e-05,1.698427954641884e-05,217.734183,8.8670915,3.3774999999999943e-08,213.86497305829147,-0.4815759999999898,-0.4815759999999898,-1.90787447,1.7315759999999898,0,200,10,5,-2,3,2,8,4,35n,0,4n,8,125,200V_10A_125C
1.1167882095266484e-05,1.7354311034536103e-06,1.6738075563205163e-06,209.714604,4.857302000000004,1.2903313198720095e-05,1.4577120755040612e-05,209.714604,4.857302000000004,7.875000000000115e-09,228.33551517620518,0.6140750000000139,0.6140750000000139,0.0137615303,0.6359249999999861,0,200,10,5,0,3,2,8,4,35n,1,4n,8,125,200V_10A_125C
1.4269710163536205e-05,1.7566258816341655e-06,1.7125600376349254e-06,214.50074,7.250370000000004,1.602633604517037e-05,1.7738896082805297e-05,214.50074,7.250370000000004,2.4775000000000114e-08,211.16747462697396,-1.3988530000000026,-1.3988530000000026,-1.96695113,2.6488530000000026,0,200,10,5,-2,3,2,8,4,35n,1,4n,8,125,200V_10A_125C
1.0859786600527273e-05,6.962992886924252e-06,1.0368502237579198e-07,3.46963845,-98.265180775,1.7822779487451524e-05,1.7926464509827315e-05,245.772901,22.886450499999995,1.5121320000000122e-08,258.9203969829442,4.79602477,1.171007000000003,4.79602477,-3.54602477,1,200,10,5,0,3,2,8,8,5n,0,4n,8,125,200V_10A_125C
1.3803928949772443e-05,1.847997524065432e-06,5.992978191322387e-07,50.9364922,-74.5317539,1.5651926473837874e-05,1.6251224292970113e-05,269.702411,34.85120549999999,4.3961120000000123e-08,248.05404515044899,1.8488838,-0.8462989999999877,1.8488838,-0.5988838000000001,1,200,10,5,-2,3,2,8,8,5n,0,4n,8,125,200V_10A_125C
1.0992012324445073e-05,2.733624892139242e-06,1.2446091189170145e-07,16.8340542,-91.5829729,1.3725637216584314e-05,1.3850098128476015e-05,278.127805,39.06390250000001,3.232163e-08,252.70004321236203,0.933918559,0.6390220000000113,0.933918559,0.316081441,0,200,10,5,0,3,2,8,8,5n,1,4n,8,125,200V_10A_125C
1.3844512667065277e-05,1.777837154908467e-06,6.487685882339119e-07,62.2346316,-68.8826842,1.5622349821973744e-05,1.6271118410207655e-05,267.377514,33.68875700000001,3.8475000000000085e-08,240.18444235226934,-1.12684498,-1.3260230000000206,-1.12684498,2.37684498,0,200,10,5,-2,3,2,8,8,5n,1,4n,8,125,200V_10A_125C
1.0977626902089092e-05,2.726277039933348e-06,1.7494013815234655e-06,175.830047,-12.084976499999996,1.370390394202244e-05,1.5453305323545905e-05,216.814912,8.407455999999996,1.9974999999999965e-08,236.57184828681892,1.40026706,1.0935979999999859,1.40026706,-0.15026706,1,200,10,5,0,3,2,8,8,10n,0,4n,8,125,200V_10A_125C
1.4021696670003563e-05,1.8390503904583e-06,1.9313222610693362e-06,214.751049,7.3755244999999965,1.5860747060461863e-05,1.77920693215312e-05,215.58743,7.793715000000007,1.702500000000006e-08,213.30173651792452,-0.9736790000000042,-0.9736790000000042,-1.31013252,2.223679000000004,0,200,10,5,-2,3,2,8,8,10n,0,4n,8,125,200V_10A_125C
1.1210265545709961e-05,1.7368670928606188e-06,1.817196084514149e-06,207.234053,3.6170264999999944,1.294713263857058e-05,1.4764328723084729e-05,208.264002,4.1320010000000025,7.875000000000115e-09,227.9575052154189,0.555008000000015,0.555008000000015,0.0568815692,0.694991999999985,0,200,10,5,0,3,2,8,8,10n,1,4n,8,125,200V_10A_125C
1.422757920413927e-05,1.760189961386253e-06,1.921359227192174e-06,210.72417,5.362084999999992,1.5987769165525523e-05,1.7909128392717696e-05,213.684782,6.842391000000007,1.1075000000000144e-08,210.96476107412664,-1.4409709999999905,-1.4409709999999905,-1.92049009,2.6909709999999905,0,200,10,5,-2,3,2,8,8,10n,1,4n,8,125,200V_10A_125C
1.0963061381210126e-05,2.7268967792626907e-06,1.849479746304516e-06,216.835852,8.417925999999994,1.3689958160472816e-05,1.5539437906777332e-05,216.835852,8.417925999999994,1.975736999999995e-08,238.7606284523245,1.1044219999999996,1.1044219999999996,0.325084585,0.14557800000000043,0,200,10,5,0,3,2,8,8,15n,0,4n,8,125,200V_10A_125C
1.3941172759515265e-05,1.8382058492319477e-06,1.8793848008869668e-06,217.265817,8.6329085,1.5779378608747214e-05,1.765876340963418e-05,217.265817,8.6329085,1.677077000000005e-08,215.5579905780429,-0.9324220000000025,-0.9324220000000025,-1.82235941,2.1824220000000025,0,200,10,5,-2,3,2,8,8,15n,0,4n,8,125,200V_10A_125C
1.12454780676001e-05,1.7374925567449028e-06,1.7890063050875282e-06,209.610607,4.805303499999994,1.2982970624345003e-05,1.477197692943253e-05,209.610607,4.805303499999994,7.875000000000115e-09,229.5202248162748,0.5295729999999992,0.5295729999999992,0.0339256131,0.7204270000000008,0,200,10,5,0,3,2,8,8,15n,1,4n,8,125,200V_10A_125C
1.4301627786786796e-05,1.7596340660188062e-06,1.8799881597906603e-06,214.46165,7.230824999999995,1.6061261852805604e-05,1.7941250012596265e-05,214.46165,7.230824999999995,1.620507999999995e-08,213.28548334033138,-1.4647989999999993,-1.4647989999999993,-1.92289205,2.7147989999999993,0,200,10,5,-2,3,2,8,8,15n,1,4n,8,125,200V_10A_125C
1.0950065909885543e-05,2.727202491238288e-06,1.8176096069144069e-06,216.835852,8.417925999999994,1.367726840112383e-05,1.5494878008038237e-05,216.835852,8.417925999999994,2.550566e-08,238.91430264449485,1.100529999999992,1.100529999999992,0.124632627,0.14947000000000799,0,200,10,5,0,3,2,8,8,25n,0,4n,8,125,200V_10A_125C
1.3920147975149717e-05,1.8425248881652934e-06,1.8226709849470692e-06,217.265817,8.6329085,1.5762672863315012e-05,1.758534384826208e-05,217.265817,8.6329085,2.545520000000013e-08,214.59650409451095,-0.9213770000000068,-0.9213770000000068,-1.93696516,2.1713770000000068,0,200,10,5,-2,3,2,8,8,25n,0,4n,8,125,200V_10A_125C
1.1214971577245089e-05,1.7382059962014203e-06,1.7486686246649897e-06,209.610607,4.805303499999994,1.295317757344651e-05,1.4701846198111499e-05,209.610607,4.805303499999994,7.875000000000115e-09,229.16614566647684,0.5307960000000094,0.5307960000000094,0.0194223195,0.7192039999999906,0,200,10,5,0,3,2,8,8,25n,1,4n,8,125,200V_10A_125C
1.4317591193731302e-05,1.763727972311424e-06,1.818955616183412e-06,214.46165,7.230824999999995,1.6081319166042727e-05,1.790027478222614e-05,214.46165,7.230824999999995,2.4775000000000114e-08,212.2651408542538,-1.4753690000000006,-1.4753690000000006,-1.96499727,2.7253690000000006,0,200,10,5,-2,3,2,8,8,25n,1,4n,8,125,200V_10A_125C
1.0940810008340325e-05,2.7235011670438513e-06,1.7727163397958093e-06,216.835852,8.417925999999994,1.3664311175384176e-05,1.5437027515179986e-05,216.835852,8.417925999999994,2.8274999999999954e-08,237.66069861746485,1.10093999999998,1.10093999999998,0.0823037308,0.14906000000001995,0,200,10,5,0,3,2,8,8,35n,0,4n,8,125,200V_10A_125C
1.3915180859104465e-05,1.8331072453097206e-06,1.75744696739915e-06,217.265817,8.6329085,1.5748288104414185e-05,1.7505735071813337e-05,217.265817,8.6329085,3.3725000000000046e-08,213.48573885308232,-0.9309969999999907,-0.9309969999999907,-1.91394627,2.1809969999999907,0,200,10,5,-2,3,2,8,8,35n,0,4n,8,125,200V_10A_125C
1.1200696632461567e-05,1.7354165940724507e-06,1.706143168127649e-06,209.610607,4.805303499999994,1.2936113226534017e-05,1.4642256394661666e-05,209.610607,4.805303499999994,7.875000000000115e-09,228.30136351798893,0.5332970000000046,0.5332970000000046,0.0138730444,0.7167029999999954,0,200,10,5,0,3,2,8,8,35n,1,4n,8,125,200V_10A_125C
1.431360519202033e-05,1.7566890557465766e-06,1.7556422658506621e-06,214.46165,7.230824999999995,1.6070294247766906e-05,1.7825936513617567e-05,214.46165,7.230824999999995,2.4775000000000114e-08,211.14432460581895,-1.4789789999999812,-1.4789789999999812,-1.96733401,2.728978999999981,0,200,10,5,-2,3,2,8,8,35n,1,4n,8,125,200V_10A_125C
3.996981590652778e-05,1.7268983233817727e-06,1.4431990600869452e-06,168.50515,-15.747425000000007,4.169671422990955e-05,4.3139913289996494e-05,209.137671,4.568835500000006,5.317020000000093e-09,160.21795455048638,4.938327000000015,4.938327000000015,0.292396905,-3.6883270000000152,1,200,10,5,0,3,8,8,1,5n,0,4n,8,125,200V_10A_125C
1.780227112370924e-05,1.6984850632818092e-06,1.4997333458078456e-06,199.83164,-0.08418000000000347,1.950075618699105e-05,2.1000489532798896e-05,206.832207,3.4161035000000055,4.724999999999984e-09,138.1615635673151,3.642142000000007,3.642142000000007,-1.67862336,-2.392142000000007,1,200,10,5,-2,3,8,8,1,5n,0,4n,8,125,200V_10A_125C
1.2101502942180636e-05,1.727124243079551e-06,1.4509844631877347e-06,168.971996,-15.514002000000005,1.3828627185260187e-05,1.527961164844792e-05,210.549362,5.274681,6.625000000000127e-09,160.11648703626562,1.3108930000000214,1.3108930000000214,0.113958997,-0.0608930000000214,1,200,10,5,0,3,8,8,1,5n,1,4n,8,125,200V_10A_125C
1.5311313786100476e-05,1.6983553376133478e-06,1.515232573704256e-06,199.495238,-0.25238099999999974,1.7009669123713823e-05,1.852490169741808e-05,207.182584,3.5912919999999957,4.724999999999984e-09,138.14294595022574,-0.3379510000000039,-0.3379510000000039,-1.87981394,1.5879510000000039,0,200,10,5,-2,3,8,8,1,5n,1,4n,8,125,200V_10A_125C
2.6815617035269555e-05,1.7255455348370486e-06,1.4493299143030554e-06,213.583644,6.791821999999996,2.8541162570106604e-05,2.999049248440966e-05,213.583644,6.791821999999996,1.167343e-08,163.32239764344658,3.6956580000000088,3.6956580000000088,0.122987866,-2.4456580000000088,1,200,10,5,0,3,8,8,1,10n,0,4n,8,125,200V_10A_125C
1.4716100936390095e-05,1.697588713839195e-06,1.3552360184591083e-06,212.885091,6.442545499999994,1.641368965022929e-05,1.77689256686884e-05,212.885091,6.442545499999994,1.1565880000000133e-08,141.67162103437633,2.4521719999999902,2.4521719999999902,-1.88713513,-1.2021719999999902,1,200,10,5,-2,3,8,8,1,10n,0,4n,8,125,200V_10A_125C
1.1380097517616911e-05,1.7259211113141547e-06,1.633114737382234e-06,210.494044,5.247022000000002,1.3106018628931066e-05,1.47391333663133e-05,210.494044,5.247022000000002,9.074999999999994e-09,161.28145457628742,0.5604559999999879,0.5604559999999879,0.0486920234,0.6895440000000121,0,200,10,5,0,3,8,8,1,10n,1,4n,8,125,200V_10A_125C
1.4471543280126165e-05,1.6974217426128e-06,1.5633168376065922e-06,211.968268,5.9841339999999965,1.6168965022738967e-05,1.773228186034556e-05,211.968268,5.9841339999999965,8.874999999999979e-09,140.55671496351414,-1.4102399999999875,-1.4102399999999875,-1.95399079,2.6602399999999875,0,200,10,5,-2,3,8,8,1,10n,1,4n,8,125,200V_10A_125C
2.3489572830458918e-05,1.7254688675446982e-06,1.1971379610270819e-06,213.583644,6.791821999999996,2.5215041698003616e-05,2.64121796590307e-05,213.583644,6.791821999999996,1.4825000000000108e-08,164.6518351084188,3.5668229999999994,3.5668229999999994,0.0656166742,-2.3168229999999994,1,200,10,5,0,3,8,8,1,15n,0,4n,8,125,200V_10A_125C
1.573141075510015e-05,1.6954501680837353e-06,1.1223798365013717e-06,214.169528,7.084764000000007,1.7426860923183884e-05,1.8549240759685254e-05,214.169528,7.084764000000007,1.467499999999999e-08,143.2239387810098,2.4607150000000217,2.4607150000000217,-1.91871109,-1.2107150000000217,1,200,10,5,-2,3,8,8,1,15n,0,4n,8,125,200V_10A_125C
1.1186285461293696e-05,1.7257722320994977e-06,1.614558003104363e-06,210.494044,5.247022000000002,1.2912057693393194e-05,1.4526615696497556e-05,210.494044,5.247022000000002,9.074999999999994e-09,162.1053131477094,0.6654010000000028,0.6654010000000028,0.0365880209,0.5845989999999972,0,200,10,5,0,3,8,8,1,15n,1,4n,8,125,200V_10A_125C
1.4275582445250138e-05,1.6967637679773134e-06,1.53006746904627e-06,211.968268,5.9841339999999965,1.597234621322745e-05,1.7502413682273722e-05,211.968268,5.9841339999999965,1.4225000000000063e-08,141.6301012749414,-1.3319199999999967,-1.3319199999999967,-1.96491735,2.5819199999999967,0,200,10,5,-2,3,8,8,1,15n,1,4n,8,125,200V_10A_125C
2.3543064370473685e-05,1.7264857676959272e-06,1.1381702870636815e-06,213.583644,6.791821999999996,2.5269550138169613e-05,2.6407720425233294e-05,213.583644,6.791821999999996,1.4825000000000108e-08,164.1724505708927,3.57087199999998,3.57087199999998,0.0426369143,-2.32087199999998,1,200,10,5,0,3,8,8,1,25n,0,4n,8,125,200V_10A_125C
1.5774410981805657e-05,1.699860679481284e-06,1.0422702220893649e-06,214.169528,7.084764000000007,1.747427166128694e-05,1.8516541883376305e-05,214.169528,7.084764000000007,1.712500000000007e-08,142.2007187745824,2.5022889999999904,2.5022889999999904,-1.97162457,-1.2522889999999904,1,200,10,5,-2,3,8,8,1,25n,0,4n,8,125,200V_10A_125C
1.1138622858057898e-05,1.7265617927938874e-06,1.5737522531461026e-06,210.494044,5.247022000000002,1.2865184650851785e-05,1.4438936903997888e-05,210.494044,5.247022000000002,9.074999999999994e-09,161.62102935959211,0.6939309999999921,0.6939309999999921,0.0218487159,0.5560690000000079,0,200,10,5,0,3,8,8,1,25n,1,4n,8,125,200V_10A_125C
1.4234987147373609e-05,1.7002267732570926e-06,1.4693565032927714e-06,211.968268,5.9841339999999965,1.59352139206307e-05,1.740457042392347e-05,211.968268,5.9841339999999965,1.4225000000000063e-08,140.72979819683457,-1.3230529999999874,-1.3230529999999874,-1.98306142,2.5730529999999874,0,200,10,5,-2,3,8,8,1,25n,1,4n,8,125,200V_10A_125C
2.3522334217899324e-05,1.7233089341895417e-06,1.0961795606034751e-06,213.583644,6.791821999999996,2.5245643152088864e-05,2.634182271269234e-05,213.583644,6.791821999999996,1.4825000000000108e-08,163.7808517796406,3.5711939999999913,3.5711939999999913,0.0175591647,-2.3211939999999913,1,200,10,5,0,3,8,8,1,35n,0,4n,8,125,200V_10A_125C
1.5748866458661305e-05,1.691669984746877e-06,1.700877550830405e-06,214.169528,7.084764000000007,1.7440536443408184e-05,1.9141413994238588e-05,214.169528,7.084764000000007,1.712500000000007e-08,141.775014165368,2.49872400000001,2.49872400000001,-1.94973218,-1.24872400000001,1,200,10,5,-2,3,8,8,1,35n,0,4n,8,125,200V_10A_125C
1.1125789319311305e-05,1.7238211010223055e-06,1.5310197383065853e-06,210.494044,5.247022000000002,1.284961042033361e-05,1.4380630158640195e-05,210.494044,5.247022000000002,9.074999999999994e-09,161.22370230792282,0.6940290000000005,0.6940290000000005,0.00704582566,0.5559709999999995,0,200,10,5,0,3,8,8,1,35n,1,4n,8,125,200V_10A_125C
1.421659971859404e-05,1.69298972786052e-06,1.657311131805792e-06,211.968268,5.9841339999999965,1.590958944645456e-05,1.7566900578260353e-05,211.968268,5.9841339999999965,1.4225000000000063e-08,140.2442110408564,-1.3207640000000254,-1.3207640000000254,-1.97251793,2.5707640000000254,0,200,10,5,-2,3,8,8,1,35n,1,4n,8,125,200V_10A_125C
1.1648369309414953e-05,1.7271135693542865e-06,1.4740993489563976e-06,168.964064,-15.517967999999996,1.3375482878769239e-05,1.4849582227725636e-05,209.744047,4.872023499999997,5.3250000000000295e-09,160.0132988920543,1.9176750000000027,1.9176750000000027,0.289669643,-0.6676750000000027,1,200,10,5,0,3,8,8,4,5n,0,4n,8,125,200V_10A_125C
1.4182391741228209e-05,1.6983481516145692e-06,1.5792222692471537e-06,199.671066,-0.16446700000000192,1.5880739892842778e-05,1.745996216208993e-05,207.018656,3.5093279999999965,4.724999999999984e-09,138.14830357895565,-0.45907700000000773,-0.45907700000000773,-1.68635599,1.7090770000000077,0,200,10,5,-2,3,8,8,4,5n,0,4n,8,125,200V_10A_125C
1.1427312201777357e-05,1.7271443156175053e-06,1.47532647916622e-06,168.964707,-15.517646499999998,1.3154456517394862e-05,1.4629782996561082e-05,210.603253,5.301626499999998,6.625000000000127e-09,160.1240157222356,0.4705240000000117,0.4705240000000117,0.113161864,0.7794759999999883,0,200,10,5,0,3,8,8,4,5n,1,4n,8,125,200V_10A_125C
1.4466697954200679e-05,1.6983534868718107e-06,1.5801686169530148e-06,199.476938,-0.26153100000000506,1.616505144107249e-05,1.7745220058025506e-05,207.202842,3.601421000000002,4.724999999999984e-09,138.14272261124194,-1.4698439999999948,-1.4698439999999948,-1.88020751,2.719843999999995,0,200,10,5,-2,3,8,8,4,5n,1,4n,8,125,200V_10A_125C
1.135092171269884e-05,1.7253169275735371e-06,1.6297765889415729e-06,212.098982,6.049491000000002,1.3076238640272377e-05,1.470601522921395e-05,212.098982,6.049491000000002,9.325000000000118e-09,161.8573894928725,1.9646940000000086,1.9646940000000086,0.0802600475,-0.7146940000000086,1,200,10,5,0,3,8,8,4,10n,0,4n,8,125,200V_10A_125C
1.3363143326864119e-05,1.6966841168645608e-06,1.633700289878615e-06,212.427776,6.213887999999997,1.505982744372868e-05,1.6693527733607296e-05,212.427776,6.213887999999997,8.974999999999986e-09,140.97648970773065,-0.482496000000026,-0.482496000000026,-1.90897448,1.732496000000026,0,200,10,5,-2,3,8,8,4,10n,0,4n,8,125,200V_10A_125C
1.1174917277663887e-05,1.7259216701476697e-06,1.668565109707015e-06,210.385128,5.192564000000004,1.2900838947811556e-05,1.4569404057518571e-05,210.385128,5.192564000000004,9.024810000000042e-09,161.25962309850786,0.6099619999999959,0.6099619999999959,0.0489231911,0.6400380000000041,0,200,10,5,0,3,8,8,4,10n,1,4n,8,125,200V_10A_125C
1.4352694307543707e-05,1.697463830917575e-06,1.6449391456508687e-06,211.94497,5.972485000000006,1.605015813846128e-05,1.7695097284112148e-05,211.94497,5.972485000000006,8.874999999999979e-09,140.53765383605491,-1.420500000000004,-1.420500000000004,-1.95451219,2.670500000000004,0,200,10,5,-2,3,8,8,4,10n,1,4n,8,125,200V_10A_125C
1.1388201917692075e-05,1.725601889117059e-06,1.6082160771799262e-06,212.098982,6.049491000000002,1.3113803806809134e-05,1.472201988398906e-05,212.098982,6.049491000000002,9.325000000000118e-09,162.60396162805532,1.968751999999995,1.968751999999995,0.0632429544,-0.718751999999995,1,200,10,5,0,3,8,8,4,15n,0,4n,8,125,200V_10A_125C
1.349634869788694e-05,1.696198275190645e-06,1.5858742815737663e-06,212.427776,6.213887999999997,1.5192546973077586e-05,1.677842125465135e-05,212.427776,6.213887999999997,1.4074999999999946e-08,141.98193076723027,-0.4816900000000146,-0.4816900000000146,-1.9383703,1.7316900000000146,0,200,10,5,-2,3,8,8,4,15n,0,4n,8,125,200V_10A_125C
1.1156683942444083e-05,1.725710797459427e-06,1.6499250466194196e-06,210.385128,5.192564000000004,1.288239473990351e-05,1.4532319786522931e-05,210.385128,5.192564000000004,9.024810000000042e-09,162.08384571966522,0.6262159999999994,0.6262159999999994,0.0365922275,0.6237840000000006,0,200,10,5,0,3,8,8,4,15n,1,4n,8,125,200V_10A_125C
1.4300646474046872e-05,1.6967853160484737e-06,1.6135012652042998e-06,211.94497,5.972485000000006,1.5997431790095347e-05,1.7610933055299645e-05,211.94497,5.972485000000006,1.4225000000000063e-08,141.6148204427963,-1.4014350000000206,-1.4014350000000206,-1.96531463,2.6514350000000206,0,200,10,5,-2,3,8,8,4,15n,1,4n,8,125,200V_10A_125C
1.1370865584218489e-05,1.7263426800806724e-06,1.565916214628121e-06,212.098982,6.049491000000002,1.3097208264299161e-05,1.4663124478927283e-05,212.098982,6.049491000000002,9.325000000000118e-09,162.13138850192934,1.9675080000000094,1.9675080000000094,0.0407166992,-0.7175080000000094,1,200,10,5,0,3,8,8,4,25n,0,4n,8,125,200V_10A_125C
1.346264692796165e-05,1.700108691749156e-06,1.5266601502338552e-06,212.427776,6.213887999999997,1.5162755619710805e-05,1.668941576994466e-05,212.427776,6.213887999999997,1.6825000000000046e-08,141.06043271153436,-0.48143799999999715,-0.48143799999999715,-1.97487708,1.7314379999999971,0,200,10,5,-2,3,8,8,4,25n,0,4n,8,125,200V_10A_125C
1.1173277460869472e-05,1.726702506282914e-06,1.60894877891524e-06,210.385128,5.192564000000004,1.2899979967152386e-05,1.4508928746067625e-05,210.385128,5.192564000000004,9.024810000000042e-09,161.6133907639059,0.6148419999999817,0.6148419999999817,0.0216335879,0.6351580000000183,0,200,10,5,0,3,8,8,4,25n,1,4n,8,125,200V_10A_125C
1.427873284648508e-05,1.700234903940451e-06,1.5541585839784847e-06,211.94497,5.972485000000006,1.597896775042553e-05,1.7533126334404014e-05,211.94497,5.972485000000006,1.4225000000000063e-08,140.7162393967166,-1.399298000000016,-1.399298000000016,-1.98299049,2.649298000000016,0,200,10,5,-2,3,8,8,4,25n,1,4n,8,125,200V_10A_125C
1.1361964361842738e-05,1.7234380865122872e-06,1.5230099534157702e-06,212.098982,6.049491000000002,1.3085402448355026e-05,1.4608412401770797e-05,212.098982,6.049491000000002,9.325000000000118e-09,161.73685780284046,1.966766000000007,1.966766000000007,0.0149189573,-0.7167660000000069,1,200,10,5,0,3,8,8,4,35n,0,4n,8,125,200V_10A_125C
1.345146263416901e-05,1.6918736561822681e-06,1.7829554410492954e-06,212.427776,6.213887999999997,1.5143336290351278e-05,1.6926291731400573e-05,212.427776,6.213887999999997,1.6825000000000046e-08,140.6007610432639,-0.4815129999999783,-0.4815129999999783,-1.95121576,1.7315129999999783,0,200,10,5,-2,3,8,8,4,35n,0,4n,8,125,200V_10A_125C
1.1162035973088097e-05,1.7237851504290233e-06,1.5660969187381538e-06,210.385128,5.192564000000004,1.2885821123517121e-05,1.4451918042255274e-05,210.385128,5.192564000000004,9.024810000000042e-09,161.2013129313171,0.6140770000000089,0.6140770000000089,0.00720394261,0.6359229999999911,0,200,10,5,0,3,8,8,4,35n,1,4n,8,125,200V_10A_125C
1.4263465334376152e-05,1.6930044550574975e-06,1.7394428885093613e-06,211.94497,5.972485000000006,1.595646978943365e-05,1.7695912677943013e-05,211.94497,5.972485000000006,1.4225000000000063e-08,140.22966949726109,-1.3988130000000183,-1.3988130000000183,-1.97265032,2.6488130000000183,0,200,10,5,-2,3,8,8,4,35n,1,4n,8,125,200V_10A_125C
1.085251050330614e-05,1.7272683414626771e-06,1.5100298863593454e-06,168.906895,-15.546552500000004,1.2579778844768816e-05,1.4089808731128161e-05,210.157375,5.078687500000001,6.47500000000001e-09,160.07328973317232,1.1724339999999813,1.1724339999999813,0.288187926,0.07756600000001868,0,200,10,5,0,3,8,8,8,5n,0,4n,8,125,200V_10A_125C
1.3796227945961671e-05,1.698309818414079e-06,1.6249891333342851e-06,199.577166,-0.2114169999999973,1.5494537764375752e-05,1.7119526897710036e-05,207.123538,3.561768999999998,4.724999999999984e-09,138.14570968797116,-0.8439750000000004,-0.8439750000000004,-1.69014449,2.0939750000000004,0,200,10,5,-2,3,8,8,8,5n,0,4n,8,125,200V_10A_125C
1.0987659882984738e-05,1.7271621406336396e-06,1.509662353271689e-06,168.954917,-15.522541500000003,1.2714822023618378e-05,1.4224484376890066e-05,210.66122,5.330609999999992,6.625000000000127e-09,160.13182214591927,0.6390110000000107,0.6390110000000107,0.112931071,0.6109889999999893,0,200,10,5,0,3,8,8,8,5n,1,4n,8,125,200V_10A_125C
1.3839390913241592e-05,1.6983520330539387e-06,1.6247877894448102e-06,199.458212,-0.2708939999999984,1.5537742946295532e-05,1.7162530735740342e-05,207.223574,3.6117870000000067,4.724999999999984e-09,138.14209881706574,-1.326026999999982,-1.326026999999982,-1.88060896,2.576026999999982,0,200,10,5,-2,3,8,8,8,5n,1,4n,8,125,200V_10A_125C
1.0968049543129286e-05,1.7257212627241919e-06,1.6848225897059073e-06,211.219605,5.609802500000001,1.2693770805853478e-05,1.4378593395559386e-05,211.219605,5.609802500000001,9.175000000000001e-09,161.48550526990525,1.0938910000000135,1.0938910000000135,0.0791221876,0.1561089999999865,0,200,10,5,0,3,8,8,8,10n,0,4n,8,125,200V_10A_125C
1.4015486572845941e-05,1.696802238899092e-06,1.6822921755683346e-06,212.147759,6.073879500000004,1.5712288811745032e-05,1.7394580987313367e-05,212.147759,6.073879500000004,8.925000000000088e-09,140.7213269903745,-0.9734300000000076,-0.9734300000000076,-1.91934877,2.2234300000000076,0,200,10,5,-2,3,8,8,8,10n,0,4n,8,125,200V_10A_125C
1.1204184729223188e-05,1.7259210376133777e-06,1.7037601088262373e-06,210.287007,5.143503499999995,1.2930105766836566e-05,1.4633865875662803e-05,210.287007,5.143503499999995,9.025000000000096e-09,161.2413045646738,0.555072999999993,0.555072999999993,0.0492307417,0.694927000000007,0,200,10,5,0,3,8,8,8,10n,1,4n,8,125,200V_10A_125C
1.4221000307499643e-05,1.6974997499463589e-06,1.6889425710741166e-06,211.924508,5.9622540000000015,1.5918500057446e-05,1.760744262852012e-05,211.924508,5.9622540000000015,8.874999999999979e-09,140.51850553535155,-1.4408260000000155,-1.4408260000000155,-1.95490413,2.6908260000000155,0,200,10,5,-2,3,8,8,8,10n,1,4n,8,125,200V_10A_125C
1.095371075628849e-05,1.7256838410380216e-06,1.6684085423152664e-06,211.219605,5.609802500000001,1.2679394597326512e-05,1.4347803139641779e-05,211.219605,5.609802500000001,9.175000000000001e-09,162.26141863893116,1.104376000000002,1.104376000000002,0.0587242149,0.14562399999999798,0,200,10,5,0,3,8,8,8,15n,0,4n,8,125,200V_10A_125C
1.3935112760111776e-05,1.6961623759162696e-06,1.651516234491368e-06,212.147759,6.073879500000004,1.5631275136028045e-05,1.7282791370519413e-05,212.147759,6.073879500000004,1.4174999999999953e-08,141.75250950845805,-0.9316099999999778,-0.9316099999999778,-1.93820447,2.181609999999978,0,200,10,5,-2,3,8,8,8,15n,0,4n,8,125,200V_10A_125C
1.123936404388998e-05,1.725634636860135e-06,1.683285431321928e-06,210.287007,5.143503499999995,1.2964998680750115e-05,1.4648284112072044e-05,210.287007,5.143503499999995,1.1874999999999992e-08,162.06418246429774,0.529658999999981,0.529658999999981,0.0365327374,0.720341000000019,0,200,10,5,0,3,8,8,8,15n,1,4n,8,125,200V_10A_125C
1.4295382845256827e-05,1.6967981021202862e-06,1.6559760314372256e-06,211.924508,5.9622540000000015,1.5992180947377113e-05,1.7648156978814338e-05,211.924508,5.9622540000000015,1.4174999999999953e-08,141.60061407902444,-1.464700999999991,-1.464700999999991,-1.96551259,2.714700999999991,0,200,10,5,-2,3,8,8,8,15n,1,4n,8,125,200V_10A_125C
1.0940867899045277e-05,1.726439304036017e-06,1.6279039939823927e-06,211.219605,5.609802500000001,1.2667307203081295e-05,1.4295211197063687e-05,211.219605,5.609802500000001,9.175000000000001e-09,161.79326414916716,1.1010380000000168,1.1010380000000168,0.0382242306,0.14896199999998316,0,200,10,5,0,3,8,8,8,25n,0,4n,8,125,200V_10A_125C
1.3914628438638579e-05,1.7002224859284097e-06,1.5892088745642857e-06,212.147759,6.073879500000004,1.5614850924566987e-05,1.7204059799131274e-05,212.147759,6.073879500000004,1.6874999999999944e-08,140.83671753349338,-0.9221100000000035,-0.9221100000000035,-1.97358405,2.1721100000000035,0,200,10,5,-2,3,8,8,8,25n,0,4n,8,125,200V_10A_125C
1.1209138546574618e-05,1.7266546928152267e-06,1.6411847190984394e-06,210.287007,5.143503499999995,1.2935793239389844e-05,1.4576977958488283e-05,210.287007,5.143503499999995,1.1874999999999992e-08,161.59318119059614,0.5308109999999999,0.5308109999999999,0.0213887491,0.7191890000000001,0,200,10,5,0,3,8,8,8,25n,1,4n,8,125,200V_10A_125C
1.4311718348730628e-05,1.7002435370740285e-06,1.5971212950981277e-06,211.924508,5.9622540000000015,1.6011961885804656e-05,1.7609083180902782e-05,211.924508,5.9622540000000015,1.4174999999999953e-08,140.70343352660538,-1.4754680000000064,-1.4754680000000064,-1.98293734,2.7254680000000064,0,200,10,5,-2,3,8,8,8,25n,1,4n,8,125,200V_10A_125C
1.093123472768988e-05,1.7235581186699309e-06,1.5850096901690213e-06,211.219605,5.609802500000001,1.2654792846359811e-05,1.4239802536528832e-05,211.219605,5.609802500000001,9.175000000000001e-09,161.39115886680312,1.1010109999999997,1.1010109999999997,0.0127652403,0.14898900000000026,0,200,10,5,0,3,8,8,8,35n,0,4n,8,125,200V_10A_125C
1.3908731006258633e-05,1.6920520902650213e-06,1.7981512399568601e-06,212.147759,6.073879500000004,1.5600783096523655e-05,1.7398934336480515e-05,212.147759,6.073879500000004,1.6874999999999944e-08,140.36931821084113,-0.9304229999999905,-0.9304229999999905,-1.95250063,2.1804229999999905,0,200,10,5,-2,3,8,8,8,35n,0,4n,8,125,200V_10A_125C
1.1194784927035534e-05,1.7237567347000273e-06,1.5983907395960331e-06,210.287007,5.143503499999995,1.2918541661735561e-05,1.4516932401331594e-05,210.287007,5.143503499999995,1.1874999999999992e-08,161.19578853540236,0.5333029999999894,0.5333029999999894,0.00736329482,0.7166970000000106,0,200,10,5,0,3,8,8,8,35n,1,4n,8,125,200V_10A_125C
1.430730706747495e-05,1.6930256666275903e-06,1.7799372797427123e-06,211.924508,5.9622540000000015,1.600033273410254e-05,1.7780270013845253e-05,211.924508,5.9622540000000015,1.4174999999999953e-08,140.2165793693705,-1.4789230000000089,-1.4789230000000089,-1.97276899,2.728923000000009,0,200,10,5,-2,3,8,8,8,35n,1,4n,8,125,200V_10A_125C
4.0533621254029015e-05,6.959784264971183e-06,3.960840903696613e-08,3.47475655,-98.262621725,4.7493405519000196e-05,4.7533013928037164e-05,245.765463,22.882731500000006,1.512078000000007e-08,258.9216146970028,5.371454999999997,5.371454999999997,4.79628457,-4.121454999999997,1,200,10,5,0,4,2,8,1,5n,0,4n,8,125,200V_10A_125C
1.8399842788748554e-05,1.846385396313137e-06,4.815748565289708e-07,50.9516639,-74.52416805,2.0246228185061692e-05,2.0727803041590663e-05,269.90876,34.954379999999986,4.4005050000000025e-08,248.0895839810103,4.202950999999985,4.202950999999985,1.83064234,-2.9529509999999846,1,200,10,5,-2,4,2,8,1,5n,0,4n,8,125,200V_10A_125C
1.1373309863796515e-05,2.733783172597288e-06,6.583318963795224e-08,16.8356391,-91.58218045,1.4107093036393804e-05,1.4172926226031756e-05,278.103061,39.05153050000001,3.232039999999998e-08,252.70772008005187,1.3108549999999752,1.3108549999999752,0.934317012,-0.060854999999975234,1,200,10,5,0,4,2,8,1,5n,1,4n,8,125,200V_10A_125C
1.4379690303446272e-05,1.7777209569300563e-06,5.392679160603377e-07,62.2393492,-68.8803254,1.6157411260376328e-05,1.6696679176436666e-05,267.346135,33.6730675,3.8475000000000085e-08,240.14980680355194,-0.3379329999999925,-0.3379329999999925,-1.12762973,1.5879329999999925,0,200,10,5,-2,4,2,8,1,5n,1,4n,8,125,200V_10A_125C
2.6736007908512986e-05,2.7267175943887523e-06,1.573138238165243e-06,175.957364,-12.021317999999994,2.9462725502901736e-05,3.103586374106698e-05,216.523189,8.261594500000001,1.9966260000000025e-08,236.47425434673818,4.063669000000004,4.063669000000004,1.40133522,-2.8136690000000044,1,200,10,5,0,4,2,8,1,10n,0,4n,8,125,200V_10A_125C
1.4239285059880134e-05,1.8402323153592061e-06,1.6422735720324075e-06,214.916237,7.4581184999999985,1.607951737523934e-05,1.7721790947271747e-05,216.571986,8.285993000000005,1.7111719999999965e-08,213.6711660305599,2.569590000000005,2.569590000000005,-1.30297844,-1.3195900000000051,1,200,10,5,-2,4,2,8,1,10n,0,4n,8,125,200V_10A_125C
1.0780813607215574e-05,1.7368634726136592e-06,1.7505571675628201e-06,207.21477,3.6073849999999936,1.2517677079829234e-05,1.4268234247392054e-05,208.447654,4.223827,7.875000000000115e-09,228.00743321526093,0.6892719999999883,0.6892719999999883,0.0581412174,0.5607280000000117,0,200,10,5,0,4,2,8,1,10n,1,4n,8,125,200V_10A_125C
1.3748368945017295e-05,1.7602230381599461e-06,1.7971574547006008e-06,210.730343,5.365171500000002,1.5508591983177242e-05,1.7305749437877843e-05,213.746747,6.8733735000000005,1.1075000000000144e-08,210.9820999976056,-1.244702999999987,-1.244702999999987,-1.9213682,2.494702999999987,0,200,10,5,-2,4,2,8,1,10n,1,4n,8,125,200V_10A_125C
2.304367380501624e-05,2.7240925717117666e-06,1.5385716476913414e-06,220.095656,10.047827999999996,2.5767766376728008e-05,2.730633802441935e-05,220.095656,10.047827999999996,2.5222630000000127e-08,241.07804733537537,3.7242700000000184,3.7242700000000184,0.356072625,-2.4742700000000184,1,200,10,5,0,4,2,8,1,15n,0,4n,8,125,200V_10A_125C
1.52931954087634e-05,1.8360309842934368e-06,1.4266662940653367e-06,218.76089,9.380444999999995,1.7129226393056837e-05,1.8555892687122174e-05,218.76089,9.380444999999995,2.2361939999999993e-08,217.58137404044507,2.5962179999999933,2.5962179999999933,-1.77178443,-1.3462179999999933,1,200,10,5,-2,4,2,8,1,15n,0,4n,8,125,200V_10A_125C
1.0560269159218221e-05,1.7373405681146693e-06,1.7225815404863807e-06,209.814296,4.9071480000000065,1.229760972733289e-05,1.4020191267819272e-05,209.814296,4.9071480000000065,7.875000000000115e-09,229.57330866477142,0.7928449999999998,0.7928449999999998,0.0327504578,0.4571550000000002,0,200,10,5,0,4,2,8,1,15n,1,4n,8,125,200V_10A_125C
1.3601822813680662e-05,1.759586252359707e-06,1.7536505358467882e-06,214.540113,7.270056499999996,1.536140906604037e-05,1.7115059601887158e-05,214.540113,7.270056499999996,1.625526000000008e-08,213.32828630862443,-1.1819539999999904,-1.1819539999999904,-1.92187111,2.4319539999999904,0,200,10,5,-2,4,2,8,1,15n,1,4n,8,125,200V_10A_125C
2.3068043193919768e-05,2.7263155993967384e-06,1.3219580379153416e-06,220.095656,10.047827999999996,2.5794358793316506e-05,2.711631683123185e-05,220.095656,10.047827999999996,2.550506999999998e-08,241.60661859556825,3.7285650000000032,3.7285650000000032,0.151045317,-2.4785650000000032,1,200,10,5,0,4,2,8,1,25n,0,4n,8,125,200V_10A_125C
1.5384456277690263e-05,1.8413057453140098e-06,1.2739450395454297e-06,218.76089,9.380444999999995,1.7225762023004273e-05,1.84997070625497e-05,218.76089,9.380444999999995,2.540500000000014e-08,216.4311551487275,2.6299660000000245,2.6299660000000245,-1.9203685,-1.3799660000000245,1,200,10,5,-2,4,2,8,1,25n,0,4n,8,125,200V_10A_125C
1.049271110604303e-05,1.738103874004031e-06,1.6814557194395573e-06,209.814296,4.9071480000000065,1.223081498004706e-05,1.3912270699486618e-05,209.814296,4.9071480000000065,7.875000000000115e-09,229.21326981650594,0.8268109999999922,0.8268109999999922,0.0204497841,0.4231890000000078,0,200,10,5,0,4,2,8,1,25n,1,4n,8,125,200V_10A_125C
1.3580041974288425e-05,1.7636561106314946e-06,1.6909303991419935e-06,214.540113,7.270056499999996,1.534369808491992e-05,1.7034628484061912e-05,214.540113,7.270056499999996,2.4775000000000114e-08,212.3080613339426,-1.1776870000000201,-1.1776870000000201,-1.96365754,2.42768700000002,0,200,10,5,-2,4,2,8,1,25n,1,4n,8,125,200V_10A_125C
2.3048823535515125e-05,2.7220633321338466e-06,1.2860638951429407e-06,220.095656,10.047827999999996,2.5770886867648973e-05,2.7056950762791914e-05,220.095656,10.047827999999996,3.367500000000015e-08,240.3979487744478,3.7285509999999817,3.7285509999999817,0.104972159,-2.4785509999999817,1,200,10,5,0,4,2,8,1,35n,0,4n,8,125,200V_10A_125C
1.535465472334545e-05,1.831563593973501e-06,1.4652040591559006e-06,218.76089,9.380444999999995,1.7186218317318953e-05,1.8651422376474855e-05,218.76089,9.380444999999995,3.382500000000005e-08,215.38091718499487,2.6267310000000066,2.6267310000000066,-1.90150334,-1.3767310000000066,1,200,10,5,-2,4,2,8,1,35n,0,4n,8,125,200V_10A_125C
1.0480729547306758e-05,1.7354398016054325e-06,1.6386748632874047e-06,209.814296,4.9071480000000065,1.221616934891219e-05,1.3854844212199595e-05,209.814296,4.9071480000000065,7.875000000000115e-09,228.36483381812332,0.8275009999999838,0.8275009999999838,0.0137327195,0.42249900000001617,0,200,10,5,0,4,2,8,1,35n,1,4n,8,125,200V_10A_125C
1.3563908178058658e-05,1.7565663840482452e-06,1.6276112435470521e-06,214.540113,7.270056499999996,1.5320474562106902e-05,1.6948085805653955e-05,214.540113,7.270056499999996,2.7324999999999988e-08,211.19143343157359,-1.175945000000013,-1.175945000000013,-1.96656305,2.425945000000013,0,200,10,5,-2,4,2,8,1,35n,1,4n,8,125,200V_10A_125C
1.1102128277494062e-05,6.962648890401635e-06,6.815563577393201e-08,3.47012607,-98.264936965,1.8064777167895697e-05,1.813293280366963e-05,245.772887,22.8864435,1.5121140000000104e-08,258.92246904540485,4.79629309,1.9899010000000033,4.79629309,-3.54629309,1,200,10,5,0,4,2,8,4,5n,0,4n,8,125,200V_10A_125C
1.3697844638312497e-05,1.8473572500655796e-06,5.540725930160745e-07,50.9415201,-74.52923995,1.5545201888378076e-05,1.6099274481394153e-05,269.814802,34.90740099999999,4.395760000000006e-08,248.0777036316269,1.84320771,-0.4790569999999974,1.84320771,-0.5932077099999999,1,200,10,5,-2,4,2,8,4,5n,0,4n,8,125,200V_10A_125C
1.0903839389585281e-05,2.733740331199451e-06,9.006091754826353e-08,16.8355331,-91.58223345,1.3637579720784732e-05,1.3727640638332996e-05,278.116075,39.05803750000001,3.232103000000015e-08,252.70386782310214,0.934042282,0.5591359999999952,0.934042282,0.31595771800000005,0,200,10,5,0,4,2,8,4,5n,1,4n,8,125,200V_10A_125C
1.3986293384235515e-05,1.7777702255274498e-06,6.042032029241415e-07,62.2385322,-68.8807339,1.5764063609762965e-05,1.6368266812687107e-05,267.351881,33.675940499999996,3.8475000000000085e-08,240.16604103189115,-1.12724359,-1.385848999999979,-1.12724359,2.37724359,0,200,10,5,-2,4,2,8,4,5n,1,4n,8,125,200V_10A_125C
1.0836882115626633e-05,2.726433872066004e-06,1.7159322222744617e-06,175.853978,-12.073010999999994,1.3563315987692638e-05,1.52792482099671e-05,216.710111,8.355055500000006,1.9974999999999965e-08,236.53926683338207,2.0515220000000056,2.0515220000000056,1.40073432,-0.8015220000000056,1,200,10,5,0,4,2,8,4,10n,0,4n,8,125,200V_10A_125C
1.2790939490872364e-05,1.8392382573848478e-06,1.8932981351839915e-06,214.790267,7.395133499999999,1.4630177748257211e-05,1.6523475883441202e-05,215.960495,7.980247500000005,1.707499999999996e-08,213.4334724931767,-0.16513900000001058,-0.16513900000001058,-1.30706532,1.4151390000000106,0,200,10,5,-2,4,2,8,4,10n,0,4n,8,125,200V_10A_125C
1.055830235997892e-05,1.7368646425795072e-06,1.7839682223197335e-06,207.22401,3.6120049999999964,1.2295167002558428e-05,1.4079135224878162e-05,208.359357,4.179678499999994,7.875000000000115e-09,227.981704016957,0.7166009999999972,0.7166009999999972,0.0575780164,0.5333990000000028,0,200,10,5,0,4,2,8,4,10n,1,4n,8,125,200V_10A_125C
1.3727950933137398e-05,1.7602087962386967e-06,1.8781912463995064e-06,210.727552,5.363776000000001,1.5488159729376096e-05,1.7366350975775603e-05,213.716547,6.858273499999996,1.1075000000000144e-08,210.97226990647474,-1.299621000000002,-1.299621000000002,-1.92090972,2.549621000000002,0,200,10,5,-2,4,2,8,4,10n,1,4n,8,125,200V_10A_125C
1.0860233725766559e-05,2.7268381827301306e-06,1.7555367048402598e-06,217.94838,8.974189999999993,1.358707190849669e-05,1.534260861333695e-05,217.94838,8.974189999999993,2.5505330000000075e-08,239.46188631213542,2.051594999999992,2.051594999999992,0.135218979,-0.8015949999999918,1,200,10,5,0,4,2,8,4,25n,0,4n,8,125,200V_10A_125C
1.2905487723917406e-05,1.842094461164087e-06,1.759672789387208e-06,217.734148,8.867074000000002,1.4747582185081493e-05,1.65072549744687e-05,217.734148,8.867074000000002,2.545507000000008e-08,214.95641054034996,-0.23088599999999815,-0.23088599999999815,-1.93031196,1.4808859999999981,0,200,10,5,-2,4,2,8,4,25n,0,4n,8,125,200V_10A_125C
1.0518189966654625e-05,1.7382161533620013e-06,1.7165219833593578e-06,209.715175,4.857587499999994,1.2256406120016627e-05,1.3972928103375985e-05,209.715175,4.857587499999994,7.875000000000115e-09,229.19201818303188,0.7330100000000073,0.7330100000000073,0.0200505659,0.5169899999999927,0,200,10,5,0,4,2,8,4,25n,1,4n,8,125,200V_10A_125C
1.361535233071243e-05,1.7636994859408047e-06,1.7759111319636876e-06,214.501433,7.250716499999997,1.5379051816653236e-05,1.7154962948616925e-05,214.501433,7.250716499999997,2.4775000000000114e-08,212.28499497856475,-1.2716110000000072,-1.2716110000000072,-1.96433655,2.521611000000007,0,200,10,5,-2,4,2,8,4,25n,1,4n,8,125,200V_10A_125C
1.0878303844212223e-05,2.7267310730508716e-06,1.7909669871221842e-06,217.94838,8.974189999999993,1.3605034917263094e-05,1.539600190438528e-05,217.94838,8.974189999999993,1.966606999999995e-08,239.29045453103217,2.0547090000000026,2.0547090000000026,0.332334622,-0.8047090000000026,1,200,10,5,0,4,2,8,4,15n,0,4n,8,125,200V_10A_125C
1.2941686058787761e-05,1.8383206438776458e-06,1.810407879639687e-06,217.734148,8.867074000000002,1.4780006702665408e-05,1.6590414582305096e-05,217.734148,8.867074000000002,1.6754450000000142e-08,215.9223867182196,-0.24619899999999006,-0.24619899999999006,-1.81886317,1.49619899999999,0,200,10,5,-2,4,2,8,4,15n,0,4n,8,125,200V_10A_125C
1.0507300340706465e-05,1.7374105735303297e-06,1.7569864179555885e-06,209.715175,4.857587499999994,1.2244710914236794e-05,1.4001697332192383e-05,209.715175,4.857587499999994,7.875000000000115e-09,229.54537143354122,0.7419409999999971,0.7419409999999971,0.0334034887,0.5080590000000029,0,200,10,5,0,4,2,8,4,15n,1,4n,8,125,200V_10A_125C
1.3646193166165725e-05,1.759606639054519e-06,1.8369435914290188e-06,214.501433,7.250716499999997,1.5405799805220245e-05,1.7242743396649264e-05,214.501433,7.250716499999997,1.6205180000000102e-08,213.3056441861557,-1.2748770000000036,-1.2748770000000036,-1.9223048,2.5248770000000036,0,200,10,5,-2,4,2,8,4,15n,1,4n,8,125,200V_10A_125C
1.0852526133513434e-05,2.7226101172944225e-06,1.7109656831323772e-06,217.94838,8.974189999999993,1.3575136250807857e-05,1.5286101933940234e-05,217.94838,8.974189999999993,3.0974999999999945e-08,238.21934676905892,2.0523859999999843,2.0523859999999843,0.0929097638,-0.8023859999999843,1,200,10,5,0,4,2,8,4,35n,0,4n,8,125,200V_10A_125C
1.2895285776250585e-05,1.8323778723363742e-06,1.69461615674236e-06,217.734148,8.867074000000002,1.472766364858696e-05,1.642227980532932e-05,217.734148,8.867074000000002,3.3774999999999943e-08,213.86350431135162,-0.23650899999998387,-0.23650899999998387,-1.90787428,1.4865089999999839,0,200,10,5,-2,4,2,8,4,35n,0,4n,8,125,200V_10A_125C
1.0508856637452552e-05,1.735433349124782e-06,1.673806530778362e-06,209.715175,4.857587499999994,1.2244289986577335e-05,1.3918096517355697e-05,209.715175,4.857587499999994,7.875000000000115e-09,228.3350956937243,0.7317090000000235,0.7317090000000235,0.0137628606,0.5182909999999765,0,200,10,5,0,4,2,8,4,35n,1,4n,8,125,200V_10A_125C
1.3600038690344352e-05,1.7566313156595962e-06,1.7125572015714266e-06,214.501433,7.250716499999997,1.535667000600395e-05,1.7069227207575374e-05,214.501433,7.250716499999997,2.4775000000000114e-08,211.16625986593317,-1.2704230000000223,-1.2704230000000223,-1.96695132,2.5204230000000223,0,200,10,5,-2,4,2,8,4,35n,1,4n,8,125,200V_10A_125C
1.027422172853894e-05,6.962845072872175e-06,1.036882809143016e-07,3.47010999,-98.26494500500002,1.7237066801411114e-05,1.7340755082325414e-05,245.772266,22.886133,1.5121310000000086e-08,258.9194294398803,4.79596896,1.366252000000003,4.79596896,-3.5459689599999997,1,200,10,5,0,4,2,8,8,5n,0,4n,8,125,200V_10A_125C
1.3313857975265537e-05,1.8479994742788629e-06,5.993394314180079e-07,50.939923,-74.5300385,1.5161857449544399e-05,1.5761196880962407e-05,269.700266,34.850133,4.3961120000000123e-08,248.0502357500955,1.84877922,-0.6654619999999909,1.84877922,-0.59877922,1,200,10,5,-2,4,2,8,8,5n,0,4n,8,125,200V_10A_125C
1.0286728631323284e-05,2.7336279540959124e-06,1.244680805623733e-07,16.8354574,-91.58227129999999,1.3020356585419196e-05,1.314482466598157e-05,278.128167,39.06408350000001,3.232163e-08,252.69956484703272,0.933923849,0.7420220000000199,0.933923849,0.31607615099999997,0,200,10,5,0,4,2,8,8,5n,1,4n,8,125,200V_10A_125C
1.3130835599997825e-05,1.777842332130349e-06,6.488114486151774e-07,62.2377469,-68.88112655,1.4908677932128173e-05,1.555748938074335e-05,267.375784,33.687892000000005,3.8475000000000085e-08,240.18125035792812,-1.12687201,-1.2213570000000118,-1.12687201,2.37687201,0,200,10,5,-2,4,2,8,8,5n,1,4n,8,125,200V_10A_125C
1.0376339382079433e-05,2.726287722469177e-06,1.7494276515473507e-06,175.83552,-12.082239999999999,1.310262710454861e-05,1.4852054756095961e-05,216.814292,8.407145999999997,1.9974999999999965e-08,236.5711010003337,1.40022937,1.3064099999999996,1.40022937,-0.15022936999999992,1,200,10,5,0,4,2,8,8,10n,0,4n,8,125,200V_10A_125C
1.3429497346623676e-05,1.8390510946200147e-06,1.9313189416317456e-06,214.751068,7.375534000000003,1.526854844124369e-05,1.7199867382875434e-05,215.587523,7.793761500000003,1.702500000000006e-08,213.3002842561856,-0.7454930000000104,-0.7454930000000104,-1.31018115,1.9954930000000104,0,200,10,5,-2,4,2,8,8,10n,0,4n,8,125,200V_10A_125C
1.0505337783911351e-05,1.7368693960639105e-06,1.817195283704238e-06,207.23452,3.6172600000000017,1.2242207179975262e-05,1.40594024636795e-05,208.264643,4.132321500000003,7.875000000000115e-09,227.95711291990463,0.6650449999999921,0.6650449999999921,0.0568908789,0.5849550000000079,0,200,10,5,0,4,2,8,8,10n,1,4n,8,125,200V_10A_125C
1.3522360674340709e-05,1.760195397336406e-06,1.9213572125856696e-06,210.725061,5.3625305000000045,1.5282556071677115e-05,1.7203913284262785e-05,213.685593,6.842796500000007,1.1075000000000144e-08,210.9635624236697,-1.3275050000000022,-1.3275050000000022,-1.92048437,2.577505000000002,0,200,10,5,-2,4,2,8,8,10n,1,4n,8,125,200V_10A_125C
1.0357689592109775e-05,2.726906929903717e-06,1.8494767866280477e-06,216.836157,8.418078499999993,1.3084596522013492e-05,1.493407330864154e-05,216.836157,8.418078499999993,1.9757360000000124e-08,238.7601037401201,1.3189319999999896,1.3189319999999896,0.325077047,-0.06893199999998956,1,200,10,5,0,4,2,8,8,15n,0,4n,8,125,200V_10A_125C
1.333706826058918e-05,1.838206271158424e-06,1.879230114087906e-06,217.265916,8.632958000000002,1.5175274531747605e-05,1.7054504645835512e-05,217.265916,8.632958000000002,1.677077000000005e-08,215.55653267678272,-0.6936000000000035,-0.6936000000000035,-1.82234355,1.9436000000000035,0,200,10,5,-2,4,2,8,8,15n,0,4n,8,125,200V_10A_125C
1.057052231334309e-05,1.7374948535275247e-06,1.7890053498524203e-06,209.611206,4.805603000000005,1.2308017166870615e-05,1.4097022516723035e-05,209.611206,4.805603000000005,7.875000000000115e-09,229.51980540235064,0.6337279999999907,0.6337279999999907,0.0339312626,0.6162720000000093,0,200,10,5,0,4,2,8,8,15n,1,4n,8,125,200V_10A_125C
1.3609694176525042e-05,1.7596395714195902e-06,1.8807019638831772e-06,214.462395,7.231197499999994,1.5369333747944633e-05,1.7250035711827812e-05,214.462395,7.231197499999994,1.620507999999995e-08,213.28426476467644,-1.3504079999999874,-1.3504079999999874,-1.92288663,2.6004079999999874,0,200,10,5,-2,4,2,8,8,15n,1,4n,8,125,200V_10A_125C
1.034361640363998e-05,2.7272130330734247e-06,1.817606840865203e-06,216.836157,8.418078499999993,1.3070829436713406e-05,1.4888436277578609e-05,216.836157,8.418078499999993,2.550566e-08,238.9137344517387,1.3134660000000054,1.3134660000000054,0.124626638,-0.06346600000000535,1,200,10,5,0,4,2,8,8,25n,0,4n,8,125,200V_10A_125C
1.3320330705833648e-05,1.84252548491633e-06,1.8226670879929755e-06,217.265916,8.632958000000002,1.5162856190749978e-05,1.6985523278742952e-05,217.265916,8.632958000000002,2.545520000000013e-08,214.59500320541335,-0.690589999999986,-0.690589999999986,-1.93695408,1.940589999999986,0,200,10,5,-2,4,2,8,8,25n,0,4n,8,125,200V_10A_125C
1.0549538171414537e-05,1.738208304743303e-06,1.748668010431511e-06,209.611206,4.805603000000005,1.228774647615784e-05,1.403641448658935e-05,209.611206,4.805603000000005,7.875000000000115e-09,229.16572176151948,0.6324620000000039,0.6324620000000039,0.0194232217,0.6175379999999961,0,200,10,5,0,4,2,8,8,25n,1,4n,8,125,200V_10A_125C
1.363782089924372e-05,1.7637338502229678e-06,1.8189529764469286e-06,214.462395,7.231197499999994,1.5401554749466687e-05,1.7220507725913617e-05,214.462395,7.231197499999994,2.4775000000000114e-08,212.26391359525866,-1.3647379999999885,-1.3647379999999885,-1.96499422,2.6147379999999885,0,200,10,5,-2,4,2,8,8,25n,1,4n,8,125,200V_10A_125C
1.0335826630733111e-05,2.723511867792953e-06,1.7727135899372583e-06,216.836157,8.418078499999993,1.3059338498526064e-05,1.4832052088463322e-05,216.836157,8.418078499999993,2.8274999999999954e-08,237.66017039235197,1.3151540000000068,1.3151540000000068,0.0823041262,-0.06515400000000682,1,200,10,5,0,4,2,8,8,35n,0,4n,8,125,200V_10A_125C
1.331522088372734e-05,1.8331081043107046e-06,1.7574431870652776e-06,217.265916,8.632958000000002,1.5148328988038044e-05,1.6905772175103323e-05,217.265916,8.632958000000002,3.3725000000000046e-08,213.48427162780007,-0.6976790000000221,-0.6976790000000221,-1.91394588,1.9476790000000221,0,200,10,5,-2,4,2,8,8,35n,0,4n,8,125,200V_10A_125C
1.0534272469199348e-05,1.735418864554965e-06,1.7061423520509083e-06,209.611206,4.805603000000005,1.2269691333754313e-05,1.3975833685805221e-05,209.611206,4.805603000000005,7.875000000000115e-09,228.30094569275172,0.6355930000000001,0.6355930000000001,0.0138744142,0.6144069999999999,0,200,10,5,0,4,2,8,8,35n,1,4n,8,125,200V_10A_125C
1.3632273224709765e-05,1.7566946683058773e-06,1.755639654649227e-06,214.462395,7.231197499999994,1.5388967893015643e-05,1.714460754766487e-05,214.462395,7.231197499999994,2.4775000000000114e-08,211.14310538082975,-1.3671830000000114,-1.3671830000000114,-1.96733424,2.6171830000000114,0,200,10,5,-2,4,2,8,8,35n,1,4n,8,125,200V_10A_125C
4.052173423176017e-05,1.726799167841149e-06,1.4457322218870644e-06,169.128686,-15.435657000000006,4.2248533399601316e-05,4.369426562148838e-05,209.04849,4.524244999999993,5.317120000000032e-09,159.88145593432185,5.371474000000006,5.371474000000006,0.292379542,-4.121474000000006,1,200,10,5,0,4,8,8,1,5n,0,4n,8,125,200V_10A_125C
1.837183180951954e-05,1.6984856692353866e-06,1.4997488768256658e-06,199.833378,-0.0833109999999948,2.0070317478754924e-05,2.1570066355580588e-05,206.832639,3.4163195,4.724999999999984e-09,138.16048244174962,4.1985679999999945,4.1985679999999945,-1.67862888,-2.9485679999999945,1,200,10,5,-2,4,8,8,1,5n,0,4n,8,125,200V_10A_125C
1.1368930316961373e-05,1.7271254400679377e-06,1.4509965173451972e-06,168.974963,-15.512518499999999,1.309605575702931e-05,1.4547052274374507e-05,210.549026,5.274513,6.625000000000127e-09,160.11524128756813,1.3108930000000214,1.3108930000000214,0.113956848,-0.0608930000000214,1,200,10,5,0,4,8,8,1,5n,1,4n,8,125,200V_10A_125C
1.4373294260391167e-05,1.6983558207344182e-06,1.5152287948076296e-06,199.496637,-0.25168150000000367,1.6071650081125584e-05,1.7586878875933212e-05,207.18277,3.5913850000000025,4.724999999999984e-09,138.14173602708883,-0.3379510000000039,-0.3379510000000039,-1.87981478,1.5879510000000039,0,200,10,5,-2,4,8,8,1,5n,1,4n,8,125,200V_10A_125C
2.6733039454554586e-05,1.725460965263415e-06,1.4486523684986508e-06,213.580865,6.790432499999995,2.8458500419818e-05,2.9907152788316653e-05,213.580865,6.790432499999995,1.1673410000000139e-08,162.9989329949982,4.066418999999996,4.066418999999996,0.123135048,-2.8164189999999962,1,200,10,5,0,4,8,8,1,10n,0,4n,8,125,200V_10A_125C
1.4231003665570573e-05,1.6975893179415402e-06,1.3552220610675768e-06,212.885496,6.442747999999995,1.5928592983512113e-05,1.728381504457969e-05,212.885496,6.442747999999995,1.1565880000000133e-08,141.6705488241825,2.5708979999999997,2.5708979999999997,-1.8871351,-1.3208979999999997,1,200,10,5,-2,4,8,8,1,10n,0,4n,8,125,200V_10A_125C
1.0775501278482278e-05,1.725922457987417e-06,1.6331119470176745e-06,210.494411,5.247205500000007,1.2501423736469694e-05,1.4134535683487369e-05,210.494411,5.247205500000007,9.074999999999994e-09,161.28031285942637,0.6893220000000042,0.6893220000000042,0.0486981931,0.5606779999999958,0,200,10,5,0,4,8,8,1,10n,1,4n,8,125,200V_10A_125C
1.3742397065170121e-05,1.6974219504575492e-06,1.5633051474738265e-06,211.968451,5.984225499999993,1.543981901562767e-05,1.7003124163101495e-05,211.968451,5.984225499999993,8.874999999999979e-09,140.5555048693683,-1.24457799999999,-1.24457799999999,-1.95398913,2.49457799999999,0,200,10,5,-2,4,8,8,1,10n,1,4n,8,125,200V_10A_125C
2.30260556321925e-05,1.7253863970318124e-06,1.1966805627459242e-06,213.580865,6.790432499999995,2.4751442029224314e-05,2.594812259197024e-05,213.580865,6.790432499999995,1.4774999999999998e-08,164.32066558973662,3.724396000000013,3.724396000000013,0.0655091733,-2.474396000000013,1,200,10,5,0,4,8,8,1,15n,0,4n,8,125,200V_10A_125C
1.5286689503913386e-05,1.695450819952918e-06,1.1220217699508405e-06,214.169923,7.084961500000007,1.6982140323866304e-05,1.8104162093817144e-05,214.169923,7.084961500000007,1.467499999999999e-08,143.2228630000891,2.596090000000004,2.596090000000004,-1.91870408,-1.3460900000000038,1,200,10,5,-2,4,8,8,1,15n,0,4n,8,125,200V_10A_125C
1.0555016082015085e-05,1.7257740395481718e-06,1.6145797535117598e-06,210.494411,5.247205500000007,1.2280790121563257e-05,1.3895369875075018e-05,210.494411,5.247205500000007,9.074999999999994e-09,162.10418612183426,0.7932600000000036,0.7932600000000036,0.0365905392,0.45673999999999637,0,200,10,5,0,4,8,8,1,15n,1,4n,8,125,200V_10A_125C
1.3596117287189131e-05,1.6967642495184748e-06,1.5300555816929211e-06,211.968451,5.984225499999993,1.5292881536707606e-05,1.6822937118400528e-05,211.968451,5.984225499999993,1.4225000000000063e-08,141.628875457248,-1.181982000000005,-1.181982000000005,-1.96491507,2.431982000000005,0,200,10,5,-2,4,8,8,1,15n,1,4n,8,125,200V_10A_125C
2.3050598932954056e-05,1.7263965246515415e-06,1.137883348178153e-06,213.580865,6.790432499999995,2.4776995457605596e-05,2.591487880578375e-05,213.580865,6.790432499999995,1.4774999999999998e-08,163.84129897620184,3.7286779999999737,3.7286779999999737,0.042547911,-2.4786779999999737,1,200,10,5,0,4,8,8,1,25n,0,4n,8,125,200V_10A_125C
1.537825984389336e-05,1.6998613103536228e-06,1.042255866309674e-06,214.169923,7.084961500000007,1.7078121154246982e-05,1.8120377020556657e-05,214.169923,7.084961500000007,1.712500000000007e-08,142.19962769331948,2.6298679999999877,2.6298679999999877,-1.9716185,-1.3798679999999877,1,200,10,5,-2,4,8,8,1,25n,0,4n,8,125,200V_10A_125C
1.0487400280082378e-05,1.7265631683833243e-06,1.5737492854209362e-06,210.494411,5.247205500000007,1.2213963448465703e-05,1.3787712733886638e-05,210.494411,5.247205500000007,9.074999999999994e-09,161.61986744877578,0.8268439999999941,0.8268439999999941,0.0218494144,0.42315600000000586,0,200,10,5,0,4,8,8,1,25n,1,4n,8,125,200V_10A_125C
1.3574541922729115e-05,1.700227265184065e-06,1.4693446477334631e-06,211.968451,5.984225499999993,1.527476918791318e-05,1.6744113835646643e-05,211.968451,5.984225499999993,1.4225000000000063e-08,140.7285686583531,-1.1777120000000139,-1.1777120000000139,-1.98306271,2.427712000000014,0,200,10,5,-2,4,8,8,1,25n,1,4n,8,125,200V_10A_125C
2.3031285639715145e-05,1.7232459204911728e-06,1.0958798873270614e-06,213.580865,6.790432499999995,2.4754531560206317e-05,2.5850411447533377e-05,213.580865,6.790432499999995,1.4774999999999998e-08,163.4559899241311,3.728678000000002,3.728678000000002,0.0178051639,-2.478678000000002,1,200,10,5,0,4,8,8,1,35n,0,4n,8,125,200V_10A_125C
1.5348438782207237e-05,1.6916706098222765e-06,1.7009157096343373e-06,214.169923,7.084961500000007,1.7040109392029512e-05,1.874102510166385e-05,214.169923,7.084961500000007,1.712500000000007e-08,141.7739394723994,2.626671000000016,2.626671000000016,-1.94973085,-1.376671000000016,1,200,10,5,-2,4,8,8,1,35n,0,4n,8,125,200V_10A_125C
1.0475472718156923e-05,1.723822540291351e-06,1.531016583719705e-06,210.494411,5.247205500000007,1.2199295258448275e-05,1.373031184216798e-05,210.494411,5.247205500000007,9.074999999999994e-09,161.222552881767,0.8274609999999996,0.8274609999999996,0.00704652409,0.42253900000000044,0,200,10,5,0,4,8,8,1,35n,1,4n,8,125,200V_10A_125C
1.3558249317101872e-05,1.6929902667714797e-06,1.6573379159972345e-06,211.968451,5.984225499999993,1.5251239583873352e-05,1.6908577499870585e-05,211.968451,5.984225499999993,1.4225000000000063e-08,140.24299655296713,-1.1759739999999965,-1.1759739999999965,-1.97251762,2.4259739999999965,0,200,10,5,-2,4,8,8,1,35n,1,4n,8,125,200V_10A_125C
1.1096674115662705e-05,1.7271144284898595e-06,1.4741101898232199e-06,168.966768,-15.516615999999999,1.2823788544152564e-05,1.4297898733975784e-05,209.743756,4.871877999999995,5.3250000000000295e-09,160.01212622614315,1.9908570000000054,1.9908570000000054,0.289663259,-0.7408570000000054,1,200,10,5,0,4,8,8,4,5n,0,4n,8,125,200V_10A_125C
1.3692319202980653e-05,1.6983484866126668e-06,1.5792193618135553e-06,199.67196,-0.16401999999999362,1.539066768959332e-05,1.6969887051406873e-05,207.018777,3.5093885,4.724999999999984e-09,138.14743535873296,-0.47888209999999276,-0.47888209999999276,-1.68635747,1.7288820999999928,0,200,10,5,-2,4,8,8,4,5n,0,4n,8,125,200V_10A_125C
1.0896282572063593e-05,1.7271460595017025e-06,1.475338403403777e-06,168.967707,-15.516146500000005,1.2623428631565296e-05,1.4098767034969072e-05,210.602917,5.301458499999995,6.625000000000127e-09,160.12275542556802,0.5606459999999913,0.5606459999999913,0.113159832,0.6893540000000087,0,200,10,5,0,4,8,8,4,5n,1,4n,8,125,200V_10A_125C
1.3981174072714473e-05,1.698353944885863e-06,1.5801666511078844e-06,199.47825,-0.26087499999999864,1.5679528017600336e-05,1.725969466870822e-05,207.203061,3.6015304999999955,4.724999999999984e-09,138.14174607626975,-1.3857699999999795,-1.3857699999999795,-1.88020849,2.6357699999999795,0,200,10,5,-2,4,8,8,4,5n,1,4n,8,125,200V_10A_125C
1.082839713846236e-05,1.7253178347721156e-06,1.6297730824828611e-06,212.099302,6.049650999999996,1.2553714973234475e-05,1.4183488055717335e-05,212.099302,6.049650999999996,9.325000000000118e-09,161.85629795980867,2.0512270000000115,2.0512270000000115,0.0802692777,-0.8012270000000115,1,200,10,5,0,4,8,8,4,10n,0,4n,8,125,200V_10A_125C
1.278555172341346e-05,1.696684451169007e-06,1.6331614442717705e-06,212.427865,6.2139324999999985,1.4482236174582467e-05,1.6115397618854238e-05,212.427865,6.2139324999999985,8.974999999999986e-09,140.97561627545406,-0.1648619999999994,-0.1648619999999994,-1.90897383,1.4148619999999994,0,200,10,5,-2,4,8,8,4,10n,0,4n,8,125,200V_10A_125C
1.0553077880231322e-05,1.725921884085382e-06,1.6685623849949231e-06,210.385506,5.192752999999995,1.2278999764316705e-05,1.3947562149311628e-05,210.385506,5.192752999999995,9.024780000000145e-09,161.2584764932817,0.7165830000000142,0.7165830000000142,0.0489295022,0.5334169999999858,0,200,10,5,0,4,8,8,4,10n,1,4n,8,125,200V_10A_125C
1.3723141989870373e-05,1.6974642878280168e-06,1.6449301646765249e-06,211.945192,5.972595999999997,1.542060627769839e-05,1.7065536442374913e-05,211.945192,5.972595999999997,8.874999999999979e-09,140.5366799434776,-1.2998680000000036,-1.2998680000000036,-1.95451009,2.5498680000000036,0,200,10,5,-2,4,8,8,4,10n,1,4n,8,125,200V_10A_125C
1.0870003100940763e-05,1.7256026436710659e-06,1.6082131790253682e-06,212.099302,6.049650999999996,1.259560574461183e-05,1.4203818923637198e-05,212.099302,6.049650999999996,9.325000000000118e-09,162.60286608762206,2.054430999999994,2.054430999999994,0.0632470478,-0.8044309999999939,1,200,10,5,0,4,8,8,4,15n,0,4n,8,125,200V_10A_125C
1.2936537720343812e-05,1.6961985962898243e-06,1.5853435728206817e-06,212.427865,6.2139324999999985,1.4632736316633636e-05,1.6218079889454318e-05,212.427865,6.2139324999999985,1.4074999999999946e-08,141.98104833357564,-0.24576600000000326,-0.24576600000000326,-1.93836782,1.4957660000000033,0,200,10,5,-2,4,8,8,4,15n,0,4n,8,125,200V_10A_125C
1.0501960264292348e-05,1.7257115974509047e-06,1.649921189622926e-06,210.385506,5.192752999999995,1.2227671861743252e-05,1.3877593051366178e-05,210.385506,5.192752999999995,9.024780000000145e-09,162.0827162169447,0.7419160000000034,0.7419160000000034,0.0365947569,0.5080839999999966,0,200,10,5,0,4,8,8,4,15n,1,4n,8,125,200V_10A_125C
1.3640588100509736e-05,1.696785775637204e-06,1.6129833538563028e-06,211.945192,5.972595999999997,1.533737387614694e-05,1.6950357230003244e-05,211.945192,5.972595999999997,1.4225000000000063e-08,141.6138339908704,-1.2749349999999993,-1.2749349999999993,-1.96531209,2.5249349999999993,0,200,10,5,-2,4,8,8,4,15n,1,4n,8,125,200V_10A_125C
1.0851977315174789e-05,1.7263436313400243e-06,1.5659133609670038e-06,212.099302,6.049650999999996,1.2578320946514813e-05,1.4144234307481817e-05,212.099302,6.049650999999996,9.325000000000118e-09,162.13028588679094,2.051439000000016,2.051439000000016,0.0407180465,-0.8014390000000162,1,200,10,5,0,4,8,8,4,25n,0,4n,8,125,200V_10A_125C
1.2900552725894048e-05,1.7001090182860834e-06,1.5266516953716987e-06,212.427865,6.2139324999999985,1.460066174418013e-05,1.612731343955183e-05,212.427865,6.2139324999999985,1.6825000000000046e-08,141.0595476736736,-0.23151000000001432,-0.23151000000001432,-1.97487519,1.4815100000000143,0,200,10,5,-2,4,8,8,4,25n,0,4n,8,125,200V_10A_125C
1.0512857394372875e-05,1.7267029204425922e-06,1.6089449275766907e-06,210.385506,5.192752999999995,1.2239560314815468e-05,1.3848505242392159e-05,210.385506,5.192752999999995,9.024780000000145e-09,161.612229898477,0.733019000000013,0.733019000000013,0.0216342215,0.516980999999987,0,200,10,5,0,4,8,8,4,25n,1,4n,8,125,200V_10A_125C
1.3609719129851006e-05,1.7002353758878463e-06,1.5541494586793396e-06,211.945192,5.972595999999997,1.530995450573885e-05,1.686410396441819e-05,211.945192,5.972595999999997,1.4225000000000063e-08,140.71524833105352,-1.271630000000016,-1.271630000000016,-1.9829918,2.521630000000016,0,200,10,5,-2,4,8,8,4,25n,1,4n,8,125,200V_10A_125C
1.0844114746623077e-05,1.723439009199773e-06,1.5230069361880663e-06,212.099302,6.049650999999996,1.256755375582285e-05,1.4090560692010916e-05,212.099302,6.049650999999996,9.325000000000118e-09,161.73576054408232,2.052073000000007,2.052073000000007,0.0149214041,-0.8020730000000071,1,200,10,5,0,4,8,8,4,35n,0,4n,8,125,200V_10A_125C
1.28899300636797e-05,1.6918739877818985e-06,1.7829721772765718e-06,212.427865,6.2139324999999985,1.45818040514616e-05,1.636477622873817e-05,212.427865,6.2139324999999985,1.6825000000000046e-08,140.59988414051122,-0.2362799999999936,-0.2362799999999936,-1.95121542,1.4862799999999936,0,200,10,5,-2,4,8,8,4,35n,0,4n,8,125,200V_10A_125C
1.0503523022458167e-05,1.7237856118718433e-06,1.566092886553384e-06,210.385506,5.192752999999995,1.222730863433001e-05,1.3793401520883394e-05,210.385506,5.192752999999995,9.024780000000145e-09,161.20015742001775,0.7317040000000077,0.7317040000000077,0.00720458793,0.5182959999999923,0,200,10,5,0,4,8,8,4,35n,1,4n,8,125,200V_10A_125C
1.3594297553605986e-05,1.693004997908624e-06,1.7394698746738243e-06,211.945192,5.972595999999997,1.5287302551514608e-05,1.7026772426188433e-05,211.945192,5.972595999999997,1.4225000000000063e-08,140.22869531661257,-1.2704119999999932,-1.2704119999999932,-1.97264997,2.520411999999993,0,200,10,5,-2,4,8,8,4,35n,1,4n,8,125,200V_10A_125C
1.0266974343237158e-05,1.7272692090110876e-06,1.5100411182150712e-06,168.90963,-15.545185000000004,1.1994243552248245e-05,1.3504284670463317e-05,210.157053,5.078526499999995,6.47500000000001e-09,160.07210175474677,1.3680740000000071,1.3680740000000071,0.288180933,-0.11807400000000712,1,200,10,5,0,4,8,8,8,5n,0,4n,8,125,200V_10A_125C
1.3305214954399606e-05,1.6983101511364453e-06,1.624986374837144e-06,199.578079,-0.21096049999999877,1.5003525105536051e-05,1.6628511480373196e-05,207.12363,3.5618149999999957,4.724999999999984e-09,138.14483668666904,-0.6619509999999877,-0.6619509999999877,-1.69014614,1.9119509999999877,0,200,10,5,-2,4,8,8,8,5n,0,4n,8,125,200V_10A_125C
1.0282743855254302e-05,1.7271635685686273e-06,1.5096755371452666e-06,168.958006,-15.520996999999992,1.200990742382293e-05,1.3519582960968195e-05,210.660879,5.330439499999998,6.625000000000127e-09,160.13054837654167,0.7419800000000123,0.7419800000000123,0.112928643,0.5080199999999877,0,200,10,5,0,4,8,8,8,5n,1,4n,8,125,200V_10A_125C
1.3125908706651783e-05,1.6983525194024244e-06,1.6247863861826413e-06,199.459647,-0.27017650000000515,1.4824261226054208e-05,1.644904761223685e-05,207.223831,3.611915499999995,4.724999999999984e-09,138.1410904182194,-1.221209000000016,-1.221209000000016,-1.88061008,2.471209000000016,0,200,10,5,-2,4,8,8,8,5n,1,4n,8,125,200V_10A_125C
1.036810991344139e-05,1.7257221263773107e-06,1.684731014515407e-06,211.219906,5.609953000000005,1.20938320398187e-05,1.3778563054334107e-05,211.219906,5.609953000000005,9.175000000000001e-09,161.48440360255697,1.306252999999998,1.306252999999998,0.0791316704,-0.05625299999999811,1,200,10,5,0,4,8,8,8,10n,0,4n,8,125,200V_10A_125C
1.3423692170154128e-05,1.6968025585771244e-06,1.6822837990203302e-06,212.147849,6.073924500000004,1.5120494728731253e-05,1.6802778527751583e-05,212.147849,6.073924500000004,8.925000000000088e-09,140.72044963132572,-0.7450120000000027,-0.7450120000000027,-1.91934738,1.9950120000000027,0,200,10,5,-2,4,8,8,8,10n,0,4n,8,125,200V_10A_125C
1.049994238030758e-05,1.7259225133144204e-06,1.7037578661129488e-06,210.287403,5.143701500000007,1.2225864893622001e-05,1.392962275973495e-05,210.287403,5.143701500000007,9.025000000000096e-09,161.24014399221502,0.6650370000000123,0.6650370000000123,0.0492374441,0.5849629999999877,0,200,10,5,0,4,8,8,8,10n,1,4n,8,125,200V_10A_125C
1.3516654087169541e-05,1.6975002627273319e-06,1.6889336823192825e-06,211.924771,5.9623854999999955,1.5214154349896873e-05,1.6903088032216154e-05,211.924771,5.9623854999999955,8.874999999999979e-09,140.517501759559,-1.3273899999999799,-1.3273899999999799,-1.95490206,2.57738999999998,0,200,10,5,-2,4,8,8,8,10n,1,4n,8,125,200V_10A_125C
1.0349254141429345e-05,1.7256853278653145e-06,1.6684232626577294e-06,211.219906,5.609953000000005,1.207493946929466e-05,1.3743362731952389e-05,211.219906,5.609953000000005,9.175000000000001e-09,162.26030133762384,1.3188319999999862,1.3188319999999862,0.0587288908,-0.06883199999998624,1,200,10,5,0,4,8,8,8,15n,0,4n,8,125,200V_10A_125C
1.3331231131358888e-05,1.6961627006774736e-06,1.6508395013567198e-06,212.147849,6.073924500000004,1.5027393832036361e-05,1.6678233333393082e-05,212.147849,6.073924500000004,1.4174999999999953e-08,141.751623504571,-0.6934479999999894,-0.6934479999999894,-1.93820202,1.9434479999999894,0,200,10,5,-2,4,8,8,8,15n,0,4n,8,125,200V_10A_125C
1.056490464339046e-05,1.7256360539249448e-06,1.6832829190307723e-06,210.287403,5.143701500000007,1.2290540697315405e-05,1.3973823616346176e-05,210.287403,5.143701500000007,1.1874999999999992e-08,162.06305830772902,0.6338130000000035,0.6338130000000035,0.036535377,0.6161869999999965,0,200,10,5,0,4,8,8,8,15n,1,4n,8,125,200V_10A_125C
1.3604094235753836e-05,1.6967985909850305e-06,1.655966888874607e-06,211.924771,5.9623854999999955,1.5300892826738867e-05,1.6956859715613473e-05,211.924771,5.9623854999999955,1.4174999999999953e-08,141.59959682090542,-1.3503550000000075,-1.3503550000000075,-1.96550967,2.6003550000000075,0,200,10,5,-2,4,8,8,8,15n,1,4n,8,125,200V_10A_125C
1.0335418566243089e-05,1.7264403965170726e-06,1.6279014981039922e-06,211.219906,5.609953000000005,1.2061858962760161e-05,1.3689760460864153e-05,211.219906,5.609953000000005,9.175000000000001e-09,161.79215075193122,1.314345000000003,1.314345000000003,0.0382253617,-0.06434500000000298,1,200,10,5,0,4,8,8,8,25n,0,4n,8,125,200V_10A_125C
1.331509387048771e-05,1.7002228164760897e-06,1.5892005571475423e-06,212.147849,6.073924500000004,1.5015316686963799e-05,1.660451724411134e-05,212.147849,6.073924500000004,1.6874999999999944e-08,140.83582877420685,-0.6909550000000024,-0.6909550000000024,-1.97358555,1.9409550000000024,0,200,10,5,-2,4,8,8,8,25n,0,4n,8,125,200V_10A_125C
1.0544135629786103e-05,1.7266561635865466e-06,1.6411821817496738e-06,210.287403,5.143701500000007,1.227079179337265e-05,1.3911973975122323e-05,210.287403,5.143701500000007,1.1874999999999992e-08,161.59200402079497,0.6324960000000033,0.6324960000000033,0.0213895613,0.6175039999999967,0,200,10,5,0,4,8,8,8,25n,1,4n,8,125,200V_10A_125C
1.3632290416005447e-05,1.7002440438816444e-06,1.5971122020619123e-06,211.924771,5.9623854999999955,1.533253445988709e-05,1.6929646661949005e-05,211.924771,5.9623854999999955,1.4174999999999953e-08,140.70241073275926,-1.3648190000000113,-1.3648190000000113,-1.98293879,2.6148190000000113,0,200,10,5,-2,4,8,8,8,25n,1,4n,8,125,200V_10A_125C
1.0327054540938844e-05,1.7235589215852746e-06,1.5850070244789973e-06,211.219906,5.609953000000005,1.2050613462524118e-05,1.3635620487003114e-05,211.219906,5.609953000000005,9.175000000000001e-09,161.39005126804534,1.3151090000000067,1.3151090000000067,0.0127666358,-0.06510900000000674,1,200,10,5,0,4,8,8,8,35n,0,4n,8,125,200V_10A_125C
1.3309147179153168e-05,1.69205242917806e-06,1.7981684401591997e-06,212.147849,6.073924500000004,1.5001199608331228e-05,1.6799368048490427e-05,212.147849,6.073924500000004,1.6874999999999944e-08,140.36843753177666,-0.6972829999999988,-0.6972829999999988,-1.9525003,1.9472829999999988,0,200,10,5,-2,4,8,8,8,35n,0,4n,8,125,200V_10A_125C
1.0528875601163843e-05,1.723758196831124e-06,1.598388004740113e-06,210.287403,5.143701500000007,1.2252633797994968e-05,1.3851021802735082e-05,210.287403,5.143701500000007,1.1874999999999992e-08,161.19461690486156,0.6355859999999893,0.6355859999999893,0.00736397247,0.6144140000000107,0,200,10,5,0,4,8,8,8,35n,1,4n,8,125,200V_10A_125C
1.362644957691093e-05,1.6930262922045625e-06,1.7799675907975415e-06,211.924771,5.9623854999999955,1.5319475869115492e-05,1.7099443459913034e-05,211.924771,5.9623854999999955,1.4174999999999953e-08,140.2155776913754,-1.3671219999999948,-1.3671219999999948,-1.97276857,2.617121999999995,0,200,10,5,-2,4,8,8,8,35n,1,4n,8,125,200V_10A_125C
4.110508168413609e-05,6.974005478764828e-06,3.9347367065138736e-08,3.43434347,-98.282828265,4.807908716290092e-05,4.8118434529966055e-05,245.823681,22.911840499999997,1.512100000000002e-08,259.00470625658824,6.047833999999995,6.047833999999995,4.80140973,-4.797833999999995,1,200,10,5,0,6,2,8,1,5n,0,4n,8,125,200V_10A_125C
1.9099067859066786e-05,1.8463923638860047e-06,4.816242734078355e-07,50.9558525,-74.52207375,2.0945460222952792e-05,2.142708449636063e-05,269.906202,34.953101000000004,4.4005050000000025e-08,248.08494189424854,5.1196370000000115,5.1196370000000115,1.8305176,-3.8696370000000115,1,200,10,5,-2,6,2,8,1,5n,0,4n,8,125,200V_10A_125C
1.0425762584233247e-05,2.7337876731966205e-06,6.58399649999354e-08,16.8370714,-91.5814643,1.3159550257429869e-05,1.3225390222429805e-05,278.103467,39.05173350000001,3.232039999999998e-08,252.70725590050498,1.3108550000000037,1.3108550000000037,0.934321888,-0.060855000000003656,1,200,10,5,0,6,2,8,1,5n,1,4n,8,125,200V_10A_125C
1.288410292117936e-05,1.7777253749577e-06,5.39307206514686e-07,62.2421629,-68.87891855000001,1.466182829613706e-05,1.5201135502651745e-05,267.344318,33.67215899999999,3.8475000000000085e-08,240.14683125677934,-0.3379329999999925,-0.3379329999999925,-1.12765486,1.5879329999999925,0,200,10,5,-2,6,2,8,1,5n,1,4n,8,125,200V_10A_125C
2.6630526077046862e-05,2.7268998809915326e-06,1.5712027913795923e-06,175.533165,-12.2334175,2.9357425958038393e-05,3.092862874941799e-05,216.556366,8.278182999999999,1.996620000000002e-08,236.5454536737519,4.733544999999992,4.733544999999992,1.40459329,-3.4835449999999923,1,200,10,5,0,6,2,8,1,10n,0,4n,8,125,200V_10A_125C
1.3679447392060247e-05,1.8402374706898808e-06,1.6420491578469423e-06,214.916435,7.458217500000003,1.5519684862750127e-05,1.716173402059707e-05,216.572204,8.286102,1.7111719999999965e-08,213.66959885788253,3.0739250000000027,3.0739250000000027,-1.30304278,-1.8239250000000027,1,200,10,5,-2,6,2,8,1,10n,0,4n,8,125,200V_10A_125C
1.0109271062708267e-05,1.736865857276878e-06,1.7505557814881362e-06,207.21528,3.6076400000000035,1.1846136919985146e-05,1.3596692701473282e-05,208.448372,4.224186000000003,7.875000000000115e-09,228.0070528342404,0.8985140000000058,0.8985140000000058,0.0581516644,0.3514859999999942,0,200,10,5,0,6,2,8,1,10n,1,4n,8,125,200V_10A_125C
1.2863227854308855e-05,1.7602277907847204e-06,1.7971547083407893e-06,210.730991,5.365495499999995,1.4623455645093576e-05,1.6420610353434364e-05,213.747323,6.873661499999997,1.1075000000000144e-08,210.9809140752849,-0.962569000000002,-0.962569000000002,-1.92136426,2.212569000000002,0,200,10,5,-2,6,2,8,1,10n,1,4n,8,125,200V_10A_125C
2.2520302619768963e-05,2.7243010118077563e-06,1.5392855735819662e-06,220.104632,10.052316000000005,2.524460363157672e-05,2.6783889205158687e-05,220.104632,10.052316000000005,2.5222660000000024e-08,241.1302763688888,4.0655740000000264,4.0655740000000264,0.357704412,-2.8155740000000264,1,200,10,5,0,6,2,8,1,15n,0,4n,8,125,200V_10A_125C
1.4739046779612272e-05,1.8360360744152033e-06,1.4266529784253053e-06,218.761074,9.380537000000004,1.6575082854027475e-05,1.800173583245278e-05,218.761074,9.380537000000004,2.2361939999999993e-08,217.579864188026,2.7990939999999966,2.7990939999999966,-1.77177506,-1.5490939999999966,1,200,10,5,-2,6,2,8,1,15n,0,4n,8,125,200V_10A_125C
9.890203216659892e-06,1.7373429497532475e-06,1.7225800611736826e-06,209.814966,4.907482999999999,1.1627546166413139e-05,1.3350126227586822e-05,209.814966,4.907482999999999,7.875000000000115e-09,229.57289732424897,0.9981499999999812,0.9981499999999812,0.0327569686,0.2518500000000188,0,200,10,5,0,6,2,8,1,15n,1,4n,8,125,200V_10A_125C
1.2813968403551513e-05,1.759591048960744e-06,1.7536872145257225e-06,214.540639,7.270319499999999,1.4573559452512256e-05,1.632724666703798e-05,214.540639,7.270319499999999,1.625526000000008e-08,213.32708076331824,-0.9178479999999922,-0.9178479999999922,-1.92186716,2.1678479999999922,0,200,10,5,-2,6,2,8,1,15n,1,4n,8,125,200V_10A_125C
2.250507139867883e-05,2.726524599554544e-06,1.3222370915630503e-06,220.104632,10.052316000000005,2.5231595998233374e-05,2.6553833089796423e-05,220.104632,10.052316000000005,2.550506999999998e-08,241.6710576856196,4.0725590000000125,4.0725590000000125,0.151288349,-2.8225590000000125,1,200,10,5,0,6,2,8,1,25n,0,4n,8,125,200V_10A_125C
1.489535439232687e-05,1.841310962112872e-06,1.2739349147106179e-06,218.761074,9.380537000000004,1.673666535443974e-05,1.8010600269150357e-05,218.761074,9.380537000000004,2.540500000000014e-08,216.42956391912037,2.8146360000000072,2.8146360000000072,-1.92035158,-1.5646360000000072,1,200,10,5,-2,6,2,8,1,25n,0,4n,8,125,200V_10A_125C
9.810167930646367e-06,1.7381062441975545e-06,1.6814545538730603e-06,209.814966,4.907482999999999,1.1548274174843922e-05,1.3229728728716983e-05,209.814966,4.907482999999999,7.875000000000115e-09,229.21285290991054,1.03568199999998,1.03568199999998,0.0204507791,0.21431800000002,0,200,10,5,0,6,2,8,1,25n,1,4n,8,125,200V_10A_125C
1.281935878291214e-05,1.7636607630707137e-06,1.6909272506694844e-06,214.540639,7.270319499999999,1.4583019545982853e-05,1.6273946796652338e-05,214.540639,7.270319499999999,2.4775000000000114e-08,212.30684428066618,-0.9192429999999945,-0.9192429999999945,-1.9636553,2.1692429999999945,0,200,10,5,-2,6,2,8,1,25n,1,4n,8,125,200V_10A_125C
2.2486937185317447e-05,2.722263856348669e-06,1.2863490860258754e-06,220.104632,10.052316000000005,2.5209201041666115e-05,2.649555012769199e-05,220.104632,10.052316000000005,3.367500000000015e-08,240.45903319100424,4.071137999999991,4.071137999999991,0.105248993,-2.8211379999999906,1,200,10,5,0,6,2,8,1,35n,0,4n,8,125,200V_10A_125C
1.4859074303691498e-05,1.8315690199556775e-06,1.4652501948479684e-06,218.761074,9.380537000000004,1.6690643323647176e-05,1.8155893518495143e-05,218.761074,9.380537000000004,3.382500000000005e-08,215.37937684517624,2.812086999999991,2.812086999999991,-1.90150323,-1.5620869999999911,1,200,10,5,-2,6,2,8,1,35n,0,4n,8,125,200V_10A_125C
9.797568918798268e-06,1.7354422111690939e-06,1.6386734850191808e-06,209.814966,4.907482999999999,1.1533011129967361e-05,1.3171684614986543e-05,209.814966,4.907482999999999,7.875000000000115e-09,228.36442580042996,1.0355299999999943,1.0355299999999943,0.0137342775,0.2144700000000057,0,200,10,5,0,6,2,8,1,35n,1,4n,8,125,200V_10A_125C
1.2809196100030361e-05,1.7565712570909964e-06,1.6276081603379863e-06,214.540639,7.270319499999999,1.4565767357121357e-05,1.6193375517459344e-05,214.540639,7.270319499999999,2.7324999999999988e-08,211.19023015914306,-0.9173619999999971,-0.9173619999999971,-1.96656321,2.167361999999997,0,200,10,5,-2,6,2,8,1,35n,1,4n,8,125,200V_10A_125C
1.0279731733481237e-05,2.7264478253018178e-06,1.7159577008495614e-06,175.859268,-12.070366000000009,1.3006179558783055e-05,1.4722137259632616e-05,216.709616,8.354808000000006,1.9974999999999965e-08,236.53863260401337,2.2819609999999955,2.2819609999999955,1.40069895,-1.0319609999999955,1,200,10,5,0,6,2,8,4,10n,0,4n,8,125,200V_10A_125C
1.2187091188568715e-05,1.8392384801710053e-06,1.8932945307572589e-06,214.790263,7.395131500000004,1.4026329668739721e-05,1.591962419949698e-05,215.960582,7.980290999999994,1.707499999999996e-08,213.43202629681832,0.4168679999999938,0.4168679999999938,-1.30711211,0.8331320000000062,0,200,10,5,-2,6,2,8,4,10n,0,4n,8,125,200V_10A_125C
9.90922964845902e-06,1.7368670738003063e-06,1.7839672160545333e-06,207.224551,3.6122754999999955,1.1646096722259327e-05,1.343006393831386e-05,208.360108,4.180053999999998,7.875000000000115e-09,227.98132649973743,0.8895819999999901,0.8895819999999901,0.0575890008,0.3604180000000099,0,200,10,5,0,6,2,8,4,10n,1,4n,8,125,200V_10A_125C
1.2993412924957134e-05,1.7602137174593716e-06,1.8781887908385627e-06,210.72826,5.364130000000002,1.4753626642416504e-05,1.6631815433255065e-05,213.717181,6.8585905000000045,1.1075000000000144e-08,210.97108052580637,-1.08034600000002,-1.08034600000002,-1.92090533,2.33034600000002,0,200,10,5,-2,6,2,8,4,10n,1,4n,8,125,200V_10A_125C
1.032229332937428e-05,2.7267453821328226e-06,1.7909627854140705e-06,217.948547,8.974273499999995,1.3049038711507102e-05,1.4840001496921172e-05,217.948547,8.974273499999995,1.9666060000000124e-08,239.2900328034334,2.2626499999999794,2.2626499999999794,0.332326362,-1.0126499999999794,1,200,10,5,0,6,2,8,4,15n,0,4n,8,125,200V_10A_125C
1.234894923781235e-05,1.8383209164123046e-06,1.810115275428881e-06,217.734099,8.867049499999993,1.4187270154224656e-05,1.5997385429653535e-05,217.734099,8.867049499999993,1.6754450000000142e-08,215.92093322577935,0.3386199999999917,0.3386199999999917,-1.81884841,0.9113800000000083,0,200,10,5,-2,6,2,8,4,15n,0,4n,8,125,200V_10A_125C
9.822826094134388e-06,1.7374130181476633e-06,1.7569852772761538e-06,209.715879,4.8579395000000005,1.1560239112282052e-05,1.3317224389558205e-05,209.715879,4.8579395000000005,7.875000000000115e-09,229.54496301997273,0.9237460000000226,0.9237460000000226,0.0334103058,0.3262539999999774,0,200,10,5,0,6,2,8,4,15n,1,4n,8,125,200V_10A_125C
1.2887181203466425e-05,1.7596116118174418e-06,1.8369407924073622e-06,214.502014,7.251007000000002,1.4646792815283867e-05,1.6483733607691228e-05,214.502014,7.251007000000002,1.6205180000000102e-08,213.30443509631723,-1.048575999999997,-1.048575999999997,-1.9223005,2.298575999999997,0,200,10,5,-2,6,2,8,4,15n,1,4n,8,125,200V_10A_125C
1.0483049483215984e-05,6.962516514546429e-06,6.802155267416344e-08,3.47056752,-98.26471624,1.744556599776241e-05,1.7513587550436574e-05,245.77231,22.886155000000002,1.5121130000000068e-08,258.9215737695185,4.79624249,2.1935670000000016,4.79624249,-3.54624249,1,200,10,5,0,6,2,8,4,5n,0,4n,8,125,200V_10A_125C
1.3139986139736062e-05,1.8473585783085887e-06,5.543826944964285e-07,50.9448662,-74.5275669,1.498734471804465e-05,1.554172741254108e-05,269.812724,34.906362,4.395760000000006e-08,248.07395569903875,1.84310532,-0.1018449999999973,1.84310532,-0.59310532,1,200,10,5,-2,6,2,8,4,5n,0,4n,8,125,200V_10A_125C
1.0317077578652395e-05,2.733744667746051e-06,9.006806854885319e-08,16.8369846,-91.5815077,1.3050822246398446e-05,1.31408903149473e-05,278.1165,39.05824999999999,3.232103000000015e-08,252.70340049865098,0.93404719,0.7230840000000001,0.93404719,0.31595281,0,200,10,5,0,6,2,8,4,5n,1,4n,8,125,200V_10A_125C
1.3379734927484253e-05,1.777774830644003e-06,6.042434637344431e-07,62.2414206,-68.8792897,1.5157509758128257e-05,1.57617532218627e-05,267.350237,33.675118499999996,3.8475000000000085e-08,240.16301230156043,-1.12726921,-1.1953670000000045,-1.12726921,2.3772692099999997,0,200,10,5,-2,6,2,8,4,5n,1,4n,8,125,200V_10A_125C
1.0304179366428558e-05,2.726851935347506e-06,1.7555340092540802e-06,217.948547,8.974273499999995,1.3031031301776064e-05,1.4786565311030145e-05,217.948547,8.974273499999995,2.5505330000000075e-08,239.46140343572503,2.260221999999999,2.260221999999999,0.135215615,-1.0102219999999988,1,200,10,5,0,6,2,8,4,25n,0,4n,8,125,200V_10A_125C
1.230780652182702e-05,1.8420947993035614e-06,1.7596687221740467e-06,217.734099,8.867049499999993,1.4149901321130581e-05,1.5909570043304626e-05,217.734099,8.867049499999993,2.545507000000008e-08,214.95491737325386,0.34578500000000645,0.34578500000000645,-1.9303024,0.9042149999999936,0,200,10,5,-2,6,2,8,4,25n,0,4n,8,125,200V_10A_125C
9.824519697922196e-06,1.73821860402483e-06,1.716521214240238e-06,209.715879,4.8579395000000005,1.1562738301947026e-05,1.3279259516187265e-05,209.715879,4.8579395000000005,7.875000000000115e-09,229.19160463117836,0.9173700000000053,0.9173700000000053,0.0200518014,0.33262999999999465,0,200,10,5,0,6,2,8,4,25n,1,4n,8,125,200V_10A_125C
1.2847263743170369e-05,1.7637040682469322e-06,1.7759082393156019e-06,214.502014,7.251007000000002,1.4610967811417302e-05,1.6386876050732904e-05,214.502014,7.251007000000002,2.4775000000000114e-08,212.28377251621788,-1.0448100000000125,-1.0448100000000125,-1.96433413,2.2948100000000125,0,200,10,5,-2,6,2,8,4,25n,1,4n,8,125,200V_10A_125C
9.676065865548952e-06,6.962766050386732e-06,1.0369134984977652e-07,3.47055034,-98.26472483000002,1.6638831915935685e-05,1.674252326578546e-05,245.771713,22.885856500000003,1.5121310000000086e-08,258.91864237984885,4.7959185,1.6850060000000155,4.7959185,-3.5459185,1,200,10,5,0,6,2,8,8,5n,0,4n,8,125,200V_10A_125C
1.2813023299328862e-05,1.8480005780790859e-06,5.995752614755676e-07,50.9432234,-74.5283883,1.4661023877407949e-05,1.5260599138883518e-05,269.698202,34.84910099999999,4.3961120000000123e-08,248.04655321678894,1.84867773,-0.2975579999999809,1.84867773,-0.5986777299999999,1,200,10,5,-2,6,2,8,8,5n,0,4n,8,125,200V_10A_125C
9.576602474870307e-06,2.733632112594397e-06,1.2436806711609674e-07,16.8369158,-91.58154210000001,1.2310234587464704e-05,1.24346026545808e-05,278.128597,39.06429850000001,3.232163e-08,252.6990949752935,0.933929824,0.8982490000000212,0.933929824,0.316070176,0,200,10,5,0,6,2,8,8,5n,1,4n,8,125,200V_10A_125C
1.2425311677382549e-05,1.7778471718474277e-06,6.488528530421545e-07,62.2407261,-68.87963694999999,1.4203158849229976e-05,1.4852011702272131e-05,267.374103,33.687051499999995,3.8475000000000085e-08,240.17815659764062,-1.0413049999999942,-1.0413049999999942,-1.12689821,2.291304999999994,0,200,10,5,-2,6,2,8,8,5n,1,4n,8,125,200V_10A_125C
9.743179194766073e-06,2.7263013578123857e-06,1.7494532340671874e-06,175.840782,-12.079609000000005,1.2469480552578459e-05,1.4218933786645647e-05,216.813728,8.406863999999999,1.9974999999999965e-08,236.57044192441842,1.6435679999999877,1.6435679999999877,1.40019412,-0.3935679999999877,1,200,10,5,0,6,2,8,8,10n,0,4n,8,125,200V_10A_125C
1.2758286511682383e-05,1.839051074739058e-06,1.9313154272650038e-06,214.751054,7.375527000000005,1.4597337586421441e-05,1.6528653013686444e-05,215.58758,7.793790000000001,1.702500000000006e-08,213.2988471474422,-0.32809999999997785,-0.32809999999997785,-1.31022711,1.5780999999999779,0,200,10,5,-2,6,2,8,8,10n,0,4n,8,125,200V_10A_125C
9.770513385574215e-06,1.7368718530673318e-06,1.8171945531507214e-06,207.235073,3.6175365,1.1507385238641546e-05,1.3324579791792268e-05,208.265395,4.132697500000006,7.875000000000115e-09,227.95673549133986,0.8295009999999934,0.8295009999999934,0.0569018912,0.4204990000000066,0,200,10,5,0,6,2,8,8,10n,1,4n,8,125,200V_10A_125C
1.2747984997284856e-05,1.7602005300840235e-06,1.9213550285431076e-06,210.725843,5.362921499999999,1.450818552736888e-05,1.6429540555911987e-05,213.686297,6.843148499999997,1.1075000000000144e-08,210.96236922762947,-1.132253999999989,-1.132253999999989,-1.92047944,2.382253999999989,0,200,10,5,-2,6,2,8,8,10n,1,4n,8,125,200V_10A_125C
1.0296826397410881e-05,2.7226244641055354e-06,1.7109630090596485e-06,217.948547,8.974273499999995,1.3019450861516417e-05,1.4730413870576066e-05,217.948547,8.974273499999995,3.0974999999999945e-08,238.21890499276273,2.259749999999997,2.259749999999997,0.0929093956,-1.0097499999999968,1,200,10,5,0,6,2,8,4,35n,0,4n,8,125,200V_10A_125C
1.2300939957661565e-05,1.8323782343174693e-06,1.6946122435182627e-06,217.734099,8.867049499999993,1.4133318191979035e-05,1.5827930435497297e-05,217.734099,8.867049499999993,3.3774999999999943e-08,213.8620466399567,0.3458009999999945,0.3458009999999945,-1.90787417,0.9041990000000055,0,200,10,5,-2,6,2,8,4,35n,0,4n,8,125,200V_10A_125C
9.818198139848297e-06,1.7354358073661428e-06,1.6738055205392052e-06,209.715879,4.8579395000000005,1.155363394721444e-05,1.3227439467753645e-05,209.715879,4.8579395000000005,7.875000000000115e-09,228.3346912249621,0.9164090000000158,0.9164090000000158,0.0137644431,0.3335909999999842,0,200,10,5,0,6,2,8,4,35n,1,4n,8,125,200V_10A_125C
1.2833233968245718e-05,1.7566363726152035e-06,1.7125543564420512e-06,214.502014,7.251007000000002,1.4589870340860922e-05,1.6302424697302974e-05,214.502014,7.251007000000002,2.4775000000000114e-08,211.16505229516054,-1.0429099999999778,-1.0429099999999778,-1.9669515,2.292909999999978,0,200,10,5,-2,6,2,8,4,35n,1,4n,8,125,200V_10A_125C
9.717575582635023e-06,2.7269219531327796e-06,1.849599415808087e-06,216.836485,8.418242500000005,1.2444497535767802e-05,1.4294096951575888e-05,216.836485,8.418242500000005,1.975734000000005e-08,238.7596662075293,1.6600530000000049,1.6600530000000049,0.325070488,-0.4100530000000049,1,200,10,5,0,6,2,8,8,15n,0,4n,8,125,200V_10A_125C
1.2657979764212904e-05,1.838206710023795e-06,1.8792263122671994e-06,217.265978,8.632988999999995,1.4496186474236698e-05,1.6375412786503897e-05,217.265978,8.632988999999995,1.677077000000005e-08,215.55508414708666,-0.26718600000000947,-0.26718600000000947,-1.82233004,1.5171860000000095,0,200,10,5,-2,6,2,8,8,15n,0,4n,8,125,200V_10A_125C
9.860289140769936e-06,1.737497317607219e-06,1.789004443183713e-06,209.611912,4.805955999999995,1.1597786458377156e-05,1.3386790901560869e-05,209.611912,4.805955999999995,7.875000000000115e-09,229.51939764226017,0.7954890000000034,0.7954890000000034,0.0339380238,0.45451099999999656,0,200,10,5,0,6,2,8,8,15n,1,4n,8,125,200V_10A_125C
1.2831418344943608e-05,1.7596447662348236e-06,1.879982996514016e-06,214.463041,7.231520500000001,1.4591063111178431e-05,1.6471046107692448e-05,214.463041,7.231520500000001,1.620507999999995e-08,213.2830514998012,-1.1544389999999964,-1.1544389999999964,-1.92288194,2.4044389999999964,0,200,10,5,-2,6,2,8,8,15n,1,4n,8,125,200V_10A_125C
9.701782669139028e-06,2.7272265564453277e-06,1.8176045427681576e-06,216.836485,8.418242500000005,1.2429009225584356e-05,1.4246613768352513e-05,216.836485,8.418242500000005,2.550566e-08,238.9132491979345,1.6532780000000002,1.6532780000000002,0.124621182,-0.40327800000000025,1,200,10,5,0,6,2,8,8,25n,0,4n,8,125,200V_10A_125C
1.264255482270539e-05,1.8425257427952711e-06,1.8226631228435006e-06,217.265978,8.632988999999995,1.4485080565500661e-05,1.630774368834416e-05,217.265978,8.632988999999995,2.545520000000013e-08,214.59351741762464,-0.2708640000000173,-0.2708640000000173,-1.93694466,1.5208640000000173,0,200,10,5,-2,6,2,8,8,25n,0,4n,8,125,200V_10A_125C
9.850680866735014e-06,1.7382107874713317e-06,1.7486675091137829e-06,209.611912,4.805955999999995,1.1588891654206346e-05,1.333755916332013e-05,209.611912,4.805955999999995,7.875000000000115e-09,229.16530951522316,0.7913929999999993,0.7913929999999993,0.0194243534,0.45860700000000065,0,200,10,5,0,6,2,8,8,25n,1,4n,8,125,200V_10A_125C
1.285873240034839e-05,1.7637390404179967e-06,1.8189502593819265e-06,214.463041,7.231520500000001,1.4622471440766386e-05,1.6441421700148312e-05,214.463041,7.231520500000001,2.4775000000000114e-08,212.26268966335547,-1.1701630000000023,-1.1701630000000023,-1.96499158,2.4201630000000023,0,200,10,5,-2,6,2,8,8,25n,1,4n,8,125,200V_10A_125C
4.109357655155106e-05,1.726901261756215e-06,1.4432542223826632e-06,168.509237,-15.745381499999993,4.282047781330727e-05,4.426373203568993e-05,209.138278,4.569139000000007,5.317020000000093e-09,160.21775857197974,6.048044000000004,6.048044000000004,0.292360829,-4.798044000000004,1,200,10,5,0,6,8,8,1,5n,0,4n,8,125,200V_10A_125C
1.906925211064664e-05,1.6984863367734678e-06,1.4997479770898286e-06,199.835752,-0.0821239999999932,2.0767738447420108e-05,2.2267486424509936e-05,206.833301,3.416650500000003,4.724999999999984e-09,138.15923877948688,5.115477999999996,5.115477999999996,-1.67863677,-3.865477999999996,1,200,10,5,-2,6,8,8,1,5n,0,4n,8,125,200V_10A_125C
1.042167599495309e-05,1.727126894409089e-06,1.4510098367785627e-06,168.978191,-15.510904499999995,1.2148802889362179e-05,1.3599812726140742e-05,210.548682,5.274341000000006,6.625000000000127e-09,160.11393861921155,1.310892999999993,1.310892999999993,0.113954234,-0.06089299999999298,1,200,10,5,0,6,8,8,1,5n,1,4n,8,125,200V_10A_125C
1.287821617810804e-05,1.698356178163021e-06,1.515225823327881e-06,199.497603,-0.251198500000001,1.4576572356271062e-05,1.6091798179598942e-05,207.182887,3.591443499999997,4.724999999999984e-09,138.14084839630357,-0.3379510000000039,-0.3379510000000039,-1.8798154,1.5879510000000039,0,200,10,5,-2,6,8,8,1,5n,1,4n,8,125,200V_10A_125C
9.695542199344256e-06,2.723525539778897e-06,1.7727112937818148e-06,216.836485,8.418242500000005,1.2419067739123153e-05,1.4191779032904968e-05,216.836485,8.418242500000005,2.8274999999999954e-08,237.65972298020202,1.6558519999999817,1.6558519999999817,0.082304704,-0.40585199999998167,1,200,10,5,0,6,2,8,8,35n,0,4n,8,125,200V_10A_125C
1.2638595794475524e-05,1.8331084036165159e-06,1.7574393714691621e-06,217.265978,8.632988999999995,1.4471704198092041e-05,1.6229143569561204e-05,217.265978,8.632988999999995,3.3725000000000046e-08,213.48281897949315,-0.27657899999999813,-0.27657899999999813,-1.91394592,1.5265789999999981,0,200,10,5,-2,6,2,8,8,35n,0,4n,8,125,200V_10A_125C
9.836041018343135e-06,1.735421404053829e-06,1.7061416155956473e-06,209.611912,4.805955999999995,1.1571462422396964e-05,1.3277604037992612e-05,209.611912,4.805955999999995,7.875000000000115e-09,228.30054247467953,0.7947249999999997,0.7947249999999997,0.0138759889,0.4552750000000003,0,200,10,5,0,6,2,8,8,35n,1,4n,8,125,200V_10A_125C
1.2853557390431098e-05,1.756699956828213e-06,1.7556370003512465e-06,214.463041,7.231520500000001,1.461025734725931e-05,1.6365894347610557e-05,214.463041,7.231520500000001,2.4775000000000114e-08,211.14189278819933,-1.1720109999999977,-1.1720109999999977,-1.96733447,2.4220109999999977,0,200,10,5,-2,6,2,8,8,35n,1,4n,8,125,200V_10A_125C
2.6628770717796007e-05,1.7255490621486987e-06,1.4493487864948728e-06,213.585509,6.792754500000001,2.8354319779944705e-05,2.9803668566439578e-05,213.585509,6.792754500000001,1.167343e-08,163.3225180987705,4.736319000000009,4.736319000000009,0.123025788,-3.486319000000009,1,200,10,5,0,6,8,8,1,10n,0,4n,8,125,200V_10A_125C
1.3674652956270682e-05,1.6975899858462264e-06,1.3554134660976097e-06,212.886131,6.443065500000002,1.537224294211691e-05,1.6727656408214517e-05,212.886131,6.443065500000002,1.1565880000000133e-08,141.66932717177716,3.072355000000016,3.072355000000016,-1.88713426,-1.822355000000016,1,200,10,5,-2,6,8,8,1,10n,0,4n,8,125,200V_10A_125C
1.0104254047960735e-05,1.7259240347919133e-06,1.6331089717077084e-06,210.494859,5.247429499999996,1.1830178082752648e-05,1.3463287054460356e-05,210.494859,5.247429499999996,9.074999999999994e-09,161.27912669452175,0.8986450000000161,0.8986450000000161,0.0487056139,0.3513549999999839,0,200,10,5,0,6,8,8,1,10n,1,4n,8,125,200V_10A_125C
1.2857417064515479e-05,1.6974223497167609e-06,1.5632965227385344e-06,211.968561,5.984280499999998,1.455483941423224e-05,1.6118135936970773e-05,211.968561,5.984280499999998,8.874999999999979e-09,140.55461483111912,-0.9623390000000143,-0.9623390000000143,-1.95398812,2.2123390000000143,0,200,10,5,-2,6,8,8,1,10n,1,4n,8,125,200V_10A_125C
2.2487962686074822e-05,1.7264890757581339e-06,1.1381853025882966e-06,213.585509,6.792754500000001,2.4214451761832955e-05,2.5352637064421253e-05,213.585509,6.792754500000001,1.4825000000000108e-08,164.17247100723188,4.072635999999989,4.072635999999989,0.0426484969,-2.8226359999999886,1,200,10,5,0,6,8,8,1,25n,0,4n,8,125,200V_10A_125C
1.4889471853520697e-05,1.6998620076659527e-06,1.0422380961057754e-06,214.170541,7.085270499999992,1.658933386118665e-05,1.7631571957292425e-05,214.170541,7.085270499999992,1.712500000000007e-08,142.1983815398959,2.8144559999999927,2.8144559999999927,-1.97160942,-1.5644559999999927,1,200,10,5,-2,6,8,8,1,25n,0,4n,8,125,200V_10A_125C
9.805441426248275e-06,1.7265645943308833e-06,1.5737461121891592e-06,210.494859,5.247429499999996,1.1532006020579159e-05,1.3105752132768318e-05,210.494859,5.247429499999996,9.074999999999994e-09,161.61866438412977,1.0356360000000109,1.0356360000000109,0.0218502916,0.21436399999998912,0,200,10,5,0,6,8,8,1,25n,1,4n,8,125,200V_10A_125C
1.2814153151126919e-05,1.7002276269541306e-06,1.46933591675158e-06,211.968561,5.984280499999998,1.451438077808105e-05,1.598371669483263e-05,211.968561,5.984280499999998,1.4225000000000063e-08,140.72766594640515,-0.9191730000000007,-0.9191730000000007,-1.98306354,2.1691730000000007,0,200,10,5,-2,6,8,8,1,25n,1,4n,8,125,200V_10A_125C
2.2503058116735238e-05,1.7254722914219448e-06,1.1971512416654164e-06,213.585509,6.792754500000001,2.4228530408157183e-05,2.54256816498226e-05,213.585509,6.792754500000001,1.4825000000000108e-08,164.65183297177492,4.0657170000000065,4.0657170000000065,0.065645486,-2.8157170000000065,1,200,10,5,0,6,8,8,1,15n,0,4n,8,125,200V_10A_125C
1.473388579423311e-05,1.6954515507298194e-06,1.1223448712632223e-06,214.170541,7.085270499999992,1.642933734496293e-05,1.7551682216226153e-05,214.170541,7.085270499999992,1.467499999999999e-08,143.22164079397825,2.799001000000004,2.799001000000004,-1.91869343,-1.549001000000004,1,200,10,5,-2,6,8,8,1,15n,0,4n,8,125,200V_10A_125C
9.88617996811808e-06,1.7257752730588472e-06,1.6145518109262403e-06,210.494859,5.247429499999996,1.1611955241176928e-05,1.3226507052103169e-05,210.494859,5.247429499999996,9.074999999999994e-09,162.1030138923902,0.998392999999993,0.998392999999993,0.0365936503,0.251607000000007,0,200,10,5,0,6,8,8,1,15n,1,4n,8,125,200V_10A_125C
1.280870146322417e-05,1.6967646041111129e-06,1.5300881060876461e-06,211.968561,5.984280499999998,1.4505466067335283e-05,1.603555417342293e-05,211.968561,5.984280499999998,1.4225000000000063e-08,141.62797497138297,-0.9178320000000042,-0.9178320000000042,-1.96491363,2.167832000000004,0,200,10,5,-2,6,8,8,1,15n,1,4n,8,125,200V_10A_125C
2.2469750178100535e-05,1.7233134228052762e-06,1.0961936844445658e-06,213.585509,6.792754500000001,2.4193063600905813e-05,2.5289257285350378e-05,213.585509,6.792754500000001,1.4825000000000108e-08,163.7810972434479,4.071189000000004,4.071189000000004,0.0175716573,-2.821189000000004,1,200,10,5,0,6,8,8,1,35n,0,4n,8,125,200V_10A_125C
1.4853020225092592e-05,1.6916712936658329e-06,1.7009698046805122e-06,214.170541,7.085270499999992,1.6544691518758423e-05,1.8245661323438935e-05,214.170541,7.085270499999992,1.712500000000007e-08,141.77271585913843,2.8119059999999934,2.8119059999999934,-1.9497287,-1.5619059999999934,1,200,10,5,-2,6,8,8,1,35n,0,4n,8,125,200V_10A_125C
9.792724253877283e-06,1.7238240524756153e-06,1.5310131967424543e-06,210.494859,5.247429499999996,1.1516548306352898e-05,1.3047561503095351e-05,210.494859,5.247429499999996,9.074999999999994e-09,161.2213546547773,1.0347620000000006,1.0347620000000006,0.00704731506,0.21523799999999937,0,200,10,5,0,6,8,8,1,35n,1,4n,8,125,200V_10A_125C
1.2804031005433763e-05,1.6929906647543796e-06,1.657356151960567e-06,211.968561,5.984280499999998,1.4497021670188142e-05,1.615437782214871e-05,211.968561,5.984280499999998,1.4225000000000063e-08,140.2421052236179,-0.9174030000000073,-0.9174030000000073,-1.97251743,2.1674030000000073,0,200,10,5,-2,6,8,8,1,35n,1,4n,8,125,200V_10A_125C
1.0479733723140282e-05,1.7271155226220762e-06,1.474122436393352e-06,168.96975,-15.515124999999998,1.2206849245762358e-05,1.368097168215571e-05,209.743465,4.871732499999993,5.3250000000000295e-09,160.01089482976278,2.1960219999999993,2.1960219999999993,0.289655035,-0.9460219999999993,1,200,10,5,0,6,8,8,4,5n,0,4n,8,125,200V_10A_125C
1.313603764604886e-05,1.6983487796852816e-06,1.5792161183558956e-06,199.672707,-0.1636464999999987,1.4834386425734141e-05,1.6413602544090035e-05,207.018846,3.509422999999998,4.724999999999984e-09,138.14660484774294,-0.10132499999997435,-0.10132499999997435,-1.68635838,1.3513249999999744,0,200,10,5,-2,6,8,8,4,5n,0,4n,8,125,200V_10A_125C
1.0307734480726333e-05,1.7271475858960673e-06,1.4753524794712489e-06,168.971024,-15.514488000000002,1.20348820666224e-05,1.3510234546093648e-05,210.602572,5.301286000000005,6.625000000000127e-09,160.12142886506996,0.7245479999999986,0.7245479999999986,0.11315724,0.5254520000000014,0,200,10,5,0,6,8,8,4,5n,1,4n,8,125,200V_10A_125C
1.3374831333719393e-05,1.6983543339550268e-06,1.5801641583171301e-06,199.479332,-0.2603340000000003,1.507318566767442e-05,1.665334982599155e-05,207.203214,3.6016070000000013,4.724999999999984e-09,138.14082857252728,-1.1952980000000082,-1.1952980000000082,-1.88020924,2.445298000000008,0,200,10,5,-2,6,8,8,4,5n,1,4n,8,125,200V_10A_125C
1.0272164348921468e-05,1.7253195522778308e-06,1.6296181089197758e-06,212.099717,6.049858499999999,1.1997483901199298e-05,1.3627102010119075e-05,212.099717,6.049858499999999,9.325000000000118e-09,161.85516317865296,2.281423000000018,2.281423000000018,0.0802809144,-1.031423000000018,1,200,10,5,0,6,8,8,4,10n,0,4n,8,125,200V_10A_125C
1.2182479312828803e-05,1.6966847437232258e-06,1.6336832467050377e-06,212.427903,6.213951499999994,1.3879164056552028e-05,1.5512847303257067e-05,212.427903,6.213951499999994,8.974999999999986e-09,140.9747773353233,0.41680499999998233,0.41680499999998233,-1.90897382,0.8331950000000177,0,200,10,5,-2,6,8,8,4,10n,0,4n,8,125,200V_10A_125C
9.904568326515501e-06,1.7259234577582892e-06,1.6685606323766054e-06,210.385981,5.192990499999994,1.1630491784273791e-05,1.3299052416650397e-05,210.385981,5.192990499999994,9.024750000000036e-09,161.2572727735103,0.889521000000002,0.889521000000002,0.0489373316,0.360478999999998,0,200,10,5,0,6,8,8,4,10n,1,4n,8,125,200V_10A_125C
1.2988337052609674e-05,1.6974646726195966e-06,1.6454347475846828e-06,211.94534,5.972669999999994,1.4685801725229271e-05,1.6331236472813953e-05,211.94534,5.972669999999994,8.874999999999979e-09,140.53576164427417,-1.0803989999999999,-1.0803989999999999,-1.95450868,2.330399,0,200,10,5,-2,6,8,8,4,10n,1,4n,8,125,200V_10A_125C
1.0314535185394572e-05,1.7256040169895609e-06,1.6082100173385586e-06,212.099717,6.049858499999999,1.2040139202384134e-05,1.3648349219722691e-05,212.099717,6.049858499999999,9.325000000000118e-09,162.6017258600739,2.2620859999999823,2.2620859999999823,0.0632524551,-1.0120859999999823,1,200,10,5,0,6,8,8,4,15n,0,4n,8,125,200V_10A_125C
1.2344043126053278e-05,1.6961988779993917e-06,1.5853354807825738e-06,212.427903,6.213951499999994,1.404024200405267e-05,1.5625577484835244e-05,212.427903,6.213951499999994,1.4074999999999946e-08,141.98020131825348,0.3384020000000021,0.3384020000000021,-1.93836628,0.9115979999999979,0,200,10,5,-2,6,8,8,4,15n,0,4n,8,125,200V_10A_125C
9.818065369754358e-06,1.7257133531232887e-06,1.6500114756918077e-06,210.385981,5.192990499999994,1.1543778722877647e-05,1.3193790198569454e-05,210.385981,5.192990499999994,9.024750000000036e-09,162.08153118555646,0.9236980000000017,0.9236980000000017,0.0365979942,0.3263019999999983,0,200,10,5,0,6,8,8,4,15n,1,4n,8,125,200V_10A_125C
1.2881989799800204e-05,1.6967861630307792e-06,1.612974604610843e-06,211.94534,5.972669999999994,1.4578775962830984e-05,1.6191750567441828e-05,211.94534,5.972669999999994,1.4225000000000063e-08,141.6129046121976,-1.0486339999999927,-1.0486339999999927,-1.96531028,2.2986339999999927,0,200,10,5,-2,6,8,8,4,15n,1,4n,8,125,200V_10A_125C
1.0296295763012813e-05,1.7263448442432343e-06,1.5659102536390702e-06,212.099717,6.049858499999999,1.2022640607256048e-05,1.3588550860895118e-05,212.099717,6.049858499999999,9.325000000000118e-09,162.12913618297267,2.259871000000004,2.259871000000004,0.0407198764,-1.009871000000004,1,200,10,5,0,6,8,8,4,25n,0,4n,8,125,200V_10A_125C
1.2302656792422534e-05,1.700109306276069e-06,1.526643541664478e-06,212.427903,6.213951499999994,1.4002766098698603e-05,1.552940964036308e-05,212.427903,6.213951499999994,1.6825000000000046e-08,141.05869952930863,0.3462520000000211,0.3462520000000211,-1.97487393,0.9037479999999789,0,200,10,5,-2,6,8,8,4,25n,0,4n,8,125,200V_10A_125C
9.819726852891574e-06,1.7267045019283956e-06,1.6089420440004655e-06,210.385981,5.192990499999994,1.154643135481997e-05,1.3155373398820436e-05,210.385981,5.192990499999994,9.024750000000036e-09,161.6110098166382,0.9171899999999766,0.9171899999999766,0.0216350552,0.33281000000002336,0,200,10,5,0,6,8,8,4,25n,1,4n,8,125,200V_10A_125C
1.2842015219552557e-05,1.7002357736838553e-06,1.5541407334423913e-06,211.94534,5.972669999999994,1.4542250993236412e-05,1.6096391726678804e-05,211.94534,5.972669999999994,1.4225000000000063e-08,140.71431599868353,-1.0447970000000169,-1.0447970000000169,-1.98299278,2.294797000000017,0,200,10,5,-2,6,8,8,4,25n,1,4n,8,125,200V_10A_125C
1.0288588530084928e-05,1.7234401857934914e-06,1.5230036295463663e-06,212.099717,6.049858499999999,1.201202871587842e-05,1.3535032345424785e-05,212.099717,6.049858499999999,9.325000000000118e-09,161.7346165226925,2.259321,2.259321,0.0149244232,-1.009321,1,200,10,5,0,6,8,8,4,35n,0,4n,8,125,200V_10A_125C
1.2295905873871892e-05,1.6918742818045452e-06,1.78298523476178e-06,212.427903,6.213951499999994,1.3987780155676437e-05,1.5770765390438217e-05,212.427903,6.213951499999994,1.6825000000000046e-08,140.5990428032973,0.3460320000000081,0.3460320000000081,-1.95121526,0.9039679999999919,0,200,10,5,-2,6,8,8,4,35n,0,4n,8,125,200V_10A_125C
9.813381205987386e-06,1.7237871133119022e-06,1.5660897481205123e-06,210.385981,5.192990499999994,1.1537168319299287e-05,1.31032580674198e-05,210.385981,5.192990499999994,9.024750000000036e-09,161.19894022941224,0.9163970000000177,0.9163970000000177,0.00720533189,0.33360299999998233,0,200,10,5,0,6,8,8,4,35n,1,4n,8,125,200V_10A_125C
1.2828001330060172e-05,1.6930055128126278e-06,1.7394911977716629e-06,211.94534,5.972669999999994,1.45210068428728e-05,1.6260498040644462e-05,211.94534,5.972669999999994,1.4225000000000063e-08,140.2277779692745,-1.0429060000000163,-1.0429060000000163,-1.97264973,2.2929060000000163,0,200,10,5,-2,6,8,8,4,35n,1,4n,8,125,200V_10A_125C
9.668136517908556e-06,1.7272702754537111e-06,1.5100535050288628e-06,168.912585,-15.543707499999996,1.1395406793362267e-05,1.290546029839113e-05,210.156727,5.078363499999995,6.47500000000001e-09,160.07086669308418,1.6875540000000058,1.6875540000000058,0.288172464,-0.43755400000000577,1,200,10,5,0,6,8,8,8,5n,0,4n,8,125,200V_10A_125C
1.2808110162840328e-05,1.6983104257525288e-06,1.6249829869801802e-06,199.57875,-0.21062499999999318,1.4506420588592856e-05,1.6131403575573037e-05,207.123651,3.5618254999999976,4.724999999999984e-09,138.14402560713518,-0.29545000000001664,-0.29545000000001664,-1.69014684,1.5454500000000166,0,200,10,5,-2,6,8,8,8,5n,0,4n,8,125,200V_10A_125C
9.572373267305412e-06,1.7271651155371368e-06,1.5096900857983504e-06,168.961354,-15.519323,1.129953838284255e-05,1.28092284686409e-05,210.660529,5.330264499999998,6.625000000000127e-09,160.12921751224312,0.8988239999999905,0.8988239999999905,0.112925754,0.3511760000000095,0,200,10,5,0,6,8,8,8,5n,1,4n,8,125,200V_10A_125C
1.2420505276155071e-05,1.6983529541174893e-06,1.6247844319669934e-06,199.460871,-0.2695645000000013,1.411885823027256e-05,1.5743642662239555e-05,207.224026,3.6120130000000046,4.724999999999984e-09,138.1401364189642,-1.041232000000008,-1.041232000000008,-1.88061098,2.291232000000008,0,200,10,5,-2,6,8,8,8,5n,1,4n,8,125,200V_10A_125C
9.735830095087175e-06,1.7257237908849724e-06,1.6848172408285865e-06,211.22028,5.610140000000001,1.1461553885972146e-05,1.3146371126800733e-05,211.22028,5.610140000000001,9.175000000000001e-09,161.48326842414815,1.6429819999999893,1.6429819999999893,0.0791430204,-0.3929819999999893,1,200,10,5,0,6,8,8,8,10n,0,4n,8,125,200V_10A_125C
1.2751901562913543e-05,1.696802821989599e-06,1.6822758053939696e-06,212.147858,6.073929000000008,1.4448704384903142e-05,1.6130980190297113e-05,212.147858,6.073929000000008,8.925000000000088e-09,140.71962969785827,-0.32722899999998845,-0.32722899999998845,-1.91934724,1.5772289999999884,0,200,10,5,-2,6,8,8,8,10n,0,4n,8,125,200V_10A_125C
9.767568868953418e-06,1.7259234863087737e-06,1.7037459333661806e-06,210.284256,5.1421280000000005,1.1493492355262192e-05,1.3197238288628373e-05,210.284256,5.1421280000000005,9.025000000000096e-09,161.2389910376203,0.8296780000000012,0.8296780000000012,0.0492063992,0.42032199999999875,0,200,10,5,0,6,8,8,8,10n,1,4n,8,125,200V_10A_125C
1.2743436022045151e-05,1.6975007161052753e-06,1.6889250663382039e-06,211.924964,5.962481999999994,1.4440936738150427e-05,1.612986180448863e-05,211.924964,5.962481999999994,8.874999999999979e-09,140.51654934863387,-1.1322949999999992,-1.1322949999999992,-1.95490055,2.382294999999999,0,200,10,5,-2,6,8,8,8,10n,1,4n,8,125,200V_10A_125C
9.709558341361794e-06,1.7256864048837566e-06,1.6685908187640156e-06,211.22028,5.610140000000001,1.143524474624555e-05,1.3103835565009565e-05,211.22028,5.610140000000001,9.175000000000001e-09,162.25914317502964,1.6594220000000064,1.6594220000000064,0.0587346214,-0.4094220000000064,1,200,10,5,0,6,8,8,8,15n,0,4n,8,125,200V_10A_125C
1.2652660631013634e-05,1.6961629683988745e-06,1.6508315489539616e-06,212.147858,6.073929000000008,1.4348823599412508e-05,1.599965514836647e-05,212.147858,6.073929000000008,1.4174999999999953e-08,141.75079622633666,-0.26738900000000854,-0.26738900000000854,-1.93820102,1.5173890000000085,0,200,10,5,-2,6,8,8,8,15n,0,4n,8,125,200V_10A_125C
9.8552693712377e-06,1.7256377713613175e-06,1.6832655430170333e-06,210.284256,5.1421280000000005,1.1580907142599019e-05,1.3264172685616051e-05,210.284256,5.1421280000000005,1.1874999999999992e-08,162.06190518386416,0.7954320000000052,0.7954320000000052,0.0365122222,0.45456799999999475,0,200,10,5,0,6,8,8,8,15n,1,4n,8,125,200V_10A_125C
1.2827576204866917e-05,1.6967990256386617e-06,1.655958084545116e-06,211.924964,5.962481999999994,1.4524375230505579e-05,1.6180333315050695e-05,211.924964,5.962481999999994,1.4174999999999953e-08,141.5986321853619,-1.154498999999987,-1.154498999999987,-1.96550741,2.404498999999987,0,200,10,5,-2,6,8,8,8,15n,1,4n,8,125,200V_10A_125C
9.693150982062253e-06,1.7264416856928467e-06,1.627898872758478e-06,211.22028,5.610140000000001,1.14195926677551e-05,1.3047491540513577e-05,211.22028,5.610140000000001,9.175000000000001e-09,161.7909998993323,1.6539239999999893,1.6539239999999893,0.0382268081,-0.4039239999999893,1,200,10,5,0,6,8,8,8,25n,0,4n,8,125,200V_10A_125C
1.2637421201670472e-05,1.7002230891742711e-06,1.5891926028277126e-06,212.147858,6.073929000000008,1.4337644290844743e-05,1.5926836893672455e-05,212.147858,6.073929000000008,1.6874999999999944e-08,140.83500110862227,-0.2709949999999992,-0.2709949999999992,-1.97358633,1.5209949999999992,0,200,10,5,-2,6,8,8,8,25n,0,4n,8,125,200V_10A_125C
9.845739066236441e-06,1.7266575224286908e-06,1.6411645230061474e-06,210.284256,5.1421280000000005,1.1572396588665132e-05,1.3213561111671279e-05,210.284256,5.1421280000000005,1.1874999999999992e-08,161.59079905038396,0.7914530000000184,0.7914530000000184,0.0213816294,0.4585469999999816,0,200,10,5,0,6,8,8,8,25n,1,4n,8,125,200V_10A_125C
1.2853468812625858e-05,1.7002444936545659e-06,1.5971034157090078e-06,211.924964,5.962481999999994,1.4553713306280424e-05,1.6150816721989432e-05,211.924964,5.962481999999994,1.4174999999999953e-08,140.70144216859686,-1.1701880000000244,-1.1701880000000244,-1.98293995,2.4201880000000244,0,200,10,5,-2,6,8,8,8,25n,1,4n,8,125,200V_10A_125C
9.687530207545597e-06,1.7235601644920114e-06,1.585004214824213e-06,211.22028,5.610140000000001,1.1411090372037608e-05,1.2996094586861822e-05,211.22028,5.610140000000001,9.175000000000001e-09,161.3889094531331,1.6556889999999953,1.6556889999999953,0.0127682281,-0.4056889999999953,1,200,10,5,0,6,8,8,8,35n,0,4n,8,125,200V_10A_125C
1.2633081993735488e-05,1.692052709208995e-06,1.7981795659960801e-06,212.147858,6.073929000000008,1.4325134702944483e-05,1.6123314268940564e-05,212.147858,6.073929000000008,1.6874999999999944e-08,140.3676158839864,-0.2761780000000158,-0.2761780000000158,-1.95250023,1.5261780000000158,0,200,10,5,-2,6,8,8,8,35n,0,4n,8,125,200V_10A_125C
9.831206993398385e-06,1.7237596897522725e-06,1.5983706167415692e-06,210.284256,5.1421280000000005,1.1554966683150658e-05,1.3153337299892228e-05,210.284256,5.1421280000000005,1.1874999999999992e-08,161.19342922149298,0.7947039999999959,0.7947039999999959,0.00736518367,0.45529600000000414,0,200,10,5,0,6,8,8,8,35n,1,4n,8,125,200V_10A_125C
1.2848265742435657e-05,1.6930268842215949e-06,1.7799925932308758e-06,211.924964,5.962481999999994,1.4541292626657252e-05,1.6321285219888128e-05,211.924964,5.962481999999994,1.4174999999999953e-08,140.2146283983271,-1.1719630000000052,-1.1719630000000052,-1.97276826,2.421963000000005,0,200,10,5,-2,6,8,8,8,35n,1,4n,8,125,200V_10A_125C
4.140261412262445e-05,6.97281981752412e-06,3.932922770528894e-08,3.43788313,-98.28105843500002,4.8375433940148575e-05,4.8414763167853864e-05,245.818861,22.9094305,1.5120979999999948e-08,258.99765527938445,6.538278999999989,6.538278999999989,4.80098293,-5.288278999999989,1,200,10,5,0,8,2,8,1,5n,0,4n,8,125,200V_10A_125C
1.946467103928015e-05,1.8463965219890573e-06,4.81679085818655e-07,50.9581556,-74.5209222,2.1311067561269208e-05,2.1792746647087864e-05,269.904799,34.95239950000001,4.4005050000000025e-08,248.08240133274825,5.808312999999998,5.808312999999998,1.83045003,-4.558312999999998,1,200,10,5,-2,8,2,8,1,5n,0,4n,8,125,200V_10A_125C
9.896577634693085e-06,2.733790736874607e-06,6.58368228596657e-08,16.8378257,-91.58108715,1.2630368371567692e-05,1.2696205194427357e-05,278.103718,39.05185900000001,3.232039999999998e-08,252.70703009577832,1.3118840000000205,1.3118840000000205,0.934324753,-0.06188400000002048,1,200,10,5,0,8,2,8,1,5n,1,4n,8,125,200V_10A_125C
1.2069288229608198e-05,1.7777271332299106e-06,5.393251806521367e-07,62.243394,-68.878303,1.3847015362838109e-05,1.4386340543490245e-05,267.343494,33.67174700000001,3.8475000000000085e-08,240.1454713620118,-0.3379329999999925,-0.3379329999999925,-1.12766634,1.5879329999999925,0,200,10,5,-2,8,2,8,1,5n,1,4n,8,125,200V_10A_125C
2.658278582989556e-05,2.726915442608461e-06,1.5712819735914435e-06,175.571385,-12.214307500000004,2.9309701272504022e-05,3.0880983246095467e-05,216.553917,8.276958500000006,1.996620000000002e-08,236.5396215250889,5.233807000000013,5.233807000000013,1.40431344,-3.983807000000013,1,200,10,5,0,8,2,8,1,10n,0,4n,8,125,200V_10A_125C
1.3350781032195637e-05,1.8402410285135048e-06,1.642045750773855e-06,214.916586,7.458292999999998,1.5191022060709141e-05,1.6833067811482998e-05,216.572366,8.286182999999994,1.7111719999999965e-08,213.66879054337969,3.65254299999998,3.65254299999998,-1.30307923,-2.40254299999998,1,200,10,5,-2,8,2,8,1,10n,0,4n,8,125,200V_10A_125C
9.726265101120255e-06,1.7368671218699317e-06,1.7505550692656816e-06,207.215595,3.6077975000000038,1.1463132222990186e-05,1.3213687292255869e-05,208.448809,4.224404500000006,7.875000000000115e-09,228.0068735501917,1.0528449999999907,1.0528449999999907,0.0581580888,0.1971550000000093,0,200,10,5,0,8,2,8,1,10n,1,4n,8,125,200V_10A_125C
1.2323058142486265e-05,1.7602297688920744e-06,1.7971533286039675e-06,210.731174,5.365587000000005,1.408328791137834e-05,1.5880441239982306e-05,213.747473,6.873736500000007,1.1075000000000144e-08,210.98032804779683,-0.7473130000000197,-0.7473130000000197,-1.92136334,1.9973130000000197,0,200,10,5,-2,8,2,8,1,10n,1,4n,8,125,200V_10A_125C
2.222769056783414e-05,2.7243176321088047e-06,1.5393334151407976e-06,220.104363,10.052181500000003,2.4952008199942943e-05,2.6491341615083743e-05,220.104363,10.052181500000003,2.5222660000000024e-08,241.12620362096368,4.440006000000011,4.440006000000011,0.357570351,-3.190006000000011,1,200,10,5,0,8,2,8,1,15n,0,4n,8,125,200V_10A_125C
1.4445512877737355e-05,1.8360397673807714e-06,1.426997790670578e-06,218.761213,9.380606499999999,1.6281552645118127e-05,1.7708550435788705e-05,218.761213,9.380606499999999,2.2361939999999993e-08,217.57909297797488,3.105066999999991,3.105066999999991,-1.77176897,-1.8550669999999911,1,200,10,5,-2,8,2,8,1,15n,0,4n,8,125,200V_10A_125C
9.5199637739939e-06,1.7373442641667796e-06,1.7225792907734005e-06,209.815377,4.907688500000006,1.1257308038160679e-05,1.297988732893408e-05,209.815377,4.907688500000006,7.875000000000115e-09,229.57270000675655,1.147387999999978,1.147387999999978,0.0327610216,0.10261200000002191,0,200,10,5,0,8,2,8,1,15n,1,4n,8,125,200V_10A_125C
1.2330239927606774e-05,1.759593040885226e-06,1.7536858065004758e-06,214.540772,7.270386000000002,1.4089832968492001e-05,1.5843518774992478e-05,214.540772,7.270386000000002,1.625526000000008e-08,213.32648430953458,-0.7127370000000042,-0.7127370000000042,-1.92186617,1.9627370000000042,0,200,10,5,-2,8,2,8,1,15n,1,4n,8,125,200V_10A_125C
2.2186772324892236e-05,2.7265419096770524e-06,1.322164966135239e-06,220.104363,10.052181500000003,2.4913314234569287e-05,2.6235479200704527e-05,220.104363,10.052181500000003,2.550506999999998e-08,241.66588528606215,4.450872000000004,4.450872000000004,0.151273991,-3.200872000000004,1,200,10,5,0,8,2,8,1,25n,0,4n,8,125,200V_10A_125C
1.4619057563527184e-05,1.8413147272470833e-06,1.2739285230944721e-06,218.761213,9.380606499999999,1.6460372290774267e-05,1.7734300813868738e-05,218.761213,9.380606499999999,2.540500000000014e-08,216.42874383645287,3.276650999999987,3.276650999999987,-1.92034126,-2.026650999999987,1,200,10,5,-2,8,2,8,1,25n,0,4n,8,125,200V_10A_125C
9.437468541573315e-06,1.738107551720933e-06,1.6814539702865394e-06,209.815377,4.907688500000006,1.1175576093294248e-05,1.2857030063580788e-05,209.815377,4.907688500000006,7.875000000000115e-09,229.2126526577385,1.1853380000000016,1.1853380000000016,0.0204514362,0.06466199999999844,0,200,10,5,0,8,2,8,1,25n,1,4n,8,125,200V_10A_125C
1.2354317033407186e-05,1.7636628884153185e-06,1.6909258216938688e-06,214.540772,7.270386000000002,1.4117979921822504e-05,1.5808905743516374e-05,214.540772,7.270386000000002,2.4775000000000114e-08,212.3062466057814,-0.718322999999998,-0.718322999999998,-1.96365476,1.968322999999998,0,200,10,5,-2,8,2,8,1,25n,1,4n,8,125,200V_10A_125C
2.216811794881874e-05,2.7222818512287947e-06,1.286276219665975e-06,220.104363,10.052181500000003,2.4890399800047534e-05,2.617667601971351e-05,220.104363,10.052181500000003,3.367500000000015e-08,240.45415906369988,4.44939500000001,4.44939500000001,0.105228995,-3.1993950000000098,1,200,10,5,0,8,2,8,1,35n,0,4n,8,125,200V_10A_125C
1.4580410128577476e-05,1.831572752002019e-06,1.4652824252427222e-06,218.761213,9.380606499999999,1.6411982880579496e-05,1.7877265305822218e-05,218.761213,9.380606499999999,3.382500000000005e-08,215.37858760843022,3.2676489999999774,3.2676489999999774,-1.90150298,-2.0176489999999774,1,200,10,5,-2,8,2,8,1,35n,0,4n,8,125,200V_10A_125C
9.423796847949463e-06,1.7354435423179174e-06,1.6386727639655278e-06,209.815377,4.907688500000006,1.115924039026738e-05,1.2797913154232908e-05,209.815377,4.907688500000006,7.875000000000115e-09,228.36423031589842,1.186251999999996,1.186251999999996,0.0137352036,0.06374800000000391,0,200,10,5,0,8,2,8,1,35n,1,4n,8,125,200V_10A_125C
1.234348754254398e-05,1.7565732708861577e-06,1.6276067666986244e-06,214.540772,7.270386000000002,1.4100060813430139e-05,1.5727667580128764e-05,214.540772,7.270386000000002,2.7324999999999988e-08,211.1896365936921,-0.7155970000000025,-0.7155970000000025,-1.9665633,1.9655970000000025,0,200,10,5,-2,8,2,8,1,35n,1,4n,8,125,200V_10A_125C
1.0119204053467895e-05,6.962443191016791e-06,6.816018742580984e-08,3.47082143,-98.264589285,1.7081647244484687e-05,1.7149807431910498e-05,245.771984,22.885992,1.5121130000000068e-08,258.92115223081123,4.79621351,2.4580780000000004,4.79621351,-3.5462135100000003,1,200,10,5,0,8,2,8,4,5n,0,4n,8,125,200V_10A_125C
1.2787772904895462e-05,1.8473586545833355e-06,5.541323186055614e-07,50.9464497,-74.52677514999999,1.4635131559478797e-05,1.5189263878084358e-05,269.81174,34.90586999999999,4.395760000000006e-08,248.07217013100492,1.84305624,0.34884199999999055,1.84305624,-0.5930562399999999,1,200,10,5,-2,8,2,8,4,5n,0,4n,8,125,200V_10A_125C
9.971293051930074e-06,2.7337474969670364e-06,9.007181531575075e-08,16.8377428,-91.5811286,1.270504054889711e-05,1.2795112364212861e-05,278.116754,39.05837700000001,3.232103000000015e-08,252.70317192069393,0.934050001,0.8503350000000012,0.934050001,0.315949999,0,200,10,5,0,8,2,8,4,5n,1,4n,8,125,200V_10A_125C
1.2968760535319731e-05,1.7777764648112675e-06,6.042616573595693e-07,62.2426761,-68.87866195000001,1.4746537000130998e-05,1.535079865749057e-05,267.349483,33.67474150000001,3.8475000000000085e-08,240.1616358238648,-1.0306730000000073,-1.0306730000000073,-1.12728086,2.2806730000000073,0,200,10,5,-2,8,2,8,4,5n,1,4n,8,125,200V_10A_125C
9.958034126419327e-06,2.7264575043796585e-06,1.715972850181595e-06,175.862378,-12.068810999999997,1.2684491630798986e-05,1.440046448098058e-05,216.709343,8.354671499999995,1.9974999999999965e-08,236.53828751638613,2.626564000000002,2.626564000000002,1.40067874,-1.376564000000002,1,200,10,5,0,8,2,8,4,10n,0,4n,8,125,200V_10A_125C
1.1826569768539576e-05,1.8392380958910102e-06,1.8932926403052467e-06,214.790239,7.395119500000008,1.3665807864430587e-05,1.5559100504735832e-05,215.960598,7.980299000000002,1.707499999999996e-08,213.43131356423376,0.8742230000000006,0.8742230000000006,-1.30713368,0.37577699999999936,0,200,10,5,-2,8,2,8,4,10n,0,4n,8,125,200V_10A_125C
9.552278233532711e-06,1.736868408214716e-06,1.7839667209884523e-06,207.224873,3.612436500000001,1.1289146641747427e-05,1.3073113362735879e-05,208.360549,4.180274499999996,7.875000000000115e-09,227.98114679395474,1.0178589999999872,1.0178589999999872,0.0575955108,0.2321410000000128,0,200,10,5,0,8,2,8,4,10n,1,4n,8,125,200V_10A_125C
1.2537119978183474e-05,1.7602157500037761e-06,1.878187424993633e-06,210.728464,5.364232000000002,1.429733572818725e-05,1.6175523153180885e-05,213.717351,6.858675500000004,1.1075000000000144e-08,210.97049328026708,-0.9050429999999778,-0.9050429999999778,-1.92090426,2.155042999999978,0,200,10,5,-2,8,2,8,4,10n,1,4n,8,125,200V_10A_125C
9.999309308886113e-06,2.7267541134398153e-06,1.7909604520455979e-06,217.948661,8.974330499999994,1.2726063422325929e-05,1.4517023874371527e-05,217.948661,8.974330499999994,1.9666060000000124e-08,239.28981146313686,2.5948259999999834,2.5948259999999834,0.332321889,-1.3448259999999834,1,200,10,5,0,8,2,8,4,15n,0,4n,8,125,200V_10A_125C
1.199001130755296e-05,1.838320554171495e-06,1.81011326524289e-06,217.734056,8.867028000000005,1.3828331861724455e-05,1.5638445126967344e-05,217.734056,8.867028000000005,1.6754450000000142e-08,215.92021638460506,0.798655999999994,0.798655999999994,-1.81884229,0.45134400000000596,0,200,10,5,-2,8,2,8,4,15n,0,4n,8,125,200V_10A_125C
9.451774693169548e-06,1.7374143468489348e-06,1.7569847055100273e-06,209.716296,4.858148,1.1189189040018483e-05,1.294617374552851e-05,209.716296,4.858148,7.875000000000115e-09,229.54476595033424,1.0549319999999796,1.0549319999999796,0.0334143855,0.19506800000002045,0,200,10,5,0,8,2,8,4,15n,1,4n,8,125,200V_10A_125C
1.2418462598900289e-05,1.7596136609220693e-06,1.8374446395608614e-06,214.502166,7.251082999999994,1.4178076259822359e-05,1.601552089938322e-05,214.502166,7.251082999999994,1.6205180000000102e-08,213.3038375008313,-0.8720309999999927,-0.8720309999999927,-1.92229939,2.1220309999999927,0,200,10,5,-2,8,2,8,4,15n,1,4n,8,125,200V_10A_125C
9.980139575687665e-06,2.7268615033580598e-06,1.7555325723338214e-06,217.948661,8.974330499999994,1.2707001079045724e-05,1.4462533651379546e-05,217.948661,8.974330499999994,2.5505330000000075e-08,239.4611484866263,2.60080099999999,2.60080099999999,0.135213823,-1.35080099999999,1,200,10,5,0,8,2,8,4,25n,0,4n,8,125,200V_10A_125C
1.1948967906923723e-05,1.8420944669921254e-06,1.7596667133398812e-06,217.734056,8.867028000000005,1.3791062373915849e-05,1.555072908725573e-05,217.734056,8.867028000000005,2.545507000000008e-08,214.95418329017951,0.8069769999999892,0.8069769999999892,-1.93029838,0.4430230000000108,0,200,10,5,-2,8,2,8,4,25n,0,4n,8,125,200V_10A_125C
9.44616192903319e-06,1.738219935784146e-06,1.716520854511952e-06,209.716296,4.858148,1.1184381864817336e-05,1.2900902719329289e-05,209.716296,4.858148,7.875000000000115e-09,229.19140489815612,1.0500230000000101,1.0500230000000101,0.0200525663,0.19997699999998986,0,200,10,5,0,8,2,8,4,25n,1,4n,8,125,200V_10A_125C
1.2375597157087978e-05,1.763706259251142e-06,1.7759067824883165e-06,214.502166,7.251082999999994,1.413930341633912e-05,1.5915210198827436e-05,214.502166,7.251082999999994,2.4775000000000114e-08,212.2831728221972,-0.867935000000017,-0.867935000000017,-1.96433352,2.117935000000017,0,200,10,5,-2,8,2,8,4,25n,1,4n,8,125,200V_10A_125C
9.974455249102577e-06,2.7226343567024797e-06,1.7109615695530924e-06,217.948661,8.974330499999994,1.2697089605805056e-05,1.4408051175358149e-05,217.948661,8.974330499999994,3.0974999999999945e-08,238.21867414563536,2.596755999999999,2.596755999999999,0.0929093061,-1.3467559999999992,1,200,10,5,0,8,2,8,4,35n,0,4n,8,125,200V_10A_125C
1.1942814161843712e-05,1.8323780336554886e-06,1.6946103238603901e-06,217.734056,8.867028000000005,1.37751921954992e-05,1.546980251935959e-05,217.734056,8.867028000000005,3.3774999999999943e-08,213.86132734658815,0.8041870000000131,0.8041870000000131,-1.90787421,0.4458129999999869,0,200,10,5,-2,8,2,8,4,35n,0,4n,8,125,200V_10A_125C
9.440263773505248e-06,1.7354371429750433e-06,1.6738050175175387e-06,209.716296,4.858148,1.1175700916480291e-05,1.284950593399783e-05,209.716296,4.858148,7.875000000000115e-09,228.33449635829888,1.0487279999999828,1.0487279999999828,0.0137653565,0.20127200000001721,0,200,10,5,0,8,2,8,4,35n,1,4n,8,125,200V_10A_125C
1.236278250344056e-05,1.7566384457543399e-06,1.712552945465565e-06,214.502166,7.251082999999994,1.41194209491949e-05,1.5831973894660464e-05,214.502166,7.251082999999994,2.4775000000000114e-08,211.16445731175978,-0.8660179999999968,-0.8660179999999968,-1.96695159,2.116017999999997,0,200,10,5,-2,8,2,8,4,35n,1,4n,8,125,200V_10A_125C
9.345426121602011e-06,6.9626927567796225e-06,1.036932749141997e-07,3.47080152,-98.26459924,1.6308118878381633e-05,1.6411812153295834e-05,245.771387,22.885693500000002,1.5121310000000086e-08,258.9182187697443,4.79588971,1.9230759999999805,4.79588971,-3.54588971,1,200,10,5,0,8,2,8,8,5n,0,4n,8,125,200V_10A_125C
1.2504294604920728e-05,1.8480005038866347e-06,5.993982577447497e-07,50.9447771,-74.52761145,1.4352295108807362e-05,1.495169336655211e-05,269.69723,34.848614999999995,4.3961120000000123e-08,248.04480579797013,1.84862928,0.00720900000001734,1.84862928,-0.5986292799999999,1,200,10,5,-2,8,2,8,8,5n,0,4n,8,125,200V_10A_125C
9.199885872405892e-06,2.7336347967817525e-06,1.2437201508714307e-07,16.8376752,-91.5811624,1.1933520669187645e-05,1.2057892684274787e-05,278.128851,39.0644255,3.232163e-08,252.69886466481688,1.0094520000000102,1.0094520000000102,0.933933188,0.24054799999998977,0,200,10,5,0,8,2,8,8,5n,1,4n,8,125,200V_10A_125C
1.2010920234273167e-05,1.7778490867908075e-06,6.488714369444312e-07,62.2420185,-68.87899075,1.3788769321063974e-05,1.4437640758008405e-05,267.373333,33.6866665,3.8475000000000085e-08,240.17675258075127,-0.8981119999999976,-0.8981119999999976,-1.12691011,2.1481119999999976,0,200,10,5,-2,8,2,8,8,5n,1,4n,8,125,200V_10A_125C
9.38571248685464e-06,2.7263103610804904e-06,1.7494682243138323e-06,175.843834,-12.078083000000007,1.2112022847935131e-05,1.3861491072248964e-05,216.813414,8.406706999999997,1.9974999999999965e-08,236.5700807372015,1.890217000000007,1.890217000000007,1.40017413,-0.6402170000000069,1,200,10,5,0,8,2,8,8,10n,0,4n,8,125,200V_10A_125C
1.2329934109065048e-05,1.839050533753893e-06,1.931313527318816e-06,214.751023,7.375511500000003,1.416898464281894e-05,1.6100298170137755e-05,215.587582,7.793790999999999,1.702500000000006e-08,213.29813976035234,0.0038879999999892334,0.0038879999999892334,-1.31024811,1.2461120000000108,0,200,10,5,-2,8,2,8,8,10n,0,4n,8,125,200V_10A_125C
9.377218925967905e-06,1.7368731920739138e-06,1.8171942296631284e-06,207.235397,3.617698500000003,1.111409211804182e-05,1.2931286347704947e-05,208.26583,4.132914999999997,7.875000000000115e-09,227.95655498078915,0.9465459999999837,0.9465459999999837,0.0569083296,0.3034540000000163,0,200,10,5,0,8,2,8,8,10n,1,4n,8,125,200V_10A_125C
1.2289078319319348e-05,1.7602026464879591e-06,1.9213537016899583e-06,210.726077,5.363038500000003,1.4049280965807307e-05,1.5970634667497266e-05,213.686496,6.8432480000000036,1.1075000000000144e-08,210.96178048092926,-0.9812179999999842,-0.9812179999999842,-1.92047814,2.231217999999984,0,200,10,5,-2,8,2,8,8,10n,1,4n,8,125,200V_10A_125C
9.355718149993274e-06,2.7269295955104453e-06,1.8494730472461486e-06,216.836689,8.418344500000003,1.208264774550372e-05,1.3932120792749868e-05,216.836689,8.418344500000003,1.975734000000005e-08,238.759428288807,1.906138999999996,1.906138999999996,0.325066977,-0.656138999999996,1,200,10,5,0,8,2,8,8,15n,0,4n,8,125,200V_10A_125C
1.2230442386782698e-05,1.8382061572505356e-06,1.8793753009496319e-06,217.265981,8.632990500000005,1.4068648544033234e-05,1.5948023844982867e-05,217.265981,8.632990500000005,1.677077000000005e-08,215.5543723852412,0.06302400000001285,0.06302400000001285,-1.82232447,1.1869759999999872,0,200,10,5,-2,8,2,8,8,15n,0,4n,8,125,200V_10A_125C
9.474309643543498e-06,1.7374986501601092e-06,1.7890040132943662e-06,209.612324,4.8061620000000005,1.1211808293703608e-05,1.3000812306997973e-05,209.612324,4.8061620000000005,7.875000000000115e-09,229.51920049153438,0.9106299999999976,0.9106299999999976,0.0339420133,0.3393700000000024,0,200,10,5,0,8,2,8,8,15n,1,4n,8,125,200V_10A_125C
1.236312581418273e-05,1.7596469026442695e-06,1.8799815726440104e-06,214.46322,7.2316100000000025,1.4122772716826998e-05,1.600275428947101e-05,214.46322,7.2316100000000025,1.620507999999995e-08,213.28245235558924,-1.001069000000001,-1.001069000000001,-1.92288066,2.251069000000001,0,200,10,5,-2,8,2,8,8,15n,1,4n,8,125,200V_10A_125C
9.339201771775252e-06,2.727235497793325e-06,1.817603392216456e-06,216.836689,8.418344500000003,1.2066437269568577e-05,1.3884040661785033e-05,216.836689,8.418344500000003,2.550566e-08,238.91298921830506,1.8992999999999824,1.8992999999999824,0.12461815,-0.6492999999999824,1,200,10,5,0,8,2,8,8,25n,0,4n,8,125,200V_10A_125C
1.2216217811037853e-05,1.8425253466079932e-06,1.8226610675112037e-06,217.265981,8.632990500000005,1.4058743157645846e-05,1.588140422515705e-05,217.265981,8.632990500000005,2.545520000000013e-08,214.59278956424123,0.05804399999999532,0.05804399999999532,-1.93694047,1.1919560000000047,0,200,10,5,-2,8,2,8,8,25n,0,4n,8,125,200V_10A_125C
9.468740112273645e-06,1.7382121273384835e-06,1.7486672977312759e-06,209.612324,4.8061620000000005,1.120695223961213e-05,1.2955619537343404e-05,209.612324,4.8061620000000005,7.875000000000115e-09,229.16510983170747,0.9061169999999947,0.9061169999999947,0.0194250453,0.34388300000000527,0,200,10,5,0,8,2,8,8,25n,1,4n,8,125,200V_10A_125C
1.2382821367319051e-05,1.7637411851931199e-06,1.8189488165118545e-06,214.46322,7.2316100000000025,1.4146562552512172e-05,1.5965511369024027e-05,214.46322,7.2316100000000025,2.4775000000000114e-08,212.26208755776432,-1.016572999999994,-1.016572999999994,-1.96499087,2.266572999999994,0,200,10,5,-2,8,2,8,8,25n,1,4n,8,125,200V_10A_125C
9.334085481209695e-06,2.7235345656483027e-06,1.7727101274360602e-06,216.836689,8.418344500000003,1.2057620046857997e-05,1.3830330174294058e-05,216.836689,8.418344500000003,2.8274999999999954e-08,237.6594847835179,1.902163999999999,1.902163999999999,0.082305129,-0.6521639999999991,1,200,10,5,0,8,2,8,8,35n,0,4n,8,125,200V_10A_125C
1.2213760261799326e-05,1.8331081174242813e-06,1.7574373946605921e-06,217.265981,8.632990500000005,1.4046868379223608e-05,1.58043057738842e-05,217.265981,8.632990500000005,3.3725000000000046e-08,213.48210526940386,0.052527999999995245,0.052527999999995245,-1.91394586,1.1974720000000048,0,200,10,5,-2,8,2,8,8,35n,0,4n,8,125,200V_10A_125C
9.455177383418982e-06,1.7354226906609573e-06,1.7061412448659292e-06,209.612324,4.8061620000000005,1.1190600074079939e-05,1.2896741318945869e-05,209.612324,4.8061620000000005,7.875000000000115e-09,228.30034524773623,0.9092159999999865,0.9092159999999865,0.0138768888,0.3407840000000135,0,200,10,5,0,8,2,8,8,35n,1,4n,8,125,200V_10A_125C
1.2380004148943647e-05,1.7567021206877286e-06,1.7556355949265847e-06,214.46322,7.2316100000000025,1.4136706269631376e-05,1.589234186455796e-05,214.46322,7.2316100000000025,2.4775000000000114e-08,211.14129597808264,-1.0182350000000042,-1.0182350000000042,-1.96733457,2.268235000000004,0,200,10,5,-2,8,2,8,8,35n,1,4n,8,125,200V_10A_125C
4.1359897268279846e-05,1.7268930179563134e-06,1.4431826981104047e-06,168.584658,-15.707671000000005,4.308679028623616e-05,4.452997298434656e-05,209.128061,4.564030500000001,5.317039999999954e-09,160.1781349955626,6.536620999999997,6.536620999999997,0.292347969,-5.286620999999997,1,200,10,5,0,8,8,8,1,5n,0,4n,8,125,200V_10A_125C
1.9460296247558386e-05,1.6984867242773362e-06,1.4997481806947185e-06,199.837328,-0.08133599999999319,2.1158782971835722e-05,2.2658531152530442e-05,206.833773,3.416886500000004,4.724999999999984e-09,138.15851770900397,5.808460000000011,5.808460000000011,-1.67864217,-4.558460000000011,1,200,10,5,-2,8,8,8,1,5n,0,4n,8,125,200V_10A_125C
9.893545453206819e-06,1.7271277422568373e-06,1.4510173715076455e-06,168.979984,-15.510007999999997,1.1620673195463655e-05,1.3071690566971302e-05,210.548506,5.274253000000001,6.625000000000127e-09,160.11324897024843,1.3108930000000214,1.3108930000000214,0.113952607,-0.0608930000000214,1,200,10,5,0,8,8,8,1,5n,1,4n,8,125,200V_10A_125C
1.206370197878468e-05,1.6983562811546382e-06,1.5152238418829284e-06,199.497813,-0.2510934999999961,1.3762058259939319e-05,1.527728210182225e-05,207.182866,3.591432999999995,4.724999999999984e-09,138.14047491288028,-0.3379500000000064,-0.3379500000000064,-1.87981543,1.5879500000000064,0,200,10,5,-2,8,8,8,1,5n,1,4n,8,125,200V_10A_125C
2.6550729445940193e-05,1.7255357827331356e-06,1.4489274101976445e-06,213.585845,6.792922500000003,2.827626522867333e-05,2.9725192638870975e-05,213.585845,6.792922500000003,1.167343e-08,163.28453465521054,5.231829000000005,5.231829000000005,0.123071672,-3.9818290000000047,1,200,10,5,0,8,8,8,1,10n,0,4n,8,125,200V_10A_125C
1.3344753150292818e-05,1.6975903742892896e-06,1.355195066935016e-06,212.886589,6.443294499999992,1.5042343524582108e-05,1.6397538591517125e-05,212.886589,6.443294499999992,1.1565880000000133e-08,141.66862491898138,3.652787999999987,3.652787999999987,-1.88713336,-2.402787999999987,1,200,10,5,-2,8,8,8,1,10n,0,4n,8,125,200V_10A_125C
9.720923967780499e-06,1.7259250321290159e-06,1.6331073627276823e-06,210.495139,5.247569499999997,1.1446848999909514e-05,1.3079956362637197e-05,210.495139,5.247569499999997,9.074999999999994e-09,161.27850271501396,1.0529790000000219,1.0529790000000219,0.0487101857,0.19702099999997813,0,200,10,5,0,8,8,8,1,10n,1,4n,8,125,200V_10A_125C
1.2317995759956647e-05,1.6974224523694692e-06,1.563332054043479e-06,211.968528,5.984263999999996,1.4015418212326115e-05,1.5578750266369596e-05,211.968528,5.984263999999996,8.874999999999979e-09,140.55423579723347,-0.7473460000000216,-0.7473460000000216,-1.95398842,1.9973460000000216,0,200,10,5,-2,8,8,8,1,10n,1,4n,8,125,200V_10A_125C
2.221198368023103e-05,1.725460397824099e-06,1.1967047758749448e-06,213.585845,6.792922500000003,2.393744407805513e-05,2.5134148853930074e-05,213.585845,6.792922500000003,1.4825000000000108e-08,164.6129480698971,4.440261000000021,4.440261000000021,0.0656426516,-3.190261000000021,1,200,10,5,0,8,8,8,1,15n,0,4n,8,125,200V_10A_125C
1.4438996598622488e-05,1.6954519801846964e-06,1.1223328524762608e-06,214.170986,7.085492999999999,1.6134448578807185e-05,1.7256781431283446e-05,214.170986,7.085492999999999,1.467499999999999e-08,143.22094023867618,3.105243999999999,3.105243999999999,-1.91868589,-1.855243999999999,1,200,10,5,-2,8,8,8,1,15n,0,4n,8,125,200V_10A_125C
9.51498593560473e-06,1.7257765836325286e-06,1.614574828120647e-06,210.495139,5.247569499999997,1.1240762519237258e-05,1.2855337347357905e-05,210.495139,5.247569499999997,9.074999999999994e-09,162.10240060163326,1.1476839999999982,1.1476839999999982,0.0365956142,0.10231600000000185,0,200,10,5,0,8,8,8,1,15n,1,4n,8,125,200V_10A_125C
1.2325112953200736e-05,1.6967647029000179e-06,1.5300430954586136e-06,211.968528,5.984263999999996,1.4021877656100753e-05,1.5551920751559365e-05,211.968528,5.984263999999996,1.4225000000000063e-08,141.62759247109074,-0.7126220000000103,-0.7126220000000103,-1.96491378,1.9626220000000103,0,200,10,5,-2,8,8,8,1,15n,1,4n,8,125,200V_10A_125C
2.2169916480957017e-05,1.7264763102453778e-06,1.1377594898036497e-06,213.585845,6.792922500000003,2.3896392791202395e-05,2.5034152281006044e-05,213.585845,6.792922500000003,1.4825000000000108e-08,164.13359448731944,4.45093,4.45093,0.042642211,-3.2009299999999996,1,200,10,5,0,8,8,8,1,25n,0,4n,8,125,200V_10A_125C
1.461320763292612e-05,1.699862412573448e-06,1.0422271359070586e-06,214.170986,7.085492999999999,1.6313070045499567e-05,1.7355297181406625e-05,214.170986,7.085492999999999,1.712500000000007e-08,142.19766373026604,3.276794999999993,3.276794999999993,-1.97160303,-2.026794999999993,1,200,10,5,-2,8,8,8,1,25n,0,4n,8,125,200V_10A_125C
9.433051984189757e-06,1.7265655193833628e-06,1.5737444006731612e-06,210.495139,5.247569499999997,1.115961750357312e-05,1.2733361904246281e-05,210.495139,5.247569499999997,9.074999999999994e-09,161.6180293175056,1.1852379999999982,1.1852379999999982,0.0218508534,0.06476200000000176,0,200,10,5,0,8,8,8,1,25n,1,4n,8,125,200V_10A_125C
1.2349425476772231e-05,1.7002277275344934e-06,1.4693321938380017e-06,211.968528,5.984263999999996,1.4049653204306724e-05,1.5518985398144724e-05,211.968528,5.984263999999996,1.4225000000000063e-08,140.72728445706298,-0.718198000000001,-0.718198000000001,-1.98306354,1.968198000000001,0,200,10,5,-2,8,8,8,1,25n,1,4n,8,125,200V_10A_125C
2.215110405252668e-05,1.7233038021627418e-06,1.095766091501784e-06,213.585845,6.792922500000003,2.3874407854689423e-05,2.4970173946191208e-05,213.585845,6.792922500000003,1.4825000000000108e-08,163.74302073659047,4.449393000000015,4.449393000000015,0.0176036232,-3.199393000000015,1,200,10,5,0,8,8,8,1,35n,0,4n,8,125,200V_10A_125C
1.4574370828777227e-05,1.6916717047009883e-06,1.701006606700017e-06,214.170986,7.085492999999999,1.6266042533478214e-05,1.796704914017823e-05,214.170986,7.085492999999999,1.712500000000007e-08,141.7720130955451,3.2677730000000054,3.2677730000000054,-1.94972712,-2.0177730000000054,1,200,10,5,-2,8,8,8,1,35n,0,4n,8,125,200V_10A_125C
9.419095672702326e-06,1.7238251394510463e-06,1.5310113308634472e-06,210.495139,5.247569499999997,1.1142920812153372e-05,1.2673932143016819e-05,210.495139,5.247569499999997,9.074999999999994e-09,161.22072579449878,1.1862040000000036,1.1862040000000036,0.00704777447,0.06379599999999641,0,200,10,5,0,8,8,8,1,35n,1,4n,8,125,200V_10A_125C
1.2338615446621256e-05,1.6929907901269793e-06,1.6573585970389352e-06,211.968528,5.984263999999996,1.4031606236748236e-05,1.568896483378717e-05,211.968528,5.984263999999996,1.4225000000000063e-08,140.24172580882436,-0.7156360000000177,-0.7156360000000177,-1.97251747,1.9656360000000177,0,200,10,5,-2,8,8,8,1,35n,1,4n,8,125,200V_10A_125C
1.0114689918347141e-05,1.7271162967417889e-06,1.4741296753225848e-06,168.971463,-15.5142685,1.184180621508893e-05,1.3315935890411515e-05,209.74332,4.871660000000006,5.3250000000000295e-09,160.01023275450274,2.45841200000001,2.45841200000001,0.289649467,-1.2084120000000098,1,200,10,5,0,8,8,8,4,5n,0,4n,8,125,200V_10A_125C
1.2784223758170423e-05,1.6983488882984152e-06,1.579214113485721e-06,199.672914,-0.1635430000000042,1.4482572646468838e-05,1.606178675995456e-05,207.018822,3.509411,4.724999999999984e-09,138.14623208624104,0.3497389999999996,0.3497389999999996,-1.68635818,0.9002610000000004,0,200,10,5,-2,8,8,8,4,5n,0,4n,8,125,200V_10A_125C
9.963965244727204e-06,1.7271479681710802e-06,1.4753598275450127e-06,168.972532,-15.513734,1.1691113212898285e-05,1.3166473040443299e-05,210.602447,5.301223500000005,6.625000000000127e-09,160.12091446685602,0.851871999999986,0.851871999999986,0.113155639,0.398128000000014,0,200,10,5,0,8,8,8,4,5n,1,4n,8,125,200V_10A_125C
1.2964027458058727e-05,1.698354447765168e-06,1.5801622304192086e-06,199.479581,-0.260209500000002,1.4662381905823895e-05,1.6242544136243104e-05,207.203204,3.6016019999999997,4.724999999999984e-09,138.14044527551277,-1.030553999999995,-1.030553999999995,-1.88020931,2.280553999999995,0,200,10,5,-2,8,8,8,4,5n,1,4n,8,125,200V_10A_125C
9.950670003193752e-06,1.7253203442148367e-06,1.629615934556902e-06,212.100001,6.050000499999997,1.1675990347408589e-05,1.3305606281965491e-05,212.100001,6.050000499999997,9.325000000000118e-09,161.85455741442337,2.6262419999999906,2.6262419999999906,0.080288641,-1.3762419999999906,1,200,10,5,0,8,8,8,4,10n,0,4n,8,125,200V_10A_125C
1.1824486814423583e-05,1.6966848504550505e-06,1.6331492534605277e-06,212.427865,6.2139324999999985,1.3521171664878633e-05,1.515432091833916e-05,212.427865,6.2139324999999985,8.974999999999986e-09,140.97439687322947,0.8741290000000106,0.8741290000000106,-1.90897454,0.3758709999999894,0,200,10,5,-2,8,8,8,4,10n,0,4n,8,125,200V_10A_125C
9.547889986357431e-06,1.725926101349493e-06,1.6685612900638146e-06,210.386266,5.193133000000002,1.1273816087706925e-05,1.294237737777074e-05,210.386266,5.193133000000002,9.02474e-09,161.25681014131771,1.017751000000004,1.017751000000004,0.0489418884,0.23224899999999593,0,200,10,5,0,8,8,8,4,10n,1,4n,8,125,200V_10A_125C
1.2532482051709765e-05,1.6974647808163665e-06,1.6454309544733985e-06,211.945319,5.972659500000007,1.4229946832526132e-05,1.5875377786999532e-05,211.945319,5.972659500000007,8.874999999999979e-09,140.53537349444898,-0.9052250000000015,-0.9052250000000015,-1.95450884,2.1552250000000015,0,200,10,5,-2,8,8,8,4,10n,1,4n,8,125,200V_10A_125C
9.992036989370643e-06,1.7256045231315582e-06,1.6082082547544694e-06,212.100001,6.050000499999997,1.17176415125022e-05,1.332584976725667e-05,212.100001,6.050000499999997,9.325000000000118e-09,162.60111793430502,2.59414799999999,2.59414799999999,0.0632562009,-1.34414799999999,1,200,10,5,0,8,8,8,4,15n,0,4n,8,125,200V_10A_125C
1.1984977616864405e-05,1.696198983450745e-06,1.5853317782020523e-06,212.427865,6.2139324999999985,1.368117660031515e-05,1.5266508378517203e-05,212.427865,6.2139324999999985,1.4074999999999946e-08,141.97981783234232,0.7985129999999856,0.7985129999999856,-1.93836658,0.4514870000000144,0,200,10,5,-2,8,8,8,4,15n,0,4n,8,125,200V_10A_125C
9.447341496194422e-06,1.7257155122504261e-06,1.6499185615984025e-06,210.386266,5.193133000000002,1.1173057008444848e-05,1.282297557004325e-05,210.386266,5.193133000000002,9.02474e-09,162.0810768670164,1.0548459999999977,1.0548459999999977,0.0365999866,0.19515400000000227,0,200,10,5,0,8,8,8,4,15n,1,4n,8,125,200V_10A_125C
1.2413592233395421e-05,1.6967862726774912e-06,1.6134795261926862e-06,211.945319,5.972659500000007,1.4110378506072912e-05,1.5723858032265598e-05,211.945319,5.972659500000007,1.4225000000000063e-08,141.61251273128983,-0.8720950000000016,-0.8720950000000016,-1.9653103,2.1220950000000016,0,200,10,5,-2,8,8,8,4,15n,1,4n,8,125,200V_10A_125C
9.972818746841435e-06,1.7263456633760098e-06,1.5659085119986112e-06,212.100001,6.050000499999997,1.1699164410217444e-05,1.3265072922216055e-05,212.100001,6.050000499999997,9.325000000000118e-09,162.12852396232006,2.6010109999999997,2.6010109999999997,0.0407211744,-1.3510109999999997,1,200,10,5,0,8,8,8,4,25n,0,4n,8,125,200V_10A_125C
1.1944416041803535e-05,1.7001094156839075e-06,1.526639812344689e-06,212.427865,6.2139324999999985,1.3644525457487443e-05,1.5171165269832133e-05,212.427865,6.2139324999999985,1.6825000000000046e-08,141.05831711462278,0.8073500000000138,0.8073500000000138,-1.97487402,0.4426499999999862,0,200,10,5,-2,8,8,8,4,25n,0,4n,8,125,200V_10A_125C
9.441062650769233e-06,1.726706874257699e-06,1.608942304579568e-06,210.386266,5.193133000000002,1.1167769525026932e-05,1.27767118296065e-05,210.386266,5.193133000000002,9.02474e-09,161.6105394858134,1.0493979999999965,1.0493979999999965,0.0216355923,0.2006020000000035,0,200,10,5,0,8,8,8,4,25n,1,4n,8,125,200V_10A_125C
1.2370352499569293e-05,1.7002358840666579e-06,1.5541369049201254e-06,211.945319,5.972659500000007,1.4070588383635951e-05,1.5624725288556076e-05,211.945319,5.972659500000007,1.4225000000000063e-08,140.71392479872074,-0.8678950000000043,-0.8678950000000043,-1.98299284,2.1178950000000043,0,200,10,5,-2,8,8,8,4,25n,1,4n,8,125,200V_10A_125C
9.337448648066981e-06,1.72727097615681e-06,1.510060644806969e-06,168.914242,-15.542878999999997,1.1064719624223791e-05,1.257478026903076e-05,210.156562,5.078281000000004,6.47500000000001e-09,160.07021067362908,1.9244649999999979,1.9244649999999979,0.288167023,-0.6744649999999979,1,200,10,5,0,8,8,8,8,5n,0,4n,8,125,200V_10A_125C
1.2493234472168722e-05,1.6983105265890913e-06,1.6249808105028447e-06,199.578903,-0.21054850000000158,1.4191544998757814e-05,1.581652580926066e-05,207.123608,3.561803999999995,4.724999999999984e-09,138.143667151727,0.01229399999999714,0.01229399999999714,-1.69014647,1.2377060000000029,0,200,10,5,-2,8,8,8,8,5n,0,4n,8,125,200V_10A_125C
9.195677170039709e-06,1.7271660682606383e-06,1.5096981102376002e-06,168.963171,-15.518414500000006,1.0922843238300347e-05,1.2432541348537948e-05,210.660349,5.330174499999998,6.625000000000127e-09,160.12852106769228,1.010910000000024,1.010910000000024,0.112924058,0.23908999999997604,0,200,10,5,0,8,8,8,8,5n,1,4n,8,125,200V_10A_125C
1.2006112214797106e-05,1.6983530828593816e-06,1.6247826488588768e-06,199.461176,-0.26941200000000265,1.3704465297656488e-05,1.5329247946515365e-05,207.224033,3.6120164999999957,4.724999999999984e-09,138.13973830353362,-0.8979909999999904,-0.8979909999999904,-1.88061113,2.1479909999999904,0,200,10,5,-2,8,8,8,8,5n,1,4n,8,125,200V_10A_125C
9.967002341915402e-06,1.7234409803952337e-06,1.5230017746930542e-06,212.100001,6.050000499999997,1.1690443322310636e-05,1.321344509700369e-05,212.100001,6.050000499999997,9.325000000000118e-09,161.7340072985612,2.5969029999999975,2.5969029999999975,0.014926387,-1.3469029999999975,1,200,10,5,0,8,8,8,4,35n,0,4n,8,125,200V_10A_125C
1.1938060355046564e-05,1.691874394724831e-06,1.782987594380543e-06,212.427865,6.2139324999999985,1.3629934749771396e-05,1.541292234415194e-05,212.427865,6.2139324999999985,1.6825000000000046e-08,140.59866227678452,0.8043610000000001,0.8043610000000001,-1.95121539,0.4456389999999999,0,200,10,5,-2,8,8,8,4,35n,0,4n,8,125,200V_10A_125C
9.43572506494247e-06,1.7237894592801707e-06,1.5660898888456666e-06,210.386266,5.193133000000002,1.115951452422264e-05,1.2725604413068307e-05,210.386266,5.193133000000002,9.02474e-09,161.19846862524344,1.0487090000000023,1.0487090000000023,0.00720570406,0.20129099999999767,0,200,10,5,0,8,8,8,4,35n,1,4n,8,125,200V_10A_125C
1.2357876663716891e-05,1.6930056196741974e-06,1.7394945592116296e-06,211.945319,5.972659500000007,1.4050882283391088e-05,1.579037684260272e-05,211.945319,5.972659500000007,1.4225000000000063e-08,140.22738918400646,-0.8660209999999893,-0.8660209999999893,-1.97264975,2.1160209999999893,0,200,10,5,-2,8,8,8,4,35n,1,4n,8,125,200V_10A_125C
9.37853763644608e-06,1.725724479979535e-06,1.6847268246344828e-06,211.220525,5.610262500000005,1.1104262116425615e-05,1.2788988941060097e-05,211.220525,5.610262500000005,9.175000000000001e-09,161.4826681970128,1.8886750000000063,1.8886750000000063,0.0791502239,-0.6386750000000063,1,200,10,5,0,8,8,8,8,10n,0,4n,8,125,200V_10A_125C
1.2325802144464554e-05,1.6968029180851114e-06,1.6822721156234028e-06,212.147801,6.073900499999993,1.4022605062549665e-05,1.570487717817307e-05,212.147801,6.073900499999993,8.925000000000088e-09,140.7192634178793,0.0011449999999797456,0.0011449999999797456,-1.91934812,1.2488550000000203,0,200,10,5,-2,8,8,8,8,10n,0,4n,8,125,200V_10A_125C
9.37406218711382e-06,1.725924506624469e-06,1.7037447577114396e-06,210.28454,5.142269999999996,1.1099986693738289e-05,1.2803731451449729e-05,210.28454,5.142269999999996,9.025000000000096e-09,161.23836432068137,0.9453309999999817,0.9453309999999817,0.0492110708,0.3046690000000183,0,200,10,5,0,8,8,8,8,10n,1,4n,8,125,200V_10A_125C
1.228529721735444e-05,1.697500843358217e-06,1.68892119237345e-06,211.924963,5.9624814999999955,1.3982798060712657e-05,1.567171925308611e-05,211.924963,5.9624814999999955,8.874999999999979e-09,140.51614755423822,-0.981410000000011,-0.981410000000011,-1.95490058,2.231410000000011,0,200,10,5,-2,8,8,8,8,10n,1,4n,8,125,200V_10A_125C
9.348149092859956e-06,1.7256872604291603e-06,1.6685043861093865e-06,211.220525,5.610262500000005,1.1073836353289117e-05,1.2742340739398503e-05,211.220525,5.610262500000005,9.175000000000001e-09,162.2585324566361,1.9051279999999906,1.9051279999999906,0.0587383505,-0.6551279999999906,1,200,10,5,0,8,8,8,8,15n,0,4n,8,125,200V_10A_125C
1.2225162821392095e-05,1.6961630657828962e-06,1.6508278837945736e-06,212.147801,6.073900499999993,1.392132588717499e-05,1.5572153770969563e-05,212.147801,6.073900499999993,1.4174999999999953e-08,141.75042718995942,0.06313000000000102,0.06313000000000102,-1.93820163,1.186869999999999,0,200,10,5,-2,8,8,8,8,15n,0,4n,8,125,200V_10A_125C
9.469906531275397e-06,1.7256392640641051e-06,1.683350726803745e-06,210.28454,5.142269999999996,1.1195545795339502e-05,1.2878896522143247e-05,210.28454,5.142269999999996,1.1874999999999992e-08,162.06130431764834,0.9103859999999884,0.9103859999999884,0.0365141505,0.33961400000001163,0,200,10,5,0,8,8,8,8,15n,1,4n,8,125,200V_10A_125C
1.235869126763054e-05,1.6967991500018665e-06,1.655954172029244e-06,211.924963,5.9624814999999955,1.4055490417632407e-05,1.571144458966165e-05,211.924963,5.9624814999999955,1.4174999999999953e-08,141.5982262337671,-1.0013939999999764,-1.0013939999999764,-1.96550724,2.2513939999999764,0,200,10,5,-2,8,8,8,8,15n,1,4n,8,125,200V_10A_125C
9.330969765873977e-06,1.7264423560917138e-06,1.6278974881910664e-06,211.220525,5.610262500000005,1.105741212196569e-05,1.2685309610156756e-05,211.220525,5.610262500000005,9.175000000000001e-09,161.79039576563022,1.90096699999998,1.90096699999998,0.0382277898,-0.6509669999999801,1,200,10,5,0,8,8,8,8,25n,0,4n,8,125,200V_10A_125C
1.2210819212743953e-05,1.700223188735862e-06,1.589188919171362e-06,212.147801,6.073900499999993,1.3911042401479815e-05,1.5500231320651176e-05,212.147801,6.073900499999993,1.6874999999999944e-08,140.83463366747642,0.05827899999999886,0.05827899999999886,-1.97358617,1.1917210000000011,0,200,10,5,-2,8,8,8,8,25n,0,4n,8,125,200V_10A_125C
9.464040258054275e-06,1.7266585368073902e-06,1.641163174130581e-06,210.28454,5.142269999999996,1.1190698794861665e-05,1.2831861968992246e-05,210.28454,5.142269999999996,1.1874999999999992e-08,161.5901624742969,0.9062090000000182,0.9062090000000182,0.0213822301,0.34379099999998175,0,200,10,5,0,8,8,8,8,25n,1,4n,8,125,200V_10A_125C
1.2377729664577708e-05,1.7002446220310545e-06,1.5970994855699033e-06,211.924963,5.9624814999999955,1.4077974286608762e-05,1.5675073772178665e-05,211.924963,5.9624814999999955,1.4174999999999953e-08,140.70103646783528,-1.0165369999999996,-1.0165369999999996,-1.98294009,2.2665369999999996,0,200,10,5,-2,8,8,8,8,25n,1,4n,8,125,200V_10A_125C
9.326516486946248e-06,1.723560965315034e-06,1.5850026840322724e-06,211.220525,5.610262500000005,1.1050077452261282e-05,1.2635080136293555e-05,211.220525,5.610262500000005,9.175000000000001e-09,161.38830771017055,1.901791000000003,1.901791000000003,0.0127691856,-0.6517910000000029,1,200,10,5,0,8,8,8,8,35n,0,4n,8,125,200V_10A_125C
1.220874106608507e-05,1.6920528112986777e-06,1.7981805071087333e-06,212.147801,6.073900499999993,1.3900793877383747e-05,1.5698974384492482e-05,212.147801,6.073900499999993,1.6874999999999944e-08,140.36724992635655,0.052806000000003905,0.052806000000003905,-1.95250039,1.197193999999996,0,200,10,5,-2,8,8,8,8,35n,0,4n,8,125,200V_10A_125C
9.450655179338123e-06,1.7237606959997762e-06,1.598369136573638e-06,210.28454,5.142269999999996,1.1174415875337899e-05,1.2772785011911536e-05,210.28454,5.142269999999996,1.1874999999999992e-08,161.19279562106738,0.9091740000000073,0.9091740000000073,0.00736561862,0.34082599999999275,0,200,10,5,0,8,8,8,8,35n,1,4n,8,125,200V_10A_125C
1.2375067681532753e-05,1.693027018175399e-06,1.779997398695578e-06,211.924963,5.9624814999999955,1.4068094699708151e-05,1.584809209840373e-05,211.924963,5.9624814999999955,1.4174999999999953e-08,140.21422563568615,-1.018225000000001,-1.018225000000001,-1.97276825,2.268225000000001,0,200,10,5,-2,8,8,8,8,35n,1,4n,8,125,200V_10A_125C
2.2202284020010613e-05,6.470859692898893e-06,3.611264959080932e-09,0.432044065,-99.7839779675,2.8673143712909508e-05,2.8676754977868587e-05,233.430296,16.715148,1.3335259999999944e-08,259.577157458825,5.21919527,3.7390120000000024,5.21919527,-3.96919527,1,200,2,5,0,1,2,8,1,5n,0,4n,8,125,200V_2A_125C
6.532247631123273e-06,1.8209787383833182e-06,3.172352833466118e-08,4.54187422,-97.72906288999998,8.353226369506591e-06,8.384949897841252e-06,229.434389,14.717194500000005,2.526133999999994e-08,253.47266013409947,2.74125644,2.628401999999994,2.74125644,-1.49125644,1,200,2,5,-2,1,2,8,1,5n,0,4n,8,125,200V_2A_125C
5.590199424249056e-06,2.1990237793548717e-06,5.040876296387252e-09,0.995671078,-99.502164461,7.789223203603928e-06,7.794264079900315e-06,233.595683,16.797841500000004,2.578098000000007e-08,256.62563991908297,1.3276109999999903,1.3276109999999903,0.917483613,-0.07761099999999033,1,200,2,5,0,1,2,8,1,5n,1,4n,8,125,200V_2A_125C
6.323315305033275e-06,1.6509541373087356e-06,3.0912318224836784e-08,5.46215426,-97.26892287000001,7.97426944234201e-06,8.005181760566847e-06,234.482402,17.241201000000004,2.5204530000000115e-08,254.714106882552,-0.3283480000000054,-0.3283480000000054,-1.16510773,1.5783480000000054,0,200,2,5,-2,1,2,8,1,5n,1,4n,8,125,200V_2A_125C
1.2779785038379247e-05,2.7311002846706474e-06,2.677597787948618e-07,23.4332605,-88.28336975,1.5510885323049896e-05,1.5778645101844756e-05,221.996818,10.998408999999995,2.2255020000000082e-08,252.1293310236159,3.17505492,3.1265809999999874,3.17505492,-1.92505492,1,200,2,5,0,1,2,8,1,10n,0,4n,8,125,200V_2A_125C
6.520223531176392e-06,1.6728495896464124e-06,7.417880460986139e-07,67.6937607,-66.15311965000001,8.193073120822805e-06,8.934861166921418e-06,256.586138,28.293069000000006,4.090502000000011e-08,245.71396714450654,1.4428880000000106,1.4428880000000106,0.496542665,-0.1928880000000106,1,200,2,5,-2,1,2,8,1,10n,0,4n,8,125,200V_2A_125C
5.451430898594176e-06,2.0616916600029463e-06,6.412630123643741e-07,55.9216892,-72.0391554,7.513122558597122e-06,8.154385570961496e-06,245.977088,22.988544000000005,2.6655299999999946e-08,238.5873738218241,0.631973575,0.35223300000001245,0.631973575,0.618026425,0,200,2,5,0,1,2,8,1,10n,1,4n,8,125,200V_2A_125C
7.218463442097492e-06,1.6716879735277586e-06,7.762188922001868e-07,69.7699313,-65.11503435,8.890151415625251e-06,9.666370307825438e-06,254.618531,27.309265499999995,3.540541000000005e-08,241.46894897351265,-1.20185914,-1.6852085999999957,-1.20185914,2.45185914,0,200,2,5,-2,1,2,8,1,10n,1,4n,8,125,200V_2A_125C
1.0261826426937531e-05,1.7732451680664292e-06,1.073461293032061e-06,102.277186,-48.861407,1.203507159500396e-05,1.310853288803602e-05,248.341559,24.170779499999995,4.025501999999995e-08,196.07615496254638,2.8666270000000225,2.8666270000000225,1.81633723,-1.6166270000000225,1,200,2,5,0,1,2,8,1,15n,0,4n,8,125,200V_2A_125C
7.487389230865081e-06,1.6752437080753804e-06,1.4655941972649866e-06,152.571204,-23.714398000000003,9.162632938940462e-06,1.0628227136205449e-05,228.690581,14.345290500000006,3.4405010000000006e-08,178.73277084189496,1.5136553999999904,1.5136553999999904,-0.948857424,-0.26365539999999044,1,200,2,5,-2,1,2,8,1,15n,0,4n,8,125,200V_2A_125C
5.437990382191135e-06,1.6849257766986216e-06,1.4024580281388771e-06,141.205702,-29.397149,7.122916158889757e-06,8.525374187028634e-06,234.043289,17.021644499999994,3.441379000000009e-08,182.89767111231305,0.478920661,0.3406799999999919,0.478920661,0.7710793389999999,0,200,2,5,0,1,2,8,1,15n,1,4n,8,125,200V_2A_125C
7.206570744941007e-06,1.6695835443023906e-06,1.511056743929697e-06,154.156783,-22.921608500000005,8.876154289243399e-06,1.0387211033173096e-05,227.683088,13.841543999999999,3.160888000000007e-08,177.864991827462,-1.61039665,-1.6849802000000125,-1.61039665,2.86039665,0,200,2,5,-2,1,2,8,1,15n,1,4n,8,125,200V_2A_125C
1.0383841706015529e-05,1.6725151133472818e-06,1.6640152067335932e-06,203.462713,1.731356500000004,1.205635681936281e-05,1.3720372026096402e-05,203.858852,1.9294260000000065,2.0875000000000033e-08,148.4930025992669,2.8717690000000005,2.8717690000000005,0.0666935402,-1.6217690000000005,1,200,2,5,0,1,2,8,1,25n,0,4n,8,125,200V_2A_125C
7.543988482684632e-06,1.6601511692960554e-06,1.6962482923206043e-06,205.550023,2.775011500000005,9.204139651980688e-06,1.0900387944301292e-05,205.866867,2.9334335000000067,1.787500000000002e-08,165.71118524912862,1.5869229999999988,1.5869229999999988,-1.93953555,-0.33692299999999875,1,200,2,5,-2,1,2,8,1,25n,0,4n,8,125,200V_2A_125C
5.4367273387182296e-06,1.655601069821138e-06,1.6869938706883906e-06,204.202076,2.1010380000000026,7.092328408539367e-06,8.779322279227758e-06,204.202076,2.1010380000000026,1.8618699999999987e-08,163.33278786197238,0.34147100000001274,0.34147100000001274,0.0138460143,0.9085289999999873,0,200,2,5,0,1,2,8,1,25n,1,4n,8,125,200V_2A_125C
7.2062634385086396e-06,1.6548573896175033e-06,1.7327449945735066e-06,205.622596,2.8112979999999936,8.861120828126142e-06,1.0593865822699649e-05,205.726065,2.8630325000000028,1.782500000000012e-08,166.10019315762213,-1.685236500000002,-1.685236500000002,-1.97322708,2.935236500000002,0,200,2,5,-2,1,2,8,1,25n,1,4n,8,125,200V_2A_125C
1.0365462026353886e-05,1.6687738440045465e-06,1.6044964522835209e-06,205.444992,2.7224960000000067,1.2034235870358432e-05,1.3638732322641952e-05,205.444992,2.7224960000000067,2.0875000000000033e-08,146.70171362464973,2.871656999999999,2.871656999999999,0.00920543441,-1.621656999999999,1,200,2,5,0,1,2,8,1,35n,0,4n,8,125,200V_2A_125C
7.485898230576489e-06,1.6512359153203552e-06,1.623580134828666e-06,207.164157,3.5820784999999944,9.137134145896845e-06,1.0760714280725511e-05,207.164157,3.5820784999999944,1.787500000000002e-08,162.78397434378394,1.577303999999998,1.577303999999998,-1.9594392,-0.32730399999999804,1,200,2,5,-2,1,2,8,1,35n,0,4n,8,125,200V_2A_125C
5.420132522010498e-06,1.6539393931420042e-06,1.6607806387386872e-06,204.202076,2.1010380000000026,7.074071915152502e-06,8.734852553891189e-06,204.202076,2.1010380000000026,1.8618699999999987e-08,162.0547894504041,0.3404949999999758,0.3404949999999758,0.00839432522,0.9095050000000242,0,200,2,5,0,1,2,8,1,35n,1,4n,8,125,200V_2A_125C
7.188426681966205e-06,1.6484167794044309e-06,1.6855261319064335e-06,206.025529,3.012764500000003,8.836843461370636e-06,1.052236959327707e-05,206.025529,3.012764500000003,1.782500000000012e-08,163.67980489086213,-1.6852633000000026,-1.6852633000000026,-1.9735635,2.9352633000000026,0,200,2,5,-2,1,2,8,1,35n,1,4n,8,125,200V_2A_125C
5.6307222243835775e-06,6.4745048313769134e-06,6.143270747181118e-09,0.432084074,-99.783957963,1.2105227055760492e-05,1.2111370326507673e-05,233.441882,16.720940999999996,1.3328660000000143e-08,259.58396813309355,5.22122325,1.3311289999999758,5.22122325,-3.9712232500000004,1,200,2,5,0,1,2,8,4,5n,0,4n,8,125,200V_2A_125C
7.187661242993216e-06,1.820734834955801e-06,4.011082969235901e-08,4.54327409,-97.728362955,9.008396077949017e-06,9.048506907641376e-06,229.449972,14.724986000000001,2.5262339999999968e-08,253.45519785255007,2.73872719,-0.7724394999999902,2.73872719,-1.48872719,1,200,2,5,-2,1,2,8,4,5n,0,4n,8,125,200V_2A_125C
5.519906820416532e-06,2.1990689370371815e-06,6.922933140272493e-09,0.995619587,-99.5021902065,7.718975757453714e-06,7.725898690593986e-06,233.596198,16.798098999999993,2.5781000000000143e-08,256.62662675757394,0.917472583,0.3396799999999871,0.917472583,0.332527417,0,200,2,5,0,1,2,8,4,5n,1,4n,8,125,200V_2A_125C
7.111035044718116e-06,1.650952300269916e-06,3.800669129934307e-08,5.46220676,-97.26889662000002,8.761987344988032e-06,8.799994036287375e-06,234.481159,17.240579499999996,2.520454000000015e-08,254.7123050609328,-1.16518551,-1.7283060000000035,-1.16518551,2.4151855099999997,0,200,2,5,-2,1,2,8,4,5n,1,4n,8,125,200V_2A_125C
5.5675280163596295e-06,2.7303101384870804e-06,2.883648240338412e-07,23.4414062,-88.2792969,8.29783815484671e-06,8.586202978880552e-06,222.14528,11.072640000000005,2.2255039999999943e-08,252.1837428755236,3.16172788,1.405079999999998,3.16172788,-1.91172788,1,200,2,5,0,1,2,8,4,10n,0,4n,8,125,200V_2A_125C
7.198321513761363e-06,1.6731291020449785e-06,7.802215729694396e-07,67.6968595,-66.15157024999999,8.871450615806342e-06,9.651672188775781e-06,255.829202,27.914601,4.085504000000007e-08,245.1949462859286,0.47975807,-0.7587192000000016,0.47975807,0.7702419300000001,0,200,2,5,-2,1,2,8,4,10n,0,4n,8,125,200V_2A_125C
5.451210721770936e-06,2.0615555524789277e-06,6.455955000251711e-07,55.9288293,-72.03558535,7.5127662742498634e-06,8.158361774275034e-06,245.968774,22.984386999999998,2.665532000000002e-08,238.5874027864278,0.631833107,0.29322799999999916,0.631833107,0.618166893,0,200,2,5,0,1,2,8,4,10n,1,4n,8,125,200V_2A_125C
7.230226602614063e-06,1.6717294083260496e-06,7.924653853552819e-07,69.766176,-65.116912,8.901956010940112e-06,9.694421396295393e-06,254.592524,27.296262,3.540593000000003e-08,241.46119318271144,-1.20229931,-1.729820000000018,-1.20229931,2.45229931,0,200,2,5,-2,1,2,8,4,10n,1,4n,8,125,200V_2A_125C
5.574620144941351e-06,1.7691844241285065e-06,1.10907020977589e-06,102.294743,-48.8526285,7.343804569069858e-06,8.452874778845749e-06,247.454405,23.727202500000004,4.020577000000002e-08,195.80122574073167,1.79208446,1.3993310000000179,1.79208446,-0.5420844600000001,1,200,2,5,0,1,2,8,4,15n,0,4n,8,125,200V_2A_125C
7.12521177823133e-06,1.6743347314703448e-06,1.5186939788413565e-06,152.544651,-23.727674500000006,8.799546509701675e-06,1.0318240488543032e-05,228.581455,14.290727500000003,3.4356230000000087e-08,178.80251890725017,-0.7682471999999905,-0.7682471999999905,-0.953302569,2.0182471999999905,0,200,2,5,-2,1,2,8,4,15n,0,4n,8,125,200V_2A_125C
5.4440593729754225e-06,1.6848929716170114e-06,1.4067528047958731e-06,141.19874,-29.400630000000007,7.128952344592434e-06,8.535705149388308e-06,234.037473,17.018736500000003,3.441403999999994e-08,182.90136268986993,0.478859647,0.2848340000000178,0.478859647,0.7711403530000001,0,200,2,5,0,1,2,8,4,15n,1,4n,8,125,200V_2A_125C
7.219908263689727e-06,1.6695580919999677e-06,1.5271314494560834e-06,154.149112,-22.925444,8.889466355689694e-06,1.0416597805145779e-05,227.678835,13.839417499999994,3.1609160000000027e-08,177.86627953024882,-1.61052226,-1.7306749999999909,-1.61052226,2.8605222599999998,0,200,2,5,-2,1,2,8,4,15n,1,4n,8,125,200V_2A_125C
5.560492536868515e-06,1.671725616266515e-06,1.7060008615747863e-06,203.30867,1.6543350000000032,7.23221815313503e-06,8.938219014709815e-06,203.661589,1.830794499999996,2.0875000000000033e-08,148.46944088819254,1.3989530000000059,1.3989530000000059,0.0648181782,-0.1489530000000059,1,200,2,5,0,1,2,8,4,25n,0,4n,8,125,200V_2A_125C
7.125019117419457e-06,1.6597456115514332e-06,1.7508487713101977e-06,205.398383,2.6991914999999977,8.78476472897089e-06,1.0535613500281088e-05,205.62162,2.8108100000000036,1.787500000000002e-08,165.70066842428346,-0.765913900000001,-0.765913900000001,-1.94437818,2.015913900000001,0,200,2,5,-2,1,2,8,4,25n,0,4n,8,125,200V_2A_125C
5.435535029973981e-06,1.655622059237276e-06,1.6917132820151642e-06,204.160487,2.0802434999999946,7.0911570892112564e-06,8.78287037122642e-06,204.160487,2.0802434999999946,1.861924000000004e-08,163.3301479073113,0.2846189999999922,0.2846189999999922,0.0140886749,0.9653810000000078,0,200,2,5,0,1,2,8,4,25n,1,4n,8,125,200V_2A_125C
7.205205942263913e-06,1.6548392931713793e-06,1.7492322260937525e-06,205.597892,2.798946000000001,8.860045235435293e-06,1.0609277461529045e-05,205.696589,2.8482944999999944,1.782500000000012e-08,166.09852078060104,-1.7304890000000057,-1.7304890000000057,-1.97340886,2.9804890000000057,0,200,2,5,-2,1,2,8,4,25n,1,4n,8,125,200V_2A_125C
5.439205971401605e-06,2.7295688614413784e-06,2.9474847525056144e-07,23.4411932,-88.2794034,8.168774832842983e-06,8.463523308093544e-06,222.216092,11.108046000000002,2.2246409999999978e-08,252.21586273509712,3.15811574,0.7562960000000203,3.15811574,-1.90811574,1,200,2,5,0,1,2,8,8,10n,0,4n,8,125,200V_2A_125C
7.188409829986791e-06,1.6731911030191471e-06,7.872957003640583e-07,67.6917434,-66.1541283,8.861600933005938e-06,9.648896633369995e-06,255.62947,27.814735,4.085506000000014e-08,245.06613336194135,0.475894254,-1.3593338000000017,0.475894254,0.774105746,0,200,2,5,-2,1,2,8,8,10n,0,4n,8,125,200V_2A_125C
5.459872857164157e-06,2.0614718270494706e-06,6.510878347145228e-07,55.9354599,-72.03227005,7.521344684213627e-06,8.17243251892815e-06,245.962195,22.981097500000004,2.6655350000000128e-08,238.58742226638606,0.631725131,0.2401190000000213,0.631725131,0.618274869,0,200,2,5,0,1,2,8,8,10n,1,4n,8,125,200V_2A_125C
7.23826565747769e-06,1.671774040228991e-06,7.99410504965799e-07,69.7620051,-65.11899745,8.910039697706681e-06,9.70945020267248e-06,254.566338,27.283169,3.540649999999998e-08,241.45442295499646,-1.20274656,-1.7694369999999822,-1.20274656,2.45274656,0,200,2,5,-2,1,2,8,8,10n,1,4n,8,125,200V_2A_125C
5.5538420787263854e-06,1.6687807383599748e-06,1.6750929651184868e-06,204.548878,2.274439000000001,7.22262281708636e-06,8.897715782204848e-06,204.548878,2.274439000000001,2.0875000000000033e-08,147.20315592670912,1.3978409999999997,1.3978409999999997,0.0132648795,-0.14784099999999967,1,200,2,5,0,1,2,8,4,35n,0,4n,8,125,200V_2A_125C
7.1180406125570485e-06,1.6514442163857431e-06,1.7006456353896768e-06,206.339104,3.169551999999996,8.769484828942791e-06,1.0470130464332468e-05,206.339104,3.169551999999996,1.787500000000002e-08,163.2187617037449,-0.766110900000001,-0.766110900000001,-1.96085288,2.016110900000001,0,200,2,5,-2,1,2,8,4,35n,0,4n,8,125,200V_2A_125C
5.425966425773593e-06,1.6539174942948656e-06,1.665436857593568e-06,204.160487,2.0802434999999946,7.079883920068459e-06,8.745320777662027e-06,204.160487,2.0802434999999946,1.861924000000004e-08,162.04945473877862,0.2842070000000092,0.2842070000000092,0.00837448587,0.9657929999999908,0,200,2,5,0,1,2,8,4,35n,1,4n,8,125,200V_2A_125C
7.195224333612582e-06,1.6484112477720716e-06,1.7020424597174792e-06,205.991792,2.995896000000002,8.843635581384653e-06,1.0545678041102133e-05,205.991792,2.995896000000002,1.782500000000012e-08,163.67896826240377,-1.7306020000000046,-1.7306020000000046,-1.9736302,2.9806020000000046,0,200,2,5,-2,1,2,8,4,35n,1,4n,8,125,200V_2A_125C
5.447578562379076e-06,6.4742972706808295e-06,1.1356429577711927e-08,0.431989266,-99.784005367,1.1921875833059906e-05,1.1933232262637617e-05,233.441115,16.720557499999998,1.3377359999999984e-08,259.58621981866696,5.22110225,0.7728249999999832,5.22110225,-3.9711022500000004,1,200,2,5,0,1,2,8,8,5n,0,4n,8,125,200V_2A_125C
7.280679200352336e-06,1.8206221111955008e-06,4.4772400596099126e-08,4.54357715,-97.72821142499998,9.101301311547837e-06,9.146073712143936e-06,229.455641,14.727820500000007,2.5262720000000075e-08,253.4482622881786,2.73758959,-1.351795899999999,2.73758959,-1.4875895899999998,1,200,2,5,-2,1,2,8,8,5n,0,4n,8,125,200V_2A_125C
5.427948981038223e-06,2.199118116487523e-06,1.1918388077463051e-08,0.995556531,-99.5022217345,7.6270670975257455e-06,7.63898548560321e-06,233.59673,16.798365000000004,2.5781000000000143e-08,256.6275997023767,0.917460807,0.26702900000000795,0.917460807,0.332539193,0,200,2,5,0,1,2,8,8,5n,1,4n,8,125,200V_2A_125C
7.197939176199819e-06,1.6509507269632841e-06,4.2552106286623797e-08,5.46225172,-97.26887414,8.848889903163103e-06,8.891442009449726e-06,234.479979,17.239989499999993,2.520456000000001e-08,254.71082017763374,-1.16525183,-1.7711830000000077,-1.16525183,2.41525183,0,200,2,5,-2,1,2,8,8,5n,1,4n,8,125,200V_2A_125C
5.422513856580521e-06,1.7682211774853921e-06,1.1155049815391224e-06,102.291222,-48.854389,7.190735034065913e-06,8.306240015605035e-06,247.241414,23.620706999999996,4.0206660000000074e-08,195.73755924903412,1.78629935,0.755865,1.78629935,-0.53629935,1,200,2,5,0,1,2,8,8,15n,0,4n,8,125,200V_2A_125C
7.193247449951306e-06,1.6740629825146095e-06,1.5245498935771204e-06,152.523241,-23.738379499999994,8.867310432465915e-06,1.0391860326043036e-05,228.544184,14.272092,3.435763000000008e-08,178.8208399272097,-0.95539687,-1.3584821000000034,-0.95539687,2.20539687,0,200,2,5,-2,1,2,8,8,15n,0,4n,8,125,200V_2A_125C
5.447191084543264e-06,1.6848666340807202e-06,1.4120849001825888e-06,141.190424,-29.404788,7.132057718623984e-06,8.544142618806572e-06,234.032951,17.0164755,3.441431000000007e-08,182.90473327511643,0.47881565,0.24143300000000067,0.47881565,0.77118435,0,200,2,5,0,1,2,8,8,15n,1,4n,8,125,200V_2A_125C
7.2312974567388675e-06,1.6695294598243838e-06,1.5338701573767477e-06,154.140445,-22.9297775,8.900826916563252e-06,1.043469707394e-05,227.673064,13.836532000000007,3.1609460000000056e-08,177.8670046522917,-1.61067112,-1.7701769999999897,-1.61067112,2.86067112,0,200,2,5,-2,1,2,8,8,15n,1,4n,8,125,200V_2A_125C
2.21965792503065e-05,1.985445728341541e-06,2.58378848609418e-07,22.0989936,-88.9505032,2.418202497864804e-05,2.4440403827257458e-05,228.470235,14.235117500000001,1.6468400000000113e-08,230.20665725893963,3.7390179999999873,3.7390179999999873,1.40153628,-2.4890179999999873,1,200,2,5,0,1,8,8,1,5n,0,4n,8,125,200V_2A_125C
6.52239907394513e-06,1.6411388361180689e-06,3.25850592231348e-07,29.5598393,-85.22008035,8.163537910063198e-06,8.489388502294547e-06,246.356749,23.178374500000004,3.0515289999999946e-08,234.05995696658664,2.6248310000000004,2.6248310000000004,-0.56637214,-1.3748310000000004,1,200,2,5,-2,1,8,8,1,5n,0,4n,8,125,200V_2A_125C
5.5889540508061926e-06,2.1930558970845883e-06,2.583878471262451e-07,22.1210814,-88.9394593,7.78200994789078e-06,8.040397795017025e-06,227.83467,13.917334999999994,7.970270000000117e-09,228.0360934594693,1.3285709999999824,1.3285709999999824,0.591143732,-0.0785709999999824,1,200,2,5,0,1,8,8,1,5n,1,4n,8,125,200V_2A_125C
6.321389799298741e-06,1.6485197146227824e-06,3.277054596803108e-07,29.5863795,-85.20681025,7.969909513921524e-06,8.297614973601835e-06,245.417994,22.708996999999997,2.7765669999999953e-08,232.82656792815757,-0.32655799999997726,-0.32655799999997726,-1.39168065,1.5765579999999773,0,200,2,5,-2,1,8,8,1,5n,1,4n,8,125,200V_2A_125C
5.41427114516054e-06,1.6711975415356031e-06,1.7131779403481689e-06,203.21781,1.608904999999993,7.085468686696143e-06,8.798646627044311e-06,203.499735,1.7498674999999935,2.0875000000000033e-08,148.4503623843763,0.7526670000000024,0.7526670000000024,0.0625554936,0.4973329999999976,0,200,2,5,0,1,2,8,8,25n,0,4n,8,125,200V_2A_125C
7.167148353837252e-06,1.6595053576817415e-06,1.7574233187286779e-06,205.354576,2.6772880000000043,8.826653711518993e-06,1.0584077030247672e-05,205.472773,2.7363864999999947,1.787500000000002e-08,165.69606429149178,-1.3581594999999993,-1.3581594999999993,-1.94677277,2.6081594999999993,0,200,2,5,-2,1,2,8,8,25n,0,4n,8,125,200V_2A_125C
5.438029249168169e-06,1.6556514124668583e-06,1.6973495578539413e-06,204.118923,2.0594614999999976,7.093680661635028e-06,8.791030219488969e-06,204.118923,2.0594614999999976,1.8619780000000093e-08,163.32405965444576,0.24601699999999482,0.24601699999999482,0.0143782092,1.0039830000000052,0,200,2,5,0,1,2,8,8,25n,1,4n,8,125,200V_2A_125C
7.206426919706071e-06,1.654821395697751e-06,1.7561041417645223e-06,205.572567,2.786283499999996,8.861248315403821e-06,1.0617352457168344e-05,205.666241,2.833120500000007,1.782500000000012e-08,166.09648618623564,-1.770641000000012,-1.770641000000012,-1.97360279,3.020641000000012,0,200,2,5,-2,1,2,8,8,25n,1,4n,8,125,200V_2A_125C
5.4076167114740274e-06,1.6687440917624774e-06,1.685047866292044e-06,204.230235,2.1151174999999967,7.076360803236505e-06,8.761408669528549e-06,204.230235,2.1151174999999967,2.0875000000000033e-08,147.20453259455155,0.7536460000000034,0.7536460000000034,0.0122090329,0.49635399999999663,0,200,2,5,0,1,2,8,8,35n,0,4n,8,125,200V_2A_125C
7.16359124994305e-06,1.6513965066980153e-06,1.7093643817073002e-06,206.122736,3.0613680000000016,8.814987756641066e-06,1.0524352138348367e-05,206.122736,3.0613680000000016,1.787500000000002e-08,163.24628943529385,-1.358392699999996,-1.358392699999996,-1.96119936,2.608392699999996,0,200,2,5,-2,1,2,8,8,35n,0,4n,8,125,200V_2A_125C
5.429977009787914e-06,1.6538947316015135e-06,1.6710030135790935e-06,204.118923,2.0594614999999976,7.0838717413894276e-06,8.754874754968522e-06,204.118923,2.0594614999999976,1.8619780000000093e-08,162.04343462832932,0.2443800000000067,0.2443800000000067,0.00837836149,1.0056199999999933,0,200,2,5,0,1,2,8,8,35n,1,4n,8,125,200V_2A_125C
7.200408482540482e-06,1.6483010937185328e-06,1.7090141485936902e-06,205.95724,2.9786200000000065,8.848709576259015e-06,1.0557723724852705e-05,205.95724,2.9786200000000065,1.782500000000012e-08,163.6859135813501,-1.7702559999999892,-1.7702559999999892,-1.97366719,3.020255999999989,0,200,2,5,-2,1,2,8,8,35n,1,4n,8,125,200V_2A_125C
1.2773947724380252e-05,1.74054672918435e-06,1.0432445206574284e-06,99.5768861,-50.21155695,1.4514494453564603e-05,1.555773897422203e-05,250.000707,25.000353500000003,3.5205060000000036e-08,213.20759680340547,3.126632999999998,3.126632999999998,1.00741945,-1.8766329999999982,1,200,2,5,0,1,8,8,1,10n,0,4n,8,125,200V_2A_125C
6.5140400036874555e-06,1.6713025961148705e-06,1.1234936809396965e-06,109.914426,-45.042787,8.185342599802325e-06,9.308836280742021e-06,250.333117,25.166558499999994,3.530502000000011e-08,205.540006756086,1.4426210000000026,1.4426210000000026,-0.960266928,-0.1926210000000026,1,200,2,5,-2,1,8,8,1,10n,0,4n,8,125,200V_2A_125C
5.448626462859544e-06,2.020378446952307e-06,1.0596168836953324e-06,99.6266758,-50.18666210000001,7.469004909811851e-06,8.528621793507184e-06,248.542824,24.271412,2.9305360000000045e-08,208.074809720622,0.554471621,0.3521819999999991,0.554471621,0.695528379,0,200,2,5,0,1,8,8,1,10n,1,4n,8,125,200V_2A_125C
7.215153278521461e-06,1.6700699401062917e-06,1.1458834778074452e-06,109.927569,-45.0362155,8.885223218627752e-06,1.0031106696435198e-05,249.354612,24.677306,3.520509999999997e-08,204.1710139085422,-1.41506283,-1.685209300000011,-1.41506283,2.66506283,0,200,2,5,-2,1,8,8,1,10n,1,4n,8,125,200V_2A_125C
1.0247677170444236e-05,1.6571165020756702e-06,1.5733502835201612e-06,178.618575,-10.690712500000004,1.1904793672519907e-05,1.3478143956040068e-05,211.320352,5.660176000000007,1.7408130000000094e-08,167.1038487249523,2.8661909999999864,2.8661909999999864,0.217382512,-1.6161909999999864,1,200,2,5,0,1,8,8,1,15n,0,4n,8,125,200V_2A_125C
7.48235281992903e-06,1.6519441734352833e-06,1.6166841302783773e-06,185.492148,-7.253926000000007,9.134296993364313e-06,1.075098112364269e-05,207.641832,3.820915999999997,1.5455019999999995e-08,163.3104726738373,1.513396599999993,1.513396599999993,-1.86109232,-0.263396599999993,1,200,2,5,-2,1,8,8,1,15n,0,4n,8,125,200V_2A_125C
5.433553359179743e-06,1.6565477064174271e-06,1.6053058624453951e-06,178.564543,-10.717728500000007,7.09010106559717e-06,8.695406928042565e-06,211.708843,5.854421500000001,1.73686700000001e-08,167.2434410213994,0.3406839999999818,0.3406839999999818,0.127066108,0.9093160000000182,0,200,2,5,0,1,8,8,1,15n,1,4n,8,125,200V_2A_125C
7.201529344108484e-06,1.6517748098591258e-06,1.6529293309934428e-06,185.407944,-7.296028000000007,8.85330415396761e-06,1.0506233484961051e-05,207.821166,3.9105830000000026,1.5462120000000127e-08,163.3314925826357,-1.6850065999999941,-1.6850065999999941,-1.91951306,2.935006599999994,0,200,2,5,-2,1,8,8,1,15n,1,4n,8,125,200V_2A_125C
1.0366065540437828e-05,1.6554080988035484e-06,1.6030882412317698e-06,205.917503,2.9587515000000053,1.2021473639241377e-05,1.3624561880473147e-05,205.917503,2.9587515000000053,1.597500000000009e-08,165.24753887789169,2.871192999999977,2.871192999999977,0.03078442,-1.6211929999999768,1,200,2,5,0,1,8,8,1,25n,0,4n,8,125,200V_2A_125C
7.5381261655042775e-06,1.653836027896787e-06,1.6470024299844032e-06,206.605552,3.3027759999999944,9.191962193401065e-06,1.0838964623385469e-05,206.605552,3.3027759999999944,1.5375000000000043e-08,162.69926239382994,1.586593999999991,1.586593999999991,-1.94064965,-0.33659399999999096,1,200,2,5,-2,1,8,8,1,25n,0,4n,8,125,200V_2A_125C
5.431396681738326e-06,1.6537480683929145e-06,1.6632226523797147e-06,204.345494,2.172747000000001,7.08514475013124e-06,8.748367402510955e-06,204.345494,2.172747000000001,1.597500000000009e-08,165.21457268484863,0.34146200000000704,0.34146200000000704,0.0125196064,0.908537999999993,0,200,2,5,0,1,8,8,1,25n,1,4n,8,125,200V_2A_125C
7.200531948596427e-06,1.652119819965538e-06,1.6912803947698484e-06,205.752452,2.8762260000000026,8.852651768561965e-06,1.0543932163331813e-05,205.752452,2.8762260000000026,1.542499999999994e-08,162.73977176531122,-1.6852520000000055,-1.6852520000000055,-1.97502379,2.9352520000000055,0,200,2,5,-2,1,8,8,1,25n,1,4n,8,125,200V_2A_125C
1.0347716880154425e-05,1.6526941739306336e-06,1.5659951526122677e-06,205.917503,2.9587515000000053,1.2000411054085059e-05,1.3566406206697326e-05,205.917503,2.9587515000000053,1.597500000000009e-08,163.96166200891045,2.871077999999983,2.871077999999983,0.018548804,-1.621077999999983,1,200,2,5,0,1,8,8,1,35n,0,4n,8,125,200V_2A_125C
7.479696402919156e-06,1.6460491474475884e-06,1.580080226611765e-06,206.969895,3.484947500000004,9.125745550366745e-06,1.070582577697851e-05,206.969895,3.484947500000004,1.5375000000000043e-08,160.2991155744407,1.5769790000000086,1.5769790000000086,-1.97260784,-0.32697900000000857,1,200,2,5,-2,1,8,8,1,35n,0,4n,8,125,200V_2A_125C
5.414978739645471e-06,1.6520644502021159e-06,1.6368173961955292e-06,204.345494,2.172747000000001,7.067043189847587e-06,8.703860586043116e-06,204.345494,2.172747000000001,1.597500000000009e-08,164.09907618674205,0.34049699999999916,0.34049699999999916,0.00993534351,0.9095030000000008,0,200,2,5,0,1,8,8,1,35n,1,4n,8,125,200V_2A_125C
7.182780645099233e-06,1.6460506387324858e-06,1.6447049700153342e-06,205.752452,2.8762260000000026,8.828831283831719e-06,1.0473536253847052e-05,205.752452,2.8762260000000026,1.542499999999994e-08,160.67868914184118,-1.6852407000000085,-1.6852407000000085,-1.9818274,2.9352407000000085,0,200,2,5,-2,1,8,8,1,35n,1,4n,8,125,200V_2A_125C
5.628277113920395e-06,1.981003498807406e-06,2.6073737054515107e-07,22.1023637,-88.94881815,7.609280612727801e-06,7.870017983272953e-06,228.311184,14.155591999999999,1.651878000000012e-08,230.17635846977328,1.39500973,1.3310920000000124,1.39500973,-0.14500972999999995,1,200,2,5,0,1,8,8,4,5n,0,4n,8,125,200V_2A_125C
7.185883684389134e-06,1.6411485470638695e-06,3.3511962601986003e-07,29.5706608,-85.21466960000002,8.827032231453004e-06,9.162151857472865e-06,246.026271,23.013135500000004,3.0515119999999964e-08,233.7969112062601,-0.57307267,-0.7725013999999959,-0.57307267,1.82307267,0,200,2,5,-2,1,8,8,4,5n,0,4n,8,125,200V_2A_125C
5.518644648723996e-06,2.1931527293779355e-06,2.602143708845296e-07,22.1211071,-88.93944645000002,7.711797378101931e-06,7.97201174898646e-06,227.835759,13.9178795,7.970440000000098e-09,228.0381235504652,0.591215743,0.339667999999989,0.591215743,0.658784257,0,200,2,5,0,1,8,8,4,5n,1,4n,8,125,200V_2A_125C
7.109218465601032e-06,1.6485174883453502e-06,3.347787011767719e-07,29.5863501,-85.20682495,8.757735953946383e-06,9.092514655123155e-06,245.410687,22.705343499999998,2.776572999999996e-08,232.82212156562545,-1.39174674,-1.7283129999999858,-1.39174674,2.6417467400000003,0,200,2,5,-2,1,8,8,4,5n,1,4n,8,125,200V_2A_125C
5.566793535250591e-06,1.6563120506824214e-06,1.6090011433814676e-06,178.583098,-10.708450999999995,7.2231055859330125e-06,8.83210672931448e-06,211.500893,5.750446499999996,1.736552000000011e-08,167.22347762276303,1.398758999999984,1.398758999999984,0.22105145,-0.1487589999999841,1,200,2,5,0,1,8,8,4,15n,0,4n,8,125,200V_2A_125C
7.119922737467845e-06,1.6516685428580203e-06,1.6706162900883648e-06,185.444177,-7.277911500000003,8.771591280325865e-06,1.044220757041423e-05,207.718132,3.8590659999999986,1.5459840000000115e-08,163.33360278547084,-0.768566000000007,-0.768566000000007,-1.85947532,2.018566000000007,0,200,2,5,-2,1,8,8,4,15n,0,4n,8,125,200V_2A_125C
5.439498343579706e-06,1.6565389233090423e-06,1.6095867790366471e-06,178.56087,-10.719565000000003,7.096037266888748e-06,8.705624045925395e-06,211.721236,5.860618000000001,1.7368840000000083e-08,167.24606786419892,0.28490099999999074,0.28490099999999074,0.127229774,0.9650990000000093,0,200,2,5,0,1,8,8,4,15n,1,4n,8,125,200V_2A_125C
7.214758460486803e-06,1.6517705867981761e-06,1.669019081132428e-06,185.404451,-7.297774500000003,8.866529047284979e-06,1.0535548128417407e-05,207.826782,3.9133910000000043,1.546226e-08,163.33185488615504,-1.7307260000000042,-1.7307260000000042,-1.91943996,2.980726000000004,0,200,2,5,-2,1,8,8,4,15n,1,4n,8,125,200V_2A_125C
5.56290362559494e-06,1.7345176464854493e-06,1.0638804578354373e-06,99.5918351,-50.20408245000001,7.297421272080389e-06,8.361301729915826e-06,249.07296,24.536479999999997,3.515516000000008e-08,212.96045889392354,1.4048410000000047,1.4048410000000047,0.991876168,-0.15484100000000467,1,200,2,5,0,1,8,8,4,10n,0,4n,8,125,200V_2A_125C
7.195398266207691e-06,1.671559694391924e-06,1.162754210067566e-06,109.923191,-45.0384045,8.866957960599615e-06,1.002971217066718e-05,249.64131,24.820655000000002,3.525505000000011e-08,205.23102775257576,-0.7585586999999947,-0.7585586999999947,-0.973245625,2.0085586999999947,0,200,2,5,-2,1,8,8,4,10n,0,4n,8,125,200V_2A_125C
5.44838528626057e-06,2.020147547632599e-06,1.0638319004910887e-06,99.626389,-50.1868055,7.468532833893169e-06,8.532364734384258e-06,248.532731,24.266365500000006,2.9305389999999942e-08,208.07257147822543,0.554362019,0.2932270000000017,0.554362019,0.695637981,0,200,2,5,0,1,8,8,4,10n,1,4n,8,125,200V_2A_125C
7.226759967481391e-06,1.670071446949386e-06,1.1620492147989813e-06,109.926219,-45.0368905,8.896831414430777e-06,1.0058880629229758e-05,249.345889,24.6729445,3.520509999999997e-08,204.16771406772762,-1.41516942,-1.729884999999996,-1.41516942,2.66516942,0,200,2,5,-2,1,8,8,4,10n,1,4n,8,125,200V_2A_125C
5.551033823927333e-06,1.6540537526682274e-06,1.6613732688465407e-06,205.067605,2.533802499999993,7.20508757659556e-06,8.866460845442102e-06,205.067605,2.533802499999993,1.597500000000009e-08,165.29344458049292,1.3981159999999875,1.3981159999999875,0.0222170567,-0.14811599999998748,1,200,2,5,0,1,8,8,4,25n,0,4n,8,125,200V_2A_125C
7.119625981838599e-06,1.652969525783871e-06,1.7060003495899251e-06,206.145204,3.0726020000000034,8.772595507622469e-06,1.0478595857212394e-05,206.145204,3.0726020000000034,1.542499999999994e-08,162.73525803591147,-0.7660391999999945,-0.7660391999999945,-1.95469899,2.0160391999999945,0,200,2,5,-2,1,8,8,4,25n,0,4n,8,125,200V_2A_125C
5.430342550197582e-06,1.653725520293501e-06,1.6678452956087188e-06,204.29697,2.1484849999999938,7.084068070491083e-06,8.751913366099802e-06,204.29697,2.1484849999999938,1.597500000000009e-08,165.213542476101,0.2846759999999904,0.2846759999999904,0.0124086201,0.9653240000000096,0,200,2,5,0,1,8,8,4,25n,1,4n,8,125,200V_2A_125C
7.199513713364256e-06,1.6521161240936436e-06,1.7078379810595426e-06,205.725929,2.862964500000004,8.8516298374579e-06,1.0559467818517443e-05,205.725929,2.862964500000004,1.542499999999994e-08,162.73837387969616,-1.730639999999994,-1.730639999999994,-1.97504901,2.980639999999994,0,200,2,5,-2,1,8,8,4,25n,1,4n,8,125,200V_2A_125C
5.543947236688214e-06,1.6527458634809242e-06,1.635565397989184e-06,205.067605,2.533802499999993,7.196693100169138e-06,8.832258498158322e-06,205.067605,2.533802499999993,1.597500000000009e-08,164.1861568141002,1.3971499999999821,1.3971499999999821,0.0185263185,-0.14714999999998213,1,200,2,5,0,1,8,8,4,35n,0,4n,8,125,200V_2A_125C
7.1120884323466106e-06,1.6459049650353233e-06,1.6585319525684262e-06,206.145204,3.0726020000000034,8.757993397381933e-06,1.041652534995036e-05,206.145204,3.0726020000000034,1.542499999999994e-08,160.66634813640366,-0.7661530000000027,-0.7661530000000027,-1.97116859,2.0161530000000027,0,200,2,5,-2,1,8,8,4,35n,0,4n,8,125,200V_2A_125C
5.42069361589034e-06,1.6520614210822773e-06,1.6414447852525537e-06,204.29697,2.1484849999999938,7.072755036972617e-06,8.714199822225171e-06,204.29697,2.1484849999999938,1.597500000000009e-08,164.09274003795556,0.2842799999999954,0.2842799999999954,0.00981088016,0.9657200000000046,0,200,2,5,0,1,8,8,4,35n,1,4n,8,125,200V_2A_125C
7.189459913395421e-06,1.6460389003090885e-06,1.6611683395965618e-06,205.725929,2.862964500000004,8.83549881370451e-06,1.0496667153301071e-05,205.725929,2.862964500000004,1.542499999999994e-08,160.6776583307788,-1.7306099999999844,-1.7306099999999844,-1.98176099,2.9806099999999844,0,200,2,5,-2,1,8,8,4,35n,1,4n,8,125,200V_2A_125C
5.4448215843904164e-06,1.979871296074721e-06,2.6581706684883435e-07,22.1037265,-88.94813675000002,7.424692880465138e-06,7.690509947313972e-06,228.270594,14.135296999999994,1.6519379999999966e-08,230.1720596877562,1.39334853,0.7727160000000026,1.39334853,-0.14334852999999992,1,200,2,5,0,1,8,8,8,5n,0,4n,8,125,200V_2A_125C
7.278935741962654e-06,1.6411430890602727e-06,3.397606281371188e-07,29.5716841,-85.21415795000001,8.920078831022926e-06,9.259839459160044e-06,245.921356,22.960678,3.051528000000012e-08,233.7189157704818,-0.575241944,-1.3516908,-0.575241944,1.825241944,0,200,2,5,-2,1,8,8,8,5n,0,4n,8,125,200V_2A_125C
5.426202905835955e-06,2.193291896804519e-06,2.6517317761069696e-07,22.1209312,-88.9395344,7.619494802640475e-06,7.884667980251171e-06,227.837655,13.918827500000006,7.97062999999994e-09,228.0407992314085,0.591312306,0.2668939999999793,0.591312306,0.658687694,0,200,2,5,0,1,8,8,8,5n,1,4n,8,125,200V_2A_125C
7.196514494623376e-06,1.6485150232147169e-06,3.393021836039135e-07,29.5862471,-85.20687645,8.845029517838094e-06,9.184331701442006e-06,245.404171,22.702085499999995,2.77658e-08,232.81840377493532,-1.39180179,-1.7711789999999894,-1.39180179,2.6418017899999997,0,200,2,5,-2,1,8,8,8,5n,1,4n,8,125,200V_2A_125C
5.434353778290446e-06,1.7332449392289143e-06,1.0701606145330317e-06,99.5949539,-50.202523049999996,7.16759871751936e-06,8.237759332052391e-06,248.852907,24.426453499999994,3.515524999999998e-08,212.907947699167,0.988020857,0.7560499999999877,0.988020857,0.261979143,0,200,2,5,0,1,8,8,8,10n,0,4n,8,125,200V_2A_125C
7.184901023153216e-06,1.6716224105679288e-06,1.1697209455373455e-06,109.920259,-45.0398705,8.856523433721146e-06,1.0026244379258492e-05,249.517027,24.758513500000007,3.525506999999997e-08,205.16523274996277,-0.975735159,-1.3594719999999967,-0.975735159,2.225735159,0,200,2,5,-2,1,8,8,8,10n,0,4n,8,125,200V_2A_125C
5.456659057154665e-06,2.0199812405433973e-06,1.0691780285710798e-06,99.6254405,-50.187279749999995,7.476640297698062e-06,8.545818326269142e-06,248.525415,24.262707500000005,2.9305430000000087e-08,208.0702523936751,0.554276308,0.24015900000000556,0.554276308,0.695723692,0,200,2,5,0,1,8,8,8,10n,1,4n,8,125,200V_2A_125C
7.234736383664673e-06,1.6700741352731107e-06,1.169027145171859e-06,109.924589,-45.0377055,8.904810518937783e-06,1.0073837664109643e-05,249.33803,24.669014999999998,3.5205110000000005e-08,204.1648637913457,-1.41526508,-1.7694480000000112,-1.41526508,2.66526508,0,200,2,5,-2,1,8,8,8,10n,1,4n,8,125,200V_2A_125C
5.414798398919543e-06,1.6561018789108543e-06,1.6154476295697494e-06,178.567398,-10.716301000000001,7.070900277830397e-06,8.686347907400146e-06,211.57553,5.787764999999992,1.7367490000000056e-08,167.25613305035247,0.75542200000001,0.75542200000001,0.222500411,0.49457799999998997,0,200,2,5,0,1,8,8,8,15n,0,4n,8,125,200V_2A_125C
7.187598396850416e-06,1.6515957887336326e-06,1.6763986350475357e-06,185.425948,-7.287025999999997,8.839194185584048e-06,1.0515592820631584e-05,207.754976,3.8774879999999996,1.5461250000000148e-08,163.3400668269972,-1.3584194000000025,-1.3584194000000025,-1.85870941,2.6084194000000025,0,200,2,5,-2,1,8,8,8,15n,0,4n,8,125,200V_2A_125C
5.4425605002994995e-06,1.6565313071618338e-06,1.6149055317573182e-06,178.556358,-10.721821000000004,7.099091807461333e-06,8.713997339218652e-06,211.735474,5.867737000000005,1.7368989999999992e-08,167.24842116668304,0.24153000000001157,0.24153000000001157,0.127411904,1.0084699999999884,0,200,2,5,0,1,8,8,8,15n,1,4n,8,125,200V_2A_125C
7.226000344355158e-06,1.6517671432525127e-06,1.6756587879579437e-06,185.400618,-7.299690999999996,8.87776748760767e-06,1.0553426275565614e-05,207.832801,3.9164004999999946,1.5462400000000084e-08,163.33212549639907,-1.7702069999999992,-1.7702069999999992,-1.91936129,3.020206999999999,0,200,2,5,-2,1,8,8,8,15n,1,4n,8,125,200V_2A_125C
5.40490528217079e-06,1.6541568479977015e-06,1.6719008054747521e-06,204.714049,2.3570244999999943,7.059062130168491e-06,8.730962935643243e-06,204.714049,2.3570244999999943,1.597500000000009e-08,165.2516326112728,0.7522599999999784,0.7522599999999784,0.0216824237,0.4977400000000216,0,200,2,5,0,1,8,8,8,25n,0,4n,8,125,200V_2A_125C
7.161918435837071e-06,1.6527532634850389e-06,1.713903375988401e-06,205.935204,2.9676019999999994,8.81467169932211e-06,1.052857507531051e-05,205.935204,2.9676019999999994,1.542499999999994e-08,162.7404098735471,-1.3582427000000052,-1.3582427000000052,-1.95762787,2.6082427000000052,0,200,2,5,-2,1,8,8,8,25n,0,4n,8,125,200V_2A_125C
5.432908055747347e-06,1.6536991994625976e-06,1.6733789800494279e-06,204.248445,2.124222500000002,7.0866072552099445e-06,8.759986235259372e-06,204.248445,2.124222500000002,1.597500000000009e-08,165.20301225382207,0.24603500000000622,0.24603500000000622,0.0122849759,1.0039649999999938,0,200,2,5,0,1,8,8,8,25n,1,4n,8,125,200V_2A_125C
7.2008590250039504e-06,1.6521146609826224e-06,1.7148018590635712e-06,205.699607,2.849803499999993,8.852973685986572e-06,1.0567775545050144e-05,205.699607,2.849803499999993,1.542499999999994e-08,162.73675584417794,-1.770639999999986,-1.770639999999986,-1.97505409,3.020639999999986,0,200,2,5,-2,1,8,8,8,25n,1,4n,8,125,200V_2A_125C
5.397672790366121e-06,1.6525443389326184e-06,1.6454684055274671e-06,204.714049,2.3570244999999943,7.05021712929874e-06,8.695685534826206e-06,204.714049,2.3570244999999943,1.597500000000009e-08,164.13476269420602,0.7533229999999946,0.7533229999999946,0.0179541822,0.49667700000000536,0,200,2,5,0,1,8,8,8,35n,0,4n,8,125,200V_2A_125C
7.1574067162423815e-06,1.645836910089434e-06,1.6671851248004651e-06,205.935204,2.9676019999999994,8.803243626331816e-06,1.047042875113228e-05,205.935204,2.9676019999999994,1.542499999999994e-08,160.67844060987304,-1.358389299999999,-1.358389299999999,-1.97078389,2.608389299999999,0,200,2,5,-2,1,8,8,8,35n,0,4n,8,125,200V_2A_125C
5.424613610559703e-06,1.652057713599839e-06,1.6469829815338993e-06,204.248445,2.124222500000002,7.076671324159542e-06,8.723654305693442e-06,204.248445,2.124222500000002,1.597500000000009e-08,164.0860959346328,0.24444199999999228,0.24444199999999228,0.00966438902,1.0055580000000077,0,200,2,5,0,1,8,8,8,35n,1,4n,8,125,200V_2A_125C
7.194631098097299e-06,1.646027087765557e-06,1.6681170793805041e-06,205.699607,2.849803499999993,8.840658185862856e-06,1.050877526524336e-05,205.699607,2.849803499999993,1.542499999999994e-08,160.6764130781096,-1.7702790000000164,-1.7702790000000164,-1.98168798,3.0202790000000164,0,200,2,5,-2,1,8,8,8,35n,1,4n,8,125,200V_2A_125C
2.5540689919143485e-05,6.470427184321738e-06,3.611856095106679e-09,0.432170283,-99.7839148585,3.2011117103465226e-05,3.201472895956033e-05,233.429041,16.714520500000006,1.3335259999999944e-08,259.5753864614645,5.21895215,4.487235999999996,5.21895215,-3.96895215,1,200,2,5,0,2,2,8,1,5n,0,4n,8,125,200V_2A_125C
8.96314517649845e-06,1.8208798879449762e-06,3.174918067772582e-08,4.54449454,-97.72775273,1.0784025064443426e-05,1.0815774245121151e-05,229.436351,14.718175500000003,2.526132000000008e-08,253.47076835258616,3.441592000000014,3.441592000000014,2.74094478,-2.191592000000014,1,200,2,5,-2,2,2,8,1,5n,0,4n,8,125,200V_2A_125C
4.779616235914457e-06,2.1990204783656103e-06,5.038906559569601e-09,0.996155743,-99.50192212849998,6.978636714280068e-06,6.983675620839637e-06,233.592415,16.796207499999994,2.578098000000007e-08,256.6236712045784,1.3276099999999929,1.3276099999999929,0.917397308,-0.07760999999999285,1,200,2,5,0,2,2,8,1,5n,1,4n,8,125,200V_2A_125C
5.247052140448951e-06,1.6509548430332568e-06,3.0936005010823835e-08,5.46416017,-97.26791991499998,6.898006983482208e-06,6.928942988493031e-06,234.483442,17.241721,2.5204530000000115e-08,254.71243789246975,-0.3283480000000054,-0.3283480000000054,-1.16510948,1.5783480000000054,0,200,2,5,-2,2,2,8,1,5n,1,4n,8,125,200V_2A_125C
1.3980364090276091e-05,2.730843155792293e-06,2.6785314891495503e-07,23.4416176,-88.2791912,1.6711207246068383e-05,1.6979060394983337e-05,221.990876,10.995437999999993,2.2255020000000082e-08,252.12519938535138,3.6404870000000074,3.6404870000000074,3.17487859,-2.3904870000000074,1,200,2,5,0,2,2,8,1,10n,0,4n,8,125,200V_2A_125C
6.0534091672044215e-06,1.6728525824759515e-06,7.418735284313084e-07,67.7028814,-66.1485593,7.726261749680373e-06,8.468135278111681e-06,256.587017,28.2935085,4.090502000000011e-08,245.7091208560763,1.9219989999999996,1.9219989999999996,0.496381409,-0.6719989999999996,1,200,2,5,-2,2,2,8,1,10n,0,4n,8,125,200V_2A_125C
4.91218650419757e-06,2.06167924787402e-06,6.413307688728438e-07,55.9282897,-72.03585515,6.97386575207159e-06,7.615196520944434e-06,245.980167,22.990083499999997,2.6655299999999946e-08,238.58607401757106,0.632003818,0.5185950000000048,0.632003818,0.617996182,0,200,2,5,0,2,2,8,1,10n,1,4n,8,125,200V_2A_125C
6.6622989133335534e-06,1.6716907789164706e-06,7.762983325829337e-07,69.777094,-65.111453,8.333989692250024e-06,9.110288024832958e-06,254.619088,27.309544000000002,3.540541000000005e-08,241.4651489249563,-1.20186046,-1.5067280000000096,-1.20186046,2.45186046,0,200,2,5,-2,2,2,8,1,10n,1,4n,8,125,200V_2A_125C
1.0258966393172777e-05,1.7731621277401096e-06,1.073603984406438e-06,102.293897,-48.8530515,1.2032128520912887e-05,1.3105732505319324e-05,248.340121,24.170060500000005,4.025501999999995e-08,196.07484915777542,3.257484000000005,3.257484000000005,1.81610591,-2.007484000000005,1,200,2,5,0,2,2,8,1,15n,0,4n,8,125,200V_2A_125C
7.081081644706702e-06,1.675237666758673e-06,1.4656593169807007e-06,152.581649,-23.7091755,8.756319311465375e-06,1.0221978628446076e-05,228.683976,14.341988,3.4405010000000006e-08,178.7301167127575,1.8496501000000052,1.8496501000000052,-0.949055105,-0.5996501000000052,1,200,2,5,-2,2,2,8,1,15n,0,4n,8,125,200V_2A_125C
4.904804206113636e-06,1.6848960052902447e-06,1.4025347998430217e-06,141.216776,-29.391611999999995,6.58970021140388e-06,7.992235011246902e-06,234.037161,17.0185805,3.441379000000009e-08,182.89673324350701,0.5441249999999798,0.5441249999999798,0.478835902,0.7058750000000202,0,200,2,5,0,2,2,8,1,15n,1,4n,8,125,200V_2A_125C
6.651367502274839e-06,1.6695793813489741e-06,1.5111132888868701e-06,154.165394,-22.917303,8.320946883623813e-06,9.832060172510683e-06,227.677521,13.838760500000008,3.160888000000007e-08,177.86331927856378,-1.4952450000000113,-1.4952450000000113,-1.61048048,2.7452450000000113,0,200,2,5,-2,2,2,8,1,15n,1,4n,8,125,200V_2A_125C
1.0245894717214899e-05,1.6725180954379662e-06,1.6640075029601813e-06,203.465662,1.7328310000000045,1.1918412812652865e-05,1.3582420315613047e-05,203.861389,1.9306945000000013,2.0875000000000033e-08,148.50214618099398,3.2496189999999956,3.2496189999999956,0.0665946038,-1.9996189999999956,1,200,2,5,0,2,2,8,1,25n,0,4n,8,125,200V_2A_125C
7.390029464198443e-06,1.6601504612180843e-06,1.696240994904845e-06,205.551888,2.7759439999999955,9.050179925416527e-06,1.0746420920321373e-05,205.868351,2.934175499999995,1.787500000000002e-08,165.71491988159323,1.963409999999996,1.963409999999996,-1.93956134,-0.7134099999999961,1,200,2,5,-2,2,2,8,1,25n,0,4n,8,125,200V_2A_125C
4.898297102277127e-06,1.6556033123599547e-06,1.6869933979898874e-06,204.202607,2.1013035,6.5539004146370815e-06,8.240893812626969e-06,204.202607,2.1013035,1.8618699999999987e-08,163.3393481104399,0.544148000000007,0.544148000000007,0.0138614617,0.705851999999993,0,200,2,5,0,2,2,8,1,25n,1,4n,8,125,200V_2A_125C
6.6539656250763815e-06,1.6548577196543184e-06,1.7327415541963553e-06,205.623529,2.8117644999999953,8.3088233447307e-06,1.0041564898927056e-05,205.726845,2.8634224999999986,1.782500000000012e-08,166.10358295138158,-1.5024250000000166,-1.5024250000000166,-1.9732361,2.7524250000000166,0,200,2,5,-2,2,2,8,1,25n,1,4n,8,125,200V_2A_125C
1.0237708058328642e-05,1.6687751062627718e-06,1.6044868107883292e-06,205.445156,2.7225779999999986,1.1906483164591414e-05,1.3510969975379743e-05,205.445156,2.7225779999999986,2.0875000000000033e-08,146.71191773837117,3.250463999999994,3.250463999999994,0.00920105542,-2.000463999999994,1,200,2,5,0,2,2,8,1,35n,0,4n,8,125,200V_2A_125C
7.306630770267491e-06,1.6512347177651846e-06,1.623571023055447e-06,207.164148,3.5820740000000058,8.957865488032676e-06,1.0581436511088124e-05,207.164148,3.5820740000000058,1.787500000000002e-08,162.78778012568978,1.9550224000000043,1.9550224000000043,-1.9594222,-0.7050224000000043,1,200,2,5,-2,2,2,8,1,35n,0,4n,8,125,200V_2A_125C
4.887877347969515e-06,1.6539416301072153e-06,1.6607793749505372e-06,204.202607,2.1013035,6.54181897807673e-06,8.202598353027267e-06,204.202607,2.1013035,1.8618699999999987e-08,162.061059588301,0.5465729999999951,0.5465729999999951,0.00838649917,0.7034270000000049,0,200,2,5,0,2,2,8,1,35n,1,4n,8,125,200V_2A_125C
6.6369028049789375e-06,1.6484171909538528e-06,1.6855221716044216e-06,206.025793,3.0128964999999965,8.28531999593279e-06,9.97084216753721e-06,206.025793,3.0128964999999965,1.782500000000012e-08,163.68323216995793,-1.499510999999984,-1.499510999999984,-1.97355845,2.749510999999984,0,200,2,5,-2,2,2,8,1,35n,1,4n,8,125,200V_2A_125C
5.164475902437982e-06,6.474058377271133e-06,6.127014520679731e-09,0.432193925,-99.78390303750001,1.1638534279709116e-05,1.1644661294229795e-05,233.440679,16.720339499999994,1.3328660000000143e-08,259.5821398948418,5.22098229,1.3824050000000057,5.22098229,-3.9709822900000002,1,200,2,5,0,2,2,8,4,5n,0,4n,8,125,200V_2A_125C
6.176265755282116e-06,1.8206367119205925e-06,4.013348957541872e-08,4.5456875,-97.72715625000001,7.99690246720271e-06,8.037035956778128e-06,229.451571,14.725785500000002,2.5262320000000107e-08,253.45335623788228,2.73841488,-0.7093545000000034,2.73841488,-1.48841488,1,200,2,5,-2,2,2,8,4,5n,0,4n,8,125,200V_2A_125C
5.041185601797224e-06,2.1990669269517185e-06,6.921234798223685e-09,0.996117037,-99.5019414815,7.240252528748943e-06,7.247173763547167e-06,233.592754,16.796377000000007,2.5780990000000107e-08,256.6244257297111,0.917386742,0.3997979999999757,0.917386742,0.33261325799999997,0,200,2,5,0,2,2,8,4,5n,1,4n,8,125,200V_2A_125C
6.178684497204884e-06,1.6509530785476057e-06,3.79801563722776e-08,5.46426886,-97.26786557,7.82963757575249e-06,7.867617732124768e-06,234.482302,17.241151000000002,2.520454000000015e-08,254.7106245013743,-1.16518773,-1.6472769999999741,-1.16518773,2.41518773,0,200,2,5,-2,2,2,8,4,5n,1,4n,8,125,200V_2A_125C
5.252029455010172e-06,2.730076414521136e-06,2.8844615023365073e-07,23.4485901,-88.27570495,7.982105869531308e-06,8.270552019764959e-06,222.140259,11.070129499999993,2.2255039999999943e-08,252.17999481853167,3.16155927,1.5717389999999796,3.16155927,-1.9115592700000001,1,200,2,5,0,2,2,8,4,10n,0,4n,8,125,200V_2A_125C
6.758337059219537e-06,1.6731304271157338e-06,7.802801709519131e-07,67.7032337,-66.14838315,8.431467486335271e-06,9.211747657287185e-06,255.829426,27.914713000000006,4.085504000000007e-08,245.19065763757322,0.479634411,-0.605485299999998,0.479634411,0.7703655890000001,0,200,2,5,-2,2,2,8,4,10n,0,4n,8,125,200V_2A_125C
4.925985075826521e-06,2.061542599742313e-06,6.456701175967865e-07,55.9360295,-72.03198525,6.9875276755688344e-06,7.633197793165621e-06,245.97217,22.986085000000003,2.665532000000002e-08,238.58606551408994,0.631866374,0.47824499999998693,0.631866374,0.618133626,0,200,2,5,0,2,2,8,4,10n,1,4n,8,125,200V_2A_125C
6.665425134923101e-06,1.6717325251971539e-06,7.925466056095876e-07,69.7739626,-65.1130187,8.337157660120255e-06,9.129704265729842e-06,254.593167,27.296583499999997,3.540593000000003e-08,241.4572408869838,-1.2023003,-1.5615600000000143,-1.2023003,2.4523003,0,200,2,5,-2,2,2,8,4,10n,1,4n,8,125,200V_2A_125C
5.245289997456391e-06,1.7691328816740554e-06,1.1092067239434522e-06,102.307059,-48.8464705,7.014422879130446e-06,8.123629603073898e-06,247.453637,23.726818499999993,4.020577000000002e-08,195.79968762168505,1.79191319,1.5477929999999844,1.79191319,-0.54191319,1,200,2,5,0,2,2,8,4,15n,0,4n,8,125,200V_2A_125C
6.5803637814101015e-06,1.6743311660566563e-06,1.5187860243476125e-06,152.550448,-23.724776000000006,8.254694947466758e-06,9.77348097181437e-06,228.577915,14.288957499999995,3.4356230000000087e-08,178.80017284478512,-0.6285063999999991,-0.6285063999999991,-0.953418951,1.8785063999999991,0,200,2,5,-2,2,2,8,4,15n,0,4n,8,125,200V_2A_125C
4.9049768625423744e-06,1.6848563146493472e-06,1.4068383558106547e-06,141.210984,-29.394508000000002,6.589833177191721e-06,7.996671533002375e-06,234.03067,17.015334999999993,3.4414049999999976e-08,182.90020416209904,0.4831749999999886,0.4831749999999886,0.478765544,0.7668250000000114,0,200,2,5,0,2,2,8,4,15n,1,4n,8,125,200V_2A_125C
6.656272617170412e-06,1.6695533930473444e-06,1.5271957443953473e-06,154.158752,-22.920624000000004,8.325826010217757e-06,9.853021754613104e-06,227.67261,13.836304999999996,3.1609160000000027e-08,177.8645943369755,-1.5583589999999958,-1.5583589999999958,-1.61061597,2.808358999999996,0,200,2,5,-2,2,2,8,4,15n,1,4n,8,125,200V_2A_125C
5.235818259678561e-06,1.6717255857021564e-06,1.7059970152499898e-06,203.310407,1.655203499999999,6.907543845380717e-06,8.613540860630707e-06,203.663064,1.8315319999999957,2.0875000000000033e-08,148.47612691208687,1.5486259999999845,1.5486259999999845,0.0647507196,-0.2986259999999845,1,200,2,5,0,2,2,8,4,25n,0,4n,8,125,200V_2A_125C
6.596210273510168e-06,1.6597445908420953e-06,1.7508440146385744e-06,205.398262,2.699130999999994,8.255954864352263e-06,1.0006798878990838e-05,205.622322,2.8111609999999985,1.787500000000002e-08,165.70169214077376,-0.6257164999999958,-0.6257164999999958,-1.94439275,1.8757164999999958,0,200,2,5,-2,2,2,8,4,25n,0,4n,8,125,200V_2A_125C
4.897817945492524e-06,1.655624639434618e-06,1.6917133053610816e-06,204.161098,2.080549000000005,6.553442584927142e-06,8.245155890288223e-06,204.161098,2.080549000000005,1.861924000000004e-08,163.33745513577932,0.48158700000001886,0.48158700000001886,0.0141065332,0.7684129999999811,0,200,2,5,0,2,2,8,4,25n,1,4n,8,125,200V_2A_125C
6.651861451574199e-06,1.6548396697015182e-06,1.7492297094661663e-06,205.598922,2.7994609999999938,8.306701121275717e-06,1.0055930830741883e-05,205.697454,2.8487269999999967,1.782500000000012e-08,166.1025092823477,-1.5566220000000044,-1.5566220000000044,-1.97341874,2.8066220000000044,0,200,2,5,-2,2,2,8,4,25n,1,4n,8,125,200V_2A_125C
5.230692760323433e-06,1.6687806335209832e-06,1.6750894075092706e-06,204.548972,2.274485999999996,6.899473393844417e-06,8.574562801353687e-06,204.548972,2.274485999999996,2.0875000000000033e-08,147.2097510849198,1.5492479999999773,1.5492479999999773,0.0132621036,-0.2992479999999773,1,200,2,5,0,2,2,8,4,35n,0,4n,8,125,200V_2A_125C
6.591113949838503e-06,1.651443322216271e-06,1.7006407763171524e-06,206.339061,3.1695304999999934,8.242557272054774e-06,9.943198048371927e-06,206.339061,3.1695304999999934,1.787500000000002e-08,163.21983351694627,-0.6258119999999963,-0.6258119999999963,-1.96084301,1.8758119999999963,0,200,2,5,-2,2,2,8,4,35n,0,4n,8,125,200V_2A_125C
4.890647398748947e-06,1.6539199670894453e-06,1.6654359572314967e-06,204.161098,2.080549000000005,6.5445673658383924e-06,8.210003323069888e-06,204.161098,2.080549000000005,1.861924000000004e-08,162.05647437144972,0.4814530000000161,0.4814530000000161,0.00836594331,0.7685469999999839,0,200,2,5,0,2,2,8,4,35n,1,4n,8,125,200V_2A_125C
6.642764323483291e-06,1.648411700089721e-06,1.702039314432305e-06,205.992095,2.996047500000003,8.291176023573012e-06,9.993215338005317e-06,205.992095,2.996047500000003,1.782500000000012e-08,163.68299342278155,-1.558525000000003,-1.558525000000003,-1.97362467,2.808525000000003,0,200,2,5,-2,2,2,8,4,35n,1,4n,8,125,200V_2A_125C
4.994827409909578e-06,6.4738532908914265e-06,1.1357903230926168e-08,0.43210361,-99.783948195,1.1468680700801004e-05,1.148003860403193e-05,233.439953,16.7199765,1.3377359999999984e-08,259.5844108943705,5.22086103,0.923938000000021,5.22086103,-3.97086103,1,200,2,5,0,2,2,8,8,5n,0,4n,8,125,200V_2A_125C
6.545833432354867e-06,1.8205236663122736e-06,4.48204166956731e-08,4.54603119,-97.726984405,8.36635709866714e-06,8.411177515362813e-06,229.457287,14.728643500000002,2.5262700000000003e-08,253.44638810266773,2.73727649,-1.2818112,2.73727649,-1.4872764900000002,1,200,2,5,-2,2,2,8,8,5n,0,4n,8,125,200V_2A_125C
4.89323597414997e-06,2.1991179861078252e-06,1.1917375574760892e-08,0.996071514,-99.501964243,7.092353960257795e-06,7.104271335832556e-06,233.593045,16.796522499999995,2.5781000000000143e-08,256.62541914439953,0.917375603,0.45125300000000834,0.917375603,0.332624397,0,200,2,5,0,2,2,8,8,5n,1,4n,8,125,200V_2A_125C
6.505101682433209e-06,1.6509515851402898e-06,4.265802109967699e-08,5.46437554,-97.26781223,8.1560532675735e-06,8.198711288673177e-06,234.481236,17.240617999999998,2.520456000000001e-08,254.7091270259665,-1.16525457,-1.6557169999999815,-1.16525457,2.41525457,0,200,2,5,-2,2,2,8,8,5n,1,4n,8,125,200V_2A_125C
4.918178586807549e-06,1.7681592832678463e-06,1.115649023363934e-06,102.304731,-48.8476345,6.6863378700753954e-06,7.80198689343933e-06,247.24056,23.620279999999994,4.0206660000000074e-08,195.7363863128499,1.78611265,0.8962919999999883,1.78611265,-0.53611265,1,200,2,5,0,2,2,8,8,15n,0,4n,8,125,200V_2A_125C
6.643752962934339e-06,1.674058943982647e-06,1.5245918298661302e-06,152.529941,-23.735029499999996,8.317811906916986e-06,9.842403736783116e-06,228.540024,14.270011999999994,3.435763000000008e-08,178.8184462631659,-0.955529115,-1.2100529999999878,-0.955529115,2.205529115,0,200,2,5,-2,2,2,8,8,15n,0,4n,8,125,200V_2A_125C
4.902005581527248e-06,1.6848231687028312e-06,1.4122068516168803e-06,141.204273,-29.3978635,6.586828750230079e-06,7.99903560184696e-06,234.025226,17.012613,3.441431000000007e-08,182.90359991873018,0.478708743,0.4174069999999972,0.478708743,0.771291257,0,200,2,5,0,2,2,8,8,15n,1,4n,8,125,200V_2A_125C
6.665356345790034e-06,1.6695241715307131e-06,1.5339425079301273e-06,154.151214,-22.924392999999995,8.334880517320747e-06,9.868823025250874e-06,227.666116,13.833057999999994,3.1609460000000056e-08,177.86530645844692,-1.61077567,-1.6209529999999859,-1.61077567,2.8607756699999998,0,200,2,5,-2,2,2,8,8,15n,1,4n,8,125,200V_2A_125C
4.931744117106184e-06,2.7293286469995342e-06,2.9483396968717935e-07,23.4486965,-88.27565175,7.661072764105718e-06,7.955906733792898e-06,222.210643,11.105321500000002,2.224652999999999e-08,252.2120250563136,3.15793514,0.8919999999999959,3.15793514,-1.9079351400000002,1,200,2,5,0,2,2,8,8,10n,0,4n,8,125,200V_2A_125C
6.654387032265236e-06,1.673192798050047e-06,7.873162441222525e-07,67.6986475,-66.15067625,8.327579830315284e-06,9.114896074437537e-06,255.629759,27.814879500000004,4.085506000000014e-08,245.06171823409682,0.475763602,-1.1905410000000245,0.475763602,0.774236398,0,200,2,5,-2,2,2,8,8,10n,0,4n,8,125,200V_2A_125C
4.902778311814654e-06,2.0614566635585082e-06,6.511454385670251e-07,55.943482,-72.02825899999999,6.964234975373162e-06,7.615380413940187e-06,245.966025,22.9830125,2.6655350000000128e-08,238.5860191652535,0.631762547,0.41805199999998877,0.631762547,0.618237453,0,200,2,5,0,2,2,8,8,10n,1,4n,8,125,200V_2A_125C
6.683856743633473e-06,1.6717774931666845e-06,7.995985316608951e-07,69.7704766,-65.1147617,8.355634236800157e-06,9.155232768461052e-06,254.567073,27.283536499999997,3.540649999999998e-08,241.45030474452878,-1.20274725,-1.6240599999999858,-1.20274725,2.45274725,0,200,2,5,-2,2,2,8,8,10n,1,4n,8,125,200V_2A_125C
4.914727000290118e-06,1.6711974902661377e-06,1.7131749983012101e-06,203.21958,1.6097900000000038,6.585924490556256e-06,8.299099488857466e-06,203.501204,1.7506020000000007,2.0875000000000033e-08,148.45803638253386,0.9030620000000056,0.9030620000000056,0.0624775184,0.3469379999999944,0,200,2,5,0,2,2,8,8,25n,0,4n,8,125,200V_2A_125C
6.624031111014233e-06,1.6595042786837515e-06,1.7574188310549563e-06,205.354517,2.6772584999999935,8.283535389697984e-06,1.004095422075294e-05,205.473503,2.736751499999997,1.787500000000002e-08,165.69762522321244,-1.1943990000000042,-1.1943990000000042,-1.94678691,2.444399000000004,0,200,2,5,-2,2,2,8,8,25n,0,4n,8,125,200V_2A_125C
4.900113858241975e-06,1.6556548375525235e-06,1.6973504616906228e-06,204.119524,2.0597620000000063,6.555768695794499e-06,8.253119157485122e-06,204.119524,2.0597620000000063,1.8619780000000093e-08,163.33216304924235,0.4158429999999953,0.4158429999999953,0.0143990809,0.8341570000000047,0,200,2,5,0,2,2,8,8,25n,1,4n,8,125,200V_2A_125C
6.650432473663308e-06,1.6548218577188188e-06,1.7561021978521016e-06,205.5737,2.786850000000001,8.305254331382127e-06,1.0061356529234228e-05,205.667199,2.8335995000000054,1.782500000000012e-08,166.10113208070118,-1.6143499999999733,-1.6143499999999733,-1.97361362,2.8643499999999733,0,200,2,5,-2,2,2,8,8,25n,1,4n,8,125,200V_2A_125C
4.908647029646161e-06,1.6687443217335646e-06,1.6850450283357654e-06,204.230214,2.1151069999999947,6.577391351379725e-06,8.262436379715491e-06,204.230214,2.1151069999999947,2.0875000000000033e-08,147.21209124286398,0.8998890000000017,0.8998890000000017,0.0122053253,0.3501109999999983,0,200,2,5,0,2,2,8,8,35n,0,4n,8,125,200V_2A_125C
6.624111562251687e-06,1.6513955070700156e-06,1.7093596114703233e-06,206.122682,3.0613409999999988,8.275507069321703e-06,9.984866680792027e-06,206.122682,3.0613409999999988,1.787500000000002e-08,163.2478932051055,-1.2013369999999952,-1.2013369999999952,-1.96118912,2.451336999999995,0,200,2,5,-2,2,2,8,8,35n,0,4n,8,125,200V_2A_125C
4.89251596833149e-06,1.6538973905845665e-06,1.671002791945647e-06,204.119524,2.0597620000000063,6.546413358916057e-06,8.217416150861703e-06,204.119524,2.0597620000000063,1.8619780000000093e-08,162.05148131739665,0.4161139999999932,0.4161139999999932,0.00836865192,0.8338860000000068,0,200,2,5,0,2,2,8,8,35n,1,4n,8,125,200V_2A_125C
6.6475357372349845e-06,1.6483014882415902e-06,1.7090114423700957e-06,205.957583,2.9787915,8.295837225476575e-06,1.000484866784667e-05,205.957583,2.9787915,1.782500000000012e-08,163.6906019482557,-1.6180230000000222,-1.6180230000000222,-1.97366101,2.868023000000022,0,200,2,5,-2,2,2,8,8,35n,1,4n,8,125,200V_2A_125C
2.5535541881462324e-05,1.9854418497541615e-06,2.584164382634231e-07,22.1028162,-88.9485919,2.7520983731216486e-05,2.777940016947991e-05,228.474325,14.237162499999997,1.646841000000015e-08,230.20355121233354,4.487211000000002,4.487211000000002,1.4015123,-3.237211000000002,1,200,2,5,0,2,8,8,1,5n,0,4n,8,125,200V_2A_125C
8.96109566507311e-06,1.6411388835223442e-06,3.2587817888410034e-07,29.5627095,-85.21864525,1.0602234548595455e-05,1.0928112727479555e-05,246.358446,23.179222999999993,3.0515289999999946e-08,234.05778531061324,3.441619000000003,3.441619000000003,-0.566401758,-2.191619000000003,1,200,2,5,-2,2,8,8,1,5n,0,4n,8,125,200V_2A_125C
4.778603124098558e-06,2.193064658273153e-06,2.584252284276464e-07,22.1248484,-88.93757580000002,6.971667782371712e-06,7.230093010799358e-06,227.839134,13.919567000000002,7.970270000000117e-09,228.03255096842042,1.328569999999985,1.328569999999985,0.591132308,-0.07856999999998493,1,200,2,5,0,2,8,8,1,5n,1,4n,8,125,200V_2A_125C
5.2458575886527625e-06,1.6485198600389542e-06,3.2773366118805754e-07,29.5892232,-85.2053884,6.894377448691717e-06,7.222111109879774e-06,245.419582,22.709790999999996,2.7765669999999953e-08,232.8243074572795,-0.3283649999999909,-0.3283649999999909,-1.39169517,1.578364999999991,0,200,2,5,-2,2,8,8,1,5n,1,4n,8,125,200V_2A_125C
1.3974763384526159e-05,1.7405126524917408e-06,1.0433296476539303e-06,99.5872366,-50.2063817,1.57152760370179e-05,1.675860568467183e-05,249.999058,24.999528999999992,3.5205060000000036e-08,213.2023395782674,3.640829000000025,3.640829000000025,1.00739302,-2.390829000000025,1,200,2,5,0,2,8,8,1,10n,0,4n,8,125,200V_2A_125C
6.0500633329019904e-06,1.6713029392298296e-06,1.1235671341896872e-06,109.920539,-45.0397305,7.72136627213182e-06,8.844933406321508e-06,250.330758,25.165379,3.530502000000011e-08,205.53507685018468,1.9217190000000102,1.9217190000000102,-0.960318291,-0.6717190000000102,1,200,2,5,-2,2,8,8,1,10n,0,4n,8,125,200V_2A_125C
4.910207662052215e-06,2.0203292062267103e-06,1.0597016495765774e-06,99.6367295,-50.18163525,6.930536868278926e-06,7.990238517855502e-06,248.541079,24.270539499999998,2.9305360000000045e-08,208.07004568828006,0.55445809,0.5186789999999917,0.55445809,0.69554191,0,200,2,5,0,2,8,8,1,10n,1,4n,8,125,200V_2A_125C
6.659731523494663e-06,1.6700700864043013e-06,1.1459384956661875e-06,109.933683,-45.0331585,8.329801609898964e-06,9.475740105565151e-06,249.352551,24.676275500000003,3.520509999999997e-08,204.16630652206717,-1.4150893,-1.5068849999999827,-1.4150893,2.6650893,0,200,2,5,-2,2,8,8,1,10n,1,4n,8,125,200V_2A_125C
1.0246334058779767e-05,1.6571131579862224e-06,1.5733935405934405e-06,178.629305,-10.685347500000008,1.190344721676599e-05,1.347684075735943e-05,211.313924,5.656961999999993,1.7408130000000094e-08,167.10459790029103,3.257076000000012,3.257076000000012,0.217241879,-2.007076000000012,1,200,2,5,0,2,8,8,1,15n,0,4n,8,125,200V_2A_125C
7.075814336032404e-06,1.6519428666019267e-06,1.6166473902400634e-06,185.497478,-7.2512609999999995,8.72775720263433e-06,1.0344404592874394e-05,207.638855,3.8194275000000033,1.5455019999999995e-08,163.31064247220695,1.849072300000003,1.849072300000003,-1.8611579,-0.5990723000000031,1,200,2,5,-2,2,8,8,1,15n,0,4n,8,125,200V_2A_125C
4.901566732374622e-06,1.656545721334819e-06,1.6053507377486537e-06,178.574883,-10.7125585,6.558112453709441e-06,8.163463191458096e-06,211.702558,5.851279000000005,1.7368680000000138e-08,167.2440573711267,0.5444410000000062,0.5444410000000062,0.12698805,0.7055589999999938,0,200,2,5,0,2,8,8,1,15n,1,4n,8,125,200V_2A_125C
6.647632107768104e-06,1.6517734294389046e-06,1.6529490734102832e-06,185.413302,-7.293349000000006,8.299405537207009e-06,9.952354610617292e-06,207.818137,3.9090685000000036,1.5462120000000127e-08,163.33168927544904,-1.4953179999999975,-1.4953179999999975,-1.91955094,2.7453179999999975,0,200,2,5,-2,2,8,8,1,15n,1,4n,8,125,200V_2A_125C
1.0229698473200056e-05,1.6554100079367937e-06,1.6030758335398864e-06,205.917591,2.9587954999999937,1.188510848113685e-05,1.3488184314676736e-05,205.917591,2.9587954999999937,1.597500000000009e-08,165.2510232185489,3.2490720000000124,3.2490720000000124,0.0307962058,-1.9990720000000124,1,200,2,5,0,2,8,8,1,25n,0,4n,8,125,200V_2A_125C
7.385128920652212e-06,1.6538363713541244e-06,1.64699349297588e-06,206.605434,3.3027170000000012,9.038965292006337e-06,1.0685958784982216e-05,206.605434,3.3027170000000012,1.5375000000000043e-08,162.70021989176712,1.9629858999999925,1.9629858999999925,-1.94065708,-0.7129858999999925,1,200,2,5,-2,2,8,8,1,25n,0,4n,8,125,200V_2A_125C
4.894531850793158e-06,1.6537502480386026e-06,1.6632201898265325e-06,204.345442,2.1727209999999957,6.548282098831761e-06,8.211502288658293e-06,204.345442,2.1727209999999957,1.597500000000009e-08,165.21784456259684,0.5442509999999743,0.5442509999999743,0.0125201163,0.7057490000000257,0,200,2,5,0,2,8,8,1,25n,1,4n,8,125,200V_2A_125C
6.649567692755906e-06,1.6521203310722375e-06,1.6912758660981198e-06,205.752374,2.8761870000000016,8.301688023828144e-06,9.992963889926263e-06,205.752374,2.8761870000000016,1.542499999999994e-08,162.74080939276726,-1.5024219999999957,-1.5024219999999957,-1.97502561,2.7524219999999957,0,200,2,5,-2,2,8,8,1,25n,1,4n,8,125,200V_2A_125C
1.0221574274668545e-05,1.652696385156004e-06,1.5659864876622253e-06,205.917591,2.9587954999999937,1.187427065982455e-05,1.3440257147486776e-05,205.917591,2.9587954999999937,1.597500000000009e-08,163.96522672174981,3.249932000000001,3.249932000000001,0.018540074,-1.9999320000000012,1,200,2,5,0,2,8,8,1,35n,0,4n,8,125,200V_2A_125C
7.301398285369801e-06,1.646049240384356e-06,1.5800719830159975e-06,206.9698,3.484899999999996,8.947447525754157e-06,1.0527519508770154e-05,206.9698,3.484899999999996,1.5375000000000043e-08,160.30015688517463,1.9545810999999986,1.9545810999999986,-1.97260257,-0.7045810999999986,1,200,2,5,-2,2,8,8,1,35n,0,4n,8,125,200V_2A_125C
4.884241180905445e-06,1.6520664153081032e-06,1.63681463789952e-06,204.345442,2.1727209999999957,6.5363075962135485e-06,8.173122234113068e-06,204.345442,2.1727209999999957,1.597500000000009e-08,164.1023673879317,0.5465930000000014,0.5465930000000014,0.00993059441,0.7034069999999986,0,200,2,5,0,2,8,8,1,35n,1,4n,8,125,200V_2A_125C
6.632735126853556e-06,1.6460510635517457e-06,1.6446999583720698e-06,205.752374,2.8761870000000016,8.278786190405301e-06,9.92348614877737e-06,205.752374,2.8761870000000016,1.542499999999994e-08,160.67977190911736,-1.4995490000000018,-1.4995490000000018,-1.98182524,2.749549000000002,0,200,2,5,-2,2,8,8,1,35n,1,4n,8,125,200V_2A_125C
5.162774524562739e-06,1.9809983311510333e-06,2.6074653333927394e-07,22.1050393,-88.94748035,7.143772855713772e-06,7.404519389053046e-06,228.313575,14.156787499999993,1.651878000000012e-08,230.1739392515228,1.39499373,1.3822800000000086,1.39499373,-0.14499372999999993,1,200,2,5,0,2,8,8,4,5n,0,4n,8,125,200V_2A_125C
6.174688923166387e-06,1.6411484347066614e-06,3.351328761054533e-07,29.5721185,-85.21394075,7.815837357873048e-06,8.150970233978501e-06,246.026786,23.013392999999994,3.0515119999999964e-08,233.79542395035662,-0.573090155,-0.7093922999999975,-0.573090155,1.823090155,0,200,2,5,-2,2,8,8,4,5n,0,4n,8,125,200V_2A_125C
5.04074113753881e-06,2.1931630816324603e-06,2.6024101583001434e-07,22.1251282,-88.9374359,7.2339042191712705e-06,7.494145235001285e-06,227.840637,13.920318499999993,7.970450000000135e-09,228.03447336218267,0.591203199,0.3993340000000103,0.591203199,0.658796801,0,200,2,5,0,2,8,8,4,5n,1,4n,8,125,200V_2A_125C
6.1807862130249325e-06,1.6485179281105359e-06,3.348099839365107e-07,29.5894941,-85.20525294999999,7.829304141135468e-06,8.164114125071979e-06,245.412509,22.7062545,2.7765739999999995e-08,232.8197730561427,-1.39176269,-1.6470029999999838,-1.39176269,2.64176269,0,200,2,5,-2,2,8,8,4,5n,1,4n,8,125,200V_2A_125C
5.248691970160901e-06,1.7345003350173927e-06,1.0639290449623662e-06,99.5977985,-50.20110075,6.983192305178294e-06,8.047121350140661e-06,249.071981,24.535990499999997,3.515516000000008e-08,212.95693322366492,1.5714830000000006,1.5714830000000006,0.991861681,-0.32148300000000063,1,200,2,5,0,2,8,8,4,10n,0,4n,8,125,200V_2A_125C
6.756180991737185e-06,1.671559744357106e-06,1.1627685932930988e-06,109.92516,-45.037420000000004,8.427740736094291e-06,9.59050932938739e-06,249.64064,24.820319999999995,3.525505000000011e-08,205.2287924206244,-0.6054928000000004,-0.6054928000000004,-0.973260444,1.8554928000000004,0,200,2,5,-2,2,8,8,4,10n,0,4n,8,125,200V_2A_125C
4.9239482711586e-06,2.0200932243153893e-06,1.0639255742833034e-06,99.6374008,-50.1812996,6.94404149547399e-06,8.007967069757293e-06,248.530812,24.265406,2.9305389999999942e-08,208.06747368639563,0.554347033,0.4782549999999901,0.554347033,0.695652967,0,200,2,5,0,2,8,8,4,10n,1,4n,8,125,200V_2A_125C
6.662789934933534e-06,1.6700716269027439e-06,1.1621072196818707e-06,109.933231,-45.03338449999999,8.332861561836277e-06,9.494968781518148e-06,249.343526,24.671763000000002,3.520509999999997e-08,204.1624644342826,-1.4151998,-1.5615029999999877,-1.4151998,2.6651998,0,200,2,5,-2,2,8,8,4,10n,1,4n,8,125,200V_2A_125C
5.239361337689906e-06,1.6563104475097758e-06,1.6089960075678005e-06,178.588783,-10.705608499999997,6.895671785199682e-06,8.504667792767481e-06,211.49763,5.7488149999999925,1.736552000000011e-08,167.2232480528338,1.5470889999999997,1.5470889999999997,0.220980289,-0.2970889999999997,1,200,2,5,0,2,8,8,4,15n,0,4n,8,125,200V_2A_125C
6.576325033674005e-06,1.6516682764305194e-06,1.6705451163863577e-06,185.445434,-7.277282999999998,8.227993310104524e-06,9.898538426490881e-06,207.717491,3.8587454999999977,1.5459840000000115e-08,163.33287959747503,-0.6286782999999971,-0.6286782999999971,-1.85948929,1.8786782999999971,0,200,2,5,-2,2,8,8,4,15n,0,4n,8,125,200V_2A_125C
4.901777487133242e-06,1.6565365262094531e-06,1.6096370599004124e-06,178.572303,-10.713848499999997,6.558314013342695e-06,8.167951073243108e-06,211.714254,5.857127000000005,1.736885000000012e-08,167.2468848576702,0.4832099999999855,0.4832099999999855,0.127142971,0.7667900000000145,0,200,2,5,0,2,8,8,4,15n,1,4n,8,125,200V_2A_125C
6.652572008421842e-06,1.6517689605343563e-06,1.6690434342858307e-06,185.410697,-7.2946515,8.304340968956198e-06,9.97338440324203e-06,207.823238,3.9116190000000017,1.546226e-08,163.33225029548285,-1.5583770000000072,-1.5583770000000072,-1.91948432,2.8083770000000072,0,200,2,5,-2,2,8,8,4,15n,1,4n,8,125,200V_2A_125C
5.22868029891446e-06,1.654055040169942e-06,1.6613716806896043e-06,205.067576,2.5337880000000013,6.882735339084402e-06,8.544107019774007e-06,205.067576,2.5337880000000013,1.597500000000009e-08,165.29463971440546,1.5482299999999896,1.5482299999999896,0.0222205367,-0.29822999999998956,1,200,2,5,0,2,8,8,4,25n,0,4n,8,125,200V_2A_125C
6.592375631462206e-06,1.6529695783239116e-06,1.7059971906047083e-06,206.145121,3.0725604999999945,8.245345209786117e-06,9.951342400390826e-06,206.145121,3.0725604999999945,1.542499999999994e-08,162.73471625910497,-0.6258180000000024,-0.6258180000000024,-1.95470059,1.8758180000000024,0,200,2,5,-2,2,8,8,4,25n,0,4n,8,125,200V_2A_125C
4.894134735256669e-06,1.6537277228895999e-06,1.667843132965535e-06,204.296893,2.1484465000000057,6.5478624581462695e-06,8.215705591111805e-06,204.296893,2.1484465000000057,1.597500000000009e-08,165.21734967526302,0.48161000000001764,0.48161000000001764,0.012409079,0.7683899999999824,0,200,2,5,0,2,8,8,4,25n,1,4n,8,125,200V_2A_125C
6.647687716632768e-06,1.6521167061301914e-06,1.7078340941319262e-06,205.725889,2.8629444999999976,8.299804422762959e-06,1.0007638516894884e-05,205.725889,2.8629444999999976,1.542499999999994e-08,162.7397528585555,-1.556711000000007,-1.556711000000007,-1.97505098,2.806711000000007,0,200,2,5,-2,2,8,8,4,25n,1,4n,8,125,200V_2A_125C
5.223304055597838e-06,1.6527470399916034e-06,1.635563523385885e-06,205.067576,2.5337880000000013,6.876051095589441e-06,8.511614618975327e-06,205.067576,2.5337880000000013,1.597500000000009e-08,164.18736205946306,1.5487070000000074,1.5487070000000074,0.0185209377,-0.2987070000000074,1,200,2,5,0,2,8,8,4,35n,0,4n,8,125,200V_2A_125C
6.586576252340583e-06,1.645905078946907e-06,1.6585288131567878e-06,206.145121,3.0725604999999945,8.23248133128749e-06,9.891010144444277e-06,206.145121,3.0725604999999945,1.542499999999994e-08,160.66582967193727,-0.6259135000000029,-0.6259135000000029,-1.97116707,1.875913500000003,0,200,2,5,-2,2,8,8,4,35n,0,4n,8,125,200V_2A_125C
4.886928160482787e-06,1.6520635892071108e-06,1.64144231039486e-06,204.296893,2.1484465000000057,6.538991749689898e-06,8.180434060084758e-06,204.296893,2.1484465000000057,1.597500000000009e-08,164.09652067840187,0.48150000000001114,0.48150000000001114,0.00980571483,0.7684999999999889,0,200,2,5,0,2,8,8,4,35n,1,4n,8,125,200V_2A_125C
6.6384143835695306e-06,1.6460395108417e-06,1.6611638639586018e-06,205.725889,2.8629444999999976,8.28445389441123e-06,9.945617758369833e-06,205.725889,2.8629444999999976,1.542499999999994e-08,160.67908782177145,-1.5585039999999992,-1.5585039999999992,-1.98175855,2.8085039999999992,0,200,2,5,-2,2,8,8,4,35n,1,4n,8,125,200V_2A_125C
4.992734734960375e-06,1.9798665400281533e-06,2.658462895058649e-07,22.1067216,-88.94663919999999,6.972601274988528e-06,7.238447564494393e-06,228.273413,14.136706500000003,1.6519390000000002e-08,230.16951024006724,1.39332947,0.9239530000000116,1.39332947,-0.14332947000000007,1,200,2,5,0,2,8,8,8,5n,0,4n,8,125,200V_2A_125C
6.542640463099985e-06,1.6411368541668832e-06,3.3977677351633586e-07,29.5734059,-85.21329705,8.183777317266868e-06,8.523554090783204e-06,245.922068,22.961033999999998,3.0515289999999946e-08,233.7170576359968,-0.575262208,-1.2820453,-0.575262208,1.825262208,0,200,2,5,-2,2,8,8,8,5n,0,4n,8,125,200V_2A_125C
4.892415107345531e-06,2.193303112626862e-06,2.6519163755816874e-07,22.1253003,-88.93734985,7.085718219972393e-06,7.350909857530562e-06,227.8431,13.921549999999998,7.97062999999994e-09,228.0367629825995,0.591298238,0.45114699999999175,0.591298238,0.658701762,0,200,2,5,0,2,8,8,8,5n,1,4n,8,125,200V_2A_125C
6.503787521922067e-06,1.6485160132913951e-06,3.394177259941621e-07,29.5897208,-85.2051396,8.152303535213461e-06,8.491721261207623e-06,245.406251,22.703125499999995,2.7765810000000037e-08,232.8158796939785,-1.39181933,-1.655744999999996,-1.39181933,2.6418193299999997,0,200,2,5,-2,2,8,8,8,5n,1,4n,8,125,200V_2A_125C
4.928283101552584e-06,1.7332238858795092e-06,1.0702202246305682e-06,99.6021159,-50.19894205,6.661506987432093e-06,7.731727212062662e-06,248.851688,24.425843999999998,3.515524999999998e-08,212.90395501044145,0.988003105,0.892187000000007,0.988003105,0.261996895,0,200,2,5,0,2,8,8,8,10n,0,4n,8,125,200V_2A_125C
6.651123680704227e-06,1.671622532956549e-06,1.1698471665013963e-06,109.923019,-45.038490499999995,8.322746213660776e-06,9.492593380162172e-06,249.51609,24.758044999999996,3.525506999999997e-08,205.1625102626136,-0.975756096,-1.1902699999999982,-0.975756096,2.225756096,0,200,2,5,-2,2,8,8,8,10n,0,4n,8,125,200V_2A_125C
4.900722410232236e-06,2.01991995775551e-06,1.069283984721378e-06,99.6377654,-50.1811173,6.920642367987746e-06,7.989926352709124e-06,248.523259,24.261629499999998,2.9305430000000087e-08,208.06469718920874,0.554259327,0.41813199999998574,0.554259327,0.695740673,0,200,2,5,0,2,8,8,8,10n,1,4n,8,125,200V_2A_125C
6.680766015632129e-06,1.6700743602470542e-06,1.1689951317811488e-06,109.932589,-45.0337055,8.350840375879184e-06,9.519835507660333e-06,249.335336,24.667668000000006,3.5205110000000005e-08,204.15901896138766,-1.41529976,-1.6241409999999803,-1.41529976,2.66529976,0,200,2,5,-2,2,8,8,8,10n,1,4n,8,125,200V_2A_125C
4.912751053464926e-06,1.6560997894595453e-06,1.6154780697729567e-06,178.574447,-10.712776500000004,6.568850842924471e-06,8.184328912697429e-06,211.571373,5.785686499999997,1.7367490000000056e-08,167.25614177147165,0.8969339999999875,0.8969339999999875,0.222409743,0.35306600000001254,0,200,2,5,0,2,8,8,8,15n,0,4n,8,125,200V_2A_125C
6.639448501509653e-06,1.6515953199953885e-06,1.6764049032650068e-06,185.427988,-7.2860059999999995,8.291043821505041e-06,9.967448724770048e-06,207.75388,3.8769400000000047,1.5461250000000148e-08,163.33951602103585,-1.2096070000000054,-1.2096070000000054,-1.85873344,2.4596070000000054,0,200,2,5,-2,2,8,8,8,15n,0,4n,8,125,200V_2A_125C
4.898728568397371e-06,1.6565283693948076e-06,1.6149632618191055e-06,178.569291,-10.715354500000004,6.555256937792178e-06,8.170220199611283e-06,211.727879,5.863939500000002,1.7369000000000028e-08,167.2495132415339,0.417490000000015,0.417490000000015,0.127313132,0.832509999999985,0,200,2,5,0,2,8,8,8,15n,1,4n,8,125,200V_2A_125C
6.661326659586514e-06,1.6517652447328183e-06,1.6756877318230858e-06,185.407839,-7.296080500000003,8.313091904319333e-06,9.988779636142419e-06,207.828691,3.914345499999996,1.5462400000000084e-08,163.33273903284024,-1.6208450000000028,-1.6208450000000028,-1.91941276,2.8708450000000028,0,200,2,5,-2,2,8,8,8,15n,1,4n,8,125,200V_2A_125C
4.908027732304413e-06,1.6541584952263834e-06,1.6718994924995064e-06,204.713985,2.356992500000004,6.562186227530796e-06,8.234085720030303e-06,204.713985,2.356992500000004,1.597500000000009e-08,165.25342864727224,0.9032529999999781,0.9032529999999781,0.0216864066,0.3467470000000219,0,200,2,5,0,2,8,8,8,25n,0,4n,8,125,200V_2A_125C
6.620298172264192e-06,1.6527533830388647e-06,1.7139001929097296e-06,205.935131,2.9675655000000063,8.273051555303057e-06,9.986951748212787e-06,205.935131,2.9675655000000063,1.542499999999994e-08,162.74017031169112,-1.1947490000000016,-1.1947490000000016,-1.95762963,2.4447490000000016,0,200,2,5,-2,2,8,8,8,25n,0,4n,8,125,200V_2A_125C
4.896522188475212e-06,1.6537017329938145e-06,1.6733772625649325e-06,204.248337,2.124168499999996,6.550223921469026e-06,8.223601184033959e-06,204.248337,2.124168499999996,1.597500000000009e-08,165.2074450495092,0.4160060000000101,0.4160060000000101,0.0122853518,0.8339939999999899,0,200,2,5,0,2,8,8,8,25n,1,4n,8,125,200V_2A_125C
6.646389031959277e-06,1.6521153592214806e-06,1.7147982267452494e-06,205.699564,2.8497820000000047,8.298504391180757e-06,1.0013302617926005e-05,205.699564,2.8497820000000047,1.542499999999994e-08,162.73851011301184,-1.6144580000000133,-1.6144580000000133,-1.97505622,2.8644580000000133,0,200,2,5,-2,2,8,8,8,25n,1,4n,8,125,200V_2A_125C
4.90167930415489e-06,1.6525467224034525e-06,1.6454667560162396e-06,204.713985,2.356992500000004,6.554226026558342e-06,8.199692782574582e-06,204.713985,2.356992500000004,1.597500000000009e-08,164.13661200919216,0.9004199999999969,0.9004199999999969,0.0179487713,0.3495800000000031,0,200,2,5,0,2,8,8,8,35n,0,4n,8,125,200V_2A_125C
6.619216247614009e-06,1.6458369742364472e-06,1.6671818335102007e-06,205.935131,2.9675655000000063,8.265053221850456e-06,9.932235055360657e-06,205.935131,2.9675655000000063,1.542499999999994e-08,160.67822858859134,-1.2012409999999818,-1.2012409999999818,-1.97078198,2.451240999999982,0,200,2,5,-2,2,8,8,8,35n,0,4n,8,125,200V_2A_125C
4.888753124063361e-06,1.6520599809366176e-06,1.6469809097254729e-06,204.248337,2.124168499999996,6.5408131049999785e-06,8.187794014725451e-06,204.248337,2.124168499999996,1.597500000000009e-08,164.09054940346866,0.4161709999999914,0.4161709999999914,0.00965864166,0.8338290000000086,0,200,2,5,0,2,8,8,8,35n,1,4n,8,125,200V_2A_125C
6.64309585199764e-06,1.6460278174452613e-06,1.6681127413485353e-06,205.699564,2.8497820000000047,8.289123669442901e-06,9.957236410791437e-06,205.699564,2.8497820000000047,1.542499999999994e-08,160.67822332306136,-1.6180049999999824,-1.6180049999999824,-1.98168521,2.8680049999999824,0,200,2,5,-2,2,8,8,8,35n,1,4n,8,125,200V_2A_125C
2.6736116829824453e-05,6.470285920917707e-06,3.612279256190189e-09,0.432216873,-99.7838915635,3.320640275074216e-05,3.321001502999835e-05,233.428637,16.714318500000005,1.3335259999999944e-08,259.5748051713806,5.21887061,5.01909999999998,5.21887061,-3.9688706099999997,1,200,2,5,0,3,2,8,1,5n,0,4n,8,125,200V_2A_125C
1.0149212318810513e-05,1.8208468149167626e-06,3.175579674347471e-08,4.54538355,-97.727308225,1.1970059133727275e-05,1.200181493047075e-05,229.437028,14.718514,2.5261310000000043e-08,253.47008793736487,4.008534000000026,4.008534000000026,2.74084086,-2.758534000000026,1,200,2,5,-2,3,2,8,1,5n,0,4n,8,125,200V_2A_125C
4.508888526906415e-06,2.199019469388435e-06,5.038227875015559e-09,0.996318148,-99.501840926,6.70790799629485e-06,6.712946224169865e-06,233.591315,16.795657500000004,2.578098000000007e-08,256.6230087729103,1.328600999999992,1.328600999999992,0.917368568,-0.07860099999999193,1,200,2,5,0,3,2,8,1,5n,1,4n,8,125,200V_2A_125C
4.873034862033991e-06,1.650954923509153e-06,3.0942403593411404e-08,5.46470995,-97.26764502500001,6.523989785543144e-06,6.554932189136556e-06,234.483565,17.2417825,2.5204530000000115e-08,254.71190327079657,-0.32654099999999175,-0.32654099999999175,-1.16510921,1.5765409999999918,0,200,2,5,-2,3,2,8,1,5n,1,4n,8,125,200V_2A_125C
1.4292669590058355e-05,2.7307506764601998e-06,2.678878370704227e-07,23.4447258,-88.27763709999999,1.7023420266518556e-05,1.729130810358898e-05,221.98867,10.994335000000005,2.2255020000000082e-08,252.12372455362822,4.083936999999992,4.083936999999992,3.17481661,-2.8339369999999917,1,200,2,5,0,3,2,8,1,10n,0,4n,8,125,200V_2A_125C
5.902031497303251e-06,1.6728537010872573e-06,7.41877812265393e-07,67.7061246,-66.1469377,7.5748851983905084e-06,8.316763010655902e-06,256.587351,28.29367550000001,4.090502000000011e-08,245.70746198513496,2.2297208999999896,2.2297208999999896,0.49632502,-0.9797208999999896,1,200,2,5,-2,3,2,8,1,10n,0,4n,8,125,200V_2A_125C
4.7278620939033874e-06,2.061675038004539e-06,6.413537477484074e-07,55.9305267,-72.03473665,6.789537131907926e-06,7.4308908796563336e-06,245.981213,22.9906065,2.6655299999999946e-08,238.58563804786633,0.6712150000000179,0.6712150000000179,0.632014083,0.5787849999999821,0,200,2,5,0,3,2,8,1,10n,1,4n,8,125,200V_2A_125C
6.461704574735567e-06,1.6716910560947006e-06,7.763093247366083e-07,69.7781608,-65.1109196,8.133395630830268e-06,8.909704955566877e-06,254.619063,27.309531500000006,3.540541000000005e-08,241.46419964556537,-1.201862,-1.3606980000000135,-1.201862,2.451862,0,200,2,5,-2,3,2,8,1,10n,1,4n,8,125,200V_2A_125C
1.0102499945901697e-05,1.7731311813633078e-06,1.0736784303922147e-06,102.300673,-48.8496635,1.1875631127265005e-05,1.2949309557657218e-05,248.339536,24.169768000000005,4.025501999999995e-08,196.0745299631284,3.470133000000004,3.470133000000004,1.81601338,-2.220133000000004,1,200,2,5,0,3,2,8,1,15n,0,4n,8,125,200V_2A_125C
6.855692464402832e-06,1.675235465280152e-06,1.4656832098762928e-06,152.585474,-23.707262999999998,8.530927929682984e-06,9.996611139559276e-06,228.681546,14.340772999999999,3.4405010000000006e-08,178.72921084601063,2.0301563000000016,2.0301563000000016,-0.949126999,-0.7801563000000016,1,200,2,5,-2,3,2,8,1,15n,0,4n,8,125,200V_2A_125C
4.727755168201757e-06,1.6848842530036957e-06,1.4025608968148507e-06,141.220539,-29.3897305,6.412639421205453e-06,7.815200318020303e-06,234.035077,17.0175385,3.441379000000009e-08,182.89638733196068,0.696376000000015,0.696376000000015,0.478807077,0.553623999999985,0,200,2,5,0,3,2,8,1,15n,1,4n,8,125,200V_2A_125C
6.456465914833622e-06,1.6695791731663787e-06,1.5111176687574687e-06,154.16609,-22.916955,8.126045088e-06,9.63716275675747e-06,227.677051,13.838525500000003,3.160888000000007e-08,177.86278840448145,-1.3429500000000019,-1.3429500000000019,-1.61048756,2.592950000000002,0,200,2,5,-2,3,2,8,1,15n,1,4n,8,125,200V_2A_125C
1.0012401933366222e-05,1.6725197596071588e-06,1.6640044016290529e-06,203.466934,1.7334670000000045,1.168492169297338e-05,1.3348926094602433e-05,203.862494,1.931246999999999,2.0875000000000033e-08,148.5060763561078,3.4645810000000097,3.4645810000000097,0.0665524322,-2.2145810000000097,1,200,2,5,0,3,2,8,1,25n,0,4n,8,125,200V_2A_125C
7.258317117513543e-06,1.6601501475899315e-06,1.6962383957641044e-06,205.552571,2.7762855,8.918467265103475e-06,1.061470566086758e-05,205.868898,2.9344490000000008,1.787500000000002e-08,165.7163645981388,2.162673499999997,2.162673499999997,-1.9395706,-0.9126734999999968,1,200,2,5,-2,3,2,8,1,25n,0,4n,8,125,200V_2A_125C
4.722082702363675e-06,1.655604085548284e-06,1.6869932425025181e-06,204.202787,2.1013935000000004,6.377686787911958e-06,8.064680030414476e-06,204.202787,2.1013935000000004,1.8618699999999987e-08,163.34158462634454,0.6998640000000194,0.6998640000000194,0.0138667051,0.5501359999999806,0,200,2,5,0,3,2,8,1,25n,1,4n,8,125,200V_2A_125C
6.454977962701044e-06,1.654857803222205e-06,1.732740488250522e-06,205.623593,2.8117965,8.109835765923248e-06,9.84257625417377e-06,205.726887,2.8634435000000025,1.782500000000012e-08,166.10344607794718,-1.3482370000000117,-1.3482370000000117,-1.97323713,2.5982370000000117,0,200,2,5,-2,3,2,8,1,25n,1,4n,8,125,200V_2A_125C
1.0008989488886253e-05,1.6687758259175333e-06,1.6044826065774262e-06,205.44523,2.7226150000000047,1.1677765314803787e-05,1.3282247921381213e-05,205.44523,2.7226150000000047,2.0875000000000033e-08,146.71630223505113,3.4653789999999844,3.4653789999999844,0.00919893615,-2.2153789999999844,1,200,2,5,0,3,2,8,1,35n,0,4n,8,125,200V_2A_125C
7.1685504828660065e-06,1.6512343793777092e-06,1.6235676909200892e-06,207.16415,3.5820750000000032,8.819784862243715e-06,1.0443352553163805e-05,207.16415,3.5820750000000032,1.787500000000002e-08,162.78924911695273,2.1558720000000022,2.1558720000000022,-1.95941608,-0.9058720000000022,1,200,2,5,-2,3,2,8,1,35n,0,4n,8,125,200V_2A_125C
4.713425588559164e-06,1.653942388357445e-06,1.6607789473141402e-06,204.202787,2.1013935000000004,6.367367976916609e-06,8.028146924230749e-06,204.202787,2.1013935000000004,1.8618699999999987e-08,162.0631952990881,0.7010279999999796,0.7010279999999796,0.00838383842,0.5489720000000204,0,200,2,5,0,3,2,8,1,35n,1,4n,8,125,200V_2A_125C
6.441027649511512e-06,1.6484172847327578e-06,1.6855211152465692e-06,206.02578,3.0128899999999987,8.08944493424427e-06,9.77496604949084e-06,206.02578,3.0128899999999987,1.782500000000012e-08,163.6831069214206,-1.3442769999999769,-1.3442769999999769,-1.97355808,2.594276999999977,0,200,2,5,-2,3,2,8,1,35n,1,4n,8,125,200V_2A_125C
4.9663461615493824e-06,6.473907782462712e-06,6.127315721711692e-09,0.432227744,-99.783886128,1.1440253944012095e-05,1.1446381259733806e-05,233.440267,16.720133500000003,1.3328660000000143e-08,259.58152504847124,5.22090226,1.5170530000000042,5.22090226,-3.97090226,1,200,2,5,0,3,2,8,4,5n,0,4n,8,125,200V_2A_125C
5.7980533288915205e-06,1.8206045205463478e-06,4.0140306794446805e-08,4.54641529,-97.726792355,7.618657849437868e-06,7.658798156232315e-06,229.451991,14.725995499999996,2.5262320000000107e-08,253.45286440699235,2.73831097,-0.7587349000000003,2.73831097,-1.4883109700000001,1,200,2,5,-2,3,2,8,4,5n,0,4n,8,125,200V_2A_125C
4.840250094439662e-06,2.199066478657309e-06,6.906991701643985e-09,0.996284832,-99.501857584,7.039316573096971e-06,7.046223564798616e-06,233.59158,16.795789999999997,2.5780990000000107e-08,256.6237263542246,0.917358197,0.47979599999999323,0.917358197,0.332641803,0,200,2,5,0,3,2,8,4,5n,1,4n,8,125,200V_2A_125C
5.800409787192166e-06,1.6509532010491945e-06,3.7987413612761704e-08,5.46485128,-97.26757436,7.451362988241361e-06,7.489350401854122e-06,234.482486,17.241242999999997,2.520454000000015e-08,254.71008351863475,-1.16518772,-1.5550560000000075,-1.16518772,2.41518772,0,200,2,5,-2,3,2,8,4,5n,1,4n,8,125,200V_2A_125C
5.128704298801414e-06,2.7300028631449485e-06,2.884708347869068e-07,23.450784,-88.274608,7.858707161946363e-06,8.147177996733269e-06,222.1389,11.069450000000003,2.2255039999999943e-08,252.17880433013943,3.16150518,1.6715529999999887,3.16150518,-1.9115051799999998,1,200,2,5,0,3,2,8,4,10n,0,4n,8,125,200V_2A_125C
6.605859661339558e-06,1.6731302338055563e-06,7.802889202594545e-07,67.7043446,-66.1478277,8.278989895145115e-06,9.059278815404569e-06,255.829306,27.914653,4.085504000000007e-08,245.1894458663918,0.479606011,-0.6355838000000027,0.479606011,0.770393989,0,200,2,5,-2,3,2,8,4,10n,0,4n,8,125,200V_2A_125C
4.752955391256216e-06,2.0615379014729254e-06,6.456959512770113e-07,55.938519,-72.03074050000001,6.814493292729142e-06,7.4601892440061525e-06,245.97335,22.986675000000005,2.665532000000002e-08,238.58561115434935,0.631877913,0.6083749999999952,0.631877913,0.618122087,0,200,2,5,0,3,2,8,4,10n,1,4n,8,125,200V_2A_125C
6.460860249553626e-06,1.6717329823671522e-06,7.925613361134553e-07,69.7753915,-65.11230425,8.132593231920779e-06,8.925154568034235e-06,254.593197,27.2965985,3.540593000000003e-08,241.45620350013093,-1.20230158,-1.4221670000000017,-1.20230158,2.4523015800000003,0,200,2,5,-2,3,2,8,4,10n,1,4n,8,125,200V_2A_125C
5.114210649848639e-06,1.7691169660688043e-06,1.1092049874360717e-06,102.310413,-48.84479350000001,6.883327615917443e-06,7.992532603353514e-06,247.453423,23.726711499999993,4.020577000000002e-08,195.79922441804888,1.79186546,1.6447349999999972,1.79186546,-0.5418654599999999,1,200,2,5,0,3,2,8,4,15n,0,4n,8,125,200V_2A_125C
6.391183684375606e-06,1.6743309341940432e-06,1.518786050354515e-06,152.550664,-23.724667999999994,8.06551461856965e-06,9.584300668924164e-06,228.57788,14.288939999999998,3.4356230000000087e-08,178.79948669297227,-0.5517690000000073,-0.5517690000000073,-0.953427523,1.8017690000000073,0,200,2,5,-2,3,2,8,4,15n,0,4n,8,125,200V_2A_125C
4.729234257814302e-06,1.6848429885660419e-06,1.4068681179440763e-06,141.21524,-29.392380000000003,6.414077246380344e-06,7.82094536432442e-06,234.028303,17.014151499999997,3.4414049999999976e-08,182.89983966132885,0.6200750000000141,0.6200750000000141,0.478732784,0.6299249999999859,0,200,2,5,0,3,2,8,4,15n,1,4n,8,125,200V_2A_125C
6.45762012107725e-06,1.6695528657408848e-06,1.5272040982517007e-06,154.160045,-22.9199775,8.127172986818135e-06,9.654377085069835e-06,227.67176,13.835880000000001,3.1609160000000027e-08,177.86405607166466,-1.4186510000000112,-1.4186510000000112,-1.61062876,2.668651000000011,0,200,2,5,-2,3,2,8,4,15n,1,4n,8,125,200V_2A_125C
5.10607844700516e-06,1.6717253480332493e-06,1.7059956967028242e-06,203.310812,1.6554059999999993,6.777803795038409e-06,8.483799491741233e-06,203.663391,1.831695499999995,2.0875000000000033e-08,148.4777337014763,1.6528689999999813,1.6528689999999813,0.0647341354,-0.40286899999998127,1,200,2,5,0,3,2,8,4,25n,0,4n,8,125,200V_2A_125C
6.411194428800005e-06,1.65974422215336e-06,1.7508422701739948e-06,205.398156,2.699078,8.070938650953365e-06,9.82178092112736e-06,205.622338,2.8111690000000067,1.787500000000002e-08,165.70102180460606,-0.5641120000000228,-0.5641120000000228,-1.94439455,1.8141120000000228,0,200,2,5,-2,3,2,8,4,25n,0,4n,8,125,200V_2A_125C
4.7213529165821125e-06,1.6556255570167847e-06,1.691713363160381e-06,204.161292,2.0806460000000015,6.3769784735988974e-06,8.068691836759278e-06,204.161292,2.0806460000000015,1.861924000000004e-08,163.33998770058142,0.6180949999999825,0.6180949999999825,0.0141126403,0.6319050000000175,0,200,2,5,0,3,2,8,4,25n,1,4n,8,125,200V_2A_125C
6.4545168523261555e-06,1.6548397704222183e-06,1.7492286357183614e-06,205.599051,2.7995255000000014,8.109356622748374e-06,9.858585258466735e-06,205.697554,2.8487769999999983,1.782500000000012e-08,166.10271990092895,-1.421385999999984,-1.421385999999984,-1.9734203,2.671385999999984,0,200,2,5,-2,3,2,8,4,25n,1,4n,8,125,200V_2A_125C
5.101676664443311e-06,1.668780211864263e-06,1.6750882162011655e-06,204.548966,2.2744830000000036,6.770456876307573e-06,8.44554509250874e-06,204.548966,2.2744830000000036,2.0875000000000033e-08,147.2113419322132,1.651364000000001,1.651364000000001,0.0132611255,-0.40136400000000094,1,200,2,5,0,3,2,8,4,35n,0,4n,8,125,200V_2A_125C
6.405292594916144e-06,1.6514429803252698e-06,1.7006391087506803e-06,206.339007,3.1695035000000047,8.056735575241414e-06,9.757374683992095e-06,206.339007,3.1695035000000047,1.787500000000002e-08,163.21918035603574,-0.5710459999999955,-0.5710459999999955,-1.96084224,1.8210459999999955,0,200,2,5,-2,3,2,8,4,35n,0,4n,8,125,200V_2A_125C
4.7152237730387026e-06,1.653920808229925e-06,1.665435684443155e-06,204.161292,2.0806460000000015,6.3691445812686276e-06,8.034580265711782e-06,204.161292,2.0806460000000015,1.861924000000004e-08,162.05892491343747,0.6186950000000024,0.6186950000000024,0.00836297586,0.6313049999999976,0,200,2,5,0,3,2,8,4,35n,1,4n,8,125,200V_2A_125C
6.445508839640551e-06,1.648411809488176e-06,1.7020381969553295e-06,205.992109,2.9960544999999996,8.093920649128727e-06,9.795958846084058e-06,205.992109,2.9960544999999996,1.782500000000012e-08,163.68321570664162,-1.4214560000000063,-1.4214560000000063,-1.97362396,2.6714560000000063,0,200,2,5,-2,3,2,8,4,35n,1,4n,8,125,200V_2A_125C
4.8545924715446265e-06,6.473703809070182e-06,1.135831125684596e-08,0.432139375,-99.78393031249999,1.132829628061481e-05,1.1339654591871655e-05,233.439555,16.719777500000006,1.3377359999999984e-08,259.5838034469186,5.22078085,1.1051490000000115,5.22078085,-3.9707808499999997,1,200,2,5,0,3,2,8,8,5n,0,4n,8,125,200V_2A_125C
6.2123591029552305e-06,1.8204914267543678e-06,4.480227463415132e-08,4.54676021,-97.726619895,8.032850529709598e-06,8.07765280434375e-06,229.457704,14.728852000000003,2.5262700000000003e-08,253.44589293577468,2.73717238,-1.1414359999999988,2.73717238,-1.48717238,1,200,2,5,-2,3,2,8,8,5n,0,4n,8,125,200V_2A_125C
4.727748010447634e-06,2.1991182001801006e-06,1.1917053961953109e-08,0.996245667,-99.5018771665,6.926866210627734e-06,6.938783264589687e-06,233.591783,16.795891499999996,2.5781000000000143e-08,256.6246754110246,0.917347289,0.5674240000000168,0.917347289,0.33265271100000005,0,200,2,5,0,3,2,8,8,5n,1,4n,8,125,200V_2A_125C
6.191148652792869e-06,1.6509517609706444e-06,4.258540782588855e-08,5.46499864,-97.26750068,7.842100413763513e-06,7.884685821589402e-06,234.481496,17.240747999999996,2.520456000000001e-08,254.70857815335435,-1.16525487,-1.5646230000000116,-1.16525487,2.41525487,0,200,2,5,-2,3,2,8,8,5n,1,4n,8,125,200V_2A_125C
4.769200097498136e-06,2.7292517798922433e-06,2.948604004179101e-07,23.451029,-88.2744855,7.498451877390379e-06,7.793312277808289e-06,222.208947,11.104473499999997,2.22465600000001e-08,252.21087011435966,3.15787686,1.1209360000000004,3.15787686,-1.90787686,1,200,2,5,0,3,2,8,8,10n,0,4n,8,125,200V_2A_125C
6.465048956211855e-06,1.6731926277177096e-06,7.87325089442284e-07,67.6997725,-66.15011375,8.138241583929564e-06,8.925566673371847e-06,255.629634,27.814817,4.085506000000014e-08,245.06050034514558,0.475734982,-0.9522029999999972,0.475734982,0.774265018,0,200,2,5,-2,3,2,8,8,10n,0,4n,8,125,200V_2A_125C
4.723889041027744e-06,2.0614513905510637e-06,6.511747018782956e-07,55.9462693,-72.02686535000001,6.785340431578808e-06,7.4365151334571035e-06,245.967362,22.983681000000004,2.6655350000000128e-08,238.5855430305991,0.631775589,0.5416179999999997,0.631775589,0.618224411,0,200,2,5,0,3,2,8,8,10n,1,4n,8,125,200V_2A_125C
6.469947104860697e-06,1.671778178841072e-06,7.996180847310748e-07,69.7723571,-65.11382145,8.141725283701768e-06,8.941343368432843e-06,254.567171,27.2835855,3.540649999999998e-08,241.44915788720422,-1.20274821,-1.5079159999999945,-1.20274821,2.45274821,0,200,2,5,-2,3,2,8,8,10n,1,4n,8,125,200V_2A_125C
4.757891922838454e-06,1.7681412781517187e-06,1.1156557228704287e-06,102.308603,-48.8456985,6.526033200990173e-06,7.641688923860601e-06,247.240313,23.620156499999993,4.0206660000000074e-08,195.7359591598149,1.78605832,1.135801000000015,1.78605832,-0.53605832,1,200,2,5,0,3,2,8,8,15n,0,4n,8,125,200V_2A_125C
6.44796167893209e-06,1.6740587097899582e-06,1.5245919583071981e-06,152.530184,-23.734908000000004,8.122020388722048e-06,9.646612347029246e-06,228.53997,14.269985000000005,3.435763000000008e-08,178.81775759333874,-0.955537992,-0.9591210000000103,-0.955537992,2.205537992,0,200,2,5,-2,3,2,8,8,15n,0,4n,8,125,200V_2A_125C
4.7257953649179316e-06,1.6848079853507722e-06,1.4122166531922205e-06,141.209111,-29.395444499999993,6.410603350268704e-06,7.822820003460925e-06,234.022524,17.011262000000002,3.441431000000007e-08,182.9032134077125,0.5379420000000152,0.5379420000000152,0.478671344,0.7120579999999848,0,200,2,5,0,3,2,8,8,15n,1,4n,8,125,200V_2A_125C
6.456719631020209e-06,1.6695232518146916e-06,1.5339559619447599e-06,154.153251,-22.923374499999994,8.1262428828349e-06,9.66019884477966e-06,227.664792,13.832396000000003,3.1609460000000056e-08,177.86475920279693,-1.498424,-1.498424,-1.6107956,2.748424,0,200,2,5,-2,3,2,8,8,15n,1,4n,8,125,200V_2A_125C
4.753701794238612e-06,1.6711973181660549e-06,1.7131739033626758e-06,203.220049,1.6100244999999944,6.424899112404667e-06,8.138073015767343e-06,203.501587,1.7507935000000003,2.0875000000000033e-08,148.4600724517739,1.1345159999999908,1.1345159999999908,0.0624566216,0.11548400000000925,0,200,2,5,0,3,2,8,8,25n,0,4n,8,125,200V_2A_125C
6.4334432357963706e-06,1.659503929099968e-06,1.7574169828317826e-06,205.354415,2.6772074999999944,8.09294716489634e-06,9.850364147728122e-06,205.473524,2.736761999999999,1.787500000000002e-08,165.69697012395383,-0.947671999999983,-0.947671999999983,-1.94678849,2.197671999999983,0,200,2,5,-2,3,2,8,8,25n,0,4n,8,125,200V_2A_125C
4.723411626176643e-06,1.6556560129675945e-06,1.6973507969942831e-06,204.119734,2.059866999999997,6.3790676391442375e-06,8.07641843613852e-06,204.119734,2.059866999999997,1.8619780000000093e-08,163.3350050096432,0.5341949999999827,0.5341949999999827,0.01440638,0.7158050000000173,0,200,2,5,0,3,2,8,8,25n,1,4n,8,125,200V_2A_125C
6.445105877858131e-06,1.6548219816411832e-06,1.7561012675058577e-06,205.573908,2.7869539999999944,8.099927859499315e-06,9.856029127005172e-06,205.667369,2.833684500000004,1.782500000000012e-08,166.10177583983995,-1.4972429999999974,-1.4972429999999974,-1.97361582,2.7472429999999974,0,200,2,5,-2,3,2,8,8,25n,1,4n,8,125,200V_2A_125C
4.7489861111367694e-06,1.6687442314788244e-06,1.6850439825123847e-06,204.230199,2.1150994999999995,6.417730342615594e-06,8.102774325127978e-06,204.230199,2.1150994999999995,2.0875000000000033e-08,147.21409800694096,1.1332719999999767,1.1332719999999767,0.0122042379,0.11672800000002326,0,200,2,5,0,3,2,8,8,35n,0,4n,8,125,200V_2A_125C
6.4319119758369805e-06,1.651395178383544e-06,1.7093578293766572e-06,206.122637,3.0613184999999987,8.083307154220524e-06,9.792664983597181e-06,206.122637,3.0613184999999987,1.787500000000002e-08,163.24725550685665,-0.9563520000000096,-0.9563520000000096,-1.96118834,2.2063520000000096,0,200,2,5,-2,3,2,8,8,35n,0,4n,8,125,200V_2A_125C
4.717146598886479e-06,1.653898377052792e-06,1.671002730626227e-06,204.119734,2.059866999999997,6.371044975939271e-06,8.042047706565498e-06,204.119734,2.059866999999997,1.8619780000000093e-08,162.05430338783214,0.53523899999999,0.53523899999999,0.00836525665,0.71476100000001,0,200,2,5,0,3,2,8,8,35n,1,4n,8,125,200V_2A_125C
6.440117678288899e-06,1.6483014862457516e-06,1.7090103953526139e-06,205.95763,2.9788149999999973,8.08841916453465e-06,9.797429559887263e-06,205.95763,2.9788149999999973,1.782500000000012e-08,163.69125999172675,-1.49960200000001,-1.49960200000001,-1.97365987,2.74960200000001,0,200,2,5,-2,3,2,8,8,35n,1,4n,8,125,200V_2A_125C
2.673117555603952e-05,1.98544042713081e-06,2.5843262403317405e-07,22.1044094,-88.9477953,2.871661598317033e-05,2.8975048607203504e-05,228.476142,14.238071000000005,1.646841000000015e-08,230.20226068948415,5.019021000000009,5.019021000000009,1.40150179,-3.7690210000000093,1,200,2,5,0,3,8,8,1,5n,0,4n,8,125,200V_2A_125C
1.0147285166036856e-05,1.6411395694544079e-06,3.258873683617314e-07,29.5637666,-85.2181167,1.1788424735491264e-05,1.2114312103852995e-05,246.359095,23.179547499999998,3.051529999999998e-08,234.0570946015348,4.008509000000004,4.008509000000004,-0.566412519,-2.7585090000000037,1,200,2,5,-2,3,8,8,1,5n,0,4n,8,125,200V_2A_125C
4.508213070808468e-06,2.1930676424283864e-06,2.584378632258504e-07,22.1261198,-88.93694009999999,6.7012807132368545e-06,6.9597185764627045e-06,227.840648,13.920323999999994,7.970270000000117e-09,228.0313572930131,1.3285689999999875,1.3285689999999875,0.591128433,-0.07856899999998745,1,200,2,5,0,3,8,8,1,5n,1,4n,8,125,200V_2A_125C
4.872018734123025e-06,1.6485197977130631e-06,3.2773569999687806e-07,29.589535,-85.20523250000001,6.520538531836088e-06,6.848274231832967e-06,245.419607,22.709803500000007,2.7765669999999953e-08,232.8238919280488,-0.3265580000000057,-0.3265580000000057,-1.39169705,1.5765580000000057,0,200,2,5,-2,3,8,8,1,5n,1,4n,8,125,200V_2A_125C
1.4287054647686694e-05,1.7404970376706378e-06,1.0433683567414565e-06,99.5918944,-50.2040528,1.602755168535733e-05,1.707092004209879e-05,249.998306,24.999153000000007,3.5205060000000036e-08,213.2001129773578,4.084326000000004,4.084326000000004,1.00738088,-2.8343260000000043,1,200,2,5,0,3,8,8,1,10n,0,4n,8,125,200V_2A_125C
5.899802788656143e-06,1.6713030689807857e-06,1.1235855033346387e-06,109.922878,-45.038561,7.571105857636929e-06,8.694691360971568e-06,250.329855,25.164927500000005,3.530502000000011e-08,205.53324196141824,2.2284640000000024,2.2284640000000024,-0.960337972,-0.9784640000000024,1,200,2,5,-2,3,8,8,1,10n,0,4n,8,125,200V_2A_125C
4.726078051901665e-06,2.020312473436181e-06,1.0597278116706546e-06,99.6401396,-50.1799302,6.7463905253378464e-06,7.806118337008501e-06,248.540486,24.27024299999999,2.9305360000000045e-08,208.0684368477639,0.6712520000000097,0.6712520000000097,0.554453487,0.5787479999999903,0,200,2,5,0,3,8,8,1,10n,1,4n,8,125,200V_2A_125C
6.4591955676105655e-06,1.6700700617903932e-06,1.1459388943082778e-06,109.933817,-45.0330915,8.129265629400958e-06,9.275204523709236e-06,249.352502,24.676250999999993,3.520509999999997e-08,204.16588828144882,-1.3609220000000164,-1.3609220000000164,-1.41508986,2.6109220000000164,0,200,2,5,-2,3,8,8,1,10n,1,4n,8,125,200V_2A_125C
1.0090470461984252e-05,1.6571115823247057e-06,1.5734298244100303e-06,178.634264,-10.682868,1.1747582044308957e-05,1.3321011868718988e-05,211.310912,5.655456000000002,1.7408130000000094e-08,167.10510524746067,3.4697949999999764,3.4697949999999764,0.217175919,-2.2197949999999764,1,200,2,5,0,3,8,8,1,15n,0,4n,8,125,200V_2A_125C
6.850646672841697e-06,1.651942351489343e-06,1.6166543604168598e-06,185.499553,-7.250223500000004,8.50258902433104e-06,1.01192433847479e-05,207.637693,3.8188465000000065,1.5455019999999995e-08,163.31076668121423,2.0294913999999977,2.0294913999999977,-1.86118352,-0.7794913999999977,1,200,2,5,-2,3,8,8,1,15n,0,4n,8,125,200V_2A_125C
4.7249992741603715e-06,1.6565445493893072e-06,1.60536599408157e-06,178.578396,-10.710802000000001,6.381543823549679e-06,7.986909817631249e-06,211.700421,5.850210500000003,1.7368680000000138e-08,167.24428525326243,0.6963970000000188,0.6963970000000188,0.126961502,0.5536029999999812,0,200,2,5,0,3,8,8,1,15n,1,4n,8,125,200V_2A_125C
6.452925751331772e-06,1.6517734502754497e-06,1.6529478789514517e-06,185.413207,-7.2933965,8.104699201607222e-06,9.757647080558674e-06,207.818211,3.9091054999999955,1.5462120000000127e-08,163.33133287842634,-1.343053999999995,-1.343053999999995,-1.91954995,2.593053999999995,0,200,2,5,-2,3,8,8,1,15n,1,4n,8,125,200V_2A_125C
9.996913694171865e-06,1.6554108906319922e-06,1.6030700251827702e-06,205.917645,2.9588224999999966,1.1652324584803858e-05,1.3255394609986629e-05,205.917645,2.9588224999999966,1.597500000000009e-08,165.25280801370369,3.4641409999999837,3.4641409999999837,0.0308015952,-2.2141409999999837,1,200,2,5,0,3,8,8,1,25n,0,4n,8,125,200V_2A_125C
7.253747663125262e-06,1.6538365018312838e-06,1.646990132386818e-06,206.605393,3.302696499999996,8.907584164956546e-06,1.0554574297343365e-05,206.605393,3.302696499999996,1.5375000000000043e-08,162.7006519013744,2.162198200000006,2.162198200000006,-1.94065991,-0.912198200000006,1,200,2,5,-2,3,8,8,1,25n,0,4n,8,125,200V_2A_125C
4.7188503921584395e-06,1.6537509401241234e-06,1.6632193573395489e-06,204.345424,2.172712000000004,6.372601332282563e-06,8.035820689622113e-06,204.345424,2.172712000000004,1.597500000000009e-08,165.21896535053804,0.6999219999999866,0.6999219999999866,0.0125202864,0.5500780000000134,0,200,2,5,0,3,8,8,1,25n,1,4n,8,125,200V_2A_125C
6.451141303974472e-06,1.6521203292960028e-06,1.6912750222849652e-06,205.752362,2.8761810000000025,8.103261633270475e-06,9.794536655555442e-06,205.752362,2.8761810000000025,1.542499999999994e-08,162.74043109657205,-1.3482009999999889,-1.3482009999999889,-1.97502569,2.598200999999989,0,200,2,5,-2,3,8,8,1,25n,1,4n,8,125,200V_2A_125C
9.993542758191163e-06,1.6526974106785272e-06,1.5659824043447264e-06,205.917645,2.9588224999999966,1.164624016886969e-05,1.3212222573214418e-05,205.917645,2.9588224999999966,1.597500000000009e-08,163.96704783376438,3.464946999999995,3.464946999999995,0.0185361783,-2.214946999999995,1,200,2,5,0,3,8,8,1,35n,0,4n,8,125,200V_2A_125C
7.163689870709222e-06,1.6460493633322764e-06,1.5800688851269235e-06,206.969766,3.4848829999999964,8.809739234041498e-06,1.0389808119168422e-05,206.969766,3.4848829999999964,1.5375000000000043e-08,160.30062022884118,2.155378799999994,2.155378799999994,-1.97260054,-0.905378799999994,1,200,2,5,-2,3,8,8,1,35n,0,4n,8,125,200V_2A_125C
4.710286345313977e-06,1.6520670828162334e-06,1.6368137046875666e-06,204.345424,2.172712000000004,6.3623534281302105e-06,7.999167132817777e-06,204.345424,2.172712000000004,1.597500000000009e-08,164.10349427634867,0.7010039999999833,0.7010039999999833,0.00992898136,0.5489960000000167,0,200,2,5,0,3,8,8,1,35n,1,4n,8,125,200V_2A_125C
6.437309351653413e-06,1.6460510690840037e-06,1.644699140763531e-06,205.752362,2.8761810000000025,8.083360420737416e-06,9.728059561500947e-06,205.752362,2.8761810000000025,1.542499999999994e-08,160.67939768372636,-1.344368000000003,-1.344368000000003,-1.98182522,2.594368000000003,0,200,2,5,-2,3,8,8,1,35n,1,4n,8,125,200V_2A_125C
4.964753409990895e-06,1.980996607245136e-06,2.6075270681073856e-07,22.1057321,-88.94713395,6.945750017236031e-06,7.2065027240467694e-06,228.314094,14.157047000000007,1.651878000000012e-08,230.17327305712558,1.5169549999999958,1.5169549999999958,1.39499006,-0.26695499999999583,1,200,2,5,0,3,8,8,4,5n,0,4n,8,125,200V_2A_125C
5.800420702527025e-06,1.6411483400697566e-06,3.351845492552894e-07,29.5721016,-85.2139492,7.4415690425967815e-06,7.77675359185207e-06,246.026552,23.013276000000005,3.0515119999999964e-08,233.7951768532997,-0.573091329,-0.7584632999999954,-0.573091329,1.823091329,0,200,2,5,-2,3,8,8,4,5n,0,4n,8,125,200V_2A_125C
4.839498905314317e-06,2.193166504245175e-06,2.602549452094636e-07,22.1265065,-88.93674675,7.032665409559492e-06,7.292920354768956e-06,227.842324,13.921161999999995,7.970450000000135e-09,228.03319149075438,0.591198854,0.47985700000000975,0.591198854,0.658801146,0,200,2,5,0,3,8,8,4,5n,1,4n,8,125,200V_2A_125C
5.7988116011566125e-06,1.6485179012264039e-06,3.34762942276591e-07,29.5899802,-85.2050099,7.447329502383017e-06,7.782092444659608e-06,245.412672,22.706335999999993,2.7765739999999995e-08,232.8192642907767,-1.3917654,-1.554994999999991,-1.3917654,2.6417653999999997,0,200,2,5,-2,3,8,8,4,5n,1,4n,8,125,200V_2A_125C
5.125728501786438e-06,1.734497025786108e-06,1.0639385800584604e-06,99.5990326,-50.20048369999999,6.860225527572546e-06,7.924164107631005e-06,249.07179,24.535894999999996,3.515516000000008e-08,212.9560508181074,1.6715770000000134,1.6715770000000134,0.991858946,-0.4215770000000134,1,200,2,5,0,3,8,8,4,10n,0,4n,8,125,200V_2A_125C
6.603267396635018e-06,1.6715596424727818e-06,1.1628409674112747e-06,109.924309,-45.0378455,8.2748270391078e-06,9.437668006519076e-06,249.640921,24.820460499999996,3.525505000000011e-08,205.2289865536283,-0.6357294000000024,-0.6357294000000024,-0.973253728,1.8857294000000024,0,200,2,5,-2,3,8,8,4,10n,0,4n,8,125,200V_2A_125C
4.751089848836785e-06,2.020074352633375e-06,1.0639773347523788e-06,99.6412144,-50.1793928,6.77116420147016e-06,7.835141536222538e-06,248.530146,24.265073,2.9305389999999942e-08,208.06572430561872,0.6084549999999922,0.6084549999999922,0.554341814,0.6415450000000078,0,200,2,5,0,3,8,8,4,10n,1,4n,8,125,200V_2A_125C
6.458629669890363e-06,1.670071623363151e-06,1.1621120351841793e-06,109.933887,-45.0330565,8.128701293253515e-06,9.290813328437694e-06,249.343302,24.671650999999997,3.520509999999997e-08,204.16173067997568,-1.41520262,-1.422109000000006,-1.41520262,2.66520262,0,200,2,5,-2,3,8,8,4,10n,1,4n,8,125,200V_2A_125C
5.109015736376319e-06,1.6563101791176756e-06,1.6090000469742996e-06,178.589816,-10.705091999999993,6.765325915493995e-06,8.374325962468295e-06,211.497081,5.748540500000003,1.736552000000011e-08,167.22301587891508,1.6453389999999786,1.6453389999999786,0.220968415,-0.39533899999997857,1,200,2,5,0,3,8,8,4,15n,0,4n,8,125,200V_2A_125C
6.387639894357618e-06,1.6516685920108249e-06,1.6705396177127524e-06,185.444364,-7.277817999999996,8.039308486368442e-06,9.709848104081194e-06,207.718122,3.859060999999997,1.5459840000000115e-08,163.3323067537309,-0.5515059999999892,-0.5515059999999892,-1.85947525,1.8015059999999892,0,200,2,5,-2,3,8,8,4,15n,0,4n,8,125,200V_2A_125C
4.726479466095222e-06,1.6565351915017487e-06,1.609673229865515e-06,178.576277,-10.711861499999998,6.383014657596971e-06,7.992687887462485e-06,211.711824,5.855912000000003,1.736885000000012e-08,167.24719726710916,0.6200460000000021,0.6200460000000021,0.127112746,0.6299539999999979,0,200,2,5,0,3,8,8,4,15n,1,4n,8,125,200V_2A_125C
6.4542738531404644e-06,1.651768879988467e-06,1.6689721068827446e-06,185.411118,-7.294441000000006,8.106042733128932e-06,9.775014840011676e-06,207.823014,3.9115070000000003,1.546226e-08,163.3320093793758,-1.4186739999999816,-1.4186739999999816,-1.91948707,2.6686739999999816,0,200,2,5,-2,3,8,8,4,15n,1,4n,8,125,200V_2A_125C
5.0997905581078185e-06,1.6540552655921715e-06,1.6613712662284306e-06,205.067553,2.533776500000002,6.75384582369999e-06,8.415217089928421e-06,205.067553,2.533776500000002,1.597500000000009e-08,165.29465067058538,1.653144999999995,1.653144999999995,0.0222209446,-0.403144999999995,1,200,2,5,0,3,8,8,4,25n,0,4n,8,125,200V_2A_125C
6.407499300884658e-06,1.6529695321740952e-06,1.7059965929079585e-06,206.145119,3.072559499999997,8.060468833058753e-06,9.766465425966711e-06,206.145119,3.072559499999997,1.542499999999994e-08,162.7339630472126,-0.5647749999999974,-0.5647749999999974,-1.95470002,1.8147749999999974,0,200,2,5,-2,3,8,8,4,25n,0,4n,8,125,200V_2A_125C
4.718183538796915e-06,1.653728530652857e-06,1.6678423999335562e-06,204.296866,2.148432999999997,6.371912069449772e-06,8.03975446938333e-06,204.296866,2.148432999999997,1.597500000000009e-08,165.21869150990284,0.6180940000000135,0.6180940000000135,0.0124092388,0.6319059999999865,0,200,2,5,0,3,8,8,4,25n,1,4n,8,125,200V_2A_125C
6.450542017947327e-06,1.652116752268951e-06,1.7078330739711936e-06,205.725877,2.8629384999999985,8.102658770216278e-06,9.810491844187471e-06,205.725877,2.8629384999999985,1.542499999999994e-08,162.73957312445071,-1.421465999999981,-1.421465999999981,-1.9750512,2.671465999999981,0,200,2,5,-2,3,8,8,4,25n,1,4n,8,125,200V_2A_125C
5.095133683454881e-06,1.6527472417277307e-06,1.6355630786220345e-06,205.067553,2.533776500000002,6.747880925182612e-06,8.383444003804647e-06,205.067553,2.533776500000002,1.597500000000009e-08,164.18737607412012,1.6518450000000087,1.6518450000000087,0.0185198223,-0.40184500000000867,1,200,2,5,0,3,8,8,4,35n,0,4n,8,125,200V_2A_125C
6.401221088505176e-06,1.6459049071234486e-06,1.658528218347045e-06,206.145119,3.072559499999997,8.047125995628625e-06,9.70565421397567e-06,206.145119,3.072559499999997,1.542499999999994e-08,160.6650733281421,-0.5707669999999894,-0.5707669999999894,-1.97116779,1.8207669999999894,0,200,2,5,-2,3,8,8,4,35n,0,4n,8,125,200V_2A_125C
4.712017622482338e-06,1.6520643349127968e-06,1.641441460462464e-06,204.296866,2.148432999999997,6.364081957395135e-06,8.005523417857598e-06,204.296866,2.148432999999997,1.597500000000009e-08,164.09785350654525,0.6187130000000138,0.6187130000000138,0.00980392175,0.6312869999999862,0,200,2,5,0,3,8,8,4,35n,1,4n,8,125,200V_2A_125C
6.441677809989131e-06,1.6460396895588741e-06,1.6611628201990577e-06,205.725877,2.8629384999999985,8.087717499548005e-06,9.748880319747063e-06,205.725877,2.8629384999999985,1.542499999999994e-08,160.67891435502955,-1.421449999999993,-1.421449999999993,-1.98175834,2.671449999999993,0,200,2,5,-2,3,8,8,4,35n,1,4n,8,125,200V_2A_125C
4.851626303436314e-06,1.97986478034244e-06,2.6588154715756994e-07,22.1075526,-88.9462237,6.831491083778754e-06,7.097372630936324e-06,228.274119,14.137059500000007,1.6519390000000002e-08,230.16874571532196,1.39332454,1.106084999999979,1.39332454,-0.14332454000000006,1,200,2,5,0,3,8,8,8,5n,0,4n,8,125,200V_2A_125C
6.210148965989865e-06,1.6411435847259193e-06,3.397758194713088e-07,29.5733963,-85.21330185,7.851292550715784e-06,8.191068370187092e-06,245.921839,22.960919500000003,3.0515289999999946e-08,233.7171137204202,-0.57526348,-1.1417869999999937,-0.57526348,1.82526348,0,200,2,5,-2,3,8,8,8,5n,0,4n,8,125,200V_2A_125C
4.727031442499207e-06,2.193307052262457e-06,2.6520722473354373e-07,22.1268047,-88.93659765000001,6.920338494761664e-06,7.185545719495207e-06,227.844992,13.922495999999997,7.97062999999994e-09,228.03537726527207,0.591293341,0.5674950000000081,0.591293341,0.658706659,0,200,2,5,0,3,8,8,8,5n,1,4n,8,125,200V_2A_125C
6.189701132636723e-06,1.648516031724975e-06,3.3934418549579026e-07,29.5904243,-85.20478784999999,7.838217164361697e-06,8.177561349857487e-06,245.406584,22.703292000000005,2.7765810000000037e-08,232.81525414371234,-1.39182305,-1.5646830000000023,-1.39182305,2.64182305,0,200,2,5,-2,3,8,8,8,5n,1,4n,8,125,200V_2A_125C
4.766302473710544e-06,1.7332189218258272e-06,1.0702344509246266e-06,99.6038698,-50.1980651,6.499521395536372e-06,7.569755846460999e-06,248.851397,24.425698499999996,3.515524999999998e-08,212.90287034334463,1.1213999999999942,1.1213999999999942,0.987998935,0.12860000000000582,0,200,2,5,0,3,8,8,8,10n,0,4n,8,125,200V_2A_125C
6.4626977044192425e-06,1.6716224294942663e-06,1.1697341235004038e-06,109.922191,-45.0389045,8.13432013391351e-06,9.304054257413913e-06,249.516364,24.758182000000005,3.525506999999997e-08,205.16268782581494,-0.951911999999993,-0.951911999999993,-0.975749566,2.201911999999993,0,200,2,5,-2,3,8,8,8,10n,0,4n,8,125,200V_2A_125C
4.722177887574785e-06,2.019898560335066e-06,1.0693209171882074e-06,99.6420549,-50.17897255,6.742076447909851e-06,7.811397365098058e-06,248.522507,24.261253499999995,2.9305430000000087e-08,208.0627819330881,0.554253385,0.5416499999999758,0.554253385,0.695746615,0,200,2,5,0,3,8,8,8,10n,1,4n,8,125,200V_2A_125C
6.4671485337835225e-06,1.6700743796482024e-06,1.1690056100682092e-06,109.933895,-45.0330525,8.137222913431725e-06,9.306228523499935e-06,249.334893,24.667446499999997,3.5205110000000005e-08,204.15789219815835,-1.41530541,-1.507914999999997,-1.41530541,2.66530541,0,200,2,5,-2,3,8,8,8,10n,1,4n,8,125,200V_2A_125C
4.753283647640843e-06,1.6560993158786748e-06,1.6155084650175371e-06,178.576073,-10.711963499999998,6.409382963519518e-06,8.024891428537055e-06,211.570443,5.785221500000006,1.7367490000000056e-08,167.25601474220653,1.1358429999999942,1.1358429999999942,0.222389529,0.11415700000000584,0,200,2,5,0,3,8,8,8,15n,0,4n,8,125,200V_2A_125C
6.444243880018477e-06,1.651595632444315e-06,1.6763994214113997e-06,185.426942,-7.286529000000002,8.095839512462792e-06,9.772238933874192e-06,207.754501,3.8772505000000024,1.5461250000000148e-08,163.33894896912463,-0.9585250000000087,-0.9585250000000087,-1.85871963,2.2085250000000087,0,200,2,5,-2,3,8,8,8,15n,0,4n,8,125,200V_2A_125C
4.723060612231924e-06,1.6565268396576866e-06,1.6149834521876463e-06,178.573808,-10.713095999999993,6.379587451889611e-06,7.994570904077258e-06,211.725223,5.862611500000001,1.7369000000000028e-08,167.24992529762974,0.537889999999976,0.537889999999976,0.127278574,0.712110000000024,0,200,2,5,0,3,8,8,8,15n,1,4n,8,125,200V_2A_125C
6.453532278921822e-06,1.6517649862513262e-06,1.675787235616371e-06,185.408903,-7.295548499999995,8.105297265173148e-06,9.781084500789519e-06,207.828096,3.914047999999994,1.5462400000000084e-08,163.33264230542406,-1.4984599999999944,-1.4984599999999944,-1.91942017,2.7484599999999944,0,200,2,5,-2,3,8,8,8,15n,1,4n,8,125,200V_2A_125C
4.747907261585077e-06,1.6541588355860064e-06,1.6718990844098425e-06,204.713961,2.356980500000006,6.402066097171083e-06,8.073965181580925e-06,204.713961,2.356980500000006,1.597500000000009e-08,165.25370379676613,1.134555999999975,1.134555999999975,0.0216871852,0.11544400000002497,0,200,2,5,0,3,8,8,8,25n,0,4n,8,125,200V_2A_125C
6.430027863972604e-06,1.6527533227620291e-06,1.713899386030771e-06,205.935126,2.9675629999999984,8.082781186734633e-06,9.796680572765404e-06,205.935126,2.9675629999999984,1.542499999999994e-08,162.739425472978,-0.9483459999999866,-0.9483459999999866,-1.95762926,2.1983459999999866,0,200,2,5,-2,3,8,8,8,25n,0,4n,8,125,200V_2A_125C
4.72023638550062e-06,1.6537026184152972e-06,1.6733766795310208e-06,204.248299,2.1241495000000015,6.373939003915916e-06,8.047315683446937e-06,204.248299,2.1241495000000015,1.597500000000009e-08,165.20901461297055,0.5341979999999751,0.5341979999999751,0.0122854808,0.7158020000000249,0,200,2,5,0,3,8,8,8,25n,1,4n,8,125,200V_2A_125C
6.441512719282263e-06,1.6521154809962453e-06,1.7147971488873165e-06,205.699551,2.849775500000007,8.093628200278508e-06,9.808425349165823e-06,205.699551,2.849775500000007,1.542499999999994e-08,162.73857774792504,-1.497370999999987,-1.497370999999987,-1.97505659,2.747370999999987,0,200,2,5,-2,3,8,8,8,25n,1,4n,8,125,200V_2A_125C
4.742918828278338e-06,1.6525471431373183e-06,1.6454662817939512e-06,204.713961,2.356980500000006,6.3954659714156555e-06,8.040932253209607e-06,204.713961,2.356980500000006,1.597500000000009e-08,164.13690183426132,1.1336660000000052,1.1336660000000052,0.0179474436,0.11633399999999483,0,200,2,5,0,3,8,8,8,35n,0,4n,8,125,200V_2A_125C
6.427516504624488e-06,1.6458370248650252e-06,1.6671811080338017e-06,205.935126,2.9675629999999984,8.073353529489514e-06,9.740534637523316e-06,205.935126,2.9675629999999984,1.542499999999994e-08,160.67748097679385,-0.9558769999999868,-0.9558769999999868,-1.97078261,2.2058769999999868,0,200,2,5,-2,3,8,8,8,35n,0,4n,8,125,200V_2A_125C
4.713918537480412e-06,1.6520608133455006e-06,1.6469802029272504e-06,204.248299,2.1241495000000015,6.3659793508259126e-06,8.012959553753163e-06,204.248299,2.1241495000000015,1.597500000000009e-08,164.09212544055092,0.5352550000000065,0.5352550000000065,0.009656636,0.7147449999999935,0,200,2,5,0,3,8,8,8,35n,1,4n,8,125,200V_2A_125C
6.439345803395584e-06,1.646027970145435e-06,1.668111568997041e-06,205.699551,2.849775500000007,8.085373773541018e-06,9.753485342538058e-06,205.699551,2.849775500000007,1.542499999999994e-08,160.67830165820484,-1.499561,-1.499561,-1.98168478,2.749561,0,200,2,5,-2,3,8,8,8,35n,1,4n,8,125,200V_2A_125C
2.7343827670194922e-05,6.470216941819022e-06,3.6125202089478124e-09,0.432242729,-99.7838786355,3.3814044612013944e-05,3.3817657132222896e-05,233.428443,16.714221499999994,1.3335259999999944e-08,259.5745194149352,5.448467000000022,5.448467000000022,5.21882957,-4.198467000000022,1,200,2,5,0,4,2,8,1,5n,0,4n,8,125,200V_2A_125C
1.0806164557335804e-05,1.8208302915751844e-06,3.175995531067739e-08,4.54583926,-97.72708037000001,1.2626994848910989e-05,1.2658754804221667e-05,229.437384,14.718692000000006,2.5261310000000043e-08,253.46980875628313,4.518360000000001,4.518360000000001,2.74078889,-3.2683600000000013,1,200,2,5,-2,4,2,8,1,5n,0,4n,8,125,200V_2A_125C
4.3721926747916486e-06,2.1990185366452277e-06,5.0379016332884885e-09,0.996395316,-99.501802342,6.571211211436877e-06,6.576249113070165e-06,233.590821,16.795410500000003,2.578098000000007e-08,256.6227059602414,1.3286010000000203,1.3286010000000203,0.917354052,-0.07860100000002035,1,200,2,5,0,4,2,8,1,5n,1,4n,8,125,200V_2A_125C
4.672887118143736e-06,1.6509548947183966e-06,3.0945490441135825e-08,5.46492945,-97.26753527500001,6.323842012862133e-06,6.354787503303269e-06,234.483522,17.241760999999997,2.5204530000000115e-08,254.71164604873744,-0.3265410000000202,-0.3265410000000202,-1.16510868,1.5765410000000202,0,200,2,5,-2,4,2,8,1,5n,1,4n,8,125,200V_2A_125C
1.4407829251545393e-05,2.7307005929661855e-06,2.679072091273519e-07,23.4464629,-88.27676855,1.713852984451158e-05,1.7406437053638932e-05,221.987439,10.993719499999997,2.2255020000000082e-08,252.12293190878123,4.486159000000015,4.486159000000015,3.17478381,-3.236159000000015,1,200,2,5,0,4,2,8,1,10n,0,4n,8,125,200V_2A_125C
5.810888475496683e-06,1.67285434957712e-06,7.418945175284868e-07,67.7078938,-66.1460531,7.483742825073803e-06,8.22563734260229e-06,256.587549,28.293774500000012,4.090502000000011e-08,245.70660112450236,2.4961414000000133,2.4961414000000133,0.496294912,-1.2461414000000133,1,200,2,5,-2,4,2,8,1,10n,0,4n,8,125,200V_2A_125C
4.621788644574353e-06,2.0616733014498568e-06,6.413632163591874e-07,55.9314562,-72.0342719,6.68346194602421e-06,7.324825162383398e-06,245.981635,22.990817500000006,2.6655299999999946e-08,238.585433996209,0.7987129999999922,0.7987129999999922,0.632018262,0.45128700000000777,0,200,2,5,0,4,2,8,1,10n,1,4n,8,125,200V_2A_125C
6.328241090200363e-06,1.6716908930646527e-06,7.763028129247413e-07,69.7780792,-65.11096040000001,7.999931983265016e-06,8.776234796189758e-06,254.618952,27.309476000000004,3.540541000000005e-08,241.4638730538865,-1.20186328,-1.2297690000000046,-1.20186328,2.45186328,0,200,2,5,-2,4,2,8,1,10n,1,4n,8,125,200V_2A_125C
9.972210876638961e-06,1.7731127782223965e-06,1.0736968429446427e-06,102.304744,-48.84762800000001,1.1745323654861358e-05,1.2819020497806002e-05,248.339183,24.169591499999996,4.025501999999995e-08,196.07440221227574,3.6500350000000026,3.6500350000000026,1.81595836,-2.4000350000000026,1,200,2,5,0,4,2,8,1,15n,0,4n,8,125,200V_2A_125C
6.690378369753594e-06,1.6752342294953703e-06,1.4656967464592207e-06,152.587636,-23.706182,8.365612599248965e-06,9.831309345708186e-06,228.680165,14.340082499999994,3.4405010000000006e-08,178.7287427808869,2.137818800000005,2.137818800000005,-0.949167307,-0.8878188000000051,1,200,2,5,-2,4,2,8,1,15n,0,4n,8,125,200V_2A_125C
4.626109966146803e-06,1.6848795835463597e-06,1.402576032149524e-06,141.222051,-29.388974500000003,6.310989549693163e-06,7.713565581842687e-06,234.034246,17.017122999999998,3.441379000000009e-08,182.8962290903906,0.8215829999999755,0.8215829999999755,0.478795603,0.4284170000000245,0,200,2,5,0,4,2,8,1,15n,1,4n,8,125,200V_2A_125C
6.335377960656077e-06,1.6695796178835703e-06,1.5111131240161171e-06,154.165426,-22.917287,8.004957578539647e-06,9.516070702555764e-06,227.677461,13.838730499999997,3.160888000000007e-08,177.86253543579235,-1.2061259999999834,-1.2061259999999834,-1.61048139,2.4561259999999834,0,200,2,5,-2,4,2,8,1,15n,1,4n,8,125,200V_2A_125C
9.828796477261685e-06,1.6725207452719324e-06,1.6640025521450402e-06,203.467734,1.7338670000000036,1.1501317222533618e-05,1.3165319774678659e-05,203.863194,1.9315969999999965,2.0875000000000033e-08,148.50853018689864,3.6507560000000012,3.6507560000000012,0.0665261296,-2.4007560000000012,1,200,2,5,0,4,2,8,1,25n,0,4n,8,125,200V_2A_125C
7.1393535208111126e-06,1.660150016415001e-06,1.6962369722527875e-06,205.552958,2.776478999999995,8.799503537226114e-06,1.0495740509478901e-05,205.86921,2.934605000000005,1.787500000000002e-08,165.71723417060298,2.277699999999996,2.277699999999996,-1.9395757,-1.0276999999999958,1,200,2,5,-2,4,2,8,1,25n,0,4n,8,125,200V_2A_125C
4.622819591936522e-06,1.6556043909223188e-06,1.6869931530494512e-06,204.202857,2.1014284999999973,6.2784239828588404e-06,7.965417135908291e-06,204.202857,2.1014284999999973,1.8618699999999987e-08,163.34245259522967,0.826422000000008,0.826422000000008,0.01386878,0.423577999999992,0,200,2,5,0,4,2,8,1,25n,1,4n,8,125,200V_2A_125C
6.332797645600222e-06,1.6548578219847082e-06,1.7327399915759945e-06,205.623511,2.811755500000004,7.98765546758493e-06,9.720395459160923e-06,205.726808,2.8634040000000027,1.782500000000012e-08,166.10278776070092,-1.208547999999979,-1.208547999999979,-1.97323673,2.458547999999979,0,200,2,5,-2,4,2,8,1,25n,1,4n,8,125,200V_2A_125C
9.829886063300228e-06,1.6687763197989102e-06,1.604480008472638e-06,205.445287,2.7226435000000038,1.1498662383099138e-05,1.3103142391571776e-05,205.445287,2.7226435000000038,2.0875000000000033e-08,146.71905396560754,3.65172800000002,3.65172800000002,0.00919784872,-2.40172800000002,1,200,2,5,0,4,2,8,1,35n,0,4n,8,125,200V_2A_125C
7.047295137389106e-06,1.6512340530252875e-06,1.6235657746717163e-06,207.164156,3.5820779999999957,8.698529190414393e-06,1.0322094965086109e-05,207.164156,3.5820779999999957,1.787500000000002e-08,162.79013092507813,2.2746722999999918,2.2746722999999918,-1.95941278,-1.0246722999999918,1,200,2,5,-2,4,2,8,1,35n,0,4n,8,125,200V_2A_125C
4.614110177026732e-06,1.6539426989347407e-06,1.6607787528634595e-06,204.202857,2.1014284999999973,6.268052875961473e-06,7.928831628824931e-06,204.202857,2.1014284999999973,1.8618699999999987e-08,162.0640270657533,0.8280489999999929,0.8280489999999929,0.00838277643,0.42195100000000707,0,200,2,5,0,4,2,8,1,35n,1,4n,8,125,200V_2A_125C
6.320200889426271e-06,1.6484173121359779e-06,1.6855207142487092e-06,206.025727,3.0128634999999946,7.96861820156225e-06,9.654138915810959e-06,206.025727,3.0128634999999946,1.782500000000012e-08,163.68245441230795,-1.2055039999999906,-1.2055039999999906,-1.97355851,2.4555039999999906,0,200,2,5,-2,4,2,8,1,35n,1,4n,8,125,200V_2A_125C
4.838425836402293e-06,6.473831293213555e-06,6.127422804367462e-09,0.432242752,-99.783878624,1.1312257129615847e-05,1.1318384552420215e-05,233.440053,16.720026500000003,1.3328660000000143e-08,259.58121393975307,5.22086243,1.7814000000000192,5.22086243,-3.9708624300000004,1,200,2,5,0,4,2,8,4,5n,0,4n,8,125,200V_2A_125C
5.5974612259523425e-06,1.820588434418031e-06,4.0179425323113514e-08,4.54675074,-97.72662463,7.418049660370374e-06,7.4582290856934874e-06,229.452159,14.726079499999996,2.526231000000007e-08,253.45249857487843,2.73825908,-0.529278000000005,2.73825908,-1.4882590800000002,1,200,2,5,-2,4,2,8,4,5n,0,4n,8,125,200V_2A_125C
4.722763742555121e-06,2.1990659670430976e-06,6.920385566822796e-09,0.996366022,-99.501816989,6.921829709598218e-06,6.928750095165041e-06,233.59103,16.795514999999995,2.5780990000000107e-08,256.62339555392055,0.917343826,0.569108,0.917343826,0.332656174,0,200,2,5,0,4,2,8,4,5n,1,4n,8,125,200V_2A_125C
5.599781382260993e-06,1.6509531795929805e-06,3.8041638979266465e-08,5.46507735,-97.267461325,7.250734561853973e-06,7.2887762008332395e-06,234.482455,17.241227499999994,2.520454000000015e-08,254.70982507362496,-1.16518724,-1.4609059999999943,-1.16518724,2.41518724,0,200,2,5,-2,4,2,8,4,5n,1,4n,8,125,200V_2A_125C
5.036612192935497e-06,2.7299689736235405e-06,2.884815315879452e-07,23.4517448,-88.27412759999999,7.766581166559037e-06,8.055062698146982e-06,222.138299,11.069149499999995,2.2255039999999943e-08,252.17824988317932,3.16147957,1.8616859999999917,3.16147957,-1.91147957,1,200,2,5,0,4,2,8,4,10n,0,4n,8,125,200V_2A_125C
6.511027334641493e-06,1.6731299031038192e-06,7.803520032339056e-07,67.7045245,-66.14773775,8.184157237745312e-06,8.964509240979218e-06,255.829174,27.914586999999997,4.085504000000007e-08,245.18892080109353,0.479596565,-0.35718299999999203,0.479596565,0.770403435,0,200,2,5,-2,4,2,8,4,10n,0,4n,8,125,200V_2A_125C
4.656393761538351e-06,2.061535800971034e-06,6.457075007501671e-07,55.9396366,-72.0301817,6.717929562509384e-06,7.363637063259552e-06,245.973872,22.986936,2.665532000000002e-08,238.58539338091126,0.7162240000000111,0.7162240000000111,0.631883041,0.5337759999999889,0,200,2,5,0,4,2,8,4,10n,1,4n,8,125,200V_2A_125C
6.337148083903742e-06,1.671732852753871e-06,7.925610514322226e-07,69.7753829,-65.11230855,8.008880936657613e-06,8.801441988089836e-06,254.593097,27.2965485,3.540593000000003e-08,241.45585846675107,-1.2023028,-1.2975409999999954,-1.2023028,2.4523028,0,200,2,5,-2,4,2,8,4,10n,1,4n,8,125,200V_2A_125C
5.016547909774443e-06,1.7691111321102308e-06,1.109214670184651e-06,102.311581,-48.8442095,6.785659041884674e-06,7.894873712069325e-06,247.453346,23.726673000000005,4.020577000000002e-08,195.79896499147344,1.8493720000000167,1.8493720000000167,1.79184795,-0.5993720000000167,1,200,2,5,0,4,2,8,4,15n,0,4n,8,125,200V_2A_125C
6.282130688663917e-06,1.6743311730650196e-06,1.5187816711273502e-06,152.550136,-23.724931999999995,7.956461861728936e-06,9.475243532856285e-06,228.578286,14.289142999999994,3.4356230000000087e-08,178.7991792206284,-0.23757899999998244,-0.23757899999998244,-0.95342061,1.4875789999999824,0,200,2,5,-2,4,2,8,4,15n,0,4n,8,125,200V_2A_125C
4.63004159524618e-06,1.6848371371595714e-06,1.406881223050434e-06,141.21712,-29.391440000000003,6.3148787324057515e-06,7.721759955456186e-06,234.027261,17.013630500000005,3.4414049999999976e-08,182.89966715683536,0.7309330000000216,0.7309330000000216,0.478718381,0.5190669999999784,0,200,2,5,0,4,2,8,4,15n,1,4n,8,125,200V_2A_125C
6.333359563531955e-06,1.6695532493038045e-06,1.527200171419311e-06,154.159501,-22.920249499999997,8.00291281283576e-06,9.53011298425507e-06,227.672094,13.836046999999994,3.1609160000000027e-08,177.86380141325037,-1.294663000000014,-1.294663000000014,-1.61062374,2.544663000000014,0,200,2,5,-2,4,2,8,4,15n,1,4n,8,125,200V_2A_125C
5.012794969528492e-06,1.6717250852826306e-06,1.7059949940243794e-06,203.310906,1.6554529999999943,6.684520054811122e-06,8.390515048835501e-06,203.663458,1.8317289999999957,2.0875000000000033e-08,148.47811656444793,1.85695800000002,1.85695800000002,0.0647298949,-0.6069580000000201,1,200,2,5,0,4,2,8,4,25n,0,4n,8,125,200V_2A_125C
6.301455023445663e-06,1.6597440826634788e-06,1.7508413386090837e-06,205.398078,2.699038999999999,7.961199106109142e-06,9.712040444718226e-06,205.622264,2.8111320000000006,1.787500000000002e-08,165.7003125745134,-0.2574339999999893,-0.2574339999999893,-1.94439431,1.5074339999999893,0,200,2,5,-2,4,2,8,4,25n,0,4n,8,125,200V_2A_125C
4.621384944137126e-06,1.6556260062764417e-06,1.691713364867121e-06,204.161376,2.080687999999995,6.2770109504135676e-06,7.968724315280689e-06,204.161376,2.080687999999995,1.861924000000004e-08,163.34105782330974,0.7301050000000089,0.7301050000000089,0.0141154076,0.5198949999999911,0,200,2,5,0,4,2,8,4,25n,1,4n,8,125,200V_2A_125C
6.329765356497095e-06,1.6548397918761212e-06,1.7492279498665793e-06,205.598983,2.799491500000002,7.984605148373216e-06,9.733833098239796e-06,205.697488,2.8487439999999964,1.782500000000012e-08,166.10213161066469,-1.2996610000000146,-1.2996610000000146,-1.97342,2.5496610000000146,0,200,2,5,-2,4,2,8,4,25n,1,4n,8,125,200V_2A_125C
5.004724519254591e-06,1.6687801142917314e-06,1.67508758661279e-06,204.548951,2.274475499999994,6.673504633546323e-06,8.348592220159113e-06,204.548951,2.274475499999994,2.0875000000000033e-08,147.21171774653232,1.8545060000000149,1.8545060000000149,0.0132607531,-0.6045060000000149,1,200,2,5,0,4,2,8,4,35n,0,4n,8,125,200V_2A_125C
6.296829801691073e-06,1.6514428453075848e-06,1.700638260225152e-06,206.338965,3.169482500000001,7.948272646998658e-06,9.648910907223809e-06,206.338965,3.169482500000001,1.787500000000002e-08,163.21847878150416,-0.26320799999999167,-0.26320799999999167,-1.96084279,1.5132079999999917,0,200,2,5,-2,4,2,8,4,35n,0,4n,8,125,200V_2A_125C
4.616192954955421e-06,1.6539211826771248e-06,1.6654355440312614e-06,204.161376,2.080687999999995,6.270114137632547e-06,7.935549681663808e-06,204.161376,2.080687999999995,1.861924000000004e-08,162.0599914605345,0.7299239999999827,0.7299239999999827,0.00836166967,0.5200760000000173,0,200,2,5,0,4,2,8,4,35n,1,4n,8,125,200V_2A_125C
6.321485960616535e-06,1.648411839285476e-06,1.7020375926989379e-06,205.992063,2.996031500000001,7.969897799902011e-06,9.671935392600949e-06,205.992063,2.996031500000001,1.782500000000012e-08,163.682633208166,-1.2985129999999856,-1.2985129999999856,-1.97362432,2.5485129999999856,0,200,2,5,-2,4,2,8,4,35n,1,4n,8,125,200V_2A_125C
4.7728900636510885e-06,6.473627338068965e-06,1.1358402903659355e-08,0.432154507,-99.7839227465,1.1246517401720054e-05,1.1257875804623713e-05,233.439346,16.719673,1.3377359999999984e-08,259.58349469305665,5.22074105,1.2891730000000052,5.22074105,-3.97074105,1,200,2,5,0,4,2,8,8,5n,0,4n,8,125,200V_2A_125C
6.0176769164156015e-06,1.8204753363126114e-06,4.480530782479562e-08,4.54709374,-97.72645313,7.838152252728213e-06,7.882957560553009e-06,229.457868,14.728933999999995,2.5262689999999967e-08,253.44552659738423,2.73712042,-0.9404759999999897,2.73712042,-1.48712042,1,200,2,5,-2,4,2,8,8,5n,0,4n,8,125,200V_2A_125C
4.634233402243622e-06,2.199117964232167e-06,1.1916863512950324e-08,0.996329515,-99.50183524250001,6.833351366475789e-06,6.845268229988739e-06,233.591197,16.795598499999997,2.5781000000000143e-08,256.62432594522255,0.917333014,0.659323999999998,0.917333014,0.332666986,0,200,2,5,0,4,2,8,8,5n,1,4n,8,125,200V_2A_125C
6.004133855868337e-06,1.650951756789695e-06,4.266879059132414e-08,5.46523708,-97.26738146,7.655085612658032e-06,7.697754403249357e-06,234.481488,17.240744000000007,2.520456000000001e-08,254.70831725677084,-1.16525449,-1.4739260000000058,-1.16525449,2.4152544899999997,0,200,2,5,-2,4,2,8,8,5n,1,4n,8,125,200V_2A_125C
4.67363084993498e-06,2.729217965605245e-06,2.948993889345063e-07,23.4519983,-88.27400085,7.402848815540226e-06,7.697748204474733e-06,222.208239,11.104119499999998,2.224657999999996e-08,252.21026314422687,3.15785004,1.3253799999999956,3.15785004,-1.90785004,1,200,2,5,0,4,2,8,8,10n,0,4n,8,125,200V_2A_125C
6.354122852959569e-06,1.6731922841242507e-06,7.873251285493677e-07,67.6999263,-66.15003684999999,8.02731513708382e-06,8.814640265633188e-06,255.629495,27.814747499999996,4.085506000000014e-08,245.05997965824895,0.475725865,-0.728305000000006,0.475725865,0.774274135,0,200,2,5,-2,4,2,8,8,10n,0,4n,8,125,200V_2A_125C
4.626054244077983e-06,2.0614490441478266e-06,6.511876969112706e-07,55.9475115,-72.02624425,6.68750328822581e-06,7.33869098513708e-06,245.96795,22.983975,2.6655350000000128e-08,238.58531619765083,0.6399699999999768,0.6399699999999768,0.631781345,0.6100300000000232,0,200,2,5,0,4,2,8,8,10n,1,4n,8,125,200V_2A_125C
6.344831228313728e-06,1.6717781154145734e-06,7.995200265617452e-07,69.7724858,-65.1137571,8.016609343728301e-06,8.816129370290046e-06,254.567092,27.283546,3.540649999999998e-08,241.44877907982232,-1.20274933,-1.4006019999999921,-1.20274933,2.45274933,0,200,2,5,-2,4,2,8,8,10n,1,4n,8,125,200V_2A_125C
4.661512424566366e-06,1.7681353325881197e-06,1.1156923407303858e-06,102.309803,-48.84509849999999,6.429647757154486e-06,7.545340097884872e-06,247.240234,23.62011699999999,4.0206660000000074e-08,195.73570363959269,1.78604037,1.3415300000000059,1.78604037,-0.53604037,1,200,2,5,0,4,2,8,8,15n,0,4n,8,125,200V_2A_125C
6.332988500596683e-06,1.6740589796692536e-06,1.5246263551909737e-06,152.529613,-23.735193499999994,8.007047480265936e-06,9.53167383545691e-06,228.540406,14.270202999999995,3.435763000000008e-08,178.81745130532474,-0.7297609999999963,-0.7297609999999963,-0.955530195,1.9797609999999963,0,200,2,5,-2,4,2,8,8,15n,0,4n,8,125,200V_2A_125C
4.6270000045434025e-06,1.684801354604577e-06,1.4122559234280812e-06,141.211233,-29.394383500000004,6.311801359147979e-06,7.72405728257606e-06,234.021342,17.010671000000002,3.441431000000007e-08,182.90303186139502,0.6344139999999925,0.6344139999999925,0.478655,0.6155860000000075,0,200,2,5,0,4,2,8,8,15n,1,4n,8,125,200V_2A_125C
6.337101399277551e-06,1.6695235146082677e-06,1.5339535203334665e-06,154.152934,-22.923533000000006,8.006624913885818e-06,9.540578434219285e-06,227.664982,13.832491000000005,3.1609460000000056e-08,177.864501601987,-1.3903170000000102,-1.3903170000000102,-1.61079273,2.6403170000000102,0,200,2,5,-2,4,2,8,8,15n,1,4n,8,125,200V_2A_125C
4.656562571462866e-06,1.6711970508224996e-06,1.7131731995215244e-06,203.22014,1.6100699999999932,6.3277596222853655e-06,8.04093282180689e-06,203.501655,1.7508274999999998,2.0875000000000033e-08,148.46048239644273,1.336369999999988,1.336369999999988,0.0624521132,-0.08636999999998807,1,200,2,5,0,4,2,8,8,25n,0,4n,8,125,200V_2A_125C
6.313796443892376e-06,1.6595038009980813e-06,1.7574159403077454e-06,205.354335,2.677167499999996,7.973300244890458e-06,9.730716185198203e-06,205.473457,2.736728499999998,1.787500000000002e-08,165.69623493365296,-0.7243650000000059,-0.7243650000000059,-1.94678819,1.974365000000006,0,200,2,5,-2,4,2,8,8,25n,0,4n,8,125,200V_2A_125C
4.622779969264953e-06,1.6556565304392727e-06,1.697350929926022e-06,204.119824,2.059911999999997,6.278436499704226e-06,7.975787429630248e-06,204.119824,2.059911999999997,1.8619780000000093e-08,163.33623533473812,0.6300569999999936,0.6300569999999936,0.0144095611,0.6199430000000064,0,200,2,5,0,4,2,8,8,25n,1,4n,8,125,200V_2A_125C
6.3293070568965385e-06,1.6548220088328564e-06,1.756100551733749e-06,205.573866,2.7869330000000048,7.984129065729396e-06,9.740229617463144e-06,205.667325,2.8336625000000026,1.782500000000012e-08,166.10131933471837,-1.3927769999999953,-1.3927769999999953,-1.97361571,2.6427769999999953,0,200,2,5,-2,4,2,8,8,25n,1,4n,8,125,200V_2A_125C
4.6527978843667256e-06,1.6687439315982446e-06,1.6850433227332e-06,204.230182,2.1150910000000067,6.3215418159649706e-06,8.00658513869817e-06,204.230182,2.1150910000000067,2.0875000000000033e-08,147.2145047957532,1.336720999999983,1.336720999999983,0.0122038777,-0.08672099999998295,1,200,2,5,0,4,2,8,8,35n,0,4n,8,125,200V_2A_125C
6.311539922447507e-06,1.651395037691559e-06,1.709356871089737e-06,206.122604,3.0613019999999977,7.962934960139067e-06,9.672291831228804e-06,206.122604,3.0613019999999977,1.787500000000002e-08,163.24652912491223,-0.7312430000000063,-0.7312430000000063,-1.96118887,1.9812430000000063,0,200,2,5,-2,4,2,8,8,35n,0,4n,8,125,200V_2A_125C
4.618553950642614e-06,1.6538988121587046e-06,1.6710026939743413e-06,204.119824,2.059911999999997,6.2724527628013195e-06,7.94345545677566e-06,204.119824,2.059911999999997,1.8619780000000093e-08,162.05552516916828,0.6313800000000072,0.6313800000000072,0.00836377222,0.6186199999999928,0,200,2,5,0,4,2,8,8,35n,1,4n,8,125,200V_2A_125C
6.3237805571472796e-06,1.6483015066257629e-06,1.7090097466778318e-06,205.957595,2.978797499999999,7.972082063773043e-06,9.681091810450875e-06,205.957595,2.978797499999999,1.782500000000012e-08,163.6908090360387,-1.3936930000000132,-1.3936930000000132,-1.97366008,2.643693000000013,0,200,2,5,-2,4,2,8,8,35n,1,4n,8,125,200V_2A_125C
2.733897549218543e-05,1.9854397492547432e-06,2.5844273340778225e-07,22.1053871,-88.94730645,2.9324415241440173e-05,2.9582857974847956e-05,228.477309,14.238654499999996,1.646841000000015e-08,230.20148911213266,5.448455999999993,5.448455999999993,1.4014951,-4.198455999999993,1,200,2,5,0,4,8,8,1,5n,0,4n,8,125,200V_2A_125C
1.0784112692824211e-05,1.6411395904631475e-06,3.258942733376423e-07,29.5643684,-85.21781579999998,1.2425252283287359e-05,1.2751146556625e-05,246.35948,23.179739999999995,3.051529999999998e-08,234.05667359147103,4.51585,4.51585,-0.566418547,-3.2658500000000004,1,200,2,5,-2,4,8,8,1,5n,0,4n,8,125,200V_2A_125C
4.371571367282637e-06,2.1930688062030295e-06,2.5844328750864296e-07,22.1266755,-88.93666224999998,6.564640173485666e-06,6.82308346099431e-06,227.841274,13.920637,7.970270000000117e-09,228.0308262683385,1.3285700000000134,1.3285700000000134,0.591126843,-0.07857000000001335,1,200,2,5,0,4,8,8,1,5n,1,4n,8,125,200V_2A_125C
4.671959410020526e-06,1.6485197073302096e-06,3.2773394474356914e-07,29.5893948,-85.2053026,6.320479117350736e-06,6.6482130620943056e-06,245.419385,22.709692500000003,2.7765669999999953e-08,232.82384196881512,-0.32655799999997726,-0.32655799999997726,-1.39169662,1.5765579999999773,0,200,2,5,-2,4,8,8,1,5n,1,4n,8,125,200V_2A_125C
1.440218820306132e-05,1.7404868128748318e-06,1.0433935798610462e-06,99.5949092,-50.2025454,1.614267501593615e-05,1.71860685957972e-05,249.997815,24.9989075,3.5205060000000036e-08,213.19873052648077,4.486469999999997,4.486469999999997,1.00737291,-3.236469999999997,1,200,2,5,0,4,8,8,1,10n,0,4n,8,125,200V_2A_125C
5.808367343167357e-06,1.6713031485839985e-06,1.1235964688864397e-06,109.924266,-45.037867,7.479670491751355e-06,8.603266960637795e-06,250.329319,25.1646595,3.530502000000011e-08,205.53218509171649,2.494663399999993,2.494663399999993,-0.960349677,-1.2446633999999932,1,200,2,5,-2,4,8,8,1,10n,0,4n,8,125,200V_2A_125C
4.62022531682507e-06,2.0203057159144195e-06,1.0597421475255777e-06,99.6415422,-50.1792289,6.64053103273949e-06,7.700273180265068e-06,248.540245,24.2701225,2.9305360000000045e-08,208.06773837899289,0.7988,0.7988,0.55445165,0.45120000000000005,0,200,2,5,0,4,8,8,1,10n,1,4n,8,125,200V_2A_125C
6.325923396411919e-06,1.6700700154861343e-06,1.145931621132638e-06,109.932997,-45.0335015,7.995993411898053e-06,9.141925033030692e-06,249.352774,24.676387000000005,3.520509999999997e-08,204.16621466626995,-1.2300000000000182,-1.2300000000000182,-1.41508628,2.480000000000018,0,200,2,5,-2,4,8,8,1,10n,1,4n,8,125,200V_2A_125C
9.958975521985467e-06,1.6571094951818158e-06,1.5734431573873825e-06,178.637529,-10.6812355,1.1616085017167284e-05,1.3189528174554666e-05,211.306175,5.653087499999998,1.7408130000000094e-08,167.1049088801701,3.649676999999997,3.649676999999997,0.217072626,-2.399676999999997,1,200,2,5,0,4,8,8,1,15n,0,4n,8,125,200V_2A_125C
6.685543910779808e-06,1.651942036854389e-06,1.6166586455492072e-06,185.500807,-7.249596499999996,8.337485947634197e-06,9.954144593183404e-06,207.636987,3.8184935000000024,1.5455019999999995e-08,163.3108781719306,2.1371800000000007,2.1371800000000007,-1.86119908,-0.8871800000000007,1,200,2,5,-2,4,8,8,1,15n,0,4n,8,125,200V_2A_125C
4.62355732572109e-06,1.6565440496317845e-06,1.6053720663298747e-06,178.579807,-10.710096500000006,6.280101375352875e-06,7.885473441682749e-06,211.699571,5.849785499999996,1.7368680000000138e-08,167.24433569604716,0.8216569999999876,0.8216569999999876,0.126950969,0.42834300000001235,0,200,2,5,0,4,8,8,1,15n,1,4n,8,125,200V_2A_125C
6.325408166632315e-06,1.6517737237593448e-06,1.6529436618813945e-06,185.412285,-7.293857500000001,7.97718189039166e-06,9.630125552273054e-06,207.818752,3.9093759999999946,1.5462120000000127e-08,163.3309581828547,-1.2061999999999955,-1.2061999999999955,-1.91954313,2.4561999999999955,0,200,2,5,-2,4,8,8,1,15n,1,4n,8,125,200V_2A_125C
9.813480690698023e-06,1.655411676399913e-06,1.6030661743194676e-06,205.917685,2.958842500000003,1.1468892367097936e-05,1.3071958541417403e-05,205.917685,2.958842500000003,1.597500000000009e-08,165.25405353792615,3.650400999999988,3.650400999999988,0.0308051201,-2.400400999999988,1,200,2,5,0,4,8,8,1,25n,0,4n,8,125,200V_2A_125C
7.134963061988969e-06,1.653836580553223e-06,1.6469881728760743e-06,206.605372,3.3026859999999942,8.788799642542192e-06,1.0435787815418266e-05,206.605372,3.3026859999999942,1.5375000000000043e-08,162.70095015075213,2.2772348999999963,2.2772348999999963,-1.94066159,-1.0272348999999963,1,200,2,5,-2,4,8,8,1,25n,0,4n,8,125,200V_2A_125C
4.619840605407294e-06,1.653751216860779e-06,1.6632189931679817e-06,204.345415,2.1727075000000013,6.273591822268073e-06,7.936810815436054e-06,204.345415,2.1727075000000013,1.597500000000009e-08,165.21937140290402,0.8264299999999878,0.8264299999999878,0.0125203281,0.4235700000000122,0,200,2,5,0,4,8,8,1,25n,1,4n,8,125,200V_2A_125C
6.3292702298895625e-06,1.6521202482372408e-06,1.6912749044670703e-06,205.752356,2.876177999999996,7.981390478126802e-06,9.672665382593873e-06,205.752356,2.876177999999996,1.542499999999994e-08,162.73990500405398,-1.2085109999999872,-1.2085109999999872,-1.97502549,2.4585109999999872,0,200,2,5,-2,4,8,8,1,25n,1,4n,8,125,200V_2A_125C
9.814561778545638e-06,1.6526980880774592e-06,1.5659796940442104e-06,205.917685,2.958842500000003,1.1467259866623097e-05,1.3033239560667307e-05,205.917685,2.958842500000003,1.597500000000009e-08,163.96831792623865,3.6513669999999934,3.6513669999999934,0.0185336713,-2.4013669999999934,1,200,2,5,0,4,8,8,1,35n,0,4n,8,125,200V_2A_125C
7.042317347818417e-06,1.646049508998594e-06,1.5800670764985328e-06,206.969747,3.484873500000006,8.688366856817011e-06,1.0268433933315543e-05,206.969747,3.484873500000006,1.5375000000000043e-08,160.30093668900335,2.2746489000000025,2.2746489000000025,-1.97259934,-1.0246489000000025,1,200,2,5,-2,4,8,8,1,35n,0,4n,8,125,200V_2A_125C
4.611197524376365e-06,1.6520673493037471e-06,1.6368133023474981e-06,204.345415,2.1727075000000013,6.263264873680112e-06,7.900078176027611e-06,204.345415,2.1727075000000013,1.597500000000009e-08,164.1039030379942,0.8280110000000036,0.8280110000000036,0.00992832417,0.4219889999999964,0,200,2,5,0,4,8,8,1,35n,1,4n,8,125,200V_2A_125C
6.316687228152832e-06,1.6460509608421633e-06,1.6446991240398198e-06,205.752356,2.876177999999996,7.962738188994995e-06,9.607437313034815e-06,205.752356,2.876177999999996,1.542499999999994e-08,160.67886878137554,-1.2056719999999927,-1.2056719999999927,-1.98182554,2.4556719999999927,0,200,2,5,-2,4,8,8,1,35n,1,4n,8,125,200V_2A_125C
4.836575224056361e-06,1.980995745464159e-06,2.6075427098290855e-07,22.1059436,-88.9470282,6.81757096952052e-06,7.078325240503429e-06,228.314165,14.157082500000001,1.651878000000012e-08,230.1730350427211,1.7817440000000033,1.7817440000000033,1.39498936,-0.5317440000000033,1,200,2,5,0,4,8,8,4,5n,0,4n,8,125,200V_2A_125C
5.593196237125397e-06,1.6411482687260184e-06,3.3512947628930714e-07,29.5719069,-85.21404655,7.234344505851416e-06,7.569473982140723e-06,246.026285,23.0131425,3.0515119999999964e-08,233.79514549045163,-0.528884000000005,-0.528884000000005,-0.573090191,1.778884000000005,0,200,2,5,-2,4,8,8,4,5n,0,4n,8,125,200V_2A_125C
4.72193932678555e-06,2.1931679908886614e-06,2.602613030121531e-07,22.1271419,-88.93642905,6.915107317674211e-06,7.175368620686364e-06,227.84308,13.921539999999993,7.970450000000135e-09,228.03259493836114,0.591196915,0.5683259999999848,0.591196915,0.658803085,0,200,2,5,0,4,8,8,4,5n,1,4n,8,125,200V_2A_125C
5.598324050643282e-06,1.6485178155216953e-06,3.348129197517859e-07,29.5898751,-85.20506245,7.246841866164977e-06,7.581654785916764e-06,245.412477,22.706238499999998,2.7765739999999995e-08,232.81919530639993,-1.39176512,-1.4608300000000156,-1.39176512,2.64176512,0,200,2,5,-2,4,8,8,4,5n,1,4n,8,125,200V_2A_125C
5.03379782896977e-06,1.734497040599812e-06,1.0639388429878263e-06,99.5991395,-50.20043025,6.768294869569581e-06,7.832233712557408e-06,249.071785,24.535892500000003,3.515516000000008e-08,212.9558078174063,1.8619600000000105,1.8619600000000105,0.991858997,-0.6119600000000105,1,200,2,5,0,4,8,8,4,10n,0,4n,8,125,200V_2A_125C
6.509136362724971e-06,1.6715595473106196e-06,1.1628320324981732e-06,109.923325,-45.0383375,8.18069591003559e-06,9.343527942533764e-06,249.641249,24.820624499999994,3.525505000000011e-08,205.2294316358203,-0.3575129999999831,-0.3575129999999831,-0.973246051,1.607512999999983,0,200,2,5,-2,4,8,8,4,10n,0,4n,8,125,200V_2A_125C
4.654754678613288e-06,2.0200659937431204e-06,1.0639725059571856e-06,99.6429179,-50.17854105000001,6.674820672356409e-06,7.738793178313595e-06,248.529849,24.264924500000006,2.9305389999999942e-08,208.0649207452268,0.7162240000000111,0.7162240000000111,0.554339516,0.5337759999999889,0,200,2,5,0,4,8,8,4,10n,1,4n,8,125,200V_2A_125C
6.335126926419378e-06,1.67007157923139e-06,1.1621054458114305e-06,109.933173,-45.03341350000001,8.005198505650769e-06,9.167303951462199e-06,249.343539,24.671769499999996,3.520509999999997e-08,204.16199333630308,-1.2975040000000035,-1.2975040000000035,-1.41519951,2.5475040000000035,0,200,2,5,-2,4,8,8,4,10n,1,4n,8,125,200V_2A_125C
5.016091934410907e-06,1.6563102313150406e-06,1.6089994236995547e-06,178.58975,-10.705124999999995,6.672402165725947e-06,8.281401589425503e-06,211.497171,5.7485855000000035,1.736552000000011e-08,167.22279432808935,1.850121999999999,1.850121999999999,0.220970495,-0.6001219999999989,1,200,2,5,0,4,8,8,4,15n,0,4n,8,125,200V_2A_125C
6.2789137320386285e-06,1.6516688998686015e-06,1.6706084763383613e-06,185.443278,-7.278361000000005,7.93058263190723e-06,9.60119110824559e-06,207.71875,3.859375,1.5459840000000115e-08,163.3318974759927,-0.2379449999999963,-0.2379449999999963,-1.8594613,1.4879449999999963,0,200,2,5,-2,4,8,8,4,15n,0,4n,8,125,200V_2A_125C
4.6274837597960435e-06,1.656534602592841e-06,1.6096622517017789e-06,178.578032,-10.710983999999996,6.2840183623888845e-06,7.893680614090663e-06,211.710756,5.855378000000002,1.736885000000012e-08,167.24731073214784,0.7308880000000215,0.7308880000000215,0.127099477,0.5191119999999785,0,200,2,5,0,4,8,8,4,15n,1,4n,8,125,200V_2A_125C
6.330310866043717e-06,1.6517691242944206e-06,1.6690404097153892e-06,185.4103,-7.294849999999997,7.982079990338137e-06,9.651120400053527e-06,207.823496,3.911748000000003,1.546226e-08,163.3316581322643,-1.2947680000000048,-1.2947680000000048,-1.91948099,2.544768000000005,0,200,2,5,-2,4,8,8,4,15n,1,4n,8,125,200V_2A_125C
5.006879631037218e-06,1.6540552414034997e-06,1.661371136478585e-06,205.067531,2.5337655000000012,6.660934872440718e-06,8.322306008919304e-06,205.067531,2.5337655000000012,1.597500000000009e-08,165.2943939042808,1.8573740000000214,1.8573740000000214,0.0222206396,-0.6073740000000214,1,200,2,5,0,4,8,8,4,25n,0,4n,8,125,200V_2A_125C
6.298113735883648e-06,1.6529694853452147e-06,1.7059964633709505e-06,206.145128,3.072564,7.951083221228862e-06,9.657079684599813e-06,206.145128,3.072564,1.542499999999994e-08,162.73337433762913,-0.25816299999999615,-0.25816299999999615,-1.95469931,1.5081629999999961,0,200,2,5,-2,4,8,8,4,25n,0,4n,8,125,200V_2A_125C
4.618456366770814e-06,1.6537287535918947e-06,1.667842053567378e-06,204.296853,2.1484264999999994,6.272185120362709e-06,7.940027173930087e-06,204.296853,2.1484264999999994,1.597500000000009e-08,165.2192591117128,0.7300970000000007,0.7300970000000007,0.0124092931,0.5199029999999993,0,200,2,5,0,4,8,8,4,25n,1,4n,8,125,200V_2A_125C
6.326189306473772e-06,1.652116698069362e-06,1.7078327409027014e-06,205.725872,2.862936000000005,7.978306004543135e-06,9.686138745445836e-06,205.725872,2.862936000000005,1.542499999999994e-08,162.73908724763095,-1.2997740000000135,-1.2997740000000135,-1.97505104,2.5497740000000135,0,200,2,5,-2,4,8,8,4,25n,1,4n,8,125,200V_2A_125C
4.998533148858324e-06,1.6527472147218786e-06,1.6355629659745134e-06,205.067531,2.5337655000000012,6.6512803635802025e-06,8.286843329554717e-06,205.067531,2.5337655000000012,1.597500000000009e-08,164.18712077858368,1.855273000000011,1.855273000000011,0.0185197233,-0.605273000000011,1,200,2,5,0,4,8,8,4,35n,0,4n,8,125,200V_2A_125C
6.292965824849792e-06,1.6459049667872112e-06,1.6585280849610661e-06,206.145128,3.072564,7.938870791637003e-06,9.59739887659807e-06,206.145128,3.072564,1.542499999999994e-08,160.66447784263195,-0.26300699999998756,-0.26300699999998756,-1.97116861,1.5130069999999876,0,200,2,5,-2,4,8,8,4,35n,0,4n,8,125,200V_2A_125C
4.613247587153109e-06,1.6520646617796066e-06,1.6414410681378478e-06,204.296853,2.1484264999999994,6.265312248932716e-06,7.906753317070563e-06,204.296853,2.1484264999999994,1.597500000000009e-08,164.0984160067323,0.7299170000000004,0.7299170000000004,0.00980312489,0.5200829999999996,0,200,2,5,0,4,8,8,4,35n,1,4n,8,125,200V_2A_125C
6.317940466924198e-06,1.646039558704254e-06,1.6611625809458483e-06,205.725872,2.862936000000005,7.963980025628451e-06,9.625142606574299e-06,205.725872,2.862936000000005,1.542499999999994e-08,160.67842621465826,-1.2985219999999913,-1.2985219999999913,-1.98175861,2.5485219999999913,0,200,2,5,-2,4,8,8,4,35n,1,4n,8,125,200V_2A_125C
4.771113661885549e-06,1.9798639081701205e-06,2.65855741993953e-07,22.107773,-88.9461135,6.7509775700556695e-06,7.016833312049623e-06,228.274201,14.1371005,1.6519390000000002e-08,230.16850103770523,1.39332372,1.2891050000000064,1.39332372,-0.14332371999999993,1,200,2,5,0,4,8,8,8,5n,0,4n,8,125,200V_2A_125C
6.0154239926653315e-06,1.6411435120580232e-06,3.3977313967985356e-07,29.5731888,-85.2134056,7.656567504723356e-06,7.99634064440321e-06,245.921563,22.960781499999992,3.0515289999999946e-08,233.71708923905697,-0.575262211,-0.9406099999999924,-0.575262211,1.825262211,0,200,2,5,-2,4,8,8,8,5n,0,4n,8,125,200V_2A_125C
4.6335570264635555e-06,2.193308755335764e-06,2.6521427853369983e-07,22.1274929,-88.93625355,6.82686578179932e-06,7.09208006033302e-06,227.845834,13.922916999999998,7.97062999999994e-09,228.03473727540901,0.6594470000000001,0.6594470000000001,0.591291171,0.5905529999999999,0,200,2,5,0,4,8,8,8,5n,1,4n,8,125,200V_2A_125C
6.002602437904029e-06,1.6485159628685604e-06,3.3942368125128245e-07,29.5903853,-85.20480735,7.65111840077259e-06,7.990542082023873e-06,245.406442,22.703221,2.7765810000000037e-08,232.81514991817696,-1.39182309,-1.4739770000000192,-1.39182309,2.64182309,0,200,2,5,-2,4,8,8,8,5n,1,4n,8,125,200V_2A_125C
4.670886823864064e-06,1.7332188277811094e-06,1.0702349898623358e-06,99.6040088,-50.19799559999999,6.404105651645174e-06,7.474340641507509e-06,248.851386,24.425692999999995,3.515524999999998e-08,212.90261487573355,1.3253740000000107,1.3253740000000107,0.987998889,-0.07537400000001071,1,200,2,5,0,4,8,8,8,10n,0,4n,8,125,200V_2A_125C
6.351721496491116e-06,1.6716223309353257e-06,1.1698297016396275e-06,109.921169,-45.0394155,8.023343827426441e-06,9.193173529066069e-06,249.516705,24.7583525,3.525506999999997e-08,205.16315350052483,-0.7279729999999915,-0.7279729999999915,-0.975741606,1.9779729999999915,0,200,2,5,-2,4,8,8,8,10n,0,4n,8,125,200V_2A_125C
4.624501188718761e-06,2.019889146045632e-06,1.0693372214623547e-06,99.6439573,-50.17802135,6.644390334764393e-06,7.713727556226747e-06,248.522175,24.261087500000002,2.9305430000000087e-08,208.0619089551029,0.6399419999999907,0.6399419999999907,0.554250785,0.6100580000000093,0,200,2,5,0,4,8,8,8,10n,1,4n,8,125,200V_2A_125C
6.3426103358139546e-06,1.670074346858186e-06,1.16900067604431e-06,109.933379,-45.0333105,8.012684682672141e-06,9.181685358716452e-06,249.335064,24.66753199999999,3.5205110000000005e-08,204.15803537158203,-1.4005049999999812,-1.4005049999999812,-1.41530316,2.6505049999999812,0,200,2,5,-2,4,8,8,8,10n,1,4n,8,125,200V_2A_125C
4.65994646980222e-06,1.6560993479413623e-06,1.6155079894909476e-06,178.576043,-10.7119785,6.316045817743582e-06,7.93155380723453e-06,211.570509,5.785254499999994,1.7367490000000056e-08,167.2557996930634,1.3415799999999933,1.3415799999999933,0.222391079,-0.09157999999999333,1,200,2,5,0,4,8,8,8,15n,0,4n,8,125,200V_2A_125C
6.329515082634542e-06,1.6515959512001406e-06,1.676394049249558e-06,185.425819,-7.287090500000005,7.981111033834683e-06,9.657505083084241e-06,207.755153,3.8775765000000035,1.5461250000000148e-08,163.33853221749064,-0.7291050000000041,-0.7291050000000041,-1.85870515,1.979105000000004,0,200,2,5,-2,4,8,8,8,15n,0,4n,8,125,200V_2A_125C
4.624413622537102e-06,1.6565261699658402e-06,1.6149922710363839e-06,178.57579,-10.712104999999994,6.280939792502942e-06,7.895932063539325e-06,211.724062,5.862031000000002,1.7369000000000028e-08,167.2500805238879,0.6344220000000007,0.6344220000000007,0.127263492,0.6155779999999993,0,200,2,5,0,4,8,8,8,15n,1,4n,8,125,200V_2A_125C
6.333895452424672e-06,1.6517651773733929e-06,1.675688321127255e-06,185.40828,-7.295860000000005,7.985660629798066e-06,9.661348950925321e-06,207.828465,3.914232499999997,1.5462400000000084e-08,163.33233472303374,-1.390307000000007,-1.390307000000007,-1.91941551,2.640307000000007,0,200,2,5,-2,4,8,8,8,15n,1,4n,8,125,200V_2A_125C
4.651245997582731e-06,1.6541588203638994e-06,1.6718989151479786e-06,204.713946,2.3569729999999964,6.30540481794663e-06,7.977303733094609e-06,204.713946,2.3569729999999964,1.597500000000009e-08,165.25346416104566,1.336404999999985,1.336404999999985,0.0216869406,-0.08640499999998497,1,200,2,5,0,4,8,8,8,25n,0,4n,8,125,200V_2A_125C
6.310439999089116e-06,1.6527532579452537e-06,1.7138990706767232e-06,205.93513,2.9675649999999933,7.96319325703437e-06,9.677092327711093e-06,205.93513,2.9675649999999933,1.542499999999994e-08,162.73882205915027,-0.7249670000000208,-0.7249670000000208,-1.95762874,1.9749670000000208,0,200,2,5,-2,4,8,8,8,25n,0,4n,8,125,200V_2A_125C
4.61986831042992e-06,1.6537030061384207e-06,1.6733764037195454e-06,204.248281,2.1241404999999958,6.2735713165683406e-06,7.946947720287886e-06,204.248281,2.1241404999999958,1.597500000000009e-08,165.20967573039104,0.6300710000000151,0.6300710000000151,0.0122855203,0.6199289999999849,0,200,2,5,0,4,8,8,8,25n,1,4n,8,125,200V_2A_125C
6.325858890486637e-06,1.652115410766655e-06,1.7147967300666622e-06,205.699546,2.849772999999999,7.977974301253291e-06,9.692771031319953e-06,205.699546,2.849772999999999,1.542499999999994e-08,162.73816689631036,-1.3928890000000251,-1.3928890000000251,-1.97505649,2.642889000000025,0,200,2,5,-2,4,8,8,8,25n,1,4n,8,125,200V_2A_125C
4.647178622454201e-06,1.6525471500986145e-06,1.6454661296107243e-06,204.713946,2.3569729999999964,6.299725772552815e-06,7.945191902163539e-06,204.713946,2.3569729999999964,1.597500000000009e-08,164.13666368351238,1.3370239999999853,1.3370239999999853,0.0179473367,-0.08702399999998534,1,200,2,5,0,4,8,8,8,35n,0,4n,8,125,200V_2A_125C
6.307624053116607e-06,1.6458368802768997e-06,1.6671808740534814e-06,205.93513,2.9675649999999933,7.953460933393508e-06,9.620641807446989e-06,205.93513,2.9675649999999933,1.542499999999994e-08,160.67687303584506,-0.7307010000000105,-0.7307010000000105,-1.97078337,1.9807010000000105,0,200,2,5,-2,4,8,8,8,35n,0,4n,8,125,200V_2A_125C
4.615585679313022e-06,1.6520611775259322e-06,1.6469798714332358e-06,204.248281,2.1241404999999958,6.267646856838954e-06,7.914626728272189e-06,204.248281,2.1241404999999958,1.597500000000009e-08,164.09278952132982,0.6313580000000059,0.6313580000000059,0.00965575104,0.6186419999999941,0,200,2,5,0,4,8,8,8,35n,1,4n,8,125,200V_2A_125C
6.320169680950382e-06,1.6460278035536704e-06,1.6681112250704532e-06,205.699546,2.849772999999999,7.966197484504052e-06,9.634308709574505e-06,205.699546,2.849772999999999,1.542499999999994e-08,160.67789002158804,-1.3936549999999954,-1.3936549999999954,-1.98168498,2.6436549999999954,0,200,2,5,-2,4,8,8,8,35n,1,4n,8,125,200V_2A_125C
2.7927568332857256e-05,6.470150281134683e-06,3.6133396044872502e-09,0.432272161,-99.78386391949999,3.439771861399194e-05,3.4401331953596424e-05,233.428261,16.714130499999996,1.3335259999999944e-08,259.5742408437823,6.117947000000015,6.117947000000015,5.21878814,-4.867947000000015,1,200,2,5,0,6,2,8,1,5n,0,4n,8,125,200V_2A_125C
1.1493665360242085e-05,1.8208137483654739e-06,3.1765690479607844e-08,4.54630002,-97.72684999,1.3314479108607559e-05,1.3346244799087167e-05,229.437747,14.718873499999999,2.5261310000000043e-08,253.46952597702983,5.398426000000001,5.398426000000001,2.74073691,-4.148426000000001,1,200,2,5,-2,6,2,8,1,5n,0,4n,8,125,200V_2A_125C
4.224814595376327e-06,2.199016083620222e-06,5.0375905000153015e-09,0.996457964,-99.501771018,6.423830678996549e-06,6.428868269496564e-06,233.590526,16.795263000000006,2.578098000000007e-08,256.62250403653786,1.3286010000000203,1.3286010000000203,0.917339009,-0.07860100000002035,1,200,2,5,0,6,2,8,1,5n,1,4n,8,125,200V_2A_125C
4.4456006314726365e-06,1.650954807678378e-06,3.0948226542663595e-08,5.46510221,-97.267448895,6.096555439151014e-06,6.127503665693678e-06,234.483391,17.241695500000006,2.5204530000000115e-08,254.71139750637212,-0.32654099999999175,-0.32654099999999175,-1.16510781,1.5765409999999918,0,200,2,5,-2,6,2,8,1,5n,1,4n,8,125,200V_2A_125C
1.4467828766311157e-05,2.7306451412653825e-06,2.6793269263910093e-07,23.4484557,-88.27577215,1.719847390757654e-05,1.746640660021564e-05,221.986029,10.993014500000001,2.2255020000000082e-08,252.12206208314956,5.15203600000001,5.15203600000001,3.17474848,-3.9020360000000096,1,200,2,5,0,6,2,8,1,10n,0,4n,8,125,200V_2A_125C
5.7086216351014505e-06,1.6728550414461996e-06,7.419118787038744e-07,67.7097295,-66.14513525000001,7.38147667654765e-06,8.123388555251525e-06,256.587761,28.2938805,4.090502000000011e-08,245.70572623221108,3.061562500000008,3.061562500000008,0.496263949,-1.811562500000008,1,200,2,5,-2,6,2,8,1,10n,0,4n,8,125,200V_2A_125C
4.500548265100063e-06,2.0616728771444516e-06,6.413654365274145e-07,55.9317073,-72.03414635,6.562221142244515e-06,7.203586578771929e-06,245.981698,22.990848999999997,2.6655299999999946e-08,238.58527986218152,0.9991909999999962,0.9991909999999962,0.632019016,0.25080900000000383,0,200,2,5,0,6,2,8,1,10n,1,4n,8,125,200V_2A_125C
6.161031038154647e-06,1.6716904631575569e-06,7.762966412075155e-07,69.7774791,-65.11126045,7.832721501312204e-06,8.60901814251972e-06,254.618759,27.309379500000006,3.540541000000005e-08,241.46367107080997,-0.9948669999999993,-0.9948669999999993,-1.20186498,2.2448669999999993,0,200,2,5,-2,6,2,8,1,10n,1,4n,8,125,200V_2A_125C
9.803261661523807e-06,1.7730902904349317e-06,1.07373999472952e-06,102.309772,-48.845114,1.157635195195874e-05,1.2650091946688259e-05,248.338746,24.169372999999993,4.025501999999995e-08,196.07431943265522,4.141336999999993,4.141336999999993,1.81589109,-2.891336999999993,1,200,2,5,0,6,2,8,1,15n,0,4n,8,125,200V_2A_125C
6.447764703082244e-06,1.6752329329282275e-06,1.465711000331219e-06,152.589911,-23.7050445,8.122997636010472e-06,9.588708636341691e-06,228.67871,14.339354999999998,3.4405010000000006e-08,178.72826776125163,2.338200200000003,2.338200200000003,-0.949209572,-1.0882002000000028,1,200,2,5,-2,6,2,8,1,15n,0,4n,8,125,200V_2A_125C
4.510229633203014e-06,1.684879245408806e-06,1.4025723474581075e-06,141.222235,-29.388882499999994,6.19510887861182e-06,7.597681226069927e-06,234.034173,17.017086500000005,3.441379000000009e-08,182.89612362252706,1.0192099999999868,1.0192099999999868,0.478794683,0.23079000000001315,0,200,2,5,0,6,2,8,1,15n,1,4n,8,125,200V_2A_125C
6.170145343528756e-06,1.6695805136188694e-06,1.5111029018553399e-06,154.163908,-22.918046000000004,7.839725857147626e-06,9.350828759002966e-06,227.678416,13.839208,3.160888000000007e-08,177.86229318049075,-0.962301999999994,-0.962301999999994,-1.61046703,2.212301999999994,0,200,2,5,-2,6,2,8,1,15n,1,4n,8,125,200V_2A_125C
9.619156353384454e-06,1.6725221877493495e-06,1.6640002799284323e-06,203.468763,1.7343814999999978,1.1291678541133804e-05,1.2955678821062236e-05,203.864099,1.932049500000005,2.0875000000000033e-08,148.511683897128,4.033931999999993,4.033931999999993,0.0664925371,-2.783931999999993,1,200,2,5,0,6,2,8,1,25n,0,4n,8,125,200V_2A_125C
6.93363670539941e-06,1.6601499485260669e-06,1.6962354948184066e-06,205.553364,2.776681999999994,8.593786653925477e-06,1.0290022148743883e-05,205.869539,2.9347695000000016,1.787500000000002e-08,165.71816977888992,2.443261800000002,2.443261800000002,-1.93958101,-1.193261800000002,1,200,2,5,-2,6,2,8,1,25n,0,4n,8,125,200V_2A_125C
4.507670707997423e-06,1.6556044585185952e-06,1.6869930171783806e-06,204.202857,2.1014284999999973,6.163275166516017e-06,7.850268183694398e-06,204.202857,2.1014284999999973,1.8618699999999987e-08,163.34244007267841,1.0247310000000027,1.0247310000000027,0.0138688986,0.22526899999999728,0,200,2,5,0,6,2,8,1,25n,1,4n,8,125,200V_2A_125C
6.167814840802996e-06,1.6548578215642472e-06,1.7327395245031799e-06,205.623332,2.8116660000000024,7.822672662367243e-06,9.555412186870423e-06,205.726643,2.863321499999998,1.782500000000012e-08,166.10163216208332,-0.9624699999999962,-0.9624699999999962,-1.97323556,2.212469999999996,0,200,2,5,-2,6,2,8,1,25n,1,4n,8,125,200V_2A_125C
9.61998350434523e-06,1.6687770157925698e-06,1.6044766760375339e-06,205.445368,2.722684000000001,1.12887605201378e-05,1.2893237196175333e-05,205.445368,2.722684000000001,2.0875000000000033e-08,146.72258760775807,4.034817000000004,4.034817000000004,0.00919653544,-2.784817000000004,1,200,2,5,0,6,2,8,1,35n,0,4n,8,125,200V_2A_125C
6.842739856185435e-06,1.6512339932096048e-06,1.623563807270813e-06,207.164162,3.5820810000000023,8.49397384939504e-06,1.0117537656665854e-05,207.164162,3.5820810000000023,1.787500000000002e-08,162.79107704797946,2.4718737000000033,2.4718737000000033,-1.95940919,-1.2218737000000033,1,200,2,5,-2,6,2,8,1,35n,0,4n,8,125,200V_2A_125C
4.500400224389528e-06,1.6539427654798776e-06,1.6607786219425367e-06,204.202857,2.1014284999999973,6.154342989869405e-06,7.815121611811942e-06,204.202857,2.1014284999999973,1.8618699999999987e-08,162.06401116824605,1.0258290000000159,1.0258290000000159,0.00838267599,0.22417099999998413,0,200,2,5,0,6,2,8,1,35n,1,4n,8,125,200V_2A_125C
6.155651760013822e-06,1.648417323368661e-06,1.6855204071507598e-06,206.025635,3.012817499999997,7.804069083382483e-06,9.489589490533242e-06,206.025635,3.012817499999997,1.782500000000012e-08,163.68130439760088,-0.9590550000000064,-0.9590550000000064,-1.97355946,2.2090550000000064,0,200,2,5,-2,6,2,8,1,35n,1,4n,8,125,200V_2A_125C
4.692250532818627e-06,6.473753106065578e-06,6.1448099985830665e-09,0.432255049,-99.7838724755,1.1166003638884205e-05,1.1172148448882788e-05,233.43983,16.719915,1.3328660000000143e-08,259.58089800185246,5.2208229,2.2486800000000073,5.2208229,-3.9708229,1,200,2,5,0,6,2,8,4,5n,0,4n,8,125,200V_2A_125C
5.3550002892687975e-06,1.8205726852368619e-06,4.014624040861197e-08,4.54705117,-97.726474415,7.175572974505659e-06,7.215719214914271e-06,229.452275,14.726137499999993,2.526231000000007e-08,253.45228172401195,2.7382073,0.019735999999994647,2.7382073,-1.4882073,1,200,2,5,-2,6,2,8,4,5n,0,4n,8,125,200V_2A_125C
4.583556410819953e-06,2.1990641114740837e-06,6.906398782399197e-09,0.996434392,-99.501782804,6.782620522294037e-06,6.789526921076436e-06,233.590657,16.795328499999997,2.5780990000000107e-08,256.62315374256474,0.917328991,0.7227420000000109,0.917328991,0.332671009,0,200,2,5,0,6,2,8,4,5n,1,4n,8,125,200V_2A_125C
5.360683375620306e-06,1.6509530947922192e-06,3.804421259839556e-08,5.46525369,-97.267373155,7.011636470412525e-06,7.049680683010921e-06,234.482331,17.241165499999994,2.520454000000015e-08,254.70957564521973,-1.16518641,-1.2773159999999848,-1.16518641,2.41518641,0,200,2,5,-2,6,2,8,4,5n,1,4n,8,125,200V_2A_125C
4.93074816752636e-06,2.7299391980501833e-06,2.8852187049303707e-07,23.4525115,-88.27374425,7.660687365576544e-06,7.949209236069581e-06,222.137809,11.068904500000004,2.2255039999999943e-08,252.1777530163082,3.16145601,2.3055680000000223,3.16145601,-1.9114560100000002,1,200,2,5,0,6,2,8,4,10n,0,4n,8,125,200V_2A_125C
6.364434144099218e-06,1.6731292862279203e-06,7.80347465787701e-07,67.7042424,-66.1478788,8.037563430327138e-06,8.817910896114839e-06,255.828954,27.914477000000005,4.085504000000007e-08,245.18849500743133,0.479592972,0.19140000000001578,0.479592972,0.7704070279999999,0,200,2,5,-2,6,2,8,4,10n,0,4n,8,125,200V_2A_125C
4.540416452630222e-06,2.0615348603472402e-06,6.457316057338042e-07,55.9401552,-72.0299224,6.6019513129774625e-06,7.2476829187112664e-06,245.974076,22.987038,2.665532000000002e-08,238.58521963935382,0.8868520000000046,0.8868520000000046,0.631885146,0.36314799999999536,0,200,2,5,0,6,2,8,4,10n,1,4n,8,125,200V_2A_125C
6.170756557893514e-06,1.6717324464838013e-06,7.926301098736826e-07,69.7748225,-65.11258875,7.842489004377315e-06,8.635119114250997e-06,254.592911,27.296455499999993,3.540593000000003e-08,241.4556459328787,-1.0798859999999877,-1.0798859999999877,-1.20230446,2.3298859999999877,0,200,2,5,-2,6,2,8,4,10n,1,4n,8,125,200V_2A_125C
4.908181984894713e-06,1.7691083240913614e-06,1.1092177785075655e-06,102.312024,-48.843987999999996,6.677290308986075e-06,7.78650808749364e-06,247.453311,23.726655500000007,4.020577000000002e-08,195.79866579358998,2.3004440000000272,2.3004440000000272,1.79183947,-1.0504440000000272,1,200,2,5,0,6,2,8,4,15n,0,4n,8,125,200V_2A_125C
6.123943170726706e-06,1.6743318455661723e-06,1.5187154921685378e-06,152.548826,-23.725587000000004,7.798275016292878e-06,9.316990508461415e-06,228.579215,14.289607500000002,3.4356230000000087e-08,178.79891562488558,0.33561800000001085,0.33561800000001085,-0.953399915,0.9143819999999891,0,200,2,5,-2,6,2,8,4,15n,0,4n,8,125,200V_2A_125C
4.513983993613362e-06,1.6848350935578727e-06,1.4068859741429258e-06,141.217827,-29.3910865,6.198819087171235e-06,7.605705061314161e-06,234.026889,17.013444500000006,3.4414049999999976e-08,182.8995410624674,0.9045580000000086,0.9045580000000086,0.478713298,0.34544199999999137,0,200,2,5,0,6,2,8,4,15n,1,4n,8,125,200V_2A_125C
6.172940333309069e-06,1.6695527523385739e-06,1.5271900592757522e-06,154.158049,-22.920975499999994,7.842493085647642e-06,9.369683144923395e-06,227.673007,13.836503500000006,3.160914999999999e-08,177.86362380572754,-1.0784689999999841,-1.0784689999999841,-1.61060999,2.328468999999984,0,200,2,5,-2,6,2,8,4,15n,1,4n,8,125,200V_2A_125C
4.900366297824368e-06,1.6717246160426578e-06,1.7059942327460197e-06,203.310845,1.6554225000000002,6.572090913867025e-06,8.278085146613045e-06,203.663389,1.8316944999999976,2.0875000000000033e-08,148.47790034783728,2.304852000000011,2.304852000000011,0.0647314318,-1.054852000000011,1,200,2,5,0,6,2,8,4,25n,0,4n,8,125,200V_2A_125C
6.1398684399898874e-06,1.6597438429654305e-06,1.7508403330291813e-06,205.39797,2.6989849999999933,7.799612282955319e-06,9.5504526159845e-06,205.622091,2.811045500000006,1.787500000000002e-08,165.6991415396342,0.3042250000000024,0.3042250000000024,-1.94439268,0.9457749999999976,0,200,2,5,-2,6,2,8,4,25n,0,4n,8,125,200V_2A_125C
4.506561792930189e-06,1.6556262001075626e-06,1.6917132660661157e-06,204.161402,2.080701000000005,6.162187993037752e-06,7.853901259103867e-06,204.161402,2.080701000000005,1.861924000000004e-08,163.34137777942937,0.904373000000021,0.904373000000021,0.0141163484,0.34562699999997903,0,200,2,5,0,6,2,8,4,25n,1,4n,8,125,200V_2A_125C
6.1669594131086324e-06,1.6548397902381344e-06,1.7492271516263657e-06,205.598815,2.799407500000001,7.821799203346767e-06,9.571026354973132e-06,205.697333,2.848666499999993,1.782500000000012e-08,166.1010139770701,-1.083845999999994,-1.083845999999994,-1.97341887,2.333845999999994,0,200,2,5,-2,6,2,8,4,25n,1,4n,8,125,200V_2A_125C
4.897650868292036e-06,1.668779682574782e-06,1.6750869117438007e-06,204.548917,2.2744584999999944,6.566430550866818e-06,8.241517462610619e-06,204.548917,2.2744584999999944,2.0875000000000033e-08,147.2115069283272,2.3026570000000106,2.3026570000000106,0.0132605508,-1.0526570000000106,1,200,2,5,0,6,2,8,4,35n,0,4n,8,125,200V_2A_125C
6.13908600571028e-06,1.651442532008057e-06,1.7006373818696649e-06,206.338905,3.1694525000000056,7.790528537718337e-06,9.491165919588001e-06,206.338905,3.1694525000000056,1.787500000000002e-08,163.21731887706676,0.3049309999999821,0.3049309999999821,-1.96084448,0.9450690000000179,0,200,2,5,-2,6,2,8,4,35n,0,4n,8,125,200V_2A_125C
4.500445307617533e-06,1.6539213439660449e-06,1.6654354027565949e-06,204.161402,2.080701000000005,6.154366651583578e-06,7.819802054340174e-06,204.161402,2.080701000000005,1.861924000000004e-08,162.06030965405526,0.9039990000000273,0.9039990000000273,0.00836119985,0.3460009999999727,0,200,2,5,0,6,2,8,4,35n,1,4n,8,125,200V_2A_125C
6.1605104906297405e-06,1.6484118494440512e-06,1.7020369552458808e-06,205.991976,2.995987999999997,7.808922340073792e-06,9.510959295319672e-06,205.991976,2.995987999999997,1.782500000000012e-08,163.68152134027665,-1.0823930000000246,-1.0823930000000246,-1.9736252,2.3323930000000246,0,200,2,5,-2,6,2,8,4,35n,1,4n,8,125,200V_2A_125C
4.670464940718705e-06,6.473548635695035e-06,1.1389046092054958e-08,0.432166072,-99.783916964,1.114401357641374e-05,1.1155402622505794e-05,233.439123,16.719561499999998,1.3377359999999984e-08,259.5831793996399,5.2207016,1.5998089999999934,5.2207016,-3.9707016,1,200,2,5,0,6,2,8,8,5n,0,4n,8,125,200V_2A_125C
5.7801992042262165e-06,1.8204595722346888e-06,4.480797660073067e-08,4.54739391,-97.72630304499998,7.600658776460905e-06,7.645466753061635e-06,229.457982,14.728990999999994,2.5262689999999967e-08,253.44530651783327,2.73706855,-0.5666610000000105,2.73706855,-1.48706855,1,200,2,5,-2,6,2,8,8,5n,0,4n,8,125,200V_2A_125C
4.525312187362129e-06,2.199116697340254e-06,1.1943324664578018e-08,0.996403479,-99.5017982605,6.724428884702384e-06,6.736372209366962e-06,233.590747,16.795373499999997,2.5781000000000143e-08,256.6240453123799,0.917318382,0.8039919999999938,0.917318382,0.33268161799999996,0,200,2,5,0,6,2,8,8,5n,1,4n,8,125,200V_2A_125C
5.770913415361782e-06,1.6509516768297609e-06,4.259101983995508e-08,5.46541928,-97.26729036,7.421865092191543e-06,7.464456112031498e-06,234.481375,17.240687500000007,2.520456000000001e-08,254.70806670819562,-1.1652537,-1.3065920000000233,-1.1652537,2.4152537,0,200,2,5,-2,6,2,8,8,5n,1,4n,8,125,200V_2A_125C
4.5641740572716135e-06,2.7291892531238107e-06,2.9487882404064464e-07,23.4527124,-88.2736438,7.293363310395424e-06,7.588242134436069e-06,222.207713,11.103856500000006,2.2246589999999996e-08,252.209789441728,3.15782621,1.6529429999999934,3.15782621,-1.90782621,1,200,2,5,0,6,2,8,8,10n,0,4n,8,125,200V_2A_125C
6.189103056883172e-06,1.6731916662863625e-06,7.873642991687124e-07,67.69964,-66.15018,7.862294723169535e-06,8.649659022338247e-06,255.629274,27.814637,4.085506000000014e-08,245.0595538712895,0.475722345,-0.32383500000000254,0.475722345,0.774277655,0,200,2,5,-2,6,2,8,8,10n,0,4n,8,125,200V_2A_125C
4.508667140873774e-06,2.0614476018403635e-06,6.511956583154712e-07,55.9482916,-72.0258542,6.570114742714138e-06,7.2213104010296095e-06,245.968293,22.984146499999994,2.6655350000000128e-08,238.5851233264364,0.7910539999999742,0.7910539999999742,0.63178477,0.45894600000002583,0,200,2,5,0,6,2,8,8,10n,1,4n,8,125,200V_2A_125C
6.172442987693052e-06,1.6717777440301111e-06,7.99514483201648e-07,69.7719906,-65.11400470000001,7.844220731723164e-06,8.643735214924813e-06,254.566917,27.2834585,3.540649999999998e-08,241.44854963519316,-1.20275093,-1.2124689999999987,-1.20275093,2.45275093,0,200,2,5,-2,6,2,8,8,10n,1,4n,8,125,200V_2A_125C
4.5547352443346425e-06,1.768133343273514e-06,1.115693577991483e-06,102.310049,-48.844975500000004,6.322868587608157e-06,7.43856216559964e-06,247.240213,23.620106500000006,4.0206660000000074e-08,195.73539401795497,1.78603436,1.6721019999999953,1.78603436,-0.5360343599999999,1,200,2,5,0,6,2,8,8,15n,0,4n,8,125,200V_2A_125C
6.167809605490762e-06,1.6740596654907517e-06,1.524577283147847e-06,152.528298,-23.735850999999997,7.841869270981514e-06,9.36644655412936e-06,228.541341,14.270670499999994,3.435763000000008e-08,178.81718592575493,-0.3180629999999951,-0.3180629999999951,-0.955509217,1.568062999999995,0,200,2,5,-2,6,2,8,8,15n,0,4n,8,125,200V_2A_125C
4.510653472739598e-06,1.6847976586713546e-06,1.4122400421254708e-06,141.212452,-29.393773999999993,6.1954511314109525e-06,7.6076911735364235e-06,234.020677,17.010338500000003,3.441431000000007e-08,182.9028858632796,0.7845939999999985,0.7845939999999985,0.478645844,0.46540600000000154,0,200,2,5,0,6,2,8,8,15n,1,4n,8,125,200V_2A_125C
6.174932706194601e-06,1.669522962177977e-06,1.5340400740214246e-06,154.15159,-22.924205,7.844455668372578e-06,9.378495742394003e-06,227.665827,13.832913500000004,3.160945000000002e-08,177.86432225848375,-1.2028839999999832,-1.2028839999999832,-1.61078001,2.452883999999983,0,200,2,5,-2,6,2,8,8,15n,1,4n,8,125,200V_2A_125C
4.547245055259091e-06,1.668743473116339e-06,1.685042493787632e-06,204.230154,2.1150769999999994,6.215988528375431e-06,7.901031022163063e-06,204.230154,2.1150769999999994,2.0875000000000033e-08,147.21413515692345,1.6659690000000182,1.6659690000000182,0.0122037603,-0.41596900000001824,1,200,2,5,0,6,2,8,8,35n,0,4n,8,125,200V_2A_125C
6.154066331614131e-06,1.6513949230044828e-06,1.7093558402223402e-06,206.122562,3.061280999999994,7.805461254618614e-06,9.514817094840953e-06,206.122562,3.061280999999994,1.787500000000002e-08,163.2453638613634,-0.323174999999992,-0.323174999999992,-1.96119038,1.573174999999992,0,200,2,5,-2,6,2,8,8,35n,0,4n,8,125,200V_2A_125C
4.502525149481841e-06,1.6538990632408272e-06,1.6710025964052348e-06,204.119872,2.0599359999999933,6.156424212722668e-06,7.827426809127903e-06,204.119872,2.0599359999999933,1.8619780000000093e-08,162.05617007549571,0.7812380000000019,0.7812380000000019,0.00836293781,0.4687619999999981,0,200,2,5,0,6,2,8,8,35n,1,4n,8,125,200V_2A_125C
6.161547261516622e-06,1.6483016262185145e-06,1.7090090041721403e-06,205.957515,2.9787575000000004,7.809848887735136e-06,9.518857891907276e-06,205.957515,2.9787575000000004,1.782500000000012e-08,163.6897566871857,-1.2071160000000134,-1.2071160000000134,-1.97366089,2.4571160000000134,0,200,2,5,-2,6,2,8,8,35n,1,4n,8,125,200V_2A_125C
4.549890699024491e-06,1.6711965500812685e-06,1.7131722995299055e-06,203.220048,1.6100239999999957,6.221087249105759e-06,7.934259548635665e-06,203.501562,1.7507810000000035,2.0875000000000033e-08,148.46010438048864,1.6645620000000179,1.6645620000000179,0.0624553058,-0.41456200000001786,1,200,2,5,0,6,2,8,8,25n,0,4n,8,125,200V_2A_125C
6.156202189683467e-06,1.6595036052873515e-06,1.7574147615675605e-06,205.354225,2.677112500000007,7.815705794970818e-06,9.57312055653838e-06,205.473307,2.7366535000000027,1.787500000000002e-08,165.69505884138533,-0.31898200000000543,-0.31898200000000543,-1.9467867,1.5689820000000054,0,200,2,5,-2,6,2,8,8,25n,0,4n,8,125,200V_2A_125C
4.507290932163512e-06,1.6556568410951808e-06,1.6973509237941628e-06,204.119872,2.0599359999999933,6.162947773258693e-06,7.860298697052856e-06,204.119872,2.0599359999999933,1.8619780000000093e-08,163.33688445330577,0.7798399999999788,0.7798399999999788,0.0144113175,0.4701600000000212,0,200,2,5,0,6,2,8,8,25n,1,4n,8,125,200V_2A_125C
6.166516440350157e-06,1.654822007909166e-06,1.7560996522215552e-06,205.573712,2.786856,7.821338448259322e-06,9.577438100480877e-06,205.667183,2.833591499999997,1.782500000000012e-08,166.1002642098351,-1.2071060000000102,-1.2071060000000102,-1.97361467,2.4571060000000102,0,200,2,5,-2,6,2,8,8,25n,1,4n,8,125,200V_2A_125C
2.792288326878482e-05,1.9854391220764323e-06,2.5845597743324223e-07,22.106618,-88.94669100000002,2.9908322390861253e-05,3.0166778368294496e-05,228.478835,14.239417500000002,1.646841000000015e-08,230.20054063964616,6.117941000000002,6.117941000000002,1.40148642,-4.867941000000002,1,200,2,5,0,6,8,8,1,5n,0,4n,8,125,200V_2A_125C
1.1491896038347997e-05,1.6411396111189402e-06,3.259005131617826e-07,29.5650064,-85.21749679999999,1.3133035649466937e-05,1.345893616262872e-05,246.359896,23.179947999999996,3.051529999999998e-08,234.05623592433352,5.398667000000017,5.398667000000017,-0.566424893,-4.148667000000017,1,200,2,5,-2,6,8,8,1,5n,0,4n,8,125,200V_2A_125C
4.224247575841022e-06,2.193068785989823e-06,2.584455052178675e-07,22.1269438,-88.93652809999999,6.417316361830845e-06,6.675761867048712e-06,227.841433,13.9207165,7.970270000000117e-09,228.0305320205859,1.3285700000000134,1.3285700000000134,0.591126503,-0.07857000000001335,1,200,2,5,0,6,8,8,1,5n,1,4n,8,125,200V_2A_125C
4.444761863016918e-06,1.6485196175942481e-06,3.2772960432305527e-07,29.5890049,-85.20549755,6.093281480611166e-06,6.4210110849342214e-06,245.418965,22.709482499999993,2.7765669999999953e-08,232.82392487263513,-0.3265580000000057,-0.3265580000000057,-1.39169502,1.5765580000000057,0,200,2,5,-2,6,8,8,1,5n,1,4n,8,125,200V_2A_125C
1.4462133495849283e-05,1.7404732094455711e-06,1.0434300500417682e-06,99.5988828,-50.2005586,1.6202606705294854e-05,1.7246036755336622e-05,249.997163,24.9985815,3.5205060000000036e-08,213.1969715602408,5.152226999999982,5.152226999999982,1.0073623,-3.902226999999982,1,200,2,5,0,6,8,8,1,10n,0,4n,8,125,200V_2A_125C
5.70588352517965e-06,1.6713032341096197e-06,1.123582638737892e-06,109.925764,-45.037118,7.37718675928927e-06,8.500769398027162e-06,250.328741,25.164370500000004,3.530502000000011e-08,205.53105908519933,3.061474699999991,3.061474699999991,-0.960362306,-1.811474699999991,1,200,2,5,-2,6,8,8,1,10n,0,4n,8,125,200V_2A_125C
4.499119248100039e-06,2.0203047336079135e-06,1.0597443254013513e-06,99.641859,-50.179070499999995,6.519423981707952e-06,7.579168307109303e-06,248.540199,24.2700995,2.9305360000000045e-08,208.06741986379518,0.9993209999999806,0.9993209999999806,0.554451482,0.2506790000000194,0,200,2,5,0,6,8,8,1,10n,1,4n,8,125,200V_2A_125C
6.151259277605416e-06,1.6700699392030044e-06,1.1459124022238295e-06,109.931431,-45.03428449999999,7.82132921680842e-06,8.96724161903225e-06,249.353296,24.676648,3.520509999999997e-08,204.1669929429416,-0.9952019999999777,-0.9952019999999777,-1.41507947,2.2452019999999777,0,200,2,5,-2,6,8,8,1,10n,1,4n,8,125,200V_2A_125C
9.604385784224754e-06,1.655412455622014e-06,1.603060997493943e-06,205.917744,2.9588719999999995,1.1259798239846769e-05,1.2862859237340712e-05,205.917744,2.9588719999999995,1.597500000000009e-08,165.25579482571482,4.033720000000017,4.033720000000017,0.0308098061,-2.7837200000000166,1,200,2,5,0,6,8,8,1,25n,0,4n,8,125,200V_2A_125C
6.929565852309744e-06,1.6538366644084723e-06,1.6469860758223075e-06,206.60535,3.3026749999999936,8.583402516718216e-06,1.0230388592540524e-05,206.60535,3.3026749999999936,1.5375000000000043e-08,162.70128936631622,2.443005900000003,2.443005900000003,-1.94066338,-1.1930059000000028,1,200,2,5,-2,6,8,8,1,25n,0,4n,8,125,200V_2A_125C
4.504988292786105e-06,1.6537512433015948e-06,1.6632188315050847e-06,204.345405,2.1727024999999998,6.1587395360877e-06,7.821958367592786e-06,204.345405,2.1727024999999998,1.597500000000009e-08,165.21922335834296,1.0246649999999988,1.0246649999999988,0.0125202192,0.22533500000000117,0,200,2,5,0,6,8,8,1,25n,1,4n,8,125,200V_2A_125C
6.1646591838465335e-06,1.6521200995835818e-06,1.6912750524022722e-06,205.752351,2.876175500000002,7.816779283430115e-06,9.508054335832387e-06,205.752351,2.876175500000002,1.542499999999994e-08,162.7390944753807,-0.962506000000019,-0.962506000000019,-1.97502509,2.212506000000019,0,200,2,5,-2,6,8,8,1,25n,1,4n,8,125,200V_2A_125C
9.79200170167928e-06,1.657109575502782e-06,1.5734449098651916e-06,178.641891,-10.679054500000007,1.144911127718206e-05,1.3022556187047253e-05,211.303485,5.651742499999998,1.740814000000013e-08,167.10548403810475,4.142464999999987,4.142464999999987,0.217013645,-2.892464999999987,1,200,2,5,0,6,8,8,1,15n,0,4n,8,125,200V_2A_125C
6.444569306823838e-06,1.6519416932281839e-06,1.6167176870668597e-06,185.502169,-7.248915499999996,8.096511000052023e-06,9.713228687118882e-06,207.63622,3.8181100000000043,1.5455019999999995e-08,163.3110140199512,2.3377174000000025,2.3377174000000025,-1.86121599,-1.0877174000000025,1,200,2,5,-2,6,8,8,1,15n,0,4n,8,125,200V_2A_125C
4.507901650465451e-06,1.656544001692849e-06,1.6053725594583852e-06,178.579978,-10.710010999999994,6.1644456521583e-06,7.769818211616685e-06,211.699504,5.849751999999995,1.7368680000000138e-08,167.24415740039544,1.0193649999999934,1.0193649999999934,0.126950271,0.23063500000000658,0,200,2,5,0,6,8,8,1,15n,1,4n,8,125,200V_2A_125C
6.167260987939899e-06,1.6517742432187614e-06,1.652946489746311e-06,185.410625,-7.294687499999996,7.81903523115866e-06,9.471981720904972e-06,207.819719,3.909859499999996,1.5462120000000127e-08,163.3304176317922,-0.9622879999999725,-0.9622879999999725,-1.91953095,2.2122879999999725,0,200,2,5,-2,6,8,8,1,15n,1,4n,8,125,200V_2A_125C
9.605557999869938e-06,1.6526989957992888e-06,1.565976038311741e-06,205.917744,2.9588719999999995,1.1258256995669227e-05,1.2824233033980968e-05,205.917744,2.9588719999999995,1.597500000000009e-08,163.97009060977445,4.034570000000002,4.034570000000002,0.018530383,-2.784570000000002,1,200,2,5,0,6,8,8,1,35n,0,4n,8,125,200V_2A_125C
6.8384470742938035e-06,1.6460496010922783e-06,1.580065140203382e-06,206.969728,3.4848640000000017,8.484496675386082e-06,1.0064561815589463e-05,206.969728,3.4848640000000017,1.5375000000000043e-08,160.30129554276408,2.471847799999992,2.471847799999992,-1.97259804,-1.221847799999992,1,200,2,5,-2,6,8,8,1,35n,0,4n,8,125,200V_2A_125C
4.4966576197837615e-06,1.6520673725514608e-06,1.6368131480128152e-06,204.345405,2.1727024999999998,6.148724992335222e-06,7.785538140348037e-06,204.345405,2.1727024999999998,1.597500000000009e-08,164.1037566394866,1.0248840000000143,1.0248840000000143,0.0099282035,0.22511599999998566,0,200,2,5,0,6,8,8,1,35n,1,4n,8,125,200V_2A_125C
6.1525130666084125e-06,1.646050859064887e-06,1.644699443425527e-06,205.752351,2.876175500000002,7.7985639256733e-06,9.443263369098827e-06,205.752351,2.876175500000002,1.542499999999994e-08,160.67805072197226,-0.9591489999999965,-0.9591489999999965,-1.98182612,2.2091489999999965,0,200,2,5,-2,6,8,8,1,35n,1,4n,8,125,200V_2A_125C
4.688914222680927e-06,1.9809948859408907e-06,2.607536643013458e-07,22.105963,-88.9470185,6.669909108621818e-06,6.930662772923164e-06,228.313967,14.156983499999997,1.651878000000012e-08,230.17293216209214,2.2508709999999894,2.2508709999999894,1.39499025,-1.0008709999999894,1,200,2,5,0,6,8,8,4,5n,0,4n,8,125,200V_2A_125C
5.353728932323474e-06,1.6411481731506103e-06,3.351245774239804e-07,29.571483,-85.2142585,6.994877105474084e-06,7.330001682898065e-06,246.025833,23.012916500000003,3.0515119999999964e-08,233.7952275577723,0.01941600000000676,0.01941600000000676,-0.57308693,1.2305839999999932,0,200,2,5,-2,6,8,8,4,5n,0,4n,8,125,200V_2A_125C
4.585629048307588e-06,2.1931684358695322e-06,2.60278659805264e-07,22.1275235,-88.93623825,6.7787974841771205e-06,7.039076143982384e-06,227.843423,13.9217115,7.970450000000135e-09,228.03220721871966,0.7245960000000196,0.7245960000000196,0.591196079,0.5254039999999804,0,200,2,5,0,6,8,8,4,5n,1,4n,8,125,200V_2A_125C
5.355561028313007e-06,1.6485176790156312e-06,3.3475711410042637e-07,29.5895043,-85.20524785000002,7.004078707328638e-06,7.338835821429065e-06,245.412072,22.706035999999997,2.7765739999999995e-08,232.81926805465835,-1.2779189999999971,-1.2779189999999971,-1.39176361,2.527918999999997,0,200,2,5,-2,6,8,8,4,5n,1,4n,8,125,200V_2A_125C
4.928153794499382e-06,1.7344994298877638e-06,1.063963375754332e-06,99.5985193,-50.20074035,6.662653224387146e-06,7.726616600141478e-06,249.071911,24.5359555,3.515516000000008e-08,212.95584747406141,2.3054710000000114,2.3054710000000114,0.991861069,-1.0554710000000114,1,200,2,5,0,6,8,8,4,10n,0,4n,8,125,200V_2A_125C
6.363116667994046e-06,1.6715522893597894e-06,1.1627365697508245e-06,109.921655,-45.03917249999999,8.034668957353836e-06,9.19740552710466e-06,249.641807,24.8209035,3.525505000000011e-08,205.23053977162337,0.19066100000000574,0.19066100000000574,-0.973233062,1.0593389999999943,0,200,2,5,-2,6,8,8,4,10n,0,4n,8,125,200V_2A_125C
4.53867818020971e-06,2.020062734414055e-06,1.0639784676266767e-06,99.6436626,-50.17816869999999,6.558740914623765e-06,7.6227193822504415e-06,248.529726,24.264863000000005,2.9305389999999942e-08,208.0644526758751,0.8867269999999792,0.8867269999999792,0.554338691,0.36327300000002083,0,200,2,5,0,6,8,8,4,10n,1,4n,8,125,200V_2A_125C
6.169018731707341e-06,1.6700715093938887e-06,1.162091988141227e-06,109.931663,-45.03416849999999,7.83909024110123e-06,9.001182229242457e-06,249.344042,24.672021,3.520509999999997e-08,204.16273676263816,-1.0798790000000054,-1.0798790000000054,-1.41519294,2.3298790000000054,0,200,2,5,-2,6,8,8,4,10n,1,4n,8,125,200V_2A_125C
4.903585077674202e-06,1.6563105481061447e-06,1.6089950328115668e-06,178.588852,-10.705573999999999,6.559895625780346e-06,8.168890658591913e-06,211.497782,5.748891000000001,1.736552000000011e-08,167.22242267941317,2.3004709999999875,2.3004709999999875,0.220984002,-1.0504709999999875,1,200,2,5,0,6,8,8,4,15n,0,4n,8,125,200V_2A_125C
6.121682446114203e-06,1.6516693919523524e-06,1.6706004026241158e-06,185.441514,-7.279242999999995,7.773351838066556e-06,9.443952240690672e-06,207.719763,3.8598815,1.5459840000000115e-08,163.33133713789377,0.33525000000000205,0.33525000000000205,-1.85943882,0.914749999999998,0,200,2,5,-2,6,8,8,4,15n,0,4n,8,125,200V_2A_125C
4.511681794434743e-06,1.6565343867726274e-06,1.6096649613307273e-06,178.578691,-10.710654500000006,6.16821618120737e-06,7.777881142538098e-06,211.71038,5.855189999999993,1.736885000000012e-08,167.24722263873753,0.9044720000000268,0.9044720000000268,0.127094895,0.3455279999999732,0,200,2,5,0,6,8,8,4,15n,1,4n,8,125,200V_2A_125C
6.170190339566273e-06,1.6517695880991406e-06,1.6689607822090774e-06,185.408696,-7.295652000000005,7.821959927665414e-06,9.490920709874492e-06,207.824431,3.912215500000002,1.546226e-08,163.33113039130436,-1.0785869999999989,-1.0785869999999989,-1.91946922,2.328586999999999,0,200,2,5,-2,6,8,8,4,15n,1,4n,8,125,200V_2A_125C
4.894868501144357e-06,1.6540550219348256e-06,1.661371119628285e-06,205.067497,2.5337485000000015,6.548923523079182e-06,8.210294642707467e-06,205.067497,2.5337485000000015,1.597500000000009e-08,165.29376369990868,2.3050130000000024,2.3050130000000024,0.0222196098,-1.0550130000000024,1,200,2,5,0,6,8,8,4,25n,0,4n,8,125,200V_2A_125C
6.136375646906339e-06,1.6529694089546126e-06,1.7059965431529349e-06,206.145148,3.072574000000003,7.789345055860952e-06,9.495341599013886e-06,206.145148,3.072574000000003,1.542499999999994e-08,162.73252464379985,0.30490699999998583,0.30490699999998583,-1.9546981,0.9450930000000142,0,200,2,5,-2,6,8,8,4,25n,0,4n,8,125,200V_2A_125C
4.503949179456834e-06,1.653728908310025e-06,1.667841825334801e-06,204.296842,2.148420999999999,6.157678087766859e-06,7.82551991310166e-06,204.296842,2.148420999999999,1.597500000000009e-08,165.21933184048157,0.9043499999999938,0.9043499999999938,0.0124092348,0.34565000000000623,0,200,2,5,0,6,8,8,4,25n,1,4n,8,125,200V_2A_125C
6.1634827162485634e-06,1.6521165526428607e-06,1.707832539410753e-06,205.725867,2.862933499999997,7.815599268891425e-06,9.523431808302179e-06,205.725867,2.862933499999997,1.542499999999994e-08,162.738298728651,-1.083785000000006,-1.083785000000006,-1.97505067,2.333785000000006,0,200,2,5,-2,6,8,8,4,25n,1,4n,8,125,200V_2A_125C
4.891903590555483e-06,1.6527470053045628e-06,1.6355630188180184e-06,205.067497,2.5337485000000015,6.544650595860046e-06,8.180213614678065e-06,205.067497,2.5337485000000015,1.597500000000009e-08,164.18649179041955,2.3030669999999986,2.3030669999999986,0.0185202787,-1.0530669999999986,1,200,2,5,0,6,8,8,4,35n,0,4n,8,125,200V_2A_125C
6.135714228155621e-06,1.6459048730816637e-06,1.6585281570565452e-06,206.145148,3.072574000000003,7.781619101237285e-06,9.44014725829383e-06,206.145148,3.072574000000003,1.542499999999994e-08,160.66361688013595,0.30508599999998864,0.30508599999998864,-1.97116998,0.9449140000000114,0,200,2,5,-2,6,8,8,4,35n,0,4n,8,125,200V_2A_125C
4.497785559993452e-06,1.652064779317003e-06,1.6414408318048033e-06,204.296842,2.148420999999999,6.149850339310455e-06,7.791291171115258e-06,204.296842,2.148420999999999,1.597500000000009e-08,164.09848852844934,0.9039630000000045,0.9039630000000045,0.00980279848,0.3460369999999955,0,200,2,5,0,6,8,8,4,35n,1,4n,8,125,200V_2A_125C
6.157349320698872e-06,1.6460394336503233e-06,1.6611625517300336e-06,205.725867,2.862933499999997,7.803388754349195e-06,9.464551306079228e-06,205.725867,2.862933499999997,1.542499999999994e-08,160.67763038011407,-1.08246299999999,-1.08246299999999,-1.98175917,2.33246299999999,0,200,2,5,-2,6,8,8,4,35n,1,4n,8,125,200V_2A_125C
4.6687157769024835e-06,1.9798630503349057e-06,2.658819173709041e-07,22.1077406,-88.9461297,6.648578827237389e-06,6.914460744608294e-06,228.273931,14.1369655,1.6519390000000002e-08,230.1684347541314,1.6002340000000004,1.6002340000000004,1.39332505,-0.3502340000000004,1,200,2,5,0,6,8,8,8,5n,0,4n,8,125,200V_2A_125C
5.781959649746332e-06,1.6411434134761942e-06,3.398503361565761e-07,29.572763,-85.2136185,7.4231030632225265e-06,7.762953399379102e-06,245.921112,22.960555999999997,3.0515289999999946e-08,233.71717384016,-0.5640319999999974,-0.5640319999999974,-0.575258889,1.8140319999999974,0,200,2,5,-2,6,8,8,8,5n,0,4n,8,125,200V_2A_125C
4.525574153351381e-06,2.1933102184932313e-06,2.6521907368835537e-07,22.1279853,-88.93600735,6.718884371844612e-06,6.984103445532967e-06,227.846358,13.923179000000005,7.970639999999977e-09,228.03435792369424,0.8035869999999932,0.8035869999999932,0.591289851,0.44641300000000683,0,200,2,5,0,6,8,8,8,5n,1,4n,8,125,200V_2A_125C
5.77024417458325e-06,1.6485158280780287e-06,3.393392343840708e-07,29.5900458,-85.20497710000001,7.418760002661278e-06,7.758099237045348e-06,245.406061,22.703030499999997,2.7765810000000037e-08,232.8152058417087,-1.3063750000000027,-1.3063750000000027,-1.39182173,2.5563750000000027,0,200,2,5,-2,6,8,8,8,5n,1,4n,8,125,200V_2A_125C
4.562123773571157e-06,1.7332218290345226e-06,1.0702270086201582e-06,99.6031915,-50.19840425,6.29534560260568e-06,7.365572611225839e-06,248.85155,24.425775,3.515524999999998e-08,212.90273141970704,1.6526289999999904,1.6526289999999904,0.988001485,-0.40262899999999036,1,200,2,5,0,6,8,8,8,10n,0,4n,8,125,200V_2A_125C
6.1876711536172955e-06,1.6716221757830607e-06,1.1697097429971939e-06,109.919494,-45.040253,7.859293329400356e-06,9.02900307239755e-06,249.517265,24.758632500000004,3.525506999999997e-08,205.1640251833289,-0.32395300000001725,-0.32395300000001725,-0.975728591,1.5739530000000173,0,200,2,5,-2,6,8,8,8,10n,0,4n,8,125,200V_2A_125C
4.507277794844671e-06,2.019883661596498e-06,1.0693469386112633e-06,99.6451204,-50.1774398,6.5271614564411685e-06,7.596508395052432e-06,248.521976,24.260987999999998,2.9305430000000087e-08,208.06129477432026,0.7909099999999967,0.7909099999999967,0.554249318,0.45909000000000333,0,200,2,5,0,6,8,8,8,10n,1,4n,8,125,200V_2A_125C
6.170439509162793e-06,1.6700742759423858e-06,1.168987921182227e-06,109.931963,-45.0340185,7.840513785105179e-06,9.009501706287405e-06,249.335535,24.667767499999997,3.5205110000000005e-08,204.15872161074316,-1.2125149999999962,-1.2125149999999962,-1.415297,2.4625149999999962,0,200,2,5,-2,6,8,8,8,10n,1,4n,8,125,200V_2A_125C
4.550682138955327e-06,1.656099728793911e-06,1.6154789037172957e-06,178.57492,-10.712540000000004,6.206781867749238e-06,7.822260771466534e-06,211.571264,5.785632000000008,1.7367490000000056e-08,167.2553884545683,1.6720359999999914,1.6720359999999914,0.222407733,-0.4220359999999914,1,200,2,5,0,6,8,8,8,15n,0,4n,8,125,200V_2A_125C
6.1652850761359926e-06,1.6515964461752187e-06,1.6763858441492297e-06,185.424051,-7.287974500000005,7.816881522311211e-06,9.49326736646044e-06,207.756175,3.8780875000000066,1.5461250000000148e-08,163.33797201227375,-0.3185330000000022,-0.3185330000000022,-1.85868249,1.5685330000000022,0,200,2,5,-2,6,8,8,8,15n,0,4n,8,125,200V_2A_125C
4.509054010313343e-06,1.6565257886886163e-06,1.614997203948703e-06,178.576927,-10.711536499999992,6.165579799001959e-06,7.780577002950661e-06,211.723412,5.861705999999998,1.7369000000000028e-08,167.25008033434358,0.7843960000000152,0.7843960000000152,0.12725511,0.4656039999999848,0,200,2,5,0,6,8,8,8,15n,1,4n,8,125,200V_2A_125C
6.172262004647499e-06,1.6517656164522656e-06,1.6757769894254557e-06,185.406769,-7.2966155000000015,7.824027621099765e-06,9.499804610525222e-06,207.829347,3.9146735000000064,1.5462400000000084e-08,163.33182797659293,-1.2030560000000037,-1.2030560000000037,-1.91940441,2.4530560000000037,0,200,2,5,-2,6,8,8,8,15n,1,4n,8,125,200V_2A_125C
4.545224733450687e-06,1.654158563710389e-06,1.6718987902421139e-06,204.713926,2.3569629999999933,6.199383297161076e-06,7.87128208740319e-06,204.713926,2.3569629999999933,1.597500000000009e-08,165.25273571942662,1.664749999999998,1.664749999999998,0.0216858756,-0.41474999999999795,1,200,2,5,0,6,8,8,8,25n,0,4n,8,125,200V_2A_125C
6.1531040002787565e-06,1.6527531561195843e-06,1.7138988462599138e-06,205.935142,2.9675710000000066,7.80585715639834e-06,9.519756002658253e-06,205.935142,2.9675710000000066,1.542499999999994e-08,162.73796994909773,-0.3190970000000277,-0.3190970000000277,-1.95762786,1.5690970000000277,0,200,2,5,-2,6,8,8,8,25n,0,4n,8,125,200V_2A_125C
4.504646609230427e-06,1.6537032259032244e-06,1.6733761692601435e-06,204.248267,2.1241334999999992,6.158349835133651e-06,7.831726004393795e-06,204.248267,2.1241334999999992,1.597500000000009e-08,165.20995964568033,0.7798709999999858,0.7798709999999858,0.0122854909,0.47012900000001423,0,200,2,5,0,6,8,8,8,25n,1,4n,8,125,200V_2A_125C
6.163389103833854e-06,1.6521152732210877e-06,1.714796392902454e-06,205.699542,2.849771000000004,7.815504377054942e-06,9.530300769957397e-06,205.699542,2.849771000000004,1.542499999999994e-08,162.73741419849728,-1.2071689999999933,-1.2071689999999933,-1.97505616,2.4571689999999933,0,200,2,5,-2,6,8,8,8,25n,1,4n,8,125,200V_2A_125C
4.54197065699434e-06,1.6525468646410358e-06,1.6454660875402195e-06,204.713926,2.3569629999999933,6.194517521635376e-06,7.839983609175595e-06,204.713926,2.3569629999999933,1.597500000000009e-08,164.13592954188184,1.6660610000000133,1.6660610000000133,0.0179479525,-0.41606100000001334,1,200,2,5,0,6,8,8,8,35n,0,4n,8,125,200V_2A_125C
6.150799846663848e-06,1.6458367517973403e-06,1.6671807772244963e-06,205.935142,2.9675710000000066,7.796636598461187e-06,9.463817375685684e-06,205.935142,2.9675710000000066,1.542499999999994e-08,160.67601177409443,-0.3229400000000169,-0.3229400000000169,-1.97078459,1.5729400000000169,0,200,2,5,-2,6,8,8,8,35n,0,4n,8,125,200V_2A_125C
4.499843596593198e-06,1.6520613826335054e-06,1.6469796130216717e-06,204.248267,2.1241334999999992,6.151904979226703e-06,7.798884592248375e-06,204.248267,2.1241334999999992,1.597500000000009e-08,164.0930759140579,0.7811789999999803,0.7811789999999803,0.00965522647,0.4688210000000197,0,200,2,5,0,6,8,8,8,35n,1,4n,8,125,200V_2A_125C
6.1583791397584824e-06,1.646027738658721e-06,1.6681110558794262e-06,205.699542,2.849771000000004,7.804406878417204e-06,9.47251793429663e-06,205.699542,2.849771000000004,1.542499999999994e-08,160.67713054514206,-1.207132999999999,-1.207132999999999,-1.9816855,2.457132999999999,0,200,2,5,-2,6,8,8,8,35n,1,4n,8,125,200V_2A_125C
2.826558582675097e-05,6.470118206829702e-06,3.612963593354327e-09,0.4322888,-99.78385559999998,3.473570403358067e-05,3.473931699717403e-05,233.428176,16.714088000000004,1.3335259999999944e-08,259.57410537037947,6.60781999999999,6.60781999999999,5.21876723,-5.35781999999999,1,200,2,5,0,8,2,8,1,5n,0,4n,8,125,200V_2A_125C
1.1886633015328073e-05,1.8208053923536357e-06,3.1766180992238144e-08,4.54652088,-97.72673956,1.3707438407681709e-05,1.3739204588673947e-05,229.437914,14.718957000000003,2.5261300000000007e-08,253.46925771372082,6.0849119999999886,6.0849119999999886,2.74071095,-4.8349119999999886,1,200,2,5,-2,8,2,8,1,5n,0,4n,8,125,200V_2A_125C
4.1377159782884405e-06,2.199013726345204e-06,5.037444974776577e-09,0.996478505,-99.50176074749999,6.336729704633645e-06,6.341767149608421e-06,233.590527,16.795263500000004,2.578098000000007e-08,256.6224779016678,1.328600999999992,1.328600999999992,0.917331096,-0.07860099999999193,1,200,2,5,0,8,2,8,1,5n,1,4n,8,125,200V_2A_125C
4.313608635534267e-06,1.65095472757068e-06,3.09493962154983e-08,5.46516211,-97.267418945,5.964563363104946e-06,5.995512759320444e-06,234.483276,17.241637999999995,2.5204530000000115e-08,254.71127800062754,-0.32654099999999175,-0.32654099999999175,-1.16510719,1.5765409999999918,0,200,2,5,-2,8,2,8,1,5n,1,4n,8,125,200V_2A_125C
1.4497863792640086e-05,2.7306145367687035e-06,2.679420288173956e-07,23.4495894,-88.2752053,1.7228478329408788e-05,1.7496420358226183e-05,221.985228,10.992614000000003,2.2255020000000082e-08,252.12158575916646,5.64408499999999,5.64408499999999,3.17472947,-4.39408499999999,1,200,2,5,0,8,2,8,1,10n,0,4n,8,125,200V_2A_125C
5.650403310600989e-06,1.6728553057162035e-06,7.419193218935787e-07,67.7105217,-66.14473914999999,7.323258616317192e-06,8.065177938210771e-06,256.58784,28.293920000000018,4.090502000000011e-08,245.7053153913715,3.617390499999999,3.617390499999999,0.496250112,-2.367390499999999,1,200,2,5,-2,8,2,8,1,10n,0,4n,8,125,200V_2A_125C
4.426700514730071e-06,2.0616736448000097e-06,6.41361166650229e-07,55.9313292,-72.0343354,6.48837415953008e-06,7.12973532618031e-06,245.981463,22.990731499999995,2.6655299999999946e-08,238.5852400163424,1.1441079999999886,1.1441079999999886,0.632016851,0.10589200000001142,0,200,2,5,0,8,2,8,1,10n,1,4n,8,125,200V_2A_125C
6.040941630159762e-06,1.6716901009664935e-06,7.762905316633682e-07,69.7768852,-65.11155740000001,7.712631731126256e-06,8.488922262789623e-06,254.618616,27.309308,3.540541000000005e-08,241.4636407874235,-0.8089439999999968,-0.8089439999999968,-1.20186608,2.0589439999999968,0,200,2,5,-2,8,2,8,1,10n,1,4n,8,125,200V_2A_125C
9.699104004907124e-06,1.7730768474327013e-06,1.0737660073152087e-06,102.312799,-48.8436005,1.1472180852339826e-05,1.2545946859655035e-05,248.338483,24.1692415,4.025501999999995e-08,196.0743019990419,4.584992,4.584992,1.81585089,-3.3349919999999997,1,200,2,5,0,8,2,8,1,15n,0,4n,8,125,200V_2A_125C
6.300929584795385e-06,1.6752323980048125e-06,1.465771774465356e-06,152.590836,-23.704582000000002,7.976161982800197e-06,9.441933757265553e-06,228.678123,14.3390615,3.4405010000000006e-08,178.72804335015527,2.8605256000000026,2.8605256000000026,-0.949226976,-1.6105256000000026,1,200,2,5,-2,8,2,8,1,15n,0,4n,8,125,200V_2A_125C
4.438181938361912e-06,1.6848822886589544e-06,1.4025658765558684e-06,141.221342,-29.389329000000004,6.1230642270208665e-06,7.525630103576735e-06,234.034698,17.017348999999996,3.441379000000009e-08,182.89611006284292,1.1627419999999802,1.1627419999999802,0.478802058,0.08725800000001982,0,200,2,5,0,8,2,8,1,15n,1,4n,8,125,200V_2A_125C
6.0558623209704656e-06,1.6695812303607803e-06,1.5111037479666822e-06,154.162666,-22.918667,7.725443551331247e-06,9.236547299297929e-06,227.679201,13.839600500000003,3.160888000000007e-08,177.86217789148586,-0.7710849999999994,-0.7710849999999994,-1.6104552,2.0210849999999994,0,200,2,5,-2,8,2,8,1,15n,1,4n,8,125,200V_2A_125C
9.48805399973255e-06,1.6725230391793483e-06,1.6639989170060076e-06,203.469401,1.7347005000000024,1.1160577038911899e-05,1.2824575955917907e-05,203.864662,1.932331000000005,2.0875000000000033e-08,148.5136390501143,4.420611999999991,4.420611999999991,0.0664718277,-3.1706119999999913,1,200,2,5,0,8,2,8,1,25n,0,4n,8,125,200V_2A_125C
6.803827457042996e-06,1.660149963160841e-06,1.6962348609626847e-06,205.55353,2.7767649999999975,8.463977420203837e-06,1.0160212281166521e-05,205.869671,2.9348355000000055,1.787500000000002e-08,165.71851382625476,2.944905899999995,2.944905899999995,-1.93958324,-1.6949058999999949,1,200,2,5,-2,8,2,8,1,25n,0,4n,8,125,200V_2A_125C
4.436576650714759e-06,1.6556043063723212e-06,1.6869929119762198e-06,204.202803,2.1014014999999944,6.09218095708708e-06,7.7791738690633e-06,204.202803,2.1014014999999944,1.8618699999999987e-08,163.34177621970179,1.1679699999999968,1.1679699999999968,0.0138675062,0.08203000000000316,0,200,2,5,0,8,2,8,1,25n,1,4n,8,125,200V_2A_125C
6.055295898638384e-06,1.6548578086816164e-06,1.7327393116694846e-06,205.623187,2.8115935000000007,7.71015370732e-06,9.442893018989484e-06,205.726512,2.863256000000007,1.782500000000012e-08,166.10077242651772,-0.7708499999999958,-0.7708499999999958,-1.97323453,2.020849999999996,0,200,2,5,-2,8,2,8,1,25n,1,4n,8,125,200V_2A_125C
9.487203291162776e-06,1.6687775551198569e-06,1.6044746135853906e-06,205.445421,2.722710500000005,1.1155980846282633e-05,1.2760455459868024e-05,205.445421,2.722710500000005,2.0875000000000033e-08,146.72477227023154,4.420208000000002,4.420208000000002,0.00919576045,-3.1702080000000024,1,200,2,5,0,8,2,8,1,35n,0,4n,8,125,200V_2A_125C
6.713796399239552e-06,1.651233848639119e-06,1.6235630024105624e-06,207.164162,3.5820810000000023,8.36503024787867e-06,9.988593250289232e-06,207.164162,3.5820810000000023,1.787500000000002e-08,162.7914264906124,2.985547199999999,2.985547199999999,-1.95940768,-1.7355471999999992,1,200,2,5,-2,8,2,8,1,35n,0,4n,8,125,200V_2A_125C
4.429156835620544e-06,1.653942616953766e-06,1.660778597424777e-06,204.202803,2.1014014999999944,6.08309945257431e-06,7.743878049999086e-06,204.202803,2.1014014999999944,1.8618699999999987e-08,162.06337390872574,1.1691069999999968,1.1691069999999968,0.00838333978,0.08089300000000321,0,200,2,5,0,8,2,8,1,35n,1,4n,8,125,200V_2A_125C
6.044151844246519e-06,1.648417318156215e-06,1.6855203107888786e-06,206.025566,3.012782999999999,7.692569162402733e-06,9.378089473191613e-06,206.025566,3.012782999999999,1.782500000000012e-08,163.68044740857863,-0.767879999999991,-0.767879999999991,-1.97356022,2.017879999999991,0,200,2,5,-2,8,2,8,1,35n,1,4n,8,125,200V_2A_125C
4.600941241371815e-06,6.47371296559875e-06,6.144795204000069e-09,0.43225952,-99.78387024,1.1074654206970564e-05,1.1080799002174565e-05,233.439711,16.719855499999994,1.3328660000000143e-08,259.58073679373354,5.22080331,2.5947579999999846,5.22080331,-3.97080331,1,200,2,5,0,8,2,8,4,5n,0,4n,8,125,200V_2A_125C
5.22233026878566e-06,1.8205649157911204e-06,4.0147449680481146e-08,4.54718167,-97.726409165,7.0428951845767806e-06,7.083042634257262e-06,229.452303,14.7261515,2.526231000000007e-08,253.4521819231843,2.73818146,0.44598599999999067,2.73818146,-1.4881814599999998,1,200,2,5,-2,8,2,8,4,5n,0,4n,8,125,200V_2A_125C
4.506695032754158e-06,2.1990619932394655e-06,6.906227051948436e-09,0.996457195,-99.5017714025,6.7057570259936235e-06,6.712663253045572e-06,233.590627,16.795313500000006,2.5780990000000107e-08,256.6231119224111,0.917321161,0.8407370000000185,0.917321161,0.33267883899999995,0,200,2,5,0,8,2,8,4,5n,1,4n,8,125,200V_2A_125C
5.226361446941175e-06,1.6509530189272681e-06,3.8045249003542786e-08,5.46531448,-97.26734276,6.877314465868444e-06,6.915359714871987e-06,234.482218,17.241108999999994,2.520454000000015e-08,254.70945602024935,-1.130517999999995,-1.130517999999995,-1.16518579,2.380517999999995,0,200,2,5,-2,8,2,8,4,5n,1,4n,8,125,200V_2A_125C
4.8590555748244855e-06,2.72992686480897e-06,2.8849261445883305e-07,23.4527746,-88.2736127,7.588982439633456e-06,7.877475054092288e-06,222.137633,11.068816499999999,2.2255039999999943e-08,252.17754039360022,3.1614455,2.6427010000000166,3.1614455,-1.9114455000000001,1,200,2,5,0,8,2,8,4,10n,0,4n,8,125,200V_2A_125C
6.262547768673526e-06,1.6731288162332352e-06,7.803424332018107e-07,67.7038416,-66.1480792,7.93567658490676e-06,8.716019018108571e-06,255.828794,27.914396999999994,4.085504000000007e-08,245.18833812600707,0.6302589999999952,0.6302589999999952,0.479594472,0.6197410000000048,0,200,2,5,-2,8,2,8,4,10n,0,4n,8,125,200V_2A_125C
4.469319616030837e-06,2.0615354226098413e-06,6.457094185743049e-07,55.9398827,-72.03005865,6.530855038640678e-06,7.176564457214983e-06,245.973897,22.986948499999997,2.665532000000002e-08,238.58517212074062,1.0095000000000027,1.0095000000000027,0.631883516,0.24049999999999727,0,200,2,5,0,8,2,8,4,10n,1,4n,8,125,200V_2A_125C
6.0588362950484515e-06,1.6717320934675837e-06,7.926238338155854e-07,69.7742387,-65.11288065,7.730568388516035e-06,8.52319222233162e-06,254.59277,27.296385,3.540593000000003e-08,241.4556125802184,-0.9119769999999789,-0.9119769999999789,-1.20230554,2.161976999999979,0,200,2,5,-2,8,2,8,4,10n,1,4n,8,125,200V_2A_125C
4.833544673573579e-06,1.7691087950732277e-06,1.1092152663215619e-06,102.311797,-48.844101499999994,6.602653468646806e-06,7.711868734968368e-06,247.45332,23.726659999999995,4.020577000000002e-08,195.79849151411972,2.6383869999999945,2.6383869999999945,1.79184083,-1.3883869999999945,1,200,2,5,0,8,2,8,4,15n,0,4n,8,125,200V_2A_125C
6.016695371990659e-06,1.6743324263534396e-06,1.5187639621048346e-06,152.547732,-23.726134000000002,7.6910277983441e-06,9.209791760448934e-06,228.579972,14.289985999999999,3.4356230000000087e-08,178.79880847734336,0.783766,0.783766,-0.953381813,0.46623400000000004,0,200,2,5,-2,8,2,8,4,15n,0,4n,8,125,200V_2A_125C
4.4436172181604675e-06,1.684837454396769e-06,1.4068809307308282e-06,141.217141,-29.3914295,6.1284546725572365e-06,7.535335603288064e-06,234.027297,17.013648500000002,3.4414049999999976e-08,182.89951934055637,1.0300989999999786,1.0300989999999786,0.478719026,0.21990100000002144,0,200,2,5,0,8,2,8,4,15n,1,4n,8,125,200V_2A_125C
6.058734913006431e-06,1.669553461299068e-06,1.5271815992717282e-06,154.156824,-22.921588,7.728288374305498e-06,9.255469973577227e-06,227.673783,13.836891499999993,3.160914999999999e-08,177.8635083072885,-0.9103179999999895,-0.9103179999999895,-1.61059832,2.1603179999999895,0,200,2,5,-2,8,2,8,4,15n,1,4n,8,125,200V_2A_125C
4.826325427692303e-06,1.671724254788508e-06,1.705993816067341e-06,203.310719,1.655359500000003,6.4980496824808105e-06,8.204043498548152e-06,203.66327,1.8316350000000057,2.0875000000000033e-08,148.47742146643978,2.646059000000008,2.646059000000008,0.0647357792,-1.3960590000000082,1,200,2,5,0,8,2,8,4,25n,0,4n,8,125,200V_2A_125C
6.0320677775074826e-06,1.6597438312702595e-06,1.7508397944441032e-06,205.397899,2.6989494999999977,7.691811608777743e-06,9.442651403221845e-06,205.621948,2.8109740000000016,1.787500000000002e-08,165.69829816817312,0.7537599999999998,0.7537599999999998,-1.94439106,0.49624000000000024,0,200,2,5,-2,8,2,8,4,25n,0,4n,8,125,200V_2A_125C
4.434263360975139e-06,1.6556260542564237e-06,1.6917131253181309e-06,204.161362,2.0806809999999984,6.089889415231563e-06,7.781602540549694e-06,204.161362,2.0806809999999984,1.861924000000004e-08,163.34086875207768,1.0300780000000032,1.0300780000000032,0.0141151985,0.21992199999999684,0,200,2,5,0,8,2,8,4,25n,1,4n,8,125,200V_2A_125C
6.053416491463381e-06,1.6548397770564533e-06,1.7492266915888347e-06,205.598675,2.799337499999993,7.708256268519834e-06,9.457482960108669e-06,205.697206,2.848602999999997,1.782500000000012e-08,166.10016398775775,-0.9160690000000216,-0.9160690000000216,-1.97341785,2.1660690000000216,0,200,2,5,-2,8,2,8,4,25n,1,4n,8,125,200V_2A_125C
4.823600797958081e-06,1.668779182773052e-06,1.675086546777351e-06,204.54889,2.274445,6.492379980731133e-06,8.167466527508484e-06,204.54889,2.274445,2.0875000000000033e-08,147.211040324206,2.6403329999999983,2.6403329999999983,0.0132605587,-1.3903329999999983,1,200,2,5,0,8,2,8,4,35n,0,4n,8,125,200V_2A_125C
6.0318346313164205e-06,1.6514425109463853e-06,1.700636937649703e-06,206.338864,3.1694320000000005,7.683277142262806e-06,9.383914079912509e-06,206.338864,3.1694320000000005,1.787500000000002e-08,163.21647804638212,0.7526790000000005,0.7526790000000005,-1.96084596,0.49732099999999946,0,200,2,5,-2,8,2,8,4,35n,0,4n,8,125,200V_2A_125C
4.430165154473725e-06,1.6539212352811806e-06,1.6654353288387325e-06,204.161362,2.0806809999999984,6.084086389754906e-06,7.749521718593638e-06,204.161362,2.0806809999999984,1.861924000000004e-08,162.0598047289536,1.0296470000000113,1.0296470000000113,0.00836170731,0.2203529999999887,0,200,2,5,0,8,2,8,4,35n,1,4n,8,125,200V_2A_125C
6.046387431607931e-06,1.6484118437046518e-06,1.7020366208661874e-06,205.99191,2.995954999999995,7.694799275312583e-06,9.39683589617877e-06,205.99191,2.995954999999995,1.782500000000012e-08,163.6806741251482,-0.9144450000000006,-0.9144450000000006,-1.97362594,2.1644450000000006,0,200,2,5,-2,8,2,8,4,35n,1,4n,8,125,200V_2A_125C
4.608345103481346e-06,6.473508194278338e-06,1.135825334928388e-08,0.432170107,-99.7839149465,1.1081853297759685e-05,1.1093211551108969e-05,233.439004,16.719502000000006,1.3377359999999984e-08,259.58301855863266,5.22068206,1.8295819999999878,5.22068206,-3.9706820599999997,1,200,2,5,0,8,2,8,8,5n,0,4n,8,125,200V_2A_125C
5.6292154765399285e-06,1.8204518072205337e-06,4.48090831583417e-08,4.5475231,-97.72623845,7.449667283760462e-06,7.494476366918804e-06,229.458008,14.729004000000005,2.5262689999999967e-08,253.44520657972595,2.73704269,-0.2688930000000056,2.73704269,-1.48704269,1,200,2,5,-2,8,2,8,8,5n,0,4n,8,125,200V_2A_125C
4.457080677872836e-06,2.199114823981778e-06,1.1916411194171182e-08,0.996428627,-99.5017856865,6.656195501854614e-06,6.668111913048786e-06,233.590684,16.795342000000005,2.5781000000000143e-08,256.6239872152411,0.917310637,0.9099009999999907,0.917310637,0.33268936299999996,0,200,2,5,0,8,2,8,8,5n,1,4n,8,125,200V_2A_125C
5.621134336870157e-06,1.6509516022676225e-06,4.2591986952847086e-08,5.46548176,-97.26725912,7.27208593913778e-06,7.314677926090628e-06,234.481265,17.240632500000004,2.520456000000001e-08,254.70794669408022,-1.1652531,-1.1732570000000067,-1.1652531,2.4152531,0,200,2,5,-2,8,2,8,8,5n,1,4n,8,125,200V_2A_125C
4.497692165157813e-06,2.729177373243777e-06,2.948811014926592e-07,23.4529443,-88.27352785,7.22686953840159e-06,7.521750639894249e-06,222.207539,11.103769499999999,2.2246589999999996e-08,252.20961967413893,3.15781578,1.8951739999999972,3.15781578,-1.90781578,1,200,2,5,0,8,2,8,8,10n,0,4n,8,125,200V_2A_125C
6.090535530147274e-06,1.6731911850046665e-06,7.873590008418482e-07,67.6992215,-66.15038925,7.763726715151941e-06,8.55108571599379e-06,255.629112,27.814555999999996,4.085506000000014e-08,245.05940050372195,0.475724091,-0.006579999999985375,0.475724091,0.774275909,0,200,2,5,-2,8,2,8,8,10n,0,4n,8,125,200V_2A_125C
4.437043481728345e-06,2.0614479537812893e-06,6.511936274035249e-07,55.9481288,-72.0259356,6.498491435509634e-06,7.14968506291316e-06,245.968172,22.984086000000005,2.6655350000000128e-08,238.58506792626525,0.8977929999999787,0.8977929999999787,0.631783694,0.35220700000002125,0,200,2,5,0,8,2,8,8,10n,1,4n,8,125,200V_2A_125C
6.061539136469727e-06,1.6717773991380688e-06,7.996074921419646e-07,69.7714254,-65.1142873,7.733316535607796e-06,8.53292402774976e-06,254.56678,27.28339,3.540649999999998e-08,241.44851111093217,-1.0689279999999997,-1.0689279999999997,-1.20275197,2.3189279999999997,0,200,2,5,-2,8,2,8,8,10n,1,4n,8,125,200V_2A_125C
4.4888841894094105e-06,1.7681342881870504e-06,1.1156632804515964e-06,102.309705,-48.8451475,6.257018477596461e-06,7.372681758048057e-06,247.24023,23.620114999999995,4.0206660000000074e-08,195.7352126235895,1.9130690000000072,1.9130690000000072,1.78603721,-0.6630690000000072,1,200,2,5,0,8,2,8,8,15n,0,4n,8,125,200V_2A_125C
6.057103670152316e-06,1.6740602677215829e-06,1.5245690736586335e-06,152.527174,-23.736413,7.731163937873899e-06,9.255733011532532e-06,228.54212,14.271060000000007,3.435763000000008e-08,178.81707875575327,0.00223199999999224,0.00223199999999224,-0.955490476,1.2477680000000078,0,200,2,5,-2,8,2,8,8,15n,0,4n,8,125,200V_2A_125C
4.440056422243175e-06,1.684799314947701e-06,1.4122364968097434e-06,141.21198,-29.394009999999994,6.124855737190877e-06,7.53709223400062e-06,234.020963,17.010481499999997,3.441431000000007e-08,182.90285545417927,0.8928429999999992,0.8928429999999992,0.478649867,0.35715700000000083,0,200,2,5,0,8,2,8,8,15n,1,4n,8,125,200V_2A_125C
6.061604726941255e-06,1.669523655188638e-06,1.5340317393650992e-06,154.150396,-22.924802,7.731128382129893e-06,9.265160121494992e-06,227.666584,13.833292000000002,3.160945000000002e-08,177.86420584295212,-1.0585279999999955,-1.0585279999999955,-1.61076862,2.3085279999999955,0,200,2,5,-2,8,2,8,8,15n,1,4n,8,125,200V_2A_125C
4.48305155938754e-06,1.6711961857109317e-06,1.713171755846356e-06,203.219911,1.609955499999998,6.154247745098472e-06,7.867419500944828e-06,203.501438,1.7507190000000037,2.0875000000000033e-08,148.45952941439205,1.9050469999999962,1.9050469999999962,0.0624606798,-0.6550469999999962,1,200,2,5,0,8,2,8,8,25n,0,4n,8,125,200V_2A_125C
6.045105806267174e-06,1.6595035966341141e-06,1.7574140918872965e-06,205.354151,2.677075500000001,7.704609402901288e-06,9.462023494788585e-06,205.47318,2.7365900000000067,1.787500000000002e-08,165.6941971357361,-0.0007999999999981355,-0.0007999999999981355,-1.94678522,1.2507999999999981,0,200,2,5,-2,8,2,8,8,25n,0,4n,8,125,200V_2A_125C
4.435837536572523e-06,1.6556567468024698e-06,1.6973507659968596e-06,204.119845,2.059922499999999,6.091494283374992e-06,7.788845049371852e-06,204.119845,2.059922499999999,1.8619780000000093e-08,163.3365133948696,0.8868499999999813,0.8868499999999813,0.0144104912,0.36315000000001874,0,200,2,5,0,8,2,8,8,25n,1,4n,8,125,200V_2A_125C
6.0526838130207855e-06,1.6548219941304835e-06,1.756099108305544e-06,205.573577,2.7867885,7.707505807151269e-06,9.463604915456814e-06,205.667062,2.8335309999999936,1.782500000000012e-08,166.09943206848564,-1.0632109999999955,-1.0632109999999955,-1.97361368,2.3132109999999955,0,200,2,5,-2,8,2,8,8,25n,1,4n,8,125,200V_2A_125C
4.480794754123096e-06,1.6687429509201886e-06,1.6850419938802948e-06,204.230134,2.1150669999999963,6.149537705043284e-06,7.834579698923579e-06,204.230134,2.1150669999999963,2.0875000000000033e-08,147.2135747477121,1.9068399999999883,1.9068399999999883,0.0122038254,-0.6568399999999883,1,200,2,5,0,8,2,8,8,35n,0,4n,8,125,200V_2A_125C
6.043430483532799e-06,1.6513948799471877e-06,1.7093552811275568e-06,206.122534,3.061267000000001,7.694825363479988e-06,9.404180644607544e-06,206.122534,3.061267000000001,1.787500000000002e-08,163.2445065961938,-0.004314999999991187,-0.004314999999991187,-1.96119173,1.2543149999999912,0,200,2,5,-2,8,2,8,8,35n,0,4n,8,125,200V_2A_125C
4.4323016057687515e-06,1.6538989902583096e-06,1.6710024942944184e-06,204.119845,2.059922499999999,6.086200596027061e-06,7.75720309032148e-06,204.119845,2.059922499999999,1.8619780000000093e-08,162.05580215664068,0.8883620000000008,0.8883620000000008,0.00836329833,0.36163799999999924,0,200,2,5,0,8,2,8,8,35n,1,4n,8,125,200V_2A_125C
6.048688152798689e-06,1.6483015909363492e-06,1.7090085849959908e-06,205.957452,2.9787259999999947,7.696989743735037e-06,9.405998328731028e-06,205.957452,2.9787259999999947,1.782500000000012e-08,163.68892719555484,-1.0631060000000048,-1.0631060000000048,-1.97366161,2.3131060000000048,0,200,2,5,-2,8,2,8,8,35n,1,4n,8,125,200V_2A_125C
2.8260961752640137e-05,1.9854388302667994e-06,2.584636421044925e-07,22.1073695,-88.94631525000001,3.0246400582906935e-05,3.0504864225011427e-05,228.479792,14.239896000000002,1.646841000000015e-08,230.19997145665192,6.607947999999993,6.607947999999993,1.401481,-5.357947999999993,1,200,2,5,0,8,8,8,1,5n,0,4n,8,125,200V_2A_125C
1.186222307723176e-05,1.6411396126735174e-06,3.2590294115384363e-07,29.5652583,-85.21737085,1.3503362689905277e-05,1.3829265631059121e-05,246.360048,23.180024000000003,3.051529999999998e-08,234.05604884568402,6.082747999999995,6.082747999999995,-0.566427468,-4.832747999999995,1,200,2,5,-2,8,8,8,1,5n,0,4n,8,125,200V_2A_125C
4.13717651961888e-06,2.19306789900814e-06,2.5844423389506806e-07,22.1268646,-88.9365677,6.33024441862702e-06,6.588688652522088e-06,227.841165,13.920582499999997,7.970270000000117e-09,228.03056054968928,1.328569999999985,1.328569999999985,0.59112726,-0.07856999999998493,1,200,2,5,0,8,8,8,1,5n,1,4n,8,125,200V_2A_125C
4.312961626882227e-06,1.648519521201405e-06,3.277265507206832e-07,29.5886685,-85.20566575,5.961481148083631e-06,6.289207698804314e-06,245.418642,22.709321000000003,2.7765669999999953e-08,232.82404160844715,-0.32836500000001934,-0.32836500000001934,-1.39169356,1.5783650000000193,0,200,2,5,-2,8,8,8,1,5n,1,4n,8,125,200V_2A_125C
1.4492145821304331e-05,1.7404645962023422e-06,1.0434481315679754e-06,99.6013848,-50.19930759999999,1.623261041750667e-05,1.7276058549074648e-05,249.99675,24.998374999999996,3.5205060000000036e-08,213.19588980810542,5.644123999999977,5.644123999999977,1.00735558,-4.394123999999977,1,200,2,5,0,8,8,8,1,10n,0,4n,8,125,200V_2A_125C
5.64773200217112e-06,1.6713032646064715e-06,1.1235869278155092e-06,109.926311,-45.0368445,7.319035266777592e-06,8.4426221945931e-06,250.328529,25.164264499999998,3.530502000000011e-08,205.5306240961725,3.617315899999994,3.617315899999994,-0.960366903,-2.367315899999994,1,200,2,5,-2,8,8,8,1,10n,0,4n,8,125,200V_2A_125C
4.4253476652388915e-06,2.0203085348246812e-06,1.0597383266863094e-06,99.6412114,-50.17939429999999,6.445656200063573e-06,7.5053945267498825e-06,248.540321,24.270160500000003,2.9305360000000045e-08,208.06754266856376,1.1441959999999938,1.1441959999999938,0.554452637,0.10580400000000623,0,200,2,5,0,8,8,8,1,10n,1,4n,8,125,200V_2A_125C
6.0403656294263315e-06,1.6700698880482363e-06,1.1459076790833162e-06,109.930224,-45.034888,7.710435517474568e-06,8.856343196557884e-06,249.353699,24.676849500000003,3.520509999999997e-08,204.16763786028497,-0.8092819999999961,-0.8092819999999961,-1.41507422,2.059281999999996,0,200,2,5,-2,8,8,8,1,10n,1,4n,8,125,200V_2A_125C
9.687730922711657e-06,1.6571086729121392e-06,1.573456296404863e-06,178.644662,-10.677668999999995,1.1344839595623797e-05,1.291829589202866e-05,211.301769,5.6508845000000045,1.740814000000013e-08,167.10589608975948,4.586252000000002,4.586252000000002,0.216976012,-3.3362520000000018,1,200,2,5,0,8,8,8,1,15n,0,4n,8,125,200V_2A_125C
6.295073025603262e-06,1.651941573088359e-06,1.6166649348538475e-06,185.502651,-7.248674500000006,7.94701459869162e-06,9.563679533545468e-06,207.635951,3.817975500000003,1.5455019999999995e-08,163.31103665704484,2.861518700000005,2.861518700000005,-1.86122192,-1.6115187000000049,1,200,2,5,-2,8,8,8,1,15n,0,4n,8,125,200V_2A_125C
4.435966189687087e-06,1.656544291350468e-06,1.6053686626691657e-06,178.579142,-10.710429000000003,6.092510481037555e-06,7.697879143706721e-06,211.700053,5.850026499999999,1.7368680000000138e-08,167.2438987450267,1.1629309999999862,1.1629309999999862,0.126957224,0.08706900000001383,0,200,2,5,0,8,8,8,1,15n,1,4n,8,125,200V_2A_125C
6.053033469896419e-06,1.6517745987743655e-06,1.6529310261214914e-06,185.409377,-7.295311499999997,7.704808068670784e-06,9.357739094792276e-06,207.820443,3.910221500000006,1.5462120000000127e-08,163.3300535671404,-0.7709609999999998,-0.7709609999999998,-1.91952183,2.020961,0,200,2,5,-2,8,8,8,1,15n,1,4n,8,125,200V_2A_125C
9.473696754666494e-06,1.6554129514337467e-06,1.603057696468278e-06,205.917784,2.958892000000006,1.112910970610024e-05,1.2732167402568518e-05,205.917784,2.958892000000006,1.597500000000009e-08,165.25693143100338,4.420428999999999,4.420428999999999,0.0308127733,-3.1704289999999986,1,200,2,5,0,8,8,8,1,25n,0,4n,8,125,200V_2A_125C
6.799887285333498e-06,1.6538366934765193e-06,1.6469852829677909e-06,206.60534,3.302670000000006,8.453723978810018e-06,1.0100709261777808e-05,206.60534,3.302670000000006,1.5375000000000043e-08,162.7013833544886,2.9445386000000013,2.9445386000000013,-1.94066404,-1.6945386000000013,1,200,2,5,-2,8,8,8,1,25n,0,4n,8,125,200V_2A_125C
4.434034998973526e-06,1.6537510715600707e-06,1.663218889733282e-06,204.345399,2.172699499999993,6.087786070533597e-06,7.751004960266878e-06,204.345399,2.172699499999993,1.597500000000009e-08,165.21873814173728,1.167886999999979,1.167886999999979,0.0125200533,0.08211300000002097,0,200,2,5,0,8,8,8,1,25n,1,4n,8,125,200V_2A_125C
6.052226467716486e-06,1.6521199868809919e-06,1.6912752773283775e-06,205.752363,2.8761815000000013,7.704346454597478e-06,9.395621731925855e-06,205.752363,2.8761815000000013,1.542499999999994e-08,162.73852824931143,-0.7709429999999884,-0.7709429999999884,-1.97502477,2.0209429999999884,0,200,2,5,-2,8,8,8,1,25n,1,4n,8,125,200V_2A_125C
9.472917260702549e-06,1.6526995739845942e-06,1.5659737037679922e-06,205.917784,2.958892000000006,1.1125616834687143e-05,1.2691590538455136e-05,205.917784,2.958892000000006,1.597500000000009e-08,163.9712471090062,4.419893999999999,4.419893999999999,0.0185283195,-3.1698939999999993,1,200,2,5,0,8,8,8,1,35n,0,4n,8,125,200V_2A_125C
6.709635449775566e-06,1.6460496482996276e-06,1.5800644086928695e-06,206.96972,3.4848599999999976,8.355685098075193e-06,9.935749506768063e-06,206.96972,3.4848599999999976,1.5375000000000043e-08,160.30139651017086,2.985441899999998,2.985441899999998,-1.97259756,-1.7354418999999979,1,200,2,5,-2,8,8,8,1,35n,0,4n,8,125,200V_2A_125C
4.426840412863937e-06,1.6520672045144049e-06,1.6368132444566822e-06,204.345399,2.172699499999993,6.078907617378342e-06,7.715720861835024e-06,204.345399,2.172699499999993,1.597500000000009e-08,164.10327144732955,1.1679949999999906,1.1679949999999906,0.0099285417,0.08200500000000943,0,200,2,5,0,8,8,8,1,35n,1,4n,8,125,200V_2A_125C
6.041037118320037e-06,1.6460507557564485e-06,1.6446997970225054e-06,205.752363,2.8761815000000013,7.687087874076486e-06,9.331787671098992e-06,205.752363,2.8761815000000013,1.542499999999994e-08,160.6774783706776,-0.7680130000000247,-0.7680130000000247,-1.98182657,2.0180130000000247,0,200,2,5,-2,8,8,8,1,35n,1,4n,8,125,200V_2A_125C
4.597576450477908e-06,1.980994454661361e-06,2.6075201818055737e-07,22.1058538,-88.9470731,6.578570905139268e-06,6.839322923319825e-06,228.313702,14.156851000000003,1.651878000000012e-08,230.17296446446096,2.596886000000012,2.596886000000012,1.3949917,-1.346886000000012,1,200,2,5,0,8,8,8,4,5n,0,4n,8,125,200V_2A_125C
5.221154045255942e-06,1.6411481105521171e-06,3.351207545217168e-07,29.5711422,-85.2144289,6.862302155808059e-06,7.1974229103297755e-06,246.025504,23.012752000000006,3.0515119999999964e-08,233.79533167142796,0.4474660000000057,0.4474660000000057,-0.573084105,0.8025339999999943,0,200,2,5,-2,8,8,8,4,5n,0,4n,8,125,200V_2A_125C
4.50603820220596e-06,2.1931677325383266e-06,2.602640017207581e-07,22.1274892,-88.9362554,6.699205934744287e-06,6.959469936465045e-06,227.843228,13.921614000000003,7.970450000000135e-09,228.03219892531234,0.8408149999999921,0.8408149999999921,0.59119664,0.4091850000000079,0,200,2,5,0,8,8,8,4,5n,1,4n,8,125,200V_2A_125C
5.221345767793069e-06,1.6485175838102248e-06,3.3475338989802297e-07,29.5891727,-85.20541365,6.869863351603294e-06,7.2046167415013165e-06,245.411754,22.705877,2.7765739999999995e-08,232.81938231927813,-1.1312020000000018,-1.1312020000000018,-1.39176218,2.381202000000002,0,200,2,5,-2,8,8,8,4,5n,1,4n,8,125,200V_2A_125C
4.856538025701929e-06,1.7345020971687228e-06,1.0639256249114897e-06,99.5977594,-50.2011203,6.591040122870651e-06,7.65496574778214e-06,249.072055,24.536027500000003,3.515516000000008e-08,212.95604223932827,2.6423949999999934,2.6423949999999934,0.991863358,-1.3923949999999934,1,200,2,5,0,8,8,8,4,10n,0,4n,8,125,200V_2A_125C
6.2613048285954115e-06,1.6715521840260602e-06,1.1627258020021228e-06,109.920434,-45.039783,7.93285701262147e-06,9.095582814623594e-06,249.642216,24.821107999999995,3.525505000000011e-08,205.23121696047252,0.6291599999999988,0.6291599999999988,-0.973223579,0.6208400000000012,0,200,2,5,-2,8,8,8,4,10n,0,4n,8,125,200V_2A_125C
4.467911940034803e-06,2.0200656285342548e-06,1.0639739212026688e-06,99.6431842,-50.1784079,6.487977568569057e-06,7.551951489771726e-06,248.529818,24.264909000000003,2.9305389999999942e-08,208.06451635952925,1.0094170000000133,1.0094170000000133,0.554339585,0.24058299999998667,0,200,2,5,0,8,8,8,4,10n,1,4n,8,125,200V_2A_125C
6.0571702080531e-06,1.67007145445436e-06,1.162081481209136e-06,109.930471,-45.0347645,7.72724166250746e-06,8.889323143716596e-06,249.34444,24.672219999999996,3.520509999999997e-08,204.1633727649093,-0.912068000000005,-0.912068000000005,-1.41518776,2.162068000000005,0,200,2,5,-2,8,8,8,4,10n,1,4n,8,125,200V_2A_125C
4.829166407314046e-06,1.6563108711280143e-06,1.6089905058042971e-06,178.587889,-10.706055500000005,6.4854772784420605e-06,8.094467784246357e-06,211.498408,5.749204000000007,1.736552000000011e-08,167.2221437621001,2.637945000000002,2.637945000000002,0.220997826,-1.387945000000002,1,200,2,5,0,8,8,8,4,15n,0,4n,8,125,200V_2A_125C
6.0147331915340915e-06,1.651669742084267e-06,1.6705207220086553e-06,185.440251,-7.279874500000005,7.666402933618358e-06,9.336923655627013e-06,207.720485,3.8602424999999982,1.5459840000000115e-08,163.33097202431992,0.7845489999999984,0.7845489999999984,-1.85942278,0.4654510000000016,0,200,2,5,-2,8,8,8,4,15n,0,4n,8,125,200V_2A_125C
4.4414031482041836e-06,1.6565346103269383e-06,1.6096805655892454e-06,178.578049,-10.710975500000004,6.097937758531122e-06,7.707618324120367e-06,211.710807,5.855403499999994,1.736885000000012e-08,167.246999605286,1.0300129999999967,1.0300129999999967,0.127100313,0.21998700000000326,0,200,2,5,0,8,8,8,4,15n,1,4n,8,125,200V_2A_125C
6.056091661632592e-06,1.6517699404310142e-06,1.6689552369679211e-06,185.407462,-7.296268999999995,7.707861602063607e-06,9.376816839031529e-06,207.825147,3.9125734999999935,1.546226e-08,163.33076961713857,-0.9105190000000221,-0.9105190000000221,-1.9194602,2.160519000000022,0,200,2,5,-2,8,8,8,4,15n,1,4n,8,125,200V_2A_125C
4.8209806353410225e-06,1.6540547914503913e-06,1.661371175652228e-06,205.067471,2.533735500000006,6.475035426791414e-06,8.136406602443641e-06,205.067471,2.533735500000006,1.597500000000009e-08,165.2932173521182,2.6465319999999792,2.6465319999999792,0.0222186469,-1.3965319999999792,1,200,2,5,0,8,8,8,4,25n,0,4n,8,125,200V_2A_125C
6.029035345918088e-06,1.6529693545426505e-06,1.705996700669107e-06,206.145164,3.072581999999997,7.68200470046074e-06,9.388001401129847e-06,206.145164,3.072581999999997,1.542499999999994e-08,162.73195301012828,0.7542930000000041,0.7542930000000041,-1.95469721,0.4957069999999959,0,200,2,5,-2,8,8,8,4,25n,0,4n,8,125,200V_2A_125C
4.4317622129221015e-06,1.6537287558956691e-06,1.667841816646461e-06,204.296838,2.148419000000004,6.08549096881777e-06,7.753332785464231e-06,204.296838,2.148419000000004,1.597500000000009e-08,165.2189307144506,1.0300539999999785,1.0300539999999785,0.0124091067,0.2199460000000215,0,200,2,5,0,8,8,8,4,25n,1,4n,8,125,200V_2A_125C
6.05017994006521e-06,1.652116440045208e-06,1.7078325113758777e-06,205.725865,2.8629324999999994,7.702296380110417e-06,9.410128891486295e-06,205.725865,2.8629324999999994,1.542499999999994e-08,162.7377381107307,-0.9160559999999975,-0.9160559999999975,-1.97505038,2.1660559999999975,0,200,2,5,-2,8,8,8,4,25n,1,4n,8,125,200V_2A_125C
4.818048809090435e-06,1.6527467877195298e-06,1.6355631421834794e-06,205.067471,2.533735500000006,6.470795596809965e-06,8.106358738993443e-06,205.067471,2.533735500000006,1.597500000000009e-08,164.18594594330713,2.640839999999997,2.640839999999997,0.018520962,-1.3908399999999972,1,200,2,5,0,8,8,8,4,35n,0,4n,8,125,200V_2A_125C
6.028768976639128e-06,1.6459047425288025e-06,1.6585283124792382e-06,206.145164,3.072581999999997,7.67467371916793e-06,9.33320203164717e-06,206.145164,3.072581999999997,1.542499999999994e-08,160.66303703091177,0.7527560000000051,0.7527560000000051,-1.97117097,0.4972439999999949,0,200,2,5,-2,8,8,8,4,35n,0,4n,8,125,200V_2A_125C
4.42762501355045e-06,1.6520646510059557e-06,1.6414408542033203e-06,204.296838,2.148419000000004,6.079689664556406e-06,7.721130518759726e-06,204.296838,2.148419000000004,1.597500000000009e-08,164.09808993349688,1.0296010000000138,1.0296010000000138,0.00980305298,0.22039899999998624,0,200,2,5,0,8,8,8,4,35n,1,4n,8,125,200V_2A_125C
6.043342910117211e-06,1.646039320769854e-06,1.6611626503348917e-06,205.725865,2.8629324999999994,7.689382230887065e-06,9.350544881221957e-06,205.725865,2.8629324999999994,1.542499999999994e-08,160.67706369866573,-0.9145440000000065,-0.9145440000000065,-1.98175961,2.1645440000000065,0,200,2,5,-2,8,8,8,4,35n,1,4n,8,125,200V_2A_125C
4.605966348506694e-06,1.9798626314677146e-06,2.6587984574387854e-07,22.1076005,-88.94619975000002,6.585828979974409e-06,6.8517088257182874e-06,228.273624,14.136812000000006,1.6519390000000002e-08,230.16848899421365,1.8302100000000223,1.8302100000000223,1.39332677,-0.5802100000000223,1,200,2,5,0,8,8,8,8,5n,0,4n,8,125,200V_2A_125C
5.632069389014851e-06,1.6411433474889149e-06,3.398463262174866e-07,29.5724135,-85.21379325,7.273212736503766e-06,7.613059062721253e-06,245.920777,22.960388499999993,3.0515289999999946e-08,233.7172843924797,-0.26589400000000296,-0.26589400000000296,-0.575255942,1.515894000000003,0,200,2,5,-2,8,8,8,8,5n,0,4n,8,125,200V_2A_125C
4.45549545660954e-06,2.1933091419428873e-06,2.6524541361419207e-07,22.1279974,-88.9360013,6.648804598552427e-06,6.914050012166619e-06,227.846238,13.923119,7.97062999999994e-09,228.03421170142173,0.910301000000004,0.910301000000004,0.591290208,0.339698999999996,0,200,2,5,0,8,8,8,8,5n,1,4n,8,125,200V_2A_125C
5.619496341450917e-06,1.6485157328853397e-06,3.393355217071371e-07,29.5897232,-85.2051384,7.268012074336256e-06,7.607347596043393e-06,245.40575,22.702875000000002,2.7765810000000037e-08,232.81531533430402,-1.1729569999999967,-1.1729569999999967,-1.39182033,2.4229569999999967,0,200,2,5,-2,8,8,8,8,5n,1,4n,8,125,200V_2A_125C
4.49548272675135e-06,1.7332248488615722e-06,1.0702188452829088e-06,99.6023145,-50.19884275,6.228707575612923e-06,7.298926420895832e-06,248.851718,24.425859,3.515524999999998e-08,212.9029719855029,1.8940089999999827,1.8940089999999827,0.988004077,-0.6440089999999827,1,200,2,5,0,8,8,8,8,10n,0,4n,8,125,200V_2A_125C
6.089363844926983e-06,1.6716220652953766e-06,1.1696986641362624e-06,109.918247,-45.0408765,7.760985910222359e-06,8.93068457435862e-06,249.517682,24.758841000000004,3.525506999999997e-08,205.1647149312024,-0.007317000000000462,-0.007317000000000462,-0.97571892,1.2573170000000005,0,200,2,5,-2,8,8,8,8,10n,0,4n,8,125,200V_2A_125C
4.435764217280689e-06,2.019885619431762e-06,1.0693439129072143e-06,99.6448173,-50.17759135,6.455649836712451e-06,7.524993749619665e-06,248.522036,24.261018000000007,2.9305430000000087e-08,208.0612971037747,0.8975439999999821,0.8975439999999821,0.554249942,0.35245600000001787,0,200,2,5,0,8,8,8,8,10n,1,4n,8,125,200V_2A_125C
6.059713142414312e-06,1.670074223521033e-06,1.1689775650384572e-06,109.930798,-45.034601,7.729787365935344e-06,8.898764930973802e-06,249.335924,24.667962000000003,3.5205110000000005e-08,204.15934109808612,-1.068963999999994,-1.068963999999994,-1.41529193,2.318963999999994,0,200,2,5,-2,8,8,8,8,10n,1,4n,8,125,200V_2A_125C
4.478473434389978e-06,1.6541583174770594e-06,1.671898748844947e-06,204.713914,2.356956999999994,6.132631751867037e-06,7.804530500711985e-06,204.713914,2.356956999999994,1.597500000000009e-08,165.25213202034462,1.9054809999999804,1.9054809999999804,0.0216849416,-0.6554809999999804,1,200,2,5,0,8,8,8,8,25n,0,4n,8,125,200V_2A_125C
6.042096179484508e-06,1.6527530811602381e-06,1.713898796549662e-06,205.935152,2.967575999999994,7.694849260644745e-06,9.408748057194407e-06,205.935152,2.967575999999994,1.542499999999994e-08,162.73738818257917,-0.0006569999999896936,-0.0006569999999896936,-1.95762719,1.2506569999999897,0,200,2,5,-2,8,8,8,8,25n,0,4n,8,125,200V_2A_125C
4.4333230752408355e-06,1.653703134050119e-06,1.6733761046767673e-06,204.248264,2.124132000000003,6.087026209290954e-06,7.760402313967722e-06,204.248264,2.124132000000003,1.597500000000009e-08,165.20965035112417,0.8868689999999901,0.8868689999999901,0.0122853948,0.36313100000000986,0,200,2,5,0,8,8,8,8,25n,1,4n,8,125,200V_2A_125C
6.049665496224586e-06,1.6521151616056028e-06,1.7147962733895693e-06,205.699541,2.8497705000000053,7.701780657830188e-06,9.416576931219757e-06,205.699541,2.8497705000000053,1.542499999999994e-08,162.73686394296348,-1.0632469999999898,-1.0632469999999898,-1.97505589,2.31324699999999,0,200,2,5,-2,8,8,8,8,25n,1,4n,8,125,200V_2A_125C
4.484743422612635e-06,1.6561000911654464e-06,1.6154972679564158e-06,178.573823,-10.7130885,6.140843513778081e-06,7.756340781734498e-06,211.571979,5.7859894999999995,1.7367490000000056e-08,167.25508670075806,1.912465999999995,1.912465999999995,0.22242346,-0.6624659999999949,1,200,2,5,0,8,8,8,8,15n,0,4n,8,125,200V_2A_125C
6.054499536034617e-06,1.6515968030296192e-06,1.6763799690672758e-06,185.422762,-7.288618999999996,7.706096339064236e-06,9.382476308131512e-06,207.756916,3.878457999999995,1.5461250000000148e-08,163.33760228280826,0.0016170000000101936,0.0016170000000101936,-1.85866606,1.2483829999999898,0,200,2,5,-2,8,8,8,8,15n,0,4n,8,125,200V_2A_125C
4.437845782453441e-06,1.656525941507139e-06,1.6149950175170431e-06,178.576485,-10.711757500000003,6.09437172396058e-06,7.709366741477624e-06,211.723698,5.8618490000000065,1.7369000000000028e-08,167.24989423301022,0.8927119999999888,0.8927119999999888,0.127258936,0.35728800000001115,0,200,2,5,0,8,8,8,8,15n,1,4n,8,125,200V_2A_125C
6.0589087825438515e-06,1.651765961218109e-06,1.6756757440276234e-06,185.405562,-7.2972189999999975,7.710674743761961e-06,9.386350487789585e-06,207.830048,3.9150240000000025,1.5462400000000084e-08,163.331473314564,-1.0587370000000078,-1.0587370000000078,-1.91939558,2.308737000000008,0,200,2,5,-2,8,8,8,8,15n,1,4n,8,125,200V_2A_125C
4.475884717176385e-06,1.6525464691273145e-06,1.6454661223602726e-06,204.713914,2.356956999999994,6.128431186303699e-06,7.773897308663972e-06,204.713914,2.356956999999994,1.597500000000009e-08,164.135321116289,1.9066629999999805,1.9066629999999805,0.0179486153,-0.6566629999999805,1,200,2,5,0,8,8,8,8,35n,0,4n,8,125,200V_2A_125C
6.0401846998680104e-06,1.645836800419775e-06,1.667180813177985e-06,205.935152,2.967575999999994,7.686021500287786e-06,9.353202313465771e-06,205.935152,2.967575999999994,1.542499999999994e-08,160.67542201343983,-0.004204999999984693,-0.004204999999984693,-1.9707855,1.2542049999999847,0,200,2,5,-2,8,8,8,8,35n,0,4n,8,125,200V_2A_125C
4.429735343753182e-06,1.6520612944101543e-06,1.6469795720494422e-06,204.248264,2.124132000000003,6.081796638163336e-06,7.728776210212778e-06,204.248264,2.124132000000003,1.597500000000009e-08,164.09276706524386,0.8883170000000007,0.8883170000000007,0.00965539554,0.3616829999999993,0,200,2,5,0,8,8,8,8,35n,1,4n,8,125,200V_2A_125C
6.045628530695918e-06,1.6460275690846412e-06,1.6681110633254122e-06,205.699541,2.8497705000000053,7.69165609978056e-06,9.359767163105972e-06,205.699541,2.8497705000000053,1.542499999999994e-08,160.67657440819661,-1.0631539999999973,-1.0631539999999973,-1.98168592,2.3131539999999973,0,200,2,5,-2,8,8,8,8,35n,1,4n,8,125,200V_2A_125C
