E_on,E_off,E_dt,E_sw,E_tot,Vds_pk,ov_pct,t_set,E_osc,Vgs_spur,Vgs_spur_hs,Vgs_spur_ls,margin,false_on,VBUS,ILOAD,VDRV,VNEG,NPU_LS,NPD_LS,NPU_HS,NPD_HS,DT,CLKEN,CLKDEL,RUNIT,TJ
8.611021284273771e-06,1.1759083695124471e-06,4.5449702099103664e-07,9.786929653786218e-06,1.0241426674777255e-05,120.967715,20.967715,4.122003999999998e-08,67.55161728219491,3.0651989999999927,3.0651989999999927,0.294129971,-1.6651989999999928,1,100,10,5,0,1,2,8,1,15n,0,4n,8,25
6.330693692016189e-06,7.090954142664015e-07,3.5629106722608096e-07,7.0397891062825905e-06,7.3960801735086714e-06,120.926463,20.926463,3.465285000000013e-08,60.13169546089363,1.6160588000000047,1.6160588000000047,-1.82601272,-0.21605880000000477,1,100,10,5,-2,1,2,8,1,15n,0,4n,8,25
5.314575368086141e-06,6.296395652261728e-07,6.47233250804768e-07,5.944214933312314e-06,6.591448184117082e-06,123.968087,23.968086999999997,4.8725000000000114e-08,63.09366998619324,0.46650280000000066,0.46650280000000066,0.110549789,0.9334971999999992,0,100,10,5,0,1,2,8,1,15n,1,4n,8,25
6.62469205928024e-06,6.403891203362405e-07,6.663406556339263e-07,7.265081179616481e-06,7.931421835250408e-06,123.991575,23.991574999999997,4.142499999999999e-08,59.110056889639885,-1.5742214600000013,-1.5742214600000013,-1.87537137,2.974221460000001,0,100,10,5,-2,1,2,8,1,15n,1,4n,8,25
8.586364345672504e-06,1.1765136789783541e-06,4.1238495122579146e-07,9.762878024650858e-06,1.017526297587665e-05,120.967715,20.967715,4.4474350000000084e-08,68.08749373233132,3.058817300000001,3.058817300000001,0.135043253,-1.6588173000000013,1,100,10,5,0,1,2,8,1,25n,0,4n,8,25
6.31338487965787e-06,7.10464663076868e-07,1.2322000869853135e-06,7.0238495427347375e-06,8.25604962972005e-06,120.926463,20.926463,3.124861999999999e-08,59.80777766973801,1.627960299999998,1.627960299999998,-1.89285252,-0.22796029999999812,1,100,10,5,-2,1,2,8,1,25n,0,4n,8,25
5.27631863362888e-06,6.310901993979138e-07,6.276552176916954e-07,5.907408833026794e-06,6.535064050718489e-06,123.968087,23.968086999999997,4.892466999999999e-08,62.81252917187214,0.447868100000008,0.447868100000008,0.060197075,0.9521318999999919,0,100,10,5,0,1,2,8,1,25n,1,4n,8,25
6.61039655412494e-06,6.416472640317143e-07,1.2609538548073986e-06,7.252043818156654e-06,8.512997672964053e-06,123.991575,23.991574999999997,3.4613320000000096e-08,58.69243942241687,-1.5745496799999996,-1.5745496799999996,-1.94302553,2.9745496799999995,0,100,10,5,-2,1,2,8,1,25n,1,4n,8,25
1.3918575781090066e-05,4.860490240055849e-06,1.3932749027054852e-08,1.8779066021145915e-05,1.879299877017297e-05,142.277037,42.27703700000001,4.992828000000003e-08,78.03044434259117,4.62859979,3.594002599999996,4.62859979,-3.22859979,1,100,10,5,0,1,2,8,1,5n,0,4n,8,25
5.61445683011308e-06,7.153877009653683e-07,1.1919930055281387e-07,6.329844531078449e-06,6.449043831631262e-06,145.156578,45.156577999999996,6.100513000000011e-08,70.15519481556368,2.5661460000000034,2.5661460000000034,1.56028993,-1.1661460000000035,1,100,10,5,-2,1,2,8,1,5n,0,4n,8,25
5.070596514736697e-06,9.077138732262819e-07,1.9511441770036736e-08,5.978310387962979e-06,5.997821829733015e-06,162.29361,62.29361,6.065253000000008e-08,76.36686388641286,1.3220770000000073,1.3220770000000073,1.02392356,0.07792299999999264,0,100,10,5,0,1,2,8,1,5n,1,4n,8,25
6.320792152550691e-06,6.461617202865668e-07,1.5755436339945494e-07,6.966953872837258e-06,7.124508236236713e-06,135.780734,35.780733999999995,5.752500000000014e-08,62.94537294199468,-0.3732949999999988,-0.3732949999999988,-1.23526669,1.7732949999999987,0,100,10,5,-2,1,2,8,1,5n,1,4n,8,25
9.129121394628413e-06,1.1725182282986984e-06,5.798670314466229e-07,1.0301639622927111e-05,1.0881506654373734e-05,118.003586,18.003586,4.796487000000005e-08,65.60358480107779,3.1599550000000107,3.1599550000000107,1.35477853,-1.7599550000000108,1,100,10,5,0,1,2,8,1,10n,0,4n,8,25
6.215505564740378e-06,7.063176363085161e-07,5.383963284203691e-07,6.921823201048894e-06,7.460219529469263e-06,118.668079,18.668079000000006,4.808858000000009e-08,59.20442691057594,1.6188508999999982,1.6188508999999982,-1.47971825,-0.2188508999999983,1,100,10,5,-2,1,2,8,1,10n,0,4n,8,25
5.2158886464301225e-06,6.294181386380026e-07,6.427064170080407e-07,5.845306785068125e-06,6.488013202076166e-06,123.968087,23.968086999999997,4.537499999999997e-08,61.9977534608342,0.4695315999999963,0.4695315999999963,0.173719534,0.9304684000000036,0,100,10,5,0,1,2,8,1,10n,1,4n,8,25
6.546097033775674e-06,6.397852908582099e-07,6.856536345165177e-07,7.185882324633884e-06,7.871535959150402e-06,123.991575,23.991574999999997,5.105628000000004e-08,58.809950389941235,-1.5786624600000003,-1.5786624600000003,-1.82189516,2.9786624600000002,0,100,10,5,-2,1,2,8,1,10n,1,4n,8,25
5.156665712068132e-06,4.862505999597754e-06,4.183085288194467e-08,1.0019171711665886e-05,1.006100256454783e-05,142.276904,42.276904,4.992224999999997e-08,78.02740119722365,4.62934006,1.5970142000000038,4.62934006,-3.2293400599999997,1,100,10,5,0,1,2,8,4,5n,0,4n,8,25
6.2392907328267045e-06,7.160182583445684e-07,1.9956344751223053e-07,6.955308991171273e-06,7.154872438683503e-06,145.274741,45.274741000000006,6.09591e-08,70.2083054264806,1.56191398,-0.6926979999999929,1.56191398,-0.16191398,1,100,10,5,-2,1,2,8,4,5n,0,4n,8,25
5.263813866525724e-06,9.078440243782885e-07,4.340074287015982e-08,6.171657890904013e-06,6.215058633774173e-06,162.301619,62.30161899999999,6.065229000000005e-08,76.36785142205294,1.0239058,0.371740299999999,1.0239058,0.3760941999999998,0,100,10,5,0,1,2,8,4,5n,1,4n,8,25
6.697612223449512e-06,6.462100014576655e-07,2.2809195890985514e-07,7.343822224907177e-06,7.5719141838170325e-06,135.813299,35.813299,5.752500000000014e-08,62.963729674836486,-1.23530083,-1.62004619,-1.23530083,2.63530083,0,100,10,5,-2,1,2,8,4,5n,1,4n,8,25
8.581895574710275e-06,1.1777669384369363e-06,9.754147968297616e-07,9.759662513147212e-06,1.0735077309976973e-05,120.967715,20.967715,4.102593999999998e-08,67.51468292477622,3.058812500000002,3.058812500000002,0.0749731515,-1.658812500000002,1,100,10,5,0,1,2,8,1,35n,0,4n,8,25
6.310631961040117e-06,7.123918530809243e-07,2.2034969827008236e-06,7.023023814121041e-06,9.226520796821864e-06,120.926463,20.926463,3.548112000000004e-08,59.31494514223612,1.6271707999999876,1.6271707999999876,-1.93607891,-0.22717079999998768,1,100,10,5,-2,1,2,8,1,35n,0,4n,8,25
5.259864178605982e-06,6.328766126733971e-07,1.0472352178937397e-06,5.892740791279379e-06,6.9399760091731184e-06,123.968087,23.968086999999997,4.915615000000006e-08,62.39225682622615,0.44249849999999924,0.44249849999999924,0.0367310841,0.9575015000000007,0,100,10,5,0,1,2,8,1,35n,1,4n,8,25
6.602909669352477e-06,6.428931960703622e-07,2.2329083677560724e-06,7.245802865422839e-06,9.478711233178912e-06,123.991575,23.991574999999997,3.565453999999998e-08,58.21665899189532,-1.5745451600000004,-1.5745451600000004,-1.9748492,2.9745451600000004,0,100,10,5,-2,1,2,8,1,35n,1,4n,8,25
5.125215405168639e-06,1.1743115853864352e-06,7.182406996410609e-07,6.299526990555074e-06,7.017767690196134e-06,118.866656,18.866656000000006,4.467814000000008e-08,66.87485403974034,1.5800095999999968,1.5800095999999968,0.253061394,-0.18000959999999688,1,100,10,5,0,1,2,8,4,15n,0,4n,8,25
6.241924965896664e-06,7.084714735441616e-07,7.490008593248958e-07,6.9503964394408255e-06,7.699397298765722e-06,119.248429,19.248429,3.795466999999999e-08,59.3235979878673,-0.7026713999999998,-0.7026713999999998,-1.83320865,2.1026713999999997,0,100,10,5,-2,1,2,8,4,15n,0,4n,8,25
5.269522048879257e-06,6.299509961581461e-07,6.816515129877144e-07,5.899473045037404e-06,6.581124558025118e-06,123.943263,23.943263,4.8725000000000114e-08,63.086013662202305,0.3732592000000068,0.3732592000000068,0.107986787,1.0267407999999931,0,100,10,5,0,1,2,8,4,15n,1,4n,8,25
6.6425182410762295e-06,6.402753538252646e-07,7.545048705733853e-07,7.282793594901494e-06,8.037298465474879e-06,123.9721,23.972099999999998,4.142499999999999e-08,59.08560519911024,-1.6240491400000003,-1.6240491400000003,-1.87738254,3.0240491400000002,0,100,10,5,-2,1,2,8,4,15n,1,4n,8,25
5.12621660728848e-06,1.1723222379982902e-06,7.196680012921048e-07,6.29853884528677e-06,7.018206846578875e-06,118.001227,18.001227,4.797499999999995e-08,65.59389904978751,1.580114100000003,1.580114100000003,1.35380119,-0.18011410000000305,1,100,10,5,0,1,2,8,4,10n,0,4n,8,25
6.226235796303425e-06,7.072572592486485e-07,7.881855850681828e-07,6.933493055552073e-06,7.721678640620255e-06,117.775303,17.775302999999994,4.787137000000012e-08,58.73863539420203,-0.700663899999995,-0.700663899999995,-1.4950437,2.100663899999995,0,100,10,5,-2,1,2,8,4,10n,0,4n,8,25
5.308557443218379e-06,6.294510254812993e-07,6.789351760646072e-07,5.938008468699678e-06,6.616943644764286e-06,123.943263,23.943263,4.542500000000008e-08,61.986731894768525,0.39961999999999875,0.39961999999999875,0.173003733,1.0003800000000012,0,100,10,5,0,1,2,8,4,10n,1,4n,8,25
6.654413560561102e-06,6.397613630244933e-07,7.734154861820989e-07,7.2941749235855956e-06,8.067590409767694e-06,123.9721,23.972099999999998,4.8006390000000104e-08,58.781481863695056,-1.6201886099999996,-1.6201886099999996,-1.82293125,3.0201886099999995,0,100,10,5,-2,1,2,8,4,10n,1,4n,8,25
5.122209687032648e-06,1.174681715608952e-06,7.057739398186278e-07,6.2968914026416e-06,7.0026653424602275e-06,118.866656,18.866656000000006,4.4501720000000053e-08,66.93945080596944,1.5800928000000027,1.5800928000000027,0.123639552,-0.18009280000000283,1,100,10,5,0,1,2,8,4,25n,0,4n,8,25
6.233930406676084e-06,7.097400554287682e-07,1.3637684504291252e-06,6.943670462104852e-06,8.307438912533978e-06,119.248429,19.248429,3.1324360000000085e-08,58.96837515384883,-0.7018874000000039,-0.7018874000000039,-1.90233561,2.101887400000004,0,100,10,5,-2,1,2,8,4,25n,0,4n,8,25
5.279856905475977e-06,6.323201950348233e-07,6.628342750753235e-07,5.912177100510801e-06,6.575011375586125e-06,123.943263,23.943263,4.897074000000003e-08,62.787881612299124,0.3810442999999992,0.3810442999999992,0.0590735702,1.0189557000000007,0,100,10,5,0,1,2,8,4,25n,1,4n,8,25
6.633253025174362e-06,6.417028234304464e-07,1.3456599688359543e-06,7.274955848604809e-06,8.620615817440763e-06,123.9721,23.972099999999998,3.146567000000002e-08,58.63196029577809,-1.6238528399999996,-1.6238528399999996,-1.94657696,3.0238528399999995,0,100,10,5,-2,1,2,8,4,25n,1,4n,8,25
5.119183550197043e-06,1.1752760012375954e-06,1.0296957481052776e-06,6.294459551434638e-06,7.324155299539916e-06,118.866656,18.866656000000006,4.120979000000007e-08,66.36516327973597,1.5801338999999928,1.5801338999999928,0.0674821543,-0.18013389999999285,1,100,10,5,0,1,2,8,4,35n,0,4n,8,25
6.227982407329084e-06,7.112419749328264e-07,2.3361369226531254e-06,6.93922438226191e-06,9.275361304915035e-06,119.248429,19.248429,3.556506000000002e-08,58.45718200488644,-0.7017826999999954,-0.7017826999999954,-1.94297136,2.1017826999999953,0,100,10,5,-2,1,2,8,4,35n,0,4n,8,25
5.275349488702812e-06,6.349201576107957e-07,1.0767408672192391e-06,5.910269646313608e-06,6.987010513532847e-06,123.943263,23.943263,4.925639000000009e-08,62.3559037065175,0.3809550999999942,0.3809550999999942,0.034681891,1.0190449000000057,0,100,10,5,0,1,2,8,4,35n,1,4n,8,25
6.629185269916319e-06,6.429488491581663e-07,2.3175723138048044e-06,7.2721341190744855e-06,9.58970643287929e-06,123.9721,23.972099999999998,3.570459000000006e-08,58.15100225815062,-1.6235607100000005,-1.6235607100000005,-1.97750254,3.0235607100000004,0,100,10,5,-2,1,2,8,4,35n,1,4n,8,25
5.1762012881369586e-06,4.861357153346277e-06,7.926963871784476e-08,1.0037558441483235e-05,1.011682808020108e-05,142.279616,42.279616000000004,4.993490999999994e-08,78.02518635366818,4.62667983,0.8559242999999981,4.62667983,-3.2266798299999997,1,100,10,5,0,1,2,8,8,5n,0,4n,8,25
6.484690749649092e-06,7.164520499766693e-07,2.455922712629908e-07,7.201142799625761e-06,7.446735070888752e-06,145.540075,45.540074999999995,6.096443000000007e-08,70.3609945971871,1.57167905,-1.2842489700000002,1.57167905,-0.17167905000000006,1,100,10,5,-2,1,2,8,8,5n,0,4n,8,25
5.339405313158312e-06,9.079592899093973e-07,7.948525191564357e-08,6.247364603067709e-06,6.326849854983353e-06,162.30906,62.30905999999999,6.065205000000003e-08,76.36875211731375,1.02388796,0.35317840000000444,1.02388796,0.37611204,0,100,10,5,0,1,2,8,8,5n,1,4n,8,25
6.6704499410469895e-06,6.462628920556162e-07,2.739358042373344e-07,7.316712833102605e-06,7.59064863733994e-06,135.84524,35.84523999999999,5.752500000000014e-08,62.9817900846752,-1.23533545,-1.6746611800000002,-1.23533545,2.63533545,0,100,10,5,-2,1,2,8,8,5n,1,4n,8,25
5.127547183706185e-06,1.1721951477490436e-06,7.540383522443445e-07,6.299742331455229e-06,7.0537806836995734e-06,118.00072,18.00072,4.797499999999995e-08,65.58958391263151,1.35351319,0.8474049999999949,1.35351319,0.04648680999999999,0,100,10,5,0,1,2,8,8,10n,0,4n,8,25
6.441845682126242e-06,7.077181081914489e-07,8.272289809172032e-07,7.149563790317691e-06,7.976792771234894e-06,117.712786,17.712785999999994,4.4725000000000025e-08,58.505956584413084,-1.288942360000001,-1.288942360000001,-1.50165235,2.688942360000001,0,100,10,5,-2,1,2,8,8,10n,0,4n,8,25
5.2388713178716765e-06,6.294744350479816e-07,7.117835018163142e-07,5.868345752919658e-06,6.580129254735972e-06,123.917893,23.917893000000007,4.542500000000008e-08,61.980052007180014,0.2955333999999965,0.2955333999999965,0.172285329,1.1044666000000034,0,100,10,5,0,1,2,8,8,10n,1,4n,8,25
6.627616500782719e-06,6.39728115310041e-07,8.158649639835167e-07,7.267344616092759e-06,8.083209580076276e-06,123.951988,23.951988,4.8006510000000116e-08,58.75543526483133,-1.6766934100000004,-1.6766934100000004,-1.82401902,3.0766934100000003,0,100,10,5,-2,1,2,8,8,10n,1,4n,8,25
5.1527385329050795e-06,1.1742741930495644e-06,7.765498602656503e-07,6.327012725954644e-06,7.103562586220294e-06,118.793484,18.793484000000007,4.452403000000009e-08,66.47511129126937,0.8495698000000118,0.8495698000000118,0.243794186,0.5504301999999881,0,100,10,5,0,1,2,8,8,15n,0,4n,8,25
6.444435700439181e-06,7.083960035715224e-07,8.080876317517191e-07,7.152831704010703e-06,7.960919335762423e-06,118.355297,18.355296999999993,3.491512000000008e-08,59.15125854457751,-1.2900573500000005,-1.2900573500000005,-1.8357333,2.6900573500000005,0,100,10,5,-2,1,2,8,8,15n,0,4n,8,25
5.338899265607242e-06,6.303014750495557e-07,7.14617817856743e-07,5.969200740656798e-06,6.683818558513541e-06,123.917893,23.917893000000007,4.877500000000001e-08,63.096313562893705,0.34534360000000675,0.34534360000000675,0.105611817,1.0546563999999932,0,100,10,5,0,1,2,8,8,15n,1,4n,8,25
6.644516804251069e-06,6.401592162164521e-07,7.962144049913503e-07,7.284676020467521e-06,8.080890425458871e-06,123.951988,23.951988,4.142499999999999e-08,59.059051249260406,-1.6744594599999996,-1.6744594599999996,-1.87963768,3.0744594599999995,0,100,10,5,-2,1,2,8,8,15n,1,4n,8,25
5.138657311801608e-06,1.173625271168797e-06,1.043334357888853e-06,6.312282582970405e-06,7.355616940859258e-06,118.793484,18.793484000000007,4.137881999999997e-08,66.03892973463243,0.8488842000000005,0.8488842000000005,0.054942421,0.5511157999999994,0,100,10,5,0,1,2,8,8,35n,0,4n,8,25
6.434114688690669e-06,7.104726895338682e-07,2.3554954303037353e-06,7.144587378224537e-06,9.500082808528273e-06,118.355297,18.355296999999993,3.5663869999999946e-08,58.267877017621544,-1.2895159100000004,-1.2895159100000004,-1.95259314,2.6895159100000003,0,100,10,5,-2,1,2,8,8,35n,0,4n,8,25
5.288153343798567e-06,6.37551186908899e-07,1.1043474485118477e-06,5.925704530707466e-06,7.030051979219313e-06,123.917893,23.917893000000007,4.927076999999995e-08,62.34672281741889,0.32253359999999986,0.32253359999999986,0.0334238986,1.0774664,0,100,10,5,0,1,2,8,8,35n,1,4n,8,25
6.655066047359871e-06,6.431222964152972e-07,2.356295839253619e-06,7.298188343775168e-06,9.654484183028787e-06,123.951988,23.951988,3.580537999999997e-08,58.07886068610683,-1.6727365800000005,-1.6727365800000005,-1.9805173,3.0727365800000004,0,100,10,5,-2,1,2,8,8,35n,1,4n,8,25
5.1444930023024825e-06,1.1738000582747587e-06,7.60585872603838e-07,6.318293060577241e-06,7.078878933181079e-06,118.793484,18.793484000000007,4.1404050000000014e-08,66.61919260696634,0.8492462000000103,0.8492462000000103,0.108653938,0.5507537999999896,0,100,10,5,0,1,2,8,8,25n,0,4n,8,25
6.438696937669855e-06,7.092783321466082e-07,1.3832240702774323e-06,7.1479752698164635e-06,8.531199340093896e-06,118.355297,18.355296999999993,3.1404560000000054e-08,58.79500379572776,-1.2899325600000004,-1.2899325600000004,-1.9133266,2.6899325600000004,0,100,10,5,-2,1,2,8,8,25n,0,4n,8,25
5.3007327918366085e-06,6.341748034948888e-07,6.971885329437827e-07,5.934907595331498e-06,6.6320961282752806e-06,123.917893,23.917893000000007,4.9110409999999946e-08,62.79489312487876,0.32823199999999986,0.32823199999999986,0.0589451978,1.071768,0,100,10,5,0,1,2,8,8,25n,1,4n,8,25
6.660857962202499e-06,6.418911589852758e-07,1.384137142094097e-06,7.302749121187775e-06,8.686886263281872e-06,123.951988,23.951988,2.8217360000000082e-08,58.5631797817583,-1.6725718399999998,-1.6725718399999998,-1.95087766,3.0725718399999997,0,100,10,5,-2,1,2,8,8,25n,1,4n,8,25
1.3917670741639665e-05,6.361523124118646e-07,5.742587097070092e-07,1.455382305405153e-05,1.512808176375854e-05,121.628615,21.628614999999996,4.611732000000001e-08,42.39042408455941,3.594132700000003,3.594132700000003,0.411142678,-2.194132700000003,1,100,10,5,0,1,8,8,1,5n,0,4n,8,25
5.6130698878626965e-06,6.108325783477793e-07,5.474815212766816e-07,6.223902466210476e-06,6.771383987487157e-06,123.627107,23.627106999999995,4.216556e-08,35.15210990830588,2.566198,2.566198,-1.74229287,-1.166198,1,100,10,5,-2,1,8,8,1,5n,0,4n,8,25
5.06947509088359e-06,6.367347487915681e-07,5.80345466003638e-07,5.706209839675158e-06,6.286555305678795e-06,121.443927,21.443927000000002,4.607500000000002e-08,42.335125232747004,1.3210179999999951,1.3210179999999951,0.167870226,0.07898200000000477,0,100,10,5,0,1,8,8,1,5n,1,4n,8,25
6.3194011579064945e-06,6.111814690375092e-07,5.588771668306172e-07,6.9305826269440035e-06,7.48945979377462e-06,123.367881,23.367880999999997,4.222500000000005e-08,35.18728689791735,-0.3732920000000064,-0.3732920000000064,-1.85954234,1.7732920000000063,0,100,10,5,-2,1,8,8,1,5n,1,4n,8,25
9.12484094726686e-06,6.338796260696864e-07,3.506826742232231e-07,9.758720573336546e-06,1.0109403247559768e-05,123.521334,23.521333999999996,3.941845000000001e-08,43.38206226630365,3.159887799999993,3.159887799999993,0.224323034,-1.759887799999993,1,100,10,5,0,1,8,8,1,10n,0,4n,8,25
6.214119721507964e-06,6.080341879619307e-07,2.8795049567325337e-07,6.822153909469895e-06,7.110104405143148e-06,125.896852,25.896851999999996,4.8417390000000015e-08,37.534961054231594,1.6191863000000097,1.6191863000000097,-1.75444273,-0.21918630000000983,1,100,10,5,-2,1,8,8,1,10n,0,4n,8,25
5.214912781768232e-06,6.361428358499067e-07,5.682854449337832e-07,5.851055617618138e-06,6.419341062551921e-06,122.155733,22.155733,3.967499999999996e-08,42.427148465762585,0.4694590000000005,0.4694590000000005,0.101790065,0.9305409999999994,0,100,10,5,0,1,8,8,1,10n,1,4n,8,25
6.544784127908442e-06,6.097909331895131e-07,5.27580587213744e-07,7.154575061097955e-06,7.682155648311699e-06,123.520976,23.520976000000005,4.517499999999995e-08,36.2966509644622,-1.5786421500000003,-1.5786421500000003,-1.88817937,2.97864215,0,100,10,5,-2,1,8,8,1,10n,1,4n,8,25
8.607305053963397e-06,6.336311286242021e-07,2.0327250581953071e-07,9.2409361825876e-06,9.444208688407131e-06,123.521334,23.521333999999996,4.605515000000001e-08,44.489484405099574,3.065175400000001,3.065175400000001,0.171763688,-1.6651754000000012,1,100,10,5,0,1,8,8,1,15n,0,4n,8,25
6.329171825561299e-06,6.091324574546077e-07,4.194219922225747e-07,6.938304283015907e-06,7.357726275238482e-06,125.896852,25.896851999999996,4.545494000000005e-08,38.05656117306814,1.615826300000009,1.615826300000009,-1.85248694,-0.21582630000000913,1,100,10,5,-2,1,8,8,1,15n,0,4n,8,25
5.313206783241148e-06,6.363491374107185e-07,5.657853859956946e-07,5.949555920651866e-06,6.515341306647561e-06,122.155733,22.155733,4.29250000000001e-08,42.93872761073329,0.466517500000009,0.466517500000009,0.074014573,0.9334824999999909,0,100,10,5,0,1,8,8,1,15n,1,4n,8,25
6.623107717465498e-06,6.112416551103529e-07,5.243174529946935e-07,7.234349372575851e-06,7.758666825570545e-06,123.520976,23.520976000000005,4.542500000000008e-08,36.88956797084883,-1.5742322499999997,-1.5742322499999997,-1.92839797,2.9742322499999996,0,100,10,5,-2,1,8,8,1,15n,1,4n,8,25
8.582740562916565e-06,6.31974079941409e-07,5.744820543012951e-07,9.214714642857973e-06,9.789196697159268e-06,123.521334,23.521333999999996,4.920511e-08,44.178779275401816,3.0588023000000106,3.0588023000000106,0.10311906,-1.6588023000000107,1,100,10,5,0,1,8,8,1,25n,0,4n,8,25
6.3118711899491335e-06,6.089214770642067e-07,1.3950936768126543e-06,6.92079266701334e-06,8.315886343825996e-06,125.896852,25.896851999999996,4.540497000000005e-08,37.55218253287881,1.627835200000007,1.627835200000007,-1.91364727,-0.227835200000007,1,100,10,5,-2,1,8,8,1,25n,0,4n,8,25
5.274905321167594e-06,6.370193071966e-07,5.634462656555601e-07,5.911924628364195e-06,6.475370894019755e-06,122.155733,22.155733,4.2952090000000114e-08,42.619317074977424,0.44774270000000627,0.44774270000000627,0.0405197054,0.9522572999999936,0,100,10,5,0,1,8,8,1,25n,1,4n,8,25
6.608838154047555e-06,6.12026232358081e-07,1.407207795745304e-06,7.220864386405636e-06,8.62807218215094e-06,123.520976,23.520976000000005,4.5511240000000146e-08,36.372049628297276,-1.5745476000000007,-1.5745476000000007,-1.96135591,2.9745476000000006,0,100,10,5,-2,1,8,8,1,25n,1,4n,8,25
8.57824751097445e-06,6.300829649968362e-07,1.1382305208170896e-06,9.208330475971286e-06,1.0346560996788376e-05,123.521334,23.521333999999996,5.240506000000006e-08,44.0079891951555,3.058792699999998,3.058792699999998,0.0632083036,-1.658792699999998,1,100,10,5,0,1,8,8,1,35n,0,4n,8,25
6.30911532906071e-06,6.09403988710133e-07,2.3681237844759158e-06,6.918519317770843e-06,9.286643102246758e-06,125.896852,25.896851999999996,4.5404960000000016e-08,37.39279956296529,1.6270159999999976,1.6270159999999976,-1.94602426,-0.22701599999999766,1,100,10,5,-2,1,8,8,1,35n,0,4n,8,25
5.258418484200741e-06,6.365885936549557e-07,1.127602470302724e-06,5.895007077855697e-06,7.022609548158421e-06,122.155733,22.155733,4.282084000000004e-08,42.43169505998999,0.44238670000000013,0.44238670000000013,0.0221368804,0.9576132999999998,0,100,10,5,0,1,8,8,1,35n,1,4n,8,25
6.601344640621489e-06,6.130485817402073e-07,2.3806017559261715e-06,7.214393222361697e-06,9.594994978287867e-06,123.520976,23.520976000000005,4.585529000000008e-08,36.15118251385793,-1.574543799999999,-1.574543799999999,-1.97434472,2.974543799999999,0,100,10,5,-2,1,8,8,1,35n,1,4n,8,25
5.155102812934369e-06,6.360484391423634e-07,6.02958792235608e-07,5.791151252076733e-06,6.394110044312341e-06,121.622325,21.622325000000004,4.612500000000013e-08,42.402213318921746,1.5970386999999988,1.5970386999999988,0.409187521,-0.1970386999999989,1,100,10,5,0,1,8,8,4,5n,0,4n,8,25
6.238306941635244e-06,6.106946368697154e-07,6.285669723870338e-07,6.849001578504959e-06,7.4775685508919924e-06,123.504655,23.504655,4.217500000000015e-08,35.15817681054716,-0.6926869999999923,-0.6926869999999923,-1.75246922,2.092686999999992,0,100,10,5,-2,1,8,8,4,5n,0,4n,8,25
5.262649906923552e-06,6.367330840278187e-07,6.04242395085523e-07,5.899382990951371e-06,6.503625386036894e-06,121.436774,21.436774,4.607500000000002e-08,42.333470989020014,0.37176660000000084,0.37176660000000084,0.167723725,1.028233399999999,0,100,10,5,0,1,8,8,4,5n,1,4n,8,25
6.696062460527147e-06,6.111811655584559e-07,6.294383435219288e-07,7.307243626085603e-06,7.936681969607532e-06,123.352167,23.352166999999994,4.222500000000005e-08,35.190794114416335,-1.6200745600000008,-1.6200745600000008,-1.85974948,3.0200745600000007,0,100,10,5,-2,1,8,8,4,5n,1,4n,8,25
5.1236603285105566e-06,6.348276035254016e-07,5.656549333790872e-07,5.758487932035958e-06,6.324142865415045e-06,122.526614,22.526613999999995,4.282160000000004e-08,42.88927265373988,1.5801025000000095,1.5801025000000095,0.207576986,-0.1801025000000096,1,100,10,5,0,1,8,8,4,10n,0,4n,8,25
6.224531499159884e-06,6.092210214845274e-07,5.907619741579465e-07,6.833752520644411e-06,7.424514494802358e-06,123.994197,23.994197,4.5169090000000114e-08,36.60255582859345,-0.7007995000000022,-0.7007995000000022,-1.76817833,2.100799500000002,0,100,10,5,-2,1,8,8,4,10n,0,4n,8,25
5.307146301387048e-06,6.363429315129526e-07,6.042077895061595e-07,5.9434892329e-06,6.5476970224061595e-06,122.13346,22.13346,3.967499999999996e-08,42.444344821842655,0.39959130000001153,0.39959130000001153,0.100556316,1.0004086999999884,0,100,10,5,0,1,8,8,4,10n,1,4n,8,25
6.652806143005115e-06,6.098495353047326e-07,6.156057812357062e-07,7.2626556783098475e-06,7.878261459545554e-06,123.502839,23.502838999999994,4.5125000000000055e-08,36.267040118877844,-1.6202001500000005,-1.6202001500000005,-1.88927573,3.0202001500000004,0,100,10,5,-2,1,8,8,4,10n,1,4n,8,25
5.119618166583419e-06,6.331004123864259e-07,6.259985502969114e-07,5.7527185789698445e-06,6.3787171292667555e-06,122.526614,22.526613999999995,4.9213940000000053e-08,43.229661881946015,1.580164499999995,1.580164499999995,0.097822608,-0.18016449999999518,1,100,10,5,0,1,8,8,4,25n,0,4n,8,25
6.232412647869965e-06,6.093380105574393e-07,1.526242521152323e-06,6.841750658427404e-06,8.367993179579727e-06,123.994197,23.994197,4.545499000000002e-08,36.84222037671594,-0.7018316999999996,-0.7018316999999996,-1.91790431,2.1018316999999995,0,100,10,5,-2,1,8,8,4,25n,0,4n,8,25
5.27844367895284e-06,6.371124838695999e-07,5.939799762675558e-07,5.915556162822439e-06,6.509536139089995e-06,122.13346,22.13346,3.982500000000008e-08,42.57761440589778,0.3810141000000016,0.3810141000000016,0.0371040603,1.0189858999999983,0,100,10,5,0,1,8,8,4,25n,1,4n,8,25
6.631692575186818e-06,6.124382926018488e-07,1.492223368835099e-06,7.2441308677886665e-06,8.736354236623766e-06,123.502839,23.502838999999994,4.241041000000008e-08,36.30694993505321,-1.6238422399999992,-1.6238422399999992,-1.9629326,3.023842239999999,0,100,10,5,-2,1,8,8,4,25n,1,4n,8,25
5.122630162333335e-06,6.34274350251462e-07,5.637554918540742e-07,5.756904512584797e-06,6.320660004438871e-06,122.526614,22.526613999999995,4.605577999999997e-08,43.501001483413376,1.5800998999999933,1.5800998999999933,0.162205819,-0.18009989999999343,1,100,10,5,0,1,8,8,4,15n,0,4n,8,25
6.240349690197661e-06,6.095310834711441e-07,5.896061970314617e-07,6.849880773668805e-06,7.439486970700267e-06,123.994197,23.994197,4.5458829999999976e-08,37.28817931811887,-0.7023807000000062,-0.7023807000000062,-1.85651824,2.102380700000006,0,100,10,5,-2,1,8,8,4,15n,0,4n,8,25
5.268027122370487e-06,6.367158969094111e-07,5.994826023801856e-07,5.9047430192798985e-06,6.504225621660084e-06,122.13346,22.13346,4.297267000000002e-08,42.91733441771413,0.37314709999999707,0.37314709999999707,0.0721067284,1.0268529000000028,0,100,10,5,0,1,8,8,4,15n,1,4n,8,25
6.640961683257719e-06,6.115034270084132e-07,6.131030415646309e-07,7.252465110266132e-06,7.865568151830763e-06,123.502839,23.502838999999994,4.2325000000000056e-08,36.84395921605595,-1.6240581599999997,-1.6240581599999997,-1.93068247,3.0240581599999996,0,100,10,5,-2,1,8,8,4,15n,1,4n,8,25
5.116597751107149e-06,6.311993320216419e-07,1.1898473469127754e-06,5.747797083128791e-06,6.937644430041566e-06,122.526614,22.526613999999995,4.9297979999999976e-08,43.047605534308715,1.580200199999993,1.580200199999993,0.0609103895,-0.18020019999999315,1,100,10,5,0,1,8,8,4,35n,0,4n,8,25
6.226489286952477e-06,6.096328144869811e-07,2.4993949094741515e-06,6.836122101439458e-06,9.335517010913608e-06,123.994197,23.994197,4.5554950000000097e-08,36.65147281028109,-0.7017704000000009,-0.7017704000000009,-1.95273303,2.101770400000001,0,100,10,5,-2,1,8,8,4,35n,0,4n,8,25
5.273939590405752e-06,6.36324693042123e-07,1.1578292571525238e-06,5.910264283447875e-06,7.068093540600398e-06,122.13346,22.13346,3.651682000000002e-08,42.39379809342761,0.38092869999999834,0.38092869999999834,0.0175804543,1.0190713000000016,0,100,10,5,0,1,8,8,4,35n,1,4n,8,25
6.62760907726991e-06,6.13594520980982e-07,2.4654599125045773e-06,7.241203598250892e-06,9.706663510755468e-06,123.502839,23.502838999999994,4.585534000000005e-08,36.08402156241414,-1.6235519199999997,-1.6235519199999997,-1.9750006,3.0235519199999996,0,100,10,5,-2,1,8,8,4,35n,1,4n,8,25
5.174206576094308e-06,6.360476800760802e-07,6.408263644100362e-07,5.8102542561703885e-06,6.451080620580425e-06,121.588676,21.588676000000007,4.612500000000013e-08,42.39794478557762,0.8558942000000087,0.8558942000000087,0.407711479,0.5441057999999912,0,100,10,5,0,1,8,8,8,5n,0,4n,8,25
6.482955100204528e-06,6.108037140297375e-07,6.748140213024867e-07,7.093758814234265e-06,7.768572835536752e-06,123.436509,23.436509,4.2210060000000064e-08,35.19722021765632,-1.28423188,-1.28423188,-1.75572758,2.68423188,0,100,10,5,-2,1,8,8,8,5n,0,4n,8,25
5.337464900087428e-06,6.367263419799086e-07,6.40466100325915e-07,5.974191242067336e-06,6.614657342393251e-06,121.429522,21.429522000000006,4.607500000000002e-08,42.33174745564386,0.35279640000000256,0.35279640000000256,0.167569063,1.0472035999999973,0,100,10,5,0,1,8,8,8,5n,1,4n,8,25
6.669040164035822e-06,6.111801568441404e-07,6.75313014348114e-07,7.280220320879962e-06,7.955533335228077e-06,123.335951,23.335950999999994,4.222500000000005e-08,35.19414586290194,-1.6746447700000004,-1.6746447700000004,-1.85995906,3.0746447700000004,0,100,10,5,-2,1,8,8,8,5n,1,4n,8,25
5.124875031766455e-06,6.34875958120495e-07,6.250534986030401e-07,5.75975098988695e-06,6.3848044884899895e-06,122.394975,22.394975000000002,3.9576420000000025e-08,42.54903705541654,0.8472220000000021,0.8472220000000021,0.196234205,0.5527779999999978,0,100,10,5,0,1,8,8,8,10n,0,4n,8,25
6.4401360789417585e-06,6.092845712197347e-07,6.479387592640694e-07,7.0494206501614936e-06,7.697359409425564e-06,123.59637,23.596369999999993,4.517499999999995e-08,36.45859043778204,-1.2889735800000004,-1.2889735800000004,-1.77254964,2.6889735800000003,0,100,10,5,-2,1,8,8,8,10n,0,4n,8,25
5.237450114292741e-06,6.365611210581478e-07,6.365702126297388e-07,5.874011235350889e-06,6.510581447980628e-06,122.110816,22.110816,3.972500000000007e-08,42.4725031015757,0.29554170000000113,0.29554170000000113,0.0993300004,1.1044582999999988,0,100,10,5,0,1,8,8,8,10n,1,4n,8,25
6.6262638537251445e-06,6.099225284564327e-07,6.588870054937006e-07,7.236186382181577e-06,7.895073387675277e-06,123.48416,23.484160000000003,4.2075000000000143e-08,36.23367986337468,-1.67663413,-1.67663413,-1.89065729,3.07663413,0,100,10,5,-2,1,8,8,8,10n,1,4n,8,25
5.149850875524038e-06,6.347936635804561e-07,6.196514030502341e-07,5.784644539104495e-06,6.404295942154729e-06,122.394975,22.394975000000002,4.600655000000011e-08,43.19650965280085,0.849878099999998,0.849878099999998,0.152292077,0.5501219000000019,0,100,10,5,0,1,8,8,8,15n,0,4n,8,25
6.442910757502161e-06,6.098598071382332e-07,6.451897129196283e-07,7.052770564640394e-06,7.697960277560022e-06,123.59637,23.596369999999993,4.546744000000008e-08,37.12036918096888,-1.2901068800000006,-1.2901068800000006,-1.85944472,2.6901068800000005,0,100,10,5,-2,1,8,8,8,15n,0,4n,8,25
5.337498605547252e-06,6.371610691446814e-07,6.319067898828965e-07,5.974659674691933e-06,6.6065664645748295e-06,122.110816,22.110816,4.302386e-08,42.91345466067004,0.34530920000000265,0.34530920000000265,0.0706086303,1.0546907999999973,0,100,10,5,0,1,8,8,8,15n,1,4n,8,25
6.642946303714925e-06,6.118115989786646e-07,6.556545089710902e-07,7.254757902693589e-06,7.91041241166468e-06,123.48416,23.484160000000003,4.2325000000000056e-08,36.79307313037069,-1.67445953,-1.67445953,-1.93324145,3.07445953,0,100,10,5,-2,1,8,8,8,15n,1,4n,8,25
5.1416506414042315e-06,6.344718469131991e-07,6.391593247196814e-07,5.7761224883174306e-06,6.415281813037112e-06,122.394975,22.394975000000002,4.610585000000012e-08,42.91268953310241,0.8492601999999891,0.8492601999999891,0.0903626842,0.5507398000000108,0,100,10,5,0,1,8,8,8,25n,0,4n,8,25
6.436971188914497e-06,6.100062655795645e-07,1.5456709342557297e-06,7.046977454494062e-06,8.592648388749792e-06,123.59637,23.596369999999993,4.550808999999994e-08,36.65265825072645,-1.2895796099999997,-1.2895796099999997,-1.91967591,2.6895796099999996,0,100,10,5,-2,1,8,8,8,25n,0,4n,8,25
5.2992130158009725e-06,6.37283949630536e-07,6.222731348477145e-07,5.936496965431509e-06,6.558770100279223e-06,122.110816,22.110816,3.9724820000000055e-08,42.55639298182577,0.3281488000000081,0.3281488000000081,0.0327213721,1.0718511999999918,0,100,10,5,0,1,8,8,8,25n,1,4n,8,25
6.659280539055439e-06,6.128838918596993e-07,1.531281049855428e-06,7.272164430915138e-06,8.803445480770565e-06,123.48416,23.484160000000003,4.235805000000009e-08,36.231762666927644,-1.6725785499999999,-1.6725785499999999,-1.96505187,3.07257855,0,100,10,5,-2,1,8,8,8,25n,1,4n,8,25
5.135846768810232e-06,6.339626520082111e-07,1.2030706283455659e-06,5.769809420818443e-06,6.972880049164009e-06,122.394975,22.394975000000002,4.935547000000015e-08,42.732484637144665,0.8488351000000023,0.8488351000000023,0.055959928,0.5511648999999976,0,100,10,5,0,1,8,8,8,35n,0,4n,8,25
6.432605532057384e-06,6.104549562205328e-07,2.518797455090444e-06,7.043060488277917e-06,9.56185794336836e-06,123.59637,23.596369999999993,4.880504000000014e-08,36.447922020152824,-1.2894537999999995,-1.2894537999999995,-1.95112051,2.6894537999999995,0,100,10,5,-2,1,8,8,8,35n,0,4n,8,25
5.286629623851996e-06,6.35062748970873e-07,1.1865676840098617e-06,5.921692372822869e-06,7.108260056832731e-06,122.110816,22.110816,3.462500000000011e-08,42.38359800761727,0.3224474000000015,0.3224474000000015,0.0125570727,1.0775525999999984,0,100,10,5,0,1,8,8,8,35n,1,4n,8,25
6.653510919079844e-06,6.141573629661753e-07,2.5043840496858038e-06,7.267668282046019e-06,9.772052331731824e-06,123.48416,23.484160000000003,4.585536999999995e-08,36.008934372052806,-1.6727713499999997,-1.6727713499999997,-1.97591788,3.0727713499999996,0,100,10,5,-2,1,8,8,8,35n,1,4n,8,25
1.4348991144611107e-05,4.860436222420691e-06,1.3934037972173457e-08,1.9209427367031797e-05,1.9223361405003972e-05,142.276926,42.276926,4.992828000000003e-08,78.03007801027368,4.62850257,4.331315000000004,4.62850257,-3.2285025700000003,1,100,10,5,0,2,2,8,1,5n,0,4n,8,25
5.2003720562075354e-06,7.154390179681371e-07,1.2080961888000654e-07,5.915811074175672e-06,6.036620693055679e-06,144.85939,44.85938999999999,6.095513e-08,69.91522376248604,3.2236959999999897,3.2236959999999897,1.54981737,-1.8236959999999898,1,100,10,5,-2,2,2,8,1,5n,0,4n,8,25
4.2781163348711005e-06,9.076250697015391e-07,1.9513838968455405e-08,5.18574140457264e-06,5.205255243541095e-06,162.291003,62.29100299999999,6.065255000000015e-08,76.36635052658941,1.3220759999999956,1.3220759999999956,1.02389416,0.07792400000000432,0,100,10,5,0,2,2,8,1,5n,1,4n,8,25
5.571653466976331e-06,6.461949121543672e-07,1.5757948161621505e-07,6.217848379130698e-06,6.3754278607469135e-06,135.778168,35.778167999999994,5.752500000000014e-08,62.943530099499256,-0.3732949999999988,-0.3732949999999988,-1.23530102,1.7732949999999987,0,100,10,5,-2,2,2,8,1,5n,1,4n,8,25
8.314508050938708e-06,1.1726837549972421e-06,5.7988731426202e-07,9.48719180593595e-06,1.006707912019797e-05,118.004121,18.004120999999998,4.796487000000005e-08,65.60367032679318,3.6267090000000053,3.6267090000000053,1.3547095,-2.2267090000000054,1,100,10,5,0,2,2,8,1,10n,0,4n,8,25
4.955561958398599e-06,7.06405005919798e-07,5.381679101136375e-07,5.661966964318397e-06,6.2001348744320345e-06,118.681987,18.681987000000007,4.808860999999999e-08,59.15970867043569,2.0506723000000022,2.0506723000000022,-1.48468854,-0.6506723000000023,1,100,10,5,-2,2,2,8,1,10n,0,4n,8,25
3.880087085735005e-06,6.293695376694482e-07,6.427061983665696e-07,4.509456623404454e-06,5.152162821771024e-06,123.968175,23.968175000000002,4.537499999999997e-08,61.99759688331051,0.6021628999999962,0.6021628999999962,0.173707948,0.7978371000000037,0,100,10,5,0,2,2,8,1,10n,1,4n,8,25
5.239209878490401e-06,6.398188530853687e-07,6.856887514229038e-07,5.87902873157577e-06,6.5647174829986736e-06,123.991118,23.991118,5.105628000000004e-08,58.80933017816934,-1.4882120000000043,-1.4882120000000043,-1.82190326,2.888212000000004,0,100,10,5,-2,2,2,8,1,10n,1,4n,8,25
7.251332140888468e-06,1.17607416939729e-06,4.544770716054552e-07,8.427406310285758e-06,8.881883381891214e-06,120.968399,20.968399000000005,4.122003999999998e-08,67.55169688169957,3.4637902000000054,3.4637902000000054,0.294142646,-2.0637902000000055,1,100,10,5,0,2,2,8,1,15n,0,4n,8,25
5.1943663201634295e-06,7.09185987759126e-07,3.556496507464723e-07,5.903552307922556e-06,6.259201958669028e-06,120.923512,20.923512000000002,3.465278000000009e-08,60.080145906876524,1.9364642000000032,1.9364642000000032,-1.82546152,-0.5364642000000033,1,100,10,5,-2,2,2,8,1,15n,0,4n,8,25
3.9946792653828925e-06,6.295906514291228e-07,6.472321500530889e-07,4.624269916812015e-06,5.271502066865104e-06,123.968175,23.968175000000002,4.8725000000000114e-08,63.093467253109296,0.5506950000000046,0.5506950000000046,0.110547199,0.8493049999999953,0,100,10,5,0,2,2,8,1,15n,1,4n,8,25
5.261426693499479e-06,6.40423097174991e-07,6.663357587863197e-07,5.90184979067447e-06,6.568185549460789e-06,123.991118,23.991118,4.142499999999999e-08,59.10939906063133,-1.4855447000000055,-1.4855447000000055,-1.87537756,2.8855447000000054,0,100,10,5,-2,2,2,8,1,15n,1,4n,8,25
7.195114260994248e-06,1.1766803785085133e-06,4.1242368153563875e-07,8.37179463950276e-06,8.7842183210384e-06,120.968399,20.968399000000005,4.4474350000000084e-08,68.08752919594293,3.4467523,3.4467523,0.135055267,-2.0467523,1,100,10,5,0,2,2,8,1,25n,0,4n,8,25
5.191180397682071e-06,7.105604593532265e-07,1.232674660439824e-06,5.901740857035298e-06,7.134415517475121e-06,120.923512,20.923512000000002,3.124606000000002e-08,59.757076013701415,1.9594126999999872,1.9594126999999872,-1.89255675,-0.5594126999999873,1,100,10,5,-2,2,2,8,1,25n,0,4n,8,25
3.980242368476523e-06,6.310413453037631e-07,6.276540612631319e-07,4.611283713780286e-06,5.2389377750434175e-06,123.968175,23.968175000000002,4.892468000000003e-08,62.81232711322311,0.5305172999999996,0.5305172999999996,0.0601961938,0.8694827000000003,0,100,10,5,0,2,2,8,1,25n,1,4n,8,25
5.277785216008823e-06,6.41680730687573e-07,1.2609913766312497e-06,5.919465946696396e-06,7.180457323327646e-06,123.991118,23.991118,3.4613320000000096e-08,58.69179477928199,-1.495858371355,-1.495858371355,-1.9430293,2.8958583713549997,0,100,10,5,-2,2,2,8,1,25n,1,4n,8,25
7.191676610885827e-06,1.1779336658297268e-06,9.754700014675517e-07,8.369610276715553e-06,9.345080278183104e-06,120.968399,20.968399000000005,4.1025980000000126e-08,67.51475686418549,3.4467269000000016,3.4467269000000016,0.074976582,-2.0467269000000017,1,100,10,5,0,2,2,8,1,35n,0,4n,8,25
5.18857326741656e-06,7.125066665809064e-07,2.203983396789366e-06,5.901079933997467e-06,8.105063330786834e-06,120.923512,20.923512000000002,3.5478189999999996e-08,59.2663553647215,1.9587026000000094,1.9587026000000094,-1.93605371,-0.5587026000000095,1,100,10,5,-2,2,2,8,1,35n,0,4n,8,25
3.978857107118463e-06,6.328275749867506e-07,1.047277201783401e-06,4.611684682105214e-06,5.658961883888615e-06,123.968175,23.968175000000002,4.915615000000006e-08,62.39206606881755,0.5191841000000039,0.5191841000000039,0.0367306304,0.880815899999996,0,100,10,5,0,2,2,8,1,35n,1,4n,8,25
5.273266926783428e-06,6.429269409022601e-07,2.2329618169091514e-06,5.9161938676856885e-06,8.14915568459484e-06,123.991118,23.991118,3.565453999999998e-08,58.21603384999197,-1.49588155106,-1.49588155106,-1.97485153,2.89588155106,0,100,10,5,-2,2,2,8,1,35n,1,4n,8,25
4.004689059372616e-06,4.862310869063496e-06,4.1675415288101e-08,8.866999928436112e-06,8.908675343724213e-06,142.276794,42.27679399999999,4.992224999999997e-08,78.0270230171476,4.62924572,1.7846727000000016,4.62924572,-3.22924572,1,100,10,5,0,2,2,8,4,5n,0,4n,8,25
5.101200517327215e-06,7.160027927132163e-07,1.9927801499884022e-07,5.817203310040432e-06,6.016481325039272e-06,145.269961,45.269960999999995,6.09591e-08,70.20456268298237,1.56176168,-0.5461497999999949,1.56176168,-0.16176168000000013,1,100,10,5,-2,2,2,8,4,5n,0,4n,8,25
3.9542834955419685e-06,9.077546007043271e-07,4.3274791517026553e-08,4.8620380962462955e-06,4.905312887763322e-06,162.298994,62.29899399999999,6.065231000000012e-08,76.36733582989854,1.0238764,0.48472180000000264,1.0238764,0.3761235999999999,0,100,10,5,0,2,2,8,4,5n,1,4n,8,25
5.228199987250345e-06,6.462389119897078e-07,2.2811843907353314e-07,5.874438899240053e-06,6.102557338313587e-06,135.810726,35.81072599999999,5.752500000000014e-08,62.961884458311395,-1.23533517,-1.4973681999999968,-1.23533517,2.63533517,0,100,10,5,-2,2,2,8,4,5n,1,4n,8,25
3.9268052037214135e-06,1.1723423345690111e-06,7.196894002250614e-07,5.099147538290424e-06,5.818836938515486e-06,118.001952,18.001952000000003,4.797499999999995e-08,65.59391123805023,1.7739032000000066,1.7739032000000066,1.35373537,-0.37390320000000665,1,100,10,5,0,2,2,8,4,10n,0,4n,8,25
4.973824621510083e-06,7.072430543018303e-07,7.881812613156787e-07,5.6810676758119136e-06,6.469248937127593e-06,117.775237,17.775237000000004,4.787137000000012e-08,58.73805928083677,-0.6072598999999883,-0.6072598999999883,-1.49513558,2.007259899999988,0,100,10,5,-2,2,2,8,4,10n,0,4n,8,25
3.982042760182524e-06,6.2940204364266e-07,6.789360029713961e-07,4.611444803825184e-06,5.2903808067965805e-06,123.943352,23.943352000000004,4.542500000000008e-08,61.986577257496506,0.4899501000000015,0.4899501000000015,0.172992094,0.9100498999999984,0,100,10,5,0,2,2,8,4,10n,1,4n,8,25
5.245207930151597e-06,6.397911272096481e-07,7.729642631158698e-07,5.884999057361245e-06,6.6579633204771146e-06,123.971643,23.971643,4.8006390000000104e-08,58.78087168475822,-1.5206115999999952,-1.5206115999999952,-1.8229393,2.920611599999995,0,100,10,5,-2,2,2,8,4,10n,1,4n,8,25
3.92586421926737e-06,1.1743320178772065e-06,7.184131029252248e-07,5.100196237144576e-06,5.8186093400698015e-06,118.86702,18.867019999999997,4.4678130000000046e-08,66.87479478067515,1.7756238000000053,1.7756238000000053,0.253080539,-0.3756238000000054,1,100,10,5,0,2,2,8,4,15n,0,4n,8,25
4.989522092414216e-06,7.084568256234902e-07,7.492986920971658e-07,5.697978918037707e-06,6.447277610134873e-06,119.248424,19.248424,3.795466999999999e-08,59.32288249502949,-0.6022047000000015,-0.6022047000000015,-1.83319587,2.0022047000000014,0,100,10,5,-2,2,2,8,4,15n,0,4n,8,25
4.028832946669478e-06,6.29901731523058e-07,6.816511230413113e-07,4.658734678192536e-06,5.340385801233847e-06,123.943352,23.943352000000004,4.8725000000000114e-08,63.08581596024404,0.417330800000002,0.417330800000002,0.107984925,0.9826691999999979,0,100,10,5,0,2,2,8,4,15n,1,4n,8,25
5.312023047215235e-06,6.403050498010986e-07,7.545012538421485e-07,5.952328097016334e-06,6.706829350858482e-06,123.971643,23.971643,4.142499999999999e-08,59.08494609876598,-1.554869257,-1.554869257,-1.87738867,2.954869257,0,100,10,5,-2,2,2,8,4,15n,1,4n,8,25
3.923980650787382e-06,1.1747026551700863e-06,7.057704242375116e-07,5.098683305957468e-06,5.80445373019498e-06,118.86702,18.867019999999997,4.450183000000003e-08,66.9393941828388,1.7756889999999999,1.7756889999999999,0.123652789,-0.37568899999999994,1,100,10,5,0,2,2,8,4,25n,0,4n,8,25
4.984688604645467e-06,7.097248013550209e-07,1.3638097990880243e-06,5.694413406000488e-06,7.058223205088512e-06,119.248424,19.248424,3.132434000000001e-08,58.967676149960056,-0.6018609999999995,-0.6018609999999995,-1.90232915,2.0018609999999994,0,100,10,5,-2,2,2,8,4,25n,0,4n,8,25
4.008872079563034e-06,6.322709147401426e-07,6.628340822938931e-07,4.641142994303176e-06,5.303977076597069e-06,123.943352,23.943352000000004,4.897075000000007e-08,62.78768472984482,0.4424682000000075,0.4424682000000075,0.0590726904,0.9575317999999924,0,100,10,5,0,2,2,8,4,25n,1,4n,8,25
5.299607197063209e-06,6.417319974654121e-07,1.345698842225264e-06,5.941339194528621e-06,7.287038036753885e-06,123.971643,23.971643,3.146567000000002e-08,58.631317729431025,-1.5553975461,-1.5553975461,-1.94658043,2.9553975461,0,100,10,5,-2,2,2,8,4,25n,1,4n,8,25
3.921965089803046e-06,1.175292341995928e-06,1.0297386812221633e-06,5.0972574317989746e-06,6.1269961130211374e-06,118.86702,18.867019999999997,4.1209400000000136e-08,66.36514709818285,1.7757285999999937,1.7757285999999937,0.0674898854,-0.37572859999999375,1,100,10,5,0,2,2,8,4,35n,0,4n,8,25
4.980188784699332e-06,7.112284048513189e-07,2.336194150942256e-06,5.691417189550651e-06,8.027611340492907e-06,119.248424,19.248424,3.5572569999999946e-08,58.45583430594724,-0.601719899999992,-0.601719899999992,-1.94301444,2.001719899999992,0,100,10,5,-2,2,2,8,4,35n,0,4n,8,25
4.000867114448933e-06,6.348707603526464e-07,1.0767842767819212e-06,4.63573787480158e-06,5.712522151583501e-06,123.943352,23.943352000000004,4.925639000000009e-08,62.355718199548676,0.44677319999999554,0.44677319999999554,0.0346817848,0.9532268000000044,0,100,10,5,0,2,2,8,4,35n,1,4n,8,25
5.291937079959114e-06,6.42978215843637e-07,2.3176271514884394e-06,5.934915295802751e-06,8.25254244729119e-06,123.971643,23.971643,3.570459000000006e-08,58.150379194014036,-1.5558094352,-1.5558094352,-1.9775049,2.9558094352,0,100,10,5,-2,2,2,8,4,35n,1,4n,8,25
3.884243994732097e-06,4.861134401176446e-06,7.943355676077838e-08,8.745378395908542e-06,8.82481195266932e-06,142.279424,42.279424000000006,4.993490999999994e-08,78.02479139888366,4.62658351,0.8660198000000037,4.62658351,-3.2265835099999998,1,100,10,5,0,2,2,8,8,5n,0,4n,8,25
5.084521307117936e-06,7.163764858739353e-07,2.4561990347218965e-07,5.800897792991872e-06,6.046517696464061e-06,145.535499,45.53549899999999,6.09644400000001e-08,70.35726589605271,1.57152549,-1.1135484999999932,1.57152549,-0.17152549000000006,1,100,10,5,-2,2,2,8,8,5n,0,4n,8,25
4.077787133362493e-06,9.078717079342887e-07,7.961813421404729e-08,4.985658841296781e-06,5.065276975510828e-06,162.306419,62.306419000000005,6.065206000000006e-08,76.3681897867844,1.02385856,0.3976782999999955,1.02385856,0.3761414399999998,0,100,10,5,0,2,2,8,8,5n,1,4n,8,25
5.386081525614352e-06,6.462882725534444e-07,2.739631580542506e-07,6.032369798167796e-06,6.306332956222047e-06,135.842654,35.84265400000001,5.752500000000014e-08,62.97993852774494,-1.2353698,-1.6079297176,-1.2353698,2.6353698,0,100,10,5,-2,2,2,8,8,5n,1,4n,8,25
3.897406864096581e-06,1.1721881787479126e-06,7.54060447172975e-07,5.069595042844494e-06,5.823655490017469e-06,118.001438,18.001437999999993,4.797499999999995e-08,65.58959845084972,1.35344724,0.8471035000000029,1.35344724,0.04655275999999997,0,100,10,5,0,2,2,8,8,10n,0,4n,8,25
5.13243097437327e-06,7.076411235256228e-07,8.272258554676417e-07,5.840072097898893e-06,6.667297953366534e-06,117.712724,17.712723999999994,4.4725000000000025e-08,58.50538098133892,-1.167223817,-1.167223817,-1.50174382,2.567223817,0,100,10,5,-2,2,2,8,8,10n,0,4n,8,25
4.01994249010191e-06,6.294273005030486e-07,7.117851819879289e-07,4.649369790604958e-06,5.361154972592888e-06,123.917982,23.91798199999999,4.542500000000008e-08,61.97984045720715,0.3519584000000009,0.3519584000000009,0.172273679,1.048041599999999,0,100,10,5,0,2,2,8,8,10n,1,4n,8,25
5.368644161579123e-06,6.397543342502386e-07,8.158643498730896e-07,6.008398495829362e-06,6.824262845702452e-06,123.95153,23.951530000000005,4.8006510000000116e-08,58.75482470475875,-1.608608715,-1.608608715,-1.82402699,3.008608715,0,100,10,5,-2,2,2,8,8,10n,1,4n,8,25
3.9081550628115736e-06,1.174265651624073e-06,7.765477940066715e-07,5.082420714435647e-06,5.858968508442319e-06,118.793835,18.793835,4.452403000000009e-08,66.47505329762113,0.8475250999999986,0.8475250999999986,0.243814072,0.5524749000000013,0,100,10,5,0,2,2,8,8,15n,0,4n,8,25
5.1664834758658835e-06,7.08318428560435e-07,8.08082753766303e-07,5.874801904426319e-06,6.682884658192621e-06,118.355253,18.355253000000005,3.491512000000008e-08,59.15054334918582,-1.16415527,-1.16415527,-1.83572104,2.5641552699999997,0,100,10,5,-2,2,2,8,8,15n,0,4n,8,25
3.986105221732961e-06,6.302556550253501e-07,7.146181340993106e-07,4.616360876758312e-06,5.330979010857622e-06,123.917982,23.91798199999999,4.877500000000001e-08,63.09607768129042,0.4339472999999998,0.4339472999999998,0.105609824,0.9660527000000001,0,100,10,5,0,2,2,8,8,15n,1,4n,8,25
5.332335374605578e-06,6.401853354332207e-07,7.962114556516436e-07,5.972520710038799e-06,6.768732165690443e-06,123.95153,23.951530000000005,4.142499999999999e-08,59.058390069509024,-1.6151989750000002,-1.6151989750000002,-1.87964373,3.015198975,0,100,10,5,-2,2,2,8,8,15n,1,4n,8,25
3.90390529294178e-06,1.1737897568071697e-06,7.605834927532179e-07,5.077695049748949e-06,5.838278542502167e-06,118.793835,18.793835,4.1403780000000093e-08,66.61913268673648,0.8474958000000044,0.8474958000000044,0.108663899,0.5525041999999956,0,100,10,5,0,2,2,8,8,25n,0,4n,8,25
5.159651154259517e-06,7.092013917505791e-07,1.3832656313373115e-06,5.868852546010096e-06,7.252118177347408e-06,118.355253,18.355253000000005,3.1404560000000054e-08,58.79430199146205,-1.163949221,-1.163949221,-1.91331969,2.5639492209999997,0,100,10,5,-2,2,2,8,8,25n,0,4n,8,25
3.994695592521402e-06,6.341287694030567e-07,6.97189032631476e-07,4.628824361924459e-06,5.326013394555934e-06,123.917982,23.91798199999999,4.911041999999998e-08,62.79465337264993,0.40419149999999604,0.40419149999999604,0.0589444511,0.9958085000000039,0,100,10,5,0,2,2,8,8,25n,1,4n,8,25
5.311269830182236e-06,6.419177017069325e-07,1.3841770064862952e-06,5.953187531889168e-06,7.337364538375464e-06,123.95153,23.951530000000005,2.8217350000000046e-08,58.562542606595926,-1.617127979,-1.617127979,-1.95088083,3.0171279789999996,0,100,10,5,-2,2,2,8,8,25n,1,4n,8,25
3.900730099633524e-06,1.1736290849197494e-06,1.0433775210669043e-06,5.074359184553273e-06,6.1177367056201776e-06,118.793835,18.793835,4.138047000000003e-08,66.03888184249212,0.8474834999999956,0.8474834999999956,0.0549655989,0.5525165000000043,0,100,10,5,0,2,2,8,8,35n,0,4n,8,25
5.1539802198955184e-06,7.103960798197391e-07,2.3555528611496156e-06,5.864376299715257e-06,8.219929160864874e-06,118.355253,18.355253000000005,3.5663850000000085e-08,58.267210565583305,-1.164332732,-1.164332732,-1.95258889,2.564332732,0,100,10,5,-2,2,2,8,8,35n,0,4n,8,25
4.008784861500043e-06,6.375049942955887e-07,1.1043923241433024e-06,4.646289855795632e-06,5.750682179938934e-06,123.917982,23.91798199999999,4.927076999999995e-08,62.34649694394928,0.3869274000000047,0.3869274000000047,0.0334235395,1.0130725999999952,0,100,10,5,0,2,2,8,8,35n,1,4n,8,25
5.308891872234827e-06,6.431479626970975e-07,2.3563518897671136e-06,5.9520398349319245e-06,8.308391724699038e-06,123.95153,23.951530000000005,3.580537999999997e-08,58.07824045317879,-1.616883787,-1.616883787,-1.98051938,3.016883787,0,100,10,5,-2,2,2,8,8,35n,1,4n,8,25
1.4333840518548032e-05,6.362820930885851e-07,5.742654628693835e-07,1.4970122611636617e-05,1.5544388074506e-05,121.62833,21.628330000000005,4.611732000000001e-08,42.389734600555784,4.329390199999992,4.329390199999992,0.411101616,-2.929390199999992,1,100,10,5,0,2,8,8,1,5n,0,4n,8,25
5.1995650046347765e-06,6.108056274952688e-07,5.465738192908494e-07,5.8103706321300455e-06,6.3569444514208945e-06,123.632237,23.632237000000003,4.21155600000001e-08,35.05930569754879,3.2238282,3.2238282,-1.74120501,-1.8238282,1,100,10,5,-2,2,8,8,1,5n,0,4n,8,25
4.276885112703492e-06,6.366857951816497e-07,5.803473953598618e-07,4.913570907885142e-06,5.493918303245004e-06,121.443886,21.443886000000006,4.607500000000002e-08,42.334506986973075,1.3210169999999977,1.3210169999999977,0.167852596,0.07898300000000225,0,100,10,5,0,2,8,8,1,5n,1,4n,8,25
5.570523558188543e-06,6.112098536095452e-07,5.58871319427262e-07,6.181733411798089e-06,6.74060473122535e-06,123.367971,23.367970999999997,4.222500000000005e-08,35.186757644168566,-0.37329300000000387,-0.37329300000000387,-1.85954282,1.7732930000000038,0,100,10,5,-2,2,8,8,1,5n,1,4n,8,25
8.31094782218776e-06,6.340095576969212e-07,3.506670379670859e-07,8.944957379884682e-06,9.295624417851768e-06,123.52121,23.521209999999996,3.941845000000001e-08,43.381386807814835,3.626745900000003,3.626745900000003,0.224311299,-2.226745900000003,1,100,10,5,0,2,8,8,1,10n,0,4n,8,25
4.953764644189595e-06,6.080261455827883e-07,2.8663902794579063e-07,5.561790789772383e-06,5.848429817718174e-06,125.900408,25.900408,4.841736999999994e-08,37.454012926462205,2.0510361999999986,2.0510361999999986,-1.75575552,-0.6510361999999987,1,100,10,5,-2,2,8,8,1,10n,0,4n,8,25
3.879040156753732e-06,6.360940513523804e-07,5.682814300624453e-07,4.515134208106113e-06,5.083415638168558e-06,122.155706,22.155705999999995,3.967499999999996e-08,42.42650278470826,0.6024251000000049,0.6024251000000049,0.101786887,0.797574899999995,0,100,10,5,0,2,8,8,1,10n,1,4n,8,25
5.238091434488129e-06,6.098193825174845e-07,5.275730946008509e-07,5.847910817005613e-06,6.3754839116064645e-06,123.521068,23.521068,4.517499999999995e-08,36.29618246776441,-1.4881610999999992,-1.4881610999999992,-1.88817725,2.888161099999999,0,100,10,5,-2,2,8,8,1,10n,1,4n,8,25
7.247963036812271e-06,6.337611490824145e-07,2.034086717188723e-07,7.881724185894686e-06,8.085132857613558e-06,123.52121,23.521209999999996,4.605515000000001e-08,44.48878437469972,3.4637302000000005,3.4637302000000005,0.171761313,-2.0637302000000006,1,100,10,5,0,2,8,8,1,15n,0,4n,8,25
5.19329118373842e-06,6.091280047100736e-07,4.2092989505920516e-07,5.802419188448494e-06,6.223349083507699e-06,125.900408,25.900408,4.545494000000005e-08,37.95863172098031,1.9363566999999904,1.9363566999999904,-1.85308009,-0.5363566999999905,1,100,10,5,-2,2,8,8,1,15n,0,4n,8,25
3.9932882984012125e-06,6.363003942766383e-07,5.657826326220262e-07,4.6295886926778506e-06,5.195371325299877e-06,122.155706,22.155705999999995,4.29250000000001e-08,42.938101769786286,0.5511315999999908,0.5511315999999908,0.0740129103,0.8488684000000091,0,100,10,5,0,2,8,8,1,15n,1,4n,8,25
5.260221849447691e-06,6.112701265415429e-07,5.243093969687741e-07,5.8714919759892335e-06,6.395801372958008e-06,123.521068,23.521068,4.542500000000008e-08,36.88900994828765,-1.485513999999995,-1.485513999999995,-1.92839637,2.885513999999995,0,100,10,5,-2,2,8,8,1,15n,1,4n,8,25
7.192101179231469e-06,6.321041176248717e-07,5.745219860212366e-07,7.824205296856341e-06,8.398727282877578e-06,123.52121,23.521209999999996,4.920511e-08,44.17807091731242,3.4467420999999945,3.4467420999999945,0.103116612,-2.0467420999999946,1,100,10,5,0,2,8,8,1,25n,0,4n,8,25
5.1900339746975215e-06,6.089461873166055e-07,1.3962457373938261e-06,5.798980162014127e-06,7.195225899407953e-06,125.900408,25.900408,4.535496999999994e-08,37.45723129604932,1.9592428999999925,1.9592428999999925,-1.91303437,-0.5592428999999925,1,100,10,5,-2,2,8,8,1,25n,0,4n,8,25
3.9790631303649946e-06,6.369779830739811e-07,5.634768243273857e-07,4.6160411134389756e-06,5.179517937766361e-06,122.155706,22.155705999999995,4.295122999999996e-08,42.618775232363895,0.5307248000000016,0.5307248000000016,0.0405176395,0.8692751999999984,0,100,10,5,0,2,8,8,1,25n,1,4n,8,25
5.2765270840832275e-06,6.120547282462253e-07,1.4072493141778037e-06,5.888581812329453e-06,7.295831126507257e-06,123.521068,23.521068,4.5511240000000146e-08,36.37150861185565,-1.49586494459,-1.49586494459,-1.96135769,2.89586494459,0,100,10,5,-2,2,8,8,1,25n,1,4n,8,25
7.1886713342847656e-06,6.302130797572617e-07,1.138287404437176e-06,7.818884414042027e-06,8.957171818479203e-06,123.52121,23.521209999999996,5.240506000000006e-08,44.007282372139414,3.446729199999993,3.446729199999993,0.0632061462,-2.046729199999993,1,100,10,5,0,2,8,8,1,35n,0,4n,8,25
5.187428126747137e-06,6.094592323817286e-07,2.369290813759194e-06,5.796887359128865e-06,8.166178172888059e-06,125.900408,25.900408,4.535496000000012e-08,37.30005877659218,1.9585323000000017,1.9585323000000017,-1.94570903,-0.5585323000000018,1,100,10,5,-2,2,8,8,1,35n,0,4n,8,25
3.977743844291049e-06,6.365402102442799e-07,1.12764661358473e-06,4.614284054535329e-06,5.741930668120059e-06,122.155706,22.155705999999995,4.282084000000004e-08,42.43106737318526,0.5193172999999973,0.5193172999999973,0.0221372328,0.8806827000000026,0,100,10,5,0,2,8,8,1,35n,1,4n,8,25
5.2720337466685325e-06,6.130771516852787e-07,2.38065943545351e-06,5.885110898353811e-06,8.265770333807322e-06,123.521068,23.521068,4.585529000000008e-08,36.150654720282716,-1.49588603891,-1.49588603891,-1.97434597,2.8958860389099996,0,100,10,5,-2,2,8,8,1,35n,1,4n,8,25
4.003117710458255e-06,6.360411178132777e-07,6.029611954796851e-07,4.639158828271533e-06,5.242120023751218e-06,121.622303,21.622303000000002,4.612500000000013e-08,42.401601954190795,1.7847857999999945,1.7847857999999945,0.409149166,-0.3847857999999946,1,100,10,5,0,2,8,8,4,5n,0,4n,8,25
5.099516161398412e-06,6.106736232224125e-07,6.285624413902702e-07,5.7101897846208245e-06,6.338752226011095e-06,123.504755,23.504755000000003,4.217500000000015e-08,35.157640114869366,-0.5462112000000019,-0.5462112000000019,-1.75246314,1.9462112000000018,0,100,10,5,-2,2,8,8,4,5n,0,4n,8,25
3.95359244542587e-06,6.366838055990374e-07,6.042450768557484e-07,4.590276251024907e-06,5.194521327880656e-06,121.436731,21.436730999999995,4.607500000000002e-08,42.332849198684244,0.4848070999999976,0.4848070999999976,0.167706024,0.9151929000000023,0,100,10,5,0,2,8,8,4,5n,1,4n,8,25
5.2270902808061515e-06,6.112052620115829e-07,6.294338381986671e-07,5.838295542817735e-06,6.467729381016402e-06,123.352257,23.352256999999994,4.222500000000005e-08,35.19026476175472,-1.4973557,-1.4973557,-1.85974995,2.8973557,0,100,10,5,-2,2,8,8,4,5n,1,4n,8,25
3.924992451129087e-06,6.34819514615851e-07,5.656512821999623e-07,4.559811965744938e-06,5.1254632479449005e-06,122.526375,22.526375,4.282160000000004e-08,42.88862606507695,1.7739170999999914,1.7739170999999914,0.207571916,-0.37391709999999145,1,100,10,5,0,2,8,8,4,10n,0,4n,8,25
4.972736952740811e-06,6.092000966849493e-07,5.907547088600968e-07,5.58193704942576e-06,6.172691758285857e-06,123.994172,23.994172000000006,4.5169090000000114e-08,36.60208437667212,-0.6073947000000004,-0.6073947000000004,-1.76818806,2.0073947000000003,0,100,10,5,-2,2,8,8,4,10n,0,4n,8,25
3.981027557062917e-06,6.362938506174272e-07,6.042045977794659e-07,4.6173214076803446e-06,5.22152600545981e-06,122.13343,22.133430000000004,3.967499999999996e-08,42.44369768769056,0.4899510000000049,0.4899510000000049,0.100553352,0.910048999999995,0,100,10,5,0,2,8,8,4,10n,1,4n,8,25
5.24439240219612e-06,6.098736965680618e-07,6.155996537269931e-07,5.854266098764182e-06,6.469865752491175e-06,123.50293,23.502930000000006,4.5125000000000055e-08,36.266570112932115,-1.5208308999999929,-1.5208308999999929,-1.88927356,2.920830899999993,0,100,10,5,-2,2,8,8,4,10n,1,4n,8,25
3.9241001253180725e-06,6.342669726791114e-07,5.637526165799318e-07,4.558367097997184e-06,5.1221197145771155e-06,122.526375,22.526375,4.605577999999997e-08,43.50037894005598,1.7756661000000094,1.7756661000000094,0.162202378,-0.37566610000000944,1,100,10,5,0,2,8,8,4,15n,0,4n,8,25
4.988132505765281e-06,6.095101803118958e-07,5.895987846574291e-07,5.597642686077177e-06,6.187241470734606e-06,123.994172,23.994172000000006,4.5458829999999976e-08,37.287617278978104,-0.6019583000000068,-0.6019583000000068,-1.85652136,2.0019583000000067,0,100,10,5,-2,2,8,8,4,15n,0,4n,8,25
4.0277600954992755e-06,6.366669612317248e-07,5.995854197673992e-07,4.664427056731e-06,5.264012476498399e-06,122.13343,22.133430000000004,4.297267000000002e-08,42.91670840828485,0.41735169999999755,0.41735169999999755,0.0721050953,0.9826483000000024,0,100,10,5,0,2,8,8,4,15n,1,4n,8,25
5.310775445689858e-06,6.115275501799182e-07,6.130962867318424e-07,5.922302995869777e-06,6.5353992826016186e-06,123.50293,23.502930000000006,4.2325000000000056e-08,36.843400303641936,-1.55486087,-1.55486087,-1.93068088,2.95486087,0,100,10,5,-2,2,8,8,4,15n,1,4n,8,25
3.922219110796218e-06,6.330941424624001e-07,6.260288999927422e-07,4.5553132532586186e-06,5.181342153251361e-06,122.526375,22.526375,4.921390000000012e-08,43.229036818312125,1.7757275999999962,1.7757275999999962,0.0978208353,-0.3757275999999963,1,100,10,5,0,2,8,8,4,25n,0,4n,8,25
4.983379234809144e-06,6.093172624343729e-07,1.5262860300372473e-06,5.592696497243516e-06,7.118982527280763e-06,123.994172,23.994172000000006,4.545499000000002e-08,36.8416755711826,-0.6017770999999925,-0.6017770999999925,-1.91790836,2.0017770999999924,0,100,10,5,-2,2,8,8,4,25n,0,4n,8,25
4.007822144565219e-06,6.370637627184581e-07,5.94011788819595e-07,4.644885907283677e-06,5.238897696103272e-06,122.13343,22.133430000000004,3.982500000000008e-08,42.57698419517738,0.4424948999999998,0.4424948999999998,0.0371040903,0.9575051000000001,0,100,10,5,0,2,8,8,4,25n,1,4n,8,25
5.298379336299371e-06,6.124625019214303e-07,1.4922662059098803e-06,5.910841838220801e-06,7.403108044130681e-06,123.50293,23.502930000000006,4.241041000000008e-08,36.30640873403766,-1.5553891898,-1.5553891898,-1.96293443,2.9553891898,0,100,10,5,-2,2,8,8,4,25n,1,4n,8,25
3.920194761648456e-06,6.311917026735927e-07,1.1898905313221955e-06,4.551386464322049e-06,5.741276995644244e-06,122.526375,22.526375,4.929796999999994e-08,43.0469788890214,1.775759199999996,1.775759199999996,0.0609093971,-0.3757591999999961,1,100,10,5,0,2,8,8,4,35n,0,4n,8,25
4.97894835483179e-06,6.096122456064932e-07,2.4994545554270316e-06,5.588560600438283e-06,8.088015155865315e-06,123.994172,23.994172000000006,4.5554950000000097e-08,36.65094331291085,-0.6016761000000059,-0.6016761000000059,-1.95273659,2.001676100000006,0,100,10,5,-2,2,8,8,4,35n,0,4n,8,25
3.999812217069618e-06,6.362762599717722e-07,1.1578749339006882e-06,4.63608847704139e-06,5.7939634109420785e-06,122.13343,22.133430000000004,3.651682000000002e-08,42.39316804683601,0.44681679999999346,0.44681679999999346,0.0175811163,0.9531832000000064,0,100,10,5,0,2,8,8,4,35n,1,4n,8,25
5.2907181720392865e-06,6.13618810676683e-07,2.4655189641409883e-06,5.904336982715969e-06,8.369855946856957e-06,123.50293,23.502930000000006,4.585534000000005e-08,36.08349344589105,-1.5558036591,-1.5558036591,-1.97500176,2.9558036591,0,100,10,5,-2,2,8,8,4,35n,1,4n,8,25
3.882708626612187e-06,6.36013255920608e-07,6.408295690229029e-07,4.518721882532795e-06,5.1595514515556975e-06,121.588653,21.588652999999994,4.612500000000013e-08,42.39733666012802,0.8665917000000007,0.8665917000000007,0.407673128,0.5334082999999992,0,100,10,5,0,2,8,8,8,5n,0,4n,8,25
5.084699894227061e-06,6.107240793236991e-07,6.755061705325807e-07,5.6954239735507605e-06,6.370930144083341e-06,123.436732,23.436732000000006,4.220950000000015e-08,35.1967365282397,-1.1143828000000013,-1.1143828000000013,-1.75573219,2.5143828000000013,0,100,10,5,-2,2,8,8,8,5n,0,4n,8,25
4.0766744418460235e-06,6.36679817555377e-07,6.404696449927509e-07,4.7133542594014e-06,5.353823904394151e-06,121.429477,21.429477000000006,4.607500000000002e-08,42.33112230926683,0.3979096999999996,0.3979096999999996,0.167551282,1.0020903000000003,0,100,10,5,0,2,8,8,8,5n,1,4n,8,25
5.384870268512269e-06,6.112007104069648e-07,6.753093250677374e-07,5.996070978919234e-06,6.671380303986971e-06,123.336041,23.336040999999994,4.222500000000005e-08,35.19361507922414,-1.6079274733,-1.6079274733,-1.85995954,3.0079274732999997,0,100,10,5,-2,2,8,8,8,5n,1,4n,8,25
3.895604457465131e-06,6.348410498227943e-07,6.250512519293211e-07,4.530445507287926e-06,5.155496759217247e-06,122.394731,22.394730999999993,3.9576420000000025e-08,42.54839536760171,0.8469757000000016,0.8469757000000016,0.196229895,0.5530242999999984,0,100,10,5,0,2,8,8,8,10n,0,4n,8,25
5.131342032590312e-06,6.092012983353802e-07,6.479330537408704e-07,5.7405433309256924e-06,6.388476384666563e-06,123.596472,23.596472000000002,4.517499999999995e-08,36.45812213799064,-1.167170371,-1.167170371,-1.77255876,2.567170371,0,100,10,5,-2,2,8,8,8,10n,0,4n,8,25
4.018884070240959e-06,6.365147372007331e-07,6.365675706379962e-07,4.655398807441692e-06,5.291966378079688e-06,122.110782,22.110782,3.972500000000007e-08,42.47185435547915,0.3520144000000016,0.3520144000000016,0.0993272022,1.0479855999999983,0,100,10,5,0,2,8,8,8,10n,1,4n,8,25
5.367204446212088e-06,6.099431468621421e-07,6.588815878951842e-07,5.97714759307423e-06,6.636029180969414e-06,123.484251,23.484251,4.2075000000000143e-08,36.233206989432226,-1.6086836765,-1.6086836765,-1.89065504,3.0086836765,0,100,10,5,-2,2,8,8,8,10n,1,4n,8,25
3.906109512277986e-06,6.347592682715083e-07,6.195406232589032e-07,4.540868780549494e-06,5.160409403808397e-06,122.394731,22.394730999999993,4.600655000000011e-08,43.19588912616849,0.8474257999999963,0.8474257999999963,0.152288652,0.5525742000000036,0,100,10,5,0,2,8,8,8,15n,0,4n,8,25
5.1650472009419724e-06,6.097765500585881e-07,6.451833486374691e-07,5.77482375100056e-06,6.420007099638029e-06,123.596472,23.596472000000002,4.546744000000008e-08,37.11980805389364,-1.1643330200000002,-1.1643330200000002,-1.85944836,2.5643330200000003,0,100,10,5,-2,2,8,8,8,15n,0,4n,8,25
3.984253422662194e-06,6.371149674621035e-07,6.319057342673826e-07,4.621368390124297e-06,5.25327412439168e-06,122.110782,22.110782,4.302386e-08,42.912829173284685,0.43451439999999764,0.43451439999999764,0.0706065503,0.9654856000000023,0,100,10,5,0,2,8,8,8,15n,1,4n,8,25
5.331130697535721e-06,6.118321696674099e-07,6.556484175400667e-07,5.942962867203131e-06,6.598611284743197e-06,123.484251,23.484251,4.2325000000000056e-08,36.79251222958305,-1.6151966,-1.6151966,-1.93323987,3.0151966,0,100,10,5,-2,2,8,8,8,15n,1,4n,8,25
3.901953301897486e-06,6.344374620246156e-07,6.39189764072304e-07,4.536390763922101e-06,5.175580527994405e-06,122.394731,22.394730999999993,4.610585000000012e-08,42.912064495750364,0.847303299999993,0.847303299999993,0.0903611226,0.5526967000000069,0,100,10,5,0,2,8,8,8,25n,0,4n,8,25
5.158089323902926e-06,6.099231064419046e-07,1.5457146182186516e-06,5.7680124303448306e-06,7.313727048563482e-06,123.596472,23.596472000000002,4.550808999999994e-08,36.652114126171455,-1.164310405,-1.164310405,-1.9196794,2.5643104049999996,0,100,10,5,-2,2,8,8,8,25n,0,4n,8,25
3.9935937505164645e-06,6.372381354601211e-07,6.223060842155616e-07,4.630831885976586e-06,5.253137970192148e-06,122.110782,22.110782,3.9724820000000055e-08,42.555760857443616,0.4042120000000011,0.4042120000000011,0.0327216705,0.9957879999999988,0,100,10,5,0,2,8,8,8,25n,1,4n,8,25
5.310083367329869e-06,6.129045740719063e-07,1.5313249188487605e-06,5.922987941401776e-06,7.454312860250536e-06,123.484251,23.484251,4.235805000000009e-08,36.23122010892992,-1.617117471,-1.617117471,-1.9650535,3.0171174709999997,0,100,10,5,-2,2,8,8,8,25n,1,4n,8,25
3.89876583745555e-06,6.339282763580726e-07,1.2031137499747835e-06,4.5326941138136225e-06,5.735807863788406e-06,122.394731,22.394730999999993,4.935547000000015e-08,42.731861338511244,0.8475836000000072,0.8475836000000072,0.0559591971,0.5524163999999927,0,100,10,5,0,2,8,8,8,35n,0,4n,8,25
5.1527950794945974e-06,6.103718982579763e-07,2.518857298476989e-06,5.763166977752574e-06,8.282024276229562e-06,123.596472,23.596472000000002,4.880504000000014e-08,36.44739228484394,-1.164264936,-1.164264936,-1.95112359,2.564264936,0,100,10,5,-2,2,8,8,8,35n,0,4n,8,25
4.0077478765877615e-06,6.350175130225969e-07,1.1866148967610187e-06,4.642765389610358e-06,5.829380286371377e-06,122.110782,22.110782,3.462500000000011e-08,42.38296595232908,0.3868908999999974,0.3868908999999974,0.0125557305,1.0131091000000025,0,100,10,5,0,2,8,8,8,35n,1,4n,8,25
5.307741345291952e-06,6.141781305902395e-07,2.5044443092639827e-06,5.921919475882192e-06,8.426363785146176e-06,123.484251,23.484251,4.585536999999995e-08,36.00840469420338,-1.616846205,-1.616846205,-1.97591893,3.0168462050000002,0,100,10,5,-2,2,8,8,8,35n,1,4n,8,25
1.441366510476977e-05,4.860359926300582e-06,1.3942536898424164e-08,1.927402503107035e-05,1.9287967567968777e-05,142.276897,42.27689699999999,4.992828000000003e-08,78.02996031882748,4.767584800000002,4.767584800000002,4.62846969,-3.3675848000000017,1,100,10,5,0,3,2,8,1,5n,0,4n,8,25
5.339617726503847e-06,7.154677948294905e-07,1.2083833765930852e-07,6.055085521333337e-06,6.175923858992646e-06,144.857746,44.85774599999999,6.095513e-08,69.91393227870037,3.566849000000005,3.566849000000005,1.54976165,-2.166849000000005,1,100,10,5,-2,3,2,8,1,5n,0,4n,8,25
4.024725478514059e-06,9.076088734970667e-07,1.951458322080414e-08,4.932334352011126e-06,4.95184893523193e-06,162.290215,62.29021499999999,6.065255000000015e-08,76.36616527025646,1.3220759999999956,1.3220759999999956,1.02388434,0.07792400000000432,0,100,10,5,0,3,2,8,1,5n,1,4n,8,25
5.390719269469609e-06,6.462180780504081e-07,1.5758749641231358e-07,6.036937347520017e-06,6.194524843932331e-06,135.777401,35.777401,5.752500000000014e-08,62.9429654747789,-0.3732949999999988,-0.3732949999999988,-1.23531228,1.7732949999999987,0,100,10,5,-2,3,2,8,1,5n,1,4n,8,25
7.923913420675975e-06,1.1726816042850401e-06,5.799362990794204e-07,9.096595024961016e-06,9.676531324040436e-06,118.004335,18.004334999999998,4.796487000000005e-08,65.60371585779099,3.8201605,3.8201605,1.35468575,-2.4201605,1,100,10,5,0,3,2,8,1,10n,0,4n,8,25
4.432648331743362e-06,7.064339085061239e-07,5.381646873395327e-07,5.1390822402494855e-06,5.677246927589018e-06,118.682068,18.682068,4.808860999999999e-08,59.159512866409266,2.25154160000001,2.25154160000001,-1.48472057,-0.8515416000000102,1,100,10,5,-2,3,2,8,1,10n,0,4n,8,25
3.488307686871273e-06,6.293660838871472e-07,6.427061175039992e-07,4.1176737707584205e-06,4.760379888262419e-06,123.9682,23.968199999999996,4.537499999999997e-08,61.99754104379677,0.6638386999999994,0.6638386999999994,0.17370454,0.7361613000000005,0,100,10,5,0,3,2,8,1,10n,1,4n,8,25
4.88800612251113e-06,6.39842291801925e-07,6.856498555225871e-07,5.527848414313055e-06,6.213498269835642e-06,123.990973,23.990972999999993,5.105628000000004e-08,58.80913399737262,-1.405031096,-1.405031096,-1.82190571,2.805031096,0,100,10,5,-2,3,2,8,1,10n,1,4n,8,25
6.621414031392987e-06,1.1760721276187578e-06,4.5462353295466186e-07,7.797486159011745e-06,8.252109691966407e-06,120.96866,20.96866,4.122003999999998e-08,67.55174024157587,3.6347927000000055,3.6347927000000055,0.294147457,-2.2347927000000056,1,100,10,5,0,3,2,8,1,15n,0,4n,8,25
4.7133463700544554e-06,7.092148522593712e-07,3.556436975934493e-07,5.422561222313827e-06,5.778204919907276e-06,120.923481,20.923480999999995,3.465278000000009e-08,60.079910992276304,2.055362399999993,2.055362399999993,-1.82545863,-0.6553623999999929,1,100,10,5,-2,3,2,8,1,15n,0,4n,8,25
3.4855379564854727e-06,6.29587159504566e-07,6.472317656358564e-07,4.115125115990039e-06,4.762356881625895e-06,123.9682,23.968199999999996,4.8725000000000114e-08,63.093398668070606,0.7228226000000078,0.7228226000000078,0.110546492,0.6771773999999922,0,100,10,5,0,3,2,8,1,15n,1,4n,8,25
4.773359806959703e-06,6.40446520688101e-07,6.663342202519797e-07,5.4138063276478035e-06,6.080140547899783e-06,123.990973,23.990972999999993,4.142499999999999e-08,59.1091876218311,-1.351612700000004,-1.351612700000004,-1.87537943,2.751612700000004,0,100,10,5,-2,3,2,8,1,15n,1,4n,8,25
6.546616827172682e-06,1.1766786531724257e-06,4.124384773882711e-07,7.723295480345107e-06,8.135733957733378e-06,120.96866,20.96866,4.4474350000000084e-08,68.08755769010325,3.6092416999999983,3.6092416999999983,0.135059699,-2.2092416999999984,1,100,10,5,0,3,2,8,1,25n,0,4n,8,25
4.7193777250089324e-06,7.105892031859711e-07,1.2326907665011596e-06,5.429966928194903e-06,6.662657694696063e-06,120.923481,20.923480999999995,3.124603000000012e-08,59.756845654431764,2.0807939000000033,2.0807939000000033,-1.89255517,-0.6807939000000034,1,100,10,5,-2,3,2,8,1,25n,0,4n,8,25
3.507470033825775e-06,6.31037760011931e-07,6.276536655542413e-07,4.138507793837706e-06,4.766161459391948e-06,123.9682,23.968199999999996,4.892468000000003e-08,62.81225926997919,0.6763961000000052,0.6763961000000052,0.0601959605,0.7236038999999947,0,100,10,5,0,3,2,8,1,25n,1,4n,8,25
4.767192542100456e-06,6.417039924923669e-07,1.2610010331160208e-06,5.408896534592823e-06,6.669897567708843e-06,123.990973,23.990972999999993,3.4613320000000096e-08,58.691587328464294,-1.3572813999999909,-1.3572813999999909,-1.94303043,2.757281399999991,0,100,10,5,-2,3,2,8,1,25n,1,4n,8,25
6.543483992718725e-06,1.1779322093623849e-06,9.75491218707845e-07,7.72141620208111e-06,8.696907420788955e-06,120.96866,20.96866,4.102598999999995e-08,67.51479882244385,3.609207799999993,3.609207799999993,0.0749779172,-2.209207799999993,1,100,10,5,0,3,2,8,1,35n,0,4n,8,25
4.716766701133118e-06,7.125356121581793e-07,2.20400610895456e-06,5.429302313291297e-06,7.633308422245857e-06,120.923481,20.923480999999995,3.5478170000000135e-08,59.26613709586787,2.0799894999999964,2.0799894999999964,-1.93605387,-0.6799894999999965,1,100,10,5,-2,3,2,8,1,35n,0,4n,8,25
3.513016503686664e-06,6.328240342639857e-07,1.047287922004751e-06,4.14584053795065e-06,5.193128459955401e-06,123.9682,23.968199999999996,4.915615000000006e-08,62.392000912622635,0.6598795000000024,0.6598795000000024,0.0367305091,0.7401204999999975,0,100,10,5,0,3,2,8,1,35n,1,4n,8,25
4.767409921922866e-06,6.429502882952354e-07,2.2329754122533804e-06,5.410360210218102e-06,7.643335622471483e-06,123.990973,23.990972999999993,3.565453999999998e-08,58.2158324609449,-1.3604277999999965,-1.3604277999999965,-1.97485223,2.7604277999999964,0,100,10,5,-2,3,2,8,1,35n,1,4n,8,25
3.477690316844903e-06,1.1723451308309243e-06,7.196960326635622e-07,4.650035447675827e-06,5.3697314803393894e-06,118.00216,18.002160000000003,4.797499999999995e-08,65.5939020612559,1.833881599999998,1.833881599999998,1.35371401,-0.4338815999999981,1,100,10,5,0,3,2,8,4,10n,0,4n,8,25
4.527870787311642e-06,7.072662554710158e-07,7.881797239784501e-07,5.235137042782658e-06,6.023316766761108e-06,117.775223,17.775222999999997,4.787137000000012e-08,58.73786823187991,-0.5663043469999999,-0.5663043469999999,-1.49516418,1.966304347,0,100,10,5,-2,3,2,8,4,10n,0,4n,8,25
3.493209885120778e-06,6.293982391055567e-07,6.789361868822303e-07,4.122608124226335e-06,4.801544311108566e-06,123.943376,23.943375999999997,4.542500000000008e-08,61.98652200056913,0.6226632000000052,0.6226632000000052,0.172988671,0.7773367999999947,0,100,10,5,0,3,2,8,4,10n,1,4n,8,25
4.735180372111352e-06,6.398147572852668e-07,7.729636917105532e-07,5.374995129396619e-06,6.147958821107172e-06,123.971498,23.971497999999997,4.8006390000000104e-08,58.78067294362436,-1.4009022000000044,-1.4009022000000044,-1.82294173,2.8009022000000043,0,100,10,5,-2,3,2,8,4,10n,1,4n,8,25
3.570348707157477e-06,4.8622426773336085e-06,4.183326980744852e-08,8.432591384491086e-06,8.474424654298534e-06,142.27675,42.27674999999999,4.992224999999997e-08,78.02689344733464,4.62921463,1.821815799999996,4.62921463,-3.22921463,1,100,10,5,0,3,2,8,4,5n,0,4n,8,25
4.728485753713804e-06,7.160255863462544e-07,1.995987887236029e-07,5.444511340060058e-06,5.6441101287836615e-06,145.268431,45.26843099999999,6.09591e-08,70.20335837174902,1.56171244,-0.533158499999999,1.56171244,-0.16171244000000007,1,100,10,5,-2,3,2,8,4,5n,0,4n,8,25
3.5608644964741343e-06,9.077379706491975e-07,4.327572067839152e-08,4.468602467123332e-06,4.511878187801723e-06,162.298202,62.298202,6.065231000000012e-08,76.3671501375919,1.02386659,0.5478291999999954,1.02386659,0.37613341,0,100,10,5,0,3,2,8,4,5n,1,4n,8,25
4.7524793991617496e-06,6.462620339334425e-07,2.2812678782094244e-07,5.398741433095192e-06,5.626868220916134e-06,135.809958,35.809957999999995,5.752500000000014e-08,62.96131953682607,-1.23534642,-1.3984874000000076,-1.23534642,2.63534642,0,100,10,5,-2,3,2,8,4,5n,1,4n,8,25
3.4787138845775827e-06,1.1743343004218114e-06,7.182350561556991e-07,4.653048184999394e-06,5.371283241155094e-06,118.867114,18.867114,4.4678130000000046e-08,66.87476401523375,1.8362525000000005,1.8362525000000005,0.253086365,-0.4362525000000006,1,100,10,5,0,3,2,8,4,15n,0,4n,8,25
4.5424259394056365e-06,7.084798931557768e-07,7.489936315926562e-07,5.250905832561413e-06,5.99989946415407e-06,119.248428,19.248428000000004,3.7904670000000094e-08,59.32264765409368,-0.564400682,-0.564400682,-1.83319177,1.964400682,0,100,10,5,-2,3,2,8,4,15n,0,4n,8,25
3.5581383927703652e-06,6.298978730100129e-07,6.816509584468791e-07,4.188036265780378e-06,4.869687224227258e-06,123.943376,23.943375999999997,4.8725000000000114e-08,63.08574883201112,0.5476495999999997,0.5476495999999997,0.107984434,0.8523504000000002,0,100,10,5,0,3,2,8,4,15n,1,4n,8,25
4.776308333891094e-06,6.40328420495307e-07,7.545000158146168e-07,5.416636754386401e-06,6.171136770201018e-06,123.971498,23.971497999999997,4.142499999999999e-08,59.08473434298824,-1.4304650000000123,-1.4304650000000123,-1.87739051,2.830465000000012,0,100,10,5,-2,3,2,8,4,15n,1,4n,8,25
3.4769761003357863e-06,1.1747061984317564e-06,7.057690175376181e-07,4.651682298767543e-06,5.357451316305161e-06,118.867114,18.867114,4.450186000000014e-08,66.93936332521525,1.836303000000001,1.836303000000001,0.123656685,-0.436303000000001,1,100,10,5,0,3,2,8,4,25n,0,4n,8,25
4.539534112863345e-06,7.097480170025342e-07,1.3638206162732278e-06,5.249282129865879e-06,6.613102746139107e-06,119.248428,19.248428000000004,3.1324329999999976e-08,58.96744743723717,-0.564484668,-0.564484668,-1.90232706,1.9644846679999999,0,100,10,5,-2,3,2,8,4,25n,0,4n,8,25
3.5350841310586435e-06,6.322669173856932e-07,6.628339489059292e-07,4.167351048444337e-06,4.830184997350266e-06,123.943376,23.943375999999997,4.897075000000007e-08,62.78761840983195,0.5719014000000016,0.5719014000000016,0.0590724571,0.8280985999999984,0,100,10,5,0,3,2,8,4,25n,1,4n,8,25
4.781362425678595e-06,6.417551959302355e-07,1.3457088044234735e-06,5.423117621608831e-06,6.768826426032305e-06,123.971498,23.971497999999997,3.146567000000002e-08,58.63111116385481,-1.435781899999995,-1.435781899999995,-1.94658147,2.835781899999995,0,100,10,5,-2,3,2,8,4,25n,1,4n,8,25
3.475129965051781e-06,1.1752942133682978e-06,1.0297506490102803e-06,4.650424178420079e-06,5.680174827430359e-06,118.867114,18.867114,4.120927000000009e-08,66.36512870566153,1.836355900000001,1.836355900000001,0.0674921591,-0.436355900000001,1,100,10,5,0,3,2,8,4,35n,0,4n,8,25
4.536465963002532e-06,7.112522935601501e-07,2.3362089166740285e-06,5.247718256562682e-06,7.583927173236711e-06,119.248428,19.248428000000004,3.55748900000001e-08,58.455404184239136,-0.5645538259999999,-0.5645538259999999,-1.94303453,1.964553826,0,100,10,5,-2,3,2,8,4,35n,0,4n,8,25
3.53159154191426e-06,6.348668766704608e-07,1.0767953660361303e-06,4.166458418584721e-06,5.243253784620851e-06,123.943376,23.943375999999997,4.925639000000009e-08,62.35565459885549,0.5728244999999959,0.5728244999999959,0.034681768,0.8271755000000041,0,100,10,5,0,3,2,8,4,35n,1,4n,8,25
4.77661010488212e-06,6.430014883597423e-07,2.3176410856191247e-06,5.419611593241862e-06,7.737252678860986e-06,123.971498,23.971497999999997,3.570459000000006e-08,58.15017857994476,-1.4344911999999965,-1.4344911999999965,-1.97750561,2.8344911999999964,0,100,10,5,-2,3,2,8,4,35n,1,4n,8,25
3.406242363461377e-06,4.861069121823028e-06,7.927302767822333e-08,8.267311485284405e-06,8.346584512962628e-06,142.279351,42.27935099999999,4.993490999999994e-08,78.02465509195642,4.62655192,1.1209730000000064,4.62655192,-3.22655192,1,100,10,5,0,3,2,8,8,5n,0,4n,8,25
4.556421850486811e-06,7.163996698127913e-07,2.456286367948532e-07,5.272821520299603e-06,5.518450157094456e-06,145.534028,45.534028000000006,6.09644400000001e-08,70.35606350894295,1.57147587,-0.8523913000000078,1.57147587,-0.17147587000000009,1,100,10,5,-2,3,2,8,8,5n,0,4n,8,25
3.51883715824599e-06,9.078557427020427e-07,7.949073054308777e-08,4.426692900948033e-06,4.5061836314911205e-06,162.30562,62.305620000000005,6.06520700000001e-08,76.36803489307127,1.02384874,0.5550999000000019,1.02384874,0.3761512599999999,0,100,10,5,0,3,2,8,8,5n,1,4n,8,25
4.661702332957544e-06,6.463113391531085e-07,2.739717050239744e-07,5.3080136721106524e-06,5.581985377134627e-06,135.841885,35.84188499999999,5.752500000000014e-08,62.979373476263376,-1.23538105,-1.428613900000002,-1.23538105,2.63538105,0,100,10,5,-2,3,2,8,8,5n,1,4n,8,25
3.4520298101627913e-06,1.1721937731838582e-06,7.540670745887863e-07,4.624223583346649e-06,5.378290657935435e-06,118.001633,18.001632999999998,4.797499999999995e-08,65.58958510991143,1.35342606,1.0295836000000094,1.35342606,0.046573939999999814,0,100,10,5,0,3,2,8,8,10n,0,4n,8,25
4.668689859784881e-06,7.076646173469883e-07,8.272246489500211e-07,5.376354477131869e-06,6.20357912608189e-06,117.71271,17.71271,4.4725000000000025e-08,58.50519025296336,-0.9567367999999874,-0.9567367999999874,-1.50177229,2.3567367999999873,0,100,10,5,-2,3,2,8,8,10n,0,4n,8,25
3.603332961439856e-06,6.294231284129331e-07,7.117855844825815e-07,4.232756089852789e-06,4.944541674335371e-06,123.918007,23.918007000000003,4.542500000000008e-08,61.979786266612436,0.4280729999999977,0.4280729999999977,0.172270245,0.9719270000000022,0,100,10,5,0,3,2,8,8,10n,1,4n,8,25
4.83677333430357e-06,6.397776628636643e-07,8.158639787384631e-07,5.476550997167234e-06,6.2924149759056975e-06,123.951385,23.951385000000002,4.8006510000000116e-08,58.75462859173355,-1.5362816000000095,-1.5362816000000095,-1.82402938,2.9362816000000094,0,100,10,5,-2,3,2,8,8,10n,1,4n,8,25
3.4577496323368434e-06,1.174272511239544e-06,7.76546911116087e-07,4.6320221435763875e-06,5.408569054692475e-06,118.793914,18.793914,4.4524020000000055e-08,66.47501585063448,1.032329599999997,1.032329599999997,0.243819951,0.36767040000000284,0,100,10,5,0,3,2,8,8,15n,0,4n,8,25
4.692600473988196e-06,7.083417351065653e-07,8.080810169435908e-07,5.400942209094761e-06,6.209023226038352e-06,118.355245,18.355244999999996,3.491512000000008e-08,59.15030865977745,-0.9989246999999892,-0.9989246999999892,-1.83571711,2.398924699999989,0,100,10,5,-2,3,2,8,8,15n,0,4n,8,25
3.500807460102054e-06,6.302514126790226e-07,7.146181960962991e-07,4.131058872781076e-06,4.845677068877376e-06,123.918007,23.918007000000003,4.877500000000001e-08,63.096012663704464,0.5453564000000028,0.5453564000000028,0.105609284,0.8546435999999971,0,100,10,5,0,3,2,8,8,15n,1,4n,8,25
4.83117525745761e-06,6.402086420337581e-07,7.962103751815854e-07,5.471383899491368e-06,6.267594274672953e-06,123.951385,23.951385000000002,4.142499999999999e-08,59.05817824983877,-1.5342395999999923,-1.5342395999999923,-1.87964554,2.934239599999992,0,100,10,5,-2,3,2,8,8,15n,1,4n,8,25
3.4530425288525555e-06,1.1736382504495106e-06,1.0433889163540107e-06,4.626680779302066e-06,5.670069695656077e-06,118.793914,18.793914,4.138099000000001e-08,66.03884753544604,1.0299148999999943,1.0299148999999943,0.0549723055,0.3700851000000056,0,100,10,5,0,3,2,8,8,35n,0,4n,8,25
4.683557407677304e-06,7.104193555861985e-07,2.3555676621413797e-06,5.393976763263503e-06,7.749544425404882e-06,118.355245,18.355244999999996,3.5663850000000085e-08,58.26699089737783,-0.9907799000000068,-0.9907799000000068,-1.95258753,2.3907799000000067,0,100,10,5,-2,3,2,8,8,35n,0,4n,8,25
3.5467678219449907e-06,6.375007800082494e-07,1.1044038163600577e-06,4.18426860195324e-06,5.2886724183132976e-06,123.918007,23.918007000000003,4.927076999999995e-08,62.34643641844173,0.48975670000000093,0.48975670000000093,0.0334234438,0.910243299999999,0,100,10,5,0,3,2,8,8,35n,1,4n,8,25
4.794467883856565e-06,6.431711271458407e-07,2.3563659925832587e-06,5.437639011002405e-06,7.794005003585664e-06,123.951385,23.951385000000002,3.580537999999997e-08,58.07804102268738,-1.5101175999999867,-1.5101175999999867,-1.98052,2.9101175999999866,0,100,10,5,-2,3,2,8,8,35n,1,4n,8,25
3.4552691695626116e-06,1.17379478351886e-06,7.605825208579675e-07,4.629063953081471e-06,5.389646473939439e-06,118.793914,18.793914,4.140368999999998e-08,66.61909737758573,1.0307216999999866,1.0307216999999866,0.108666816,0.36927830000001327,0,100,10,5,0,3,2,8,8,25n,0,4n,8,25
4.6876523094162436e-06,7.09224893279854e-07,1.383276494427561e-06,5.396877202696098e-06,6.780153697123658e-06,118.355245,18.355244999999996,3.1404560000000054e-08,58.79407156011005,-0.9940184000000016,-0.9940184000000016,-1.91331747,2.3940184000000015,0,100,10,5,-2,3,2,8,8,25n,0,4n,8,25
3.53376484988974e-06,6.341243242100884e-07,6.971891471718683e-07,4.167889174099829e-06,4.8650783212716975e-06,123.918007,23.918007000000003,4.911041999999998e-08,62.79458989853465,0.5040355000000005,0.5040355000000005,0.0589442487,0.8959644999999994,0,100,10,5,0,3,2,8,8,25n,1,4n,8,25
4.793912513109801e-06,6.419408599146372e-07,1.3841871440775583e-06,5.435853373024438e-06,6.8200405171019966e-06,123.951385,23.951385000000002,2.8217350000000046e-08,58.56233726307963,-1.5084154999999981,-1.5084154999999981,-1.95088178,2.908415499999998,0,100,10,5,-2,3,2,8,8,25n,1,4n,8,25
1.4427222633698551e-05,6.362661755322895e-07,5.742613736125353e-07,1.506348880923084e-05,1.5637750182843376e-05,121.628223,21.628223000000006,4.611732000000001e-08,42.38948869883013,4.769664800000001,4.769664800000001,0.411087359,-3.369664800000001,1,100,10,5,0,3,8,8,1,5n,0,4n,8,25
5.347446409902284e-06,6.108319953289563e-07,5.465715878549592e-07,5.9582784052312405e-06,6.5048499930861995e-06,123.632286,23.632285999999993,4.21155600000001e-08,35.05911111543955,3.568358399999994,3.568358399999994,-1.74120242,-2.168358399999994,1,100,10,5,-2,3,8,8,1,5n,0,4n,8,25
4.0237049362690924e-06,6.366822173895736e-07,5.803479269675091e-07,4.660387153658666e-06,5.240735080626175e-06,121.443879,21.443878999999995,4.607500000000002e-08,42.33431723533041,1.3210170000000119,1.3210170000000119,0.167847019,0.07898299999998804,0,100,10,5,0,3,8,8,1,5n,1,4n,8,25
5.389548075479512e-06,6.112315402277584e-07,5.588695118768477e-07,6.0007796157072705e-06,6.559649127584118e-06,123.367997,23.367997000000006,4.222500000000005e-08,35.186596649062736,-0.37329299999998966,-0.37329299999998966,-1.85954296,1.7732929999999896,0,100,10,5,-2,3,8,8,1,5n,1,4n,8,25
7.926599241496071e-06,6.339936813514884e-07,3.506611491318671e-07,8.56059292284756e-06,8.911254071979426e-06,123.52116,23.521159999999995,3.941845000000001e-08,43.381147503986895,3.8208058999999963,3.8208058999999963,0.22430692,-2.4208058999999964,1,100,10,5,0,3,8,8,1,10n,0,4n,8,25
4.4317110092887195e-06,6.080525530883949e-07,2.868519309738183e-07,5.0397635623771145e-06,5.326615493350933e-06,125.900448,25.900447999999997,4.841736999999994e-08,37.45385656123775,2.25118590000001,2.25118590000001,-1.75575929,-0.8511859000000102,1,100,10,5,-2,3,8,8,1,10n,0,4n,8,25
3.487364559718424e-06,6.360905221867714e-07,5.682802549015146e-07,4.123455081905195e-06,4.69173533680671e-06,122.155703,22.155703000000003,3.967499999999996e-08,42.42630489210167,0.6640634999999975,0.6640634999999975,0.101786033,0.7359365000000024,0,100,10,5,0,3,8,8,1,10n,1,4n,8,25
4.88682110062163e-06,6.098410860859956e-07,5.275708281714854e-07,5.496662186707626e-06,6.024233014879111e-06,123.521094,23.521094,4.517499999999995e-08,36.296039949273236,-1.405041421,-1.405041421,-1.88817658,2.805041421,0,100,10,5,-2,3,8,8,1,10n,1,4n,8,25
6.618925238305485e-06,6.337453034735178e-07,2.0325301298504277e-07,7.2526705417790024e-06,7.4559235547640455e-06,123.52116,23.521159999999995,4.605515000000001e-08,44.48853577598034,3.634931000000009,3.634931000000009,0.171760368,-2.234931000000009,1,100,10,5,0,3,8,8,1,15n,0,4n,8,25
4.7123002980396824e-06,6.091544290552121e-07,4.2060516577282295e-07,5.321454727094894e-06,5.742059892867718e-06,125.900448,25.900447999999997,4.545494000000005e-08,37.95842823480855,2.0551566000000037,2.0551566000000037,-1.85308181,-0.6551566000000038,1,100,10,5,-2,3,8,8,1,15n,0,4n,8,25
3.484505405143914e-06,6.362968788923393e-07,5.657818461407007e-07,4.120802284036254e-06,4.6865841301769545e-06,122.155703,22.155703000000003,4.29250000000001e-08,42.93791019210368,0.7230050000000006,0.7230050000000006,0.0740124852,0.6769949999999993,0,100,10,5,0,3,8,8,1,15n,1,4n,8,25
4.772311067562219e-06,6.112918238085251e-07,5.243069621529422e-07,5.383602891370744e-06,5.907909853523686e-06,123.521094,23.521094,4.542500000000008e-08,36.88884088277639,-1.351586900000001,-1.351586900000001,-1.92839587,2.751586900000001,0,100,10,5,-2,3,8,8,1,15n,1,4n,8,25
6.5438443308583624e-06,6.320882793217657e-07,5.745374247728141e-07,7.175932610180128e-06,7.750470034952943e-06,123.52116,23.521159999999995,4.920511e-08,44.17781928665254,3.6092456000000084,3.6092456000000084,0.103115679,-2.2092456000000085,1,100,10,5,0,3,8,8,1,25n,0,4n,8,25
4.718347921000018e-06,6.089726994402343e-07,1.3962629233974727e-06,5.327320620440252e-06,6.7235835438377245e-06,125.900448,25.900447999999997,4.535496999999994e-08,37.45703531490729,2.0806196999999997,2.0806196999999997,-1.91303268,-0.6806196999999998,1,100,10,5,-2,3,8,8,1,25n,0,4n,8,25
3.5065372854444473e-06,6.369767271771477e-07,5.634846629216608e-07,4.143514012621595e-06,4.706998675543256e-06,122.155703,22.155703000000003,4.2950970000000075e-08,42.61860889943059,0.6764830000000046,0.6764830000000046,0.0405170328,0.7235169999999953,0,100,10,5,0,3,8,8,1,25n,1,4n,8,25
4.766086843970599e-06,6.120764469161029e-07,1.4072600867521126e-06,5.378163290886702e-06,6.785423377638815e-06,123.521094,23.521094,4.5511240000000146e-08,36.37134468522761,-1.3572281999999944,-1.3572281999999944,-1.96135821,2.7572281999999944,0,100,10,5,-2,3,8,8,1,25n,1,4n,8,25
6.540708363585415e-06,6.301972704318431e-07,1.1383094162795633e-06,7.170905634017258e-06,8.30921505029682e-06,123.52116,23.521159999999995,5.240506000000006e-08,44.00703130463269,3.6092240000000118,3.6092240000000118,0.0632053379,-2.209224000000012,1,100,10,5,0,3,8,8,1,35n,0,4n,8,25
4.715737589681508e-06,6.094859289385006e-07,2.3693146784994407e-06,5.325223518620008e-06,7.694538197119449e-06,125.900448,25.900447999999997,4.535496000000012e-08,37.29986867967347,2.079815300000007,2.079815300000007,-1.94570826,-0.6798153000000071,1,100,10,5,-2,3,8,8,1,35n,0,4n,8,25
3.5121188475295083e-06,6.365368023977046e-07,1.1276578995200933e-06,4.148655649927213e-06,5.276313549447307e-06,122.155703,22.155703000000003,4.282084000000004e-08,42.43087512884944,0.6599097,0.6599097,0.0221373563,0.7400902999999999,0,100,10,5,0,3,8,8,1,35n,1,4n,8,25
4.766462404933674e-06,6.130988919652216e-07,2.3806742415715892e-06,5.379561296898895e-06,7.760235538470484e-06,123.521094,23.521094,4.585529000000008e-08,36.1504946674643,-1.360395699999998,-1.360395699999998,-1.97434634,2.760395699999998,0,100,10,5,-2,3,8,8,1,35n,1,4n,8,25
3.5693125926702726e-06,6.360362101569251e-07,6.029618840608288e-07,4.205348802827198e-06,4.808310686888027e-06,121.622299,21.622298999999998,4.612500000000013e-08,42.401409232755064,1.8218352999999894,1.8218352999999894,0.409136822,-0.4218352999999895,1,100,10,5,0,3,8,8,4,5n,0,4n,8,25
4.728071099219553e-06,6.106950150385895e-07,6.285609659434174e-07,5.338766114258142e-06,5.9673270802015595e-06,123.504784,23.504784,4.217500000000015e-08,35.15747689587641,-0.5331536000000057,-0.5331536000000057,-1.75246123,1.9331536000000056,0,100,10,5,-2,3,8,8,4,5n,0,4n,8,25
3.559620538238917e-06,6.366798480487463e-07,6.042458016635482e-07,4.196300386287664e-06,4.800546187951212e-06,121.436723,21.436723,4.607500000000002e-08,42.33265842742768,0.5485122999999987,0.5485122999999987,0.167700425,0.8514877000000012,0,100,10,5,0,3,8,8,4,5n,1,4n,8,25
4.751536666138997e-06,6.112269005714773e-07,6.294323623321394e-07,5.362763566710474e-06,5.992195929042613e-06,123.352282,23.352282000000006,4.222500000000005e-08,35.19010381115118,-1.3985044000000073,-1.3985044000000073,-1.85975009,2.798504400000007,0,100,10,5,-2,3,8,8,4,5n,1,4n,8,25
3.47609065782665e-06,6.348144057002176e-07,5.656501747375202e-07,4.110905063526867e-06,4.676555238264388e-06,122.526304,22.526303999999996,4.282160000000004e-08,42.888422788710244,1.833923299999995,1.833923299999995,0.207570467,-0.4339232999999951,1,100,10,5,0,3,8,8,4,10n,0,4n,8,25
4.52681890037848e-06,6.092215145557623e-07,5.907524856920881e-07,5.136040414934242e-06,5.72679290062633e-06,123.994167,23.994167000000008,4.5169090000000114e-08,36.601940606330174,-0.56631459,-0.56631459,-1.76819087,1.9663145899999999,0,100,10,5,-2,3,8,8,4,10n,0,4n,8,25
3.4923433312867865e-06,6.362899421347532e-07,6.04203623544981e-07,4.12863327342154e-06,4.732836896966521e-06,122.133425,22.133425000000003,3.967499999999996e-08,42.44349926263449,0.6226726999999954,0.6226726999999954,0.100552561,0.7773273000000045,0,100,10,5,0,3,8,8,4,10n,1,4n,8,25
4.7343468035517354e-06,6.098953534981838e-07,6.155977257928928e-07,5.344242157049919e-06,5.959839882842812e-06,123.502956,23.502955999999998,4.5125000000000055e-08,36.26642734220517,-1.4008888999999982,-1.4008888999999982,-1.88927287,2.800888899999998,0,100,10,5,-2,3,8,8,4,10n,1,4n,8,25
3.4771775023604513e-06,6.342622021246702e-07,5.637517461007974e-07,4.111439704485121e-06,4.675191450585919e-06,122.526304,22.526303999999996,4.605577999999997e-08,43.50018497127052,1.8362876999999997,1.8362876999999997,0.162201394,-0.43628769999999983,1,100,10,5,0,3,8,8,4,15n,0,4n,8,25
4.54133875776966e-06,6.095317099794936e-07,5.900603173403959e-07,5.150870467749154e-06,5.74093078508955e-06,123.994167,23.994167000000008,4.5458829999999976e-08,37.28744682640583,-0.564363146,-0.564363146,-1.85652225,1.964363146,0,100,10,5,-2,3,8,8,4,15n,0,4n,8,25
3.5573575268001445e-06,6.366631051961213e-07,5.994801547434361e-07,4.194020631996266e-06,4.793500786739702e-06,122.133425,22.133425000000003,4.297267000000002e-08,42.91651669333069,0.5475253000000038,0.5475253000000038,0.0721046778,0.8524746999999961,0,100,10,5,0,3,8,8,4,15n,1,4n,8,25
4.775181259681783e-06,6.115491970966063e-07,6.130941861640849e-07,5.386730456778389e-06,5.999824642942474e-06,123.502956,23.502955999999998,4.2325000000000056e-08,36.84323119242112,-1.4304084999999986,-1.4304084999999986,-1.93068037,2.8304084999999986,0,100,10,5,-2,3,8,8,4,15n,1,4n,8,25
3.4754352829040104e-06,6.330888786891545e-07,6.260373650404415e-07,4.108524161593165e-06,4.734561526633606e-06,122.526304,22.526303999999996,4.921388000000005e-08,43.22884144847593,1.836336199999991,1.836336199999991,0.0978203318,-0.43633619999999107,1,100,10,5,0,3,8,8,4,25n,0,4n,8,25
4.5384679607347635e-06,6.093387327823849e-07,1.526297328175716e-06,5.147806693517148e-06,6.674104021692864e-06,123.994167,23.994167000000008,4.545499000000002e-08,36.84151029181969,-0.5644645479999999,-0.5644645479999999,-1.91790953,1.9644645479999998,0,100,10,5,-2,3,8,8,4,25n,0,4n,8,25
3.5341570617897663e-06,6.370599708982986e-07,5.940199536293108e-07,4.171217032688065e-06,4.765236986317376e-06,122.133425,22.133425000000003,3.982500000000008e-08,42.576791174995634,0.5719426999999939,0.5719426999999939,0.037104139,0.828057300000006,0,100,10,5,0,3,8,8,4,25n,1,4n,8,25
4.780242679575951e-06,6.124841742408044e-07,1.492277302703139e-06,5.392726853816756e-06,6.885004156519895e-06,123.502956,23.502955999999998,4.241041000000008e-08,36.30624489549675,-1.4357299999999924,-1.4357299999999924,-1.96293496,2.8357299999999923,0,100,10,5,-2,3,8,8,4,25n,1,4n,8,25
3.473590839858323e-06,6.31186840853901e-07,1.1899024836679376e-06,4.104777680712224e-06,5.294680164380161e-06,122.526304,22.526303999999996,4.929796999999994e-08,43.04678157768281,1.836394900000002,1.836394900000002,0.060909116,-0.43639490000000203,1,100,10,5,0,3,8,8,4,35n,0,4n,8,25
4.535416848975288e-06,6.09633768773399e-07,2.4994698835431502e-06,5.145050617748687e-06,7.644520501291838e-06,123.994167,23.994167000000008,4.5554950000000097e-08,36.65078251517191,-0.5645486399999999,-0.5645486399999999,-1.95273762,1.9645486399999998,0,100,10,5,-2,3,8,8,4,35n,0,4n,8,25
3.5306717526896097e-06,6.362725543983936e-07,1.1578866323816878e-06,4.166944307088003e-06,5.324830939469691e-06,122.133425,22.133425000000003,3.651682000000002e-08,42.39297502448487,0.572867500000001,0.572867500000001,0.0175813336,0.8271324999999989,0,100,10,5,0,3,8,8,4,35n,1,4n,8,25
4.775509992864978e-06,6.136405068803881e-07,2.465534097652348e-06,5.389150499745366e-06,7.854684597397715e-06,123.502956,23.502955999999998,4.585534000000005e-08,36.08333339900168,-1.434455799999995,-1.434455799999995,-1.9750021,2.834455799999995,0,100,10,5,-2,3,8,8,4,35n,1,4n,8,25
3.4503699505799754e-06,6.348393135620448e-07,6.251469294591891e-07,4.08520926414202e-06,4.710356193601209e-06,122.394662,22.394661999999997,3.9576420000000025e-08,42.5481980919782,1.0296735999999953,1.0296735999999953,0.196228764,0.3703264000000046,0,100,10,5,0,3,8,8,8,10n,0,4n,8,25
4.667717787788681e-06,6.092231336833315e-07,6.479312286527876e-07,5.276940921472013e-06,5.924872150124801e-06,123.596501,23.596501000000004,4.517499999999995e-08,36.45797941341965,-0.9569759000000033,-0.9569759000000033,-1.77256139,2.3569759000000032,0,100,10,5,-2,3,8,8,8,10n,0,4n,8,25
3.6024342189735338e-06,6.365104791621549e-07,6.365667364594928e-07,4.238944698135688e-06,4.875511434595181e-06,122.110777,22.110777,3.972500000000007e-08,42.471655097618964,0.4280812999999881,0.4280812999999881,0.0993264564,0.9719187000000118,0,100,10,5,0,3,8,8,8,10n,1,4n,8,25
4.835675404746125e-06,6.099647499299873e-07,6.588798387888249e-07,5.4456401546761125e-06,6.104519993464938e-06,123.484276,23.484275999999994,4.2075000000000143e-08,36.23306388577904,-1.5361764000000022,-1.5361764000000022,-1.89065433,2.936176400000002,0,100,10,5,-2,3,8,8,8,10n,1,4n,8,25
3.4053013358319737e-06,6.360116793066071e-07,6.40830421067283e-07,4.0413130151385806e-06,4.682143436205864e-06,121.588651,21.588651,4.612500000000013e-08,42.397148953265926,1.1200587999999954,1.1200587999999954,0.40766095,0.27994120000000455,0,100,10,5,0,3,8,8,8,5n,0,4n,8,25
4.5552668430344195e-06,6.107467442881564e-07,6.748090316940821e-07,5.166013587322576e-06,5.840822619016658e-06,123.436792,23.436791999999997,4.2209339999999994e-08,35.19658436301758,-0.8523401000000064,-0.8523401000000064,-1.75573337,2.2523401000000063,0,100,10,5,-2,3,8,8,8,5n,0,4n,8,25
3.5189594718358192e-06,6.36675503178267e-07,6.404705927901677e-07,4.155634975014086e-06,4.796105567804254e-06,121.429468,21.429468,4.607500000000002e-08,42.33093012253901,0.5538881000000089,0.5538881000000089,0.167545655,0.846111899999991,0,100,10,5,0,3,8,8,8,5n,1,4n,8,25
4.660725067877829e-06,6.112222960900433e-07,6.75308049061906e-07,5.271947363967873e-06,5.947255413029779e-06,123.336066,23.336066000000002,4.222500000000005e-08,35.19345430200892,-1.4286406000000085,-1.4286406000000085,-1.85995968,2.8286406000000084,0,100,10,5,-2,3,8,8,8,5n,1,4n,8,25
3.4561443091575832e-06,6.347577014538005e-07,6.195401109469e-07,4.090902010611384e-06,4.710442121558284e-06,122.394662,22.394661999999997,4.600655000000011e-08,43.19569824539768,1.0325090999999986,1.0325090999999986,0.152287739,0.3674909000000013,0,100,10,5,0,3,8,8,8,15n,0,4n,8,25
4.69136802029777e-06,6.097983914943015e-07,6.451813458396303e-07,5.301166411792072e-06,5.946347757631702e-06,123.596501,23.596501000000004,4.546744000000008e-08,37.11963801561771,-0.998621,-0.998621,-1.8594494,2.398621,0,100,10,5,-2,3,8,8,8,15n,0,4n,8,25
3.4995552562825675e-06,6.371108047199879e-07,6.31905375434062e-07,4.136666061002556e-06,4.768571436436617e-06,122.110777,22.110777,4.302386e-08,42.9126372666761,0.5456056999999959,0.5456056999999959,0.0706059901,0.854394300000004,0,100,10,5,0,3,8,8,8,15n,1,4n,8,25
4.830040773126512e-06,6.118537590636434e-07,6.556464780387066e-07,5.441894532190155e-06,6.0975410102288615e-06,123.484276,23.484275999999994,4.2325000000000056e-08,36.79234316675469,-1.5341773999999901,-1.5341773999999901,-1.93323937,2.93417739999999,0,100,10,5,-2,3,8,8,8,15n,1,4n,8,25
3.4536010148785145e-06,6.344358976073234e-07,6.391976467380108e-07,4.088036912485838e-06,4.7272345592238496e-06,122.394662,22.394661999999997,4.610585000000012e-08,42.91187228160497,1.0309178000000117,1.0309178000000117,0.0903607166,0.36908219999998826,0,100,10,5,0,3,8,8,8,25n,0,4n,8,25
4.686211824691914e-06,6.099449764374251e-07,1.54572594015349e-06,5.296156801129339e-06,6.841882741282829e-06,123.596501,23.596501000000004,4.550808999999994e-08,36.651949181683854,-0.9938566999999949,-0.9938566999999949,-1.9196804,2.393856699999995,0,100,10,5,-2,3,8,8,8,25n,0,4n,8,25
3.5328838264421017e-06,6.37234059430263e-07,6.223146032999736e-07,4.170117885872365e-06,4.792432489172339e-06,122.110777,22.110777,3.9724820000000055e-08,42.55556690657321,0.5040121999999911,0.5040121999999911,0.0327218026,0.8959878000000088,0,100,10,5,0,3,8,8,8,25n,1,4n,8,25
4.7928094835552435e-06,6.12926196256518e-07,1.5313361666155704e-06,5.405735679811762e-06,6.937071846427332e-06,123.484276,23.484275999999994,4.235805000000009e-08,36.23105645606267,-1.508389600000001,-1.508389600000001,-1.96505396,2.908389600000001,0,100,10,5,-2,3,8,8,8,25n,1,4n,8,25
3.451322255358028e-06,6.339267144806688e-07,1.2031248660864081e-06,4.085248969838697e-06,5.288373835925105e-06,122.394662,22.394661999999997,4.935547000000015e-08,42.73166966723163,1.03003480000001,1.03003480000001,0.055959012,0.36996519999999,0,100,10,5,0,3,8,8,8,35n,0,4n,8,25
4.682412700696564e-06,6.103937976106972e-07,2.5188726530039204e-06,5.292806498307261e-06,7.811679151311182e-06,123.596501,23.596501000000004,4.880504000000014e-08,36.44723157206367,-0.9905902999999938,-0.9905902999999938,-1.95112448,2.3905902999999937,0,100,10,5,-2,3,8,8,8,35n,0,4n,8,25
3.5459315634496937e-06,6.350135364511152e-07,1.1866270736604384e-06,4.180945099900809e-06,5.367572173561247e-06,122.110777,22.110777,3.462500000000011e-08,42.38277147843812,0.4896862000000084,0.4896862000000084,0.0125553334,0.9103137999999915,0,100,10,5,0,3,8,8,8,35n,1,4n,8,25
4.79333226554639e-06,6.14199777845383e-07,2.5044595980041434e-06,5.407532043391774e-06,7.911991641395916e-06,123.484276,23.484275999999994,4.585536999999995e-08,36.00824478037692,-1.5100881000000044,-1.5100881000000044,-1.97591923,2.9100881000000043,0,100,10,5,-2,3,8,8,8,35n,1,4n,8,25
1.445069275267763e-05,4.860342009043133e-06,1.3934754875661886e-08,1.9311034761720763e-05,1.9324969516596423e-05,142.276887,42.27688699999999,4.992828000000003e-08,78.02990370306004,5.100142699999999,5.100142699999999,4.62845301,-3.7001426999999993,1,100,10,5,0,4,2,8,1,5n,0,4n,8,25
5.4508752561364644e-06,7.154866629265597e-07,1.2082272313543818e-07,6.166361919063024e-06,6.287184642198462e-06,144.856914,44.85691399999999,6.095513e-08,69.91327939637091,3.9516373000000016,3.9516373000000016,1.54973351,-2.5516373000000017,1,100,10,5,-2,4,2,8,1,5n,0,4n,8,25
3.7652080013506798e-06,9.076031514087648e-07,1.9515135194806947e-08,4.672811152759445e-06,4.692326287954252e-06,162.289831,62.28983099999999,6.065255999999997e-08,76.36609759267333,1.3220760000000098,1.3220760000000098,1.02387943,0.07792399999999011,0,100,10,5,0,4,2,8,1,5n,1,4n,8,25
4.996933380686756e-06,6.46231581327739e-07,1.5759147902696494e-07,5.643164962014495e-06,5.800756441041459e-06,135.777022,35.77702199999999,5.752500000000014e-08,62.94268589545937,-0.3732959999999963,-0.3732959999999963,-1.2353179,1.7732959999999962,0,100,10,5,-2,4,2,8,1,5n,1,4n,8,25
7.693995498634702e-06,1.172701239808598e-06,5.799401077350957e-07,8.8666967384433e-06,9.446636846178395e-06,118.004459,18.004458999999997,4.796487000000005e-08,65.60374721163711,3.9314269999999993,3.9314269999999993,1.3546735,-2.5314269999999994,1,100,10,5,0,4,2,8,1,10n,0,4n,8,25
4.127527361399381e-06,7.064528357056559e-07,5.379383076852455e-07,4.833980197105036e-06,5.371918504790282e-06,118.682108,18.682108,4.808860999999999e-08,59.15941486800318,2.3627927,2.3627927,-1.4847369,-0.9627927000000001,1,100,10,5,-2,4,2,8,1,10n,0,4n,8,25
3.2779148672211046e-06,6.293646701140537e-07,6.427060874581489e-07,3.907279537335159e-06,4.549985624793307e-06,123.968211,23.968210999999997,4.537499999999997e-08,61.99748236725983,0.724330700000003,0.724330700000003,0.173702891,0.6756692999999969,0,100,10,5,0,4,2,8,1,10n,1,4n,8,25
4.668335461007262e-06,6.398559308494834e-07,6.856493880390328e-07,5.308191391856745e-06,5.993840779895778e-06,123.990901,23.990900999999994,5.105628000000004e-08,58.809036340914545,-1.336969917,-1.336969917,-1.82190692,2.7369699169999997,0,100,10,5,-2,4,2,8,1,10n,1,4n,8,25
6.2567421085769984e-06,1.1760918249308264e-06,4.5446609994006417e-07,7.432833933507825e-06,7.88730003344789e-06,120.968807,20.968806999999998,4.122003999999998e-08,67.55177039716587,3.7131597000000056,3.7131597000000056,0.294150159,-2.3131597000000057,1,100,10,5,0,4,2,8,1,15n,0,4n,8,25
4.4281544602834365e-06,7.092337591408205e-07,3.559820766312075e-07,5.137388219424257e-06,5.493370296055464e-06,120.923465,20.923464999999993,3.465278000000009e-08,60.079793133093155,2.1148914000000048,2.1148914000000048,-1.82545717,-0.7148914000000048,1,100,10,5,-2,4,2,8,1,15n,0,4n,8,25
3.2072148639895075e-06,6.295864584733363e-07,6.472314081076313e-07,3.836801322462844e-06,4.4840327305704755e-06,123.968211,23.968210999999997,4.8725000000000114e-08,63.09334103669454,0.8445032999999995,0.8445032999999995,0.110546159,0.5554967000000004,0,100,10,5,0,4,2,8,1,15n,1,4n,8,25
4.491202228161153e-06,6.404601505332839e-07,6.663334437659286e-07,5.131662378694437e-06,5.7979958224603655e-06,123.990901,23.990900999999994,4.142499999999999e-08,59.10908238745721,-1.2405880999999965,-1.2405880999999965,-1.87538035,2.6405880999999964,0,100,10,5,-2,4,2,8,1,15n,1,4n,8,25
6.169240453264019e-06,1.1766985162075254e-06,4.1244682289196485e-07,7.345938969471544e-06,7.758385792363509e-06,120.968807,20.968806999999998,4.4474350000000084e-08,68.08758022961693,3.68008540000001,3.68008540000001,0.135062132,-2.28008540000001,1,100,10,5,0,4,2,8,1,25n,0,4n,8,25
4.440470144646613e-06,7.106084925657944e-07,1.2326992929414022e-06,5.151078637212408e-06,6.38377793015381e-06,120.923465,20.923464999999993,3.124601000000005e-08,59.756730939958615,2.141103700000002,2.141103700000002,-1.89255437,-0.7411037000000023,1,100,10,5,-2,4,2,8,1,25n,0,4n,8,25
3.24517858711339e-06,6.310369572069416e-07,6.276533268833275e-07,3.876215544320332e-06,4.503868871203659e-06,123.968211,23.968210999999997,4.892468000000003e-08,62.81219839986001,0.786791099999995,0.786791099999995,0.0601958516,0.6132089000000049,0,100,10,5,0,4,2,8,1,25n,1,4n,8,25
4.472407144625896e-06,6.417185548772656e-07,1.2610057059052679e-06,5.114125699503161e-06,6.37513140540843e-06,123.990901,23.990900999999994,3.461331000000006e-08,58.69148611527504,-1.2366508999999937,-1.2366508999999937,-1.94303099,2.6366508999999936,0,100,10,5,-2,4,2,8,1,25n,1,4n,8,25
6.166256248943801e-06,1.1779519210269007e-06,9.755032274920306e-07,7.344208169970702e-06,8.319711397462732e-06,120.968807,20.968806999999998,4.1025999999999986e-08,67.51482835894444,3.6800472999999982,3.6800472999999982,0.0749786836,-2.2800472999999983,1,100,10,5,0,4,2,8,1,35n,0,4n,8,25
4.437941188527042e-06,7.12554543039312e-07,2.2040181667440977e-06,5.150495731566354e-06,7.354513898310452e-06,120.923465,20.923464999999993,3.54781600000001e-08,59.26602759254002,2.1402571999999935,2.1402571999999935,-1.93605395,-0.7402571999999936,1,100,10,5,-2,4,2,8,1,35n,0,4n,8,25
3.252010065935528e-06,6.32823139884951e-07,1.0472930117284677e-06,3.884833205820479e-06,4.932126217548946e-06,123.968211,23.968210999999997,4.915615000000006e-08,62.391942108181745,0.7688746999999978,0.7688746999999978,0.0367304526,0.6311253000000021,0,100,10,5,0,4,2,8,1,35n,1,4n,8,25
4.474046511279951e-06,6.429638809387535e-07,2.23298199498882e-06,5.117010392218705e-06,7.349992387207524e-06,123.990901,23.990900999999994,3.565453999999998e-08,58.21573219309581,-1.2410779000000005,-1.2410779000000005,-1.97485258,2.6410779000000004,0,100,10,5,-2,4,2,8,1,35n,1,4n,8,25
3.321273617849286e-06,4.862209885314682e-06,4.167610274070081e-08,8.183483503163968e-06,8.22515960590467e-06,142.276728,42.27672799999999,4.992224999999997e-08,78.02682860505982,4.6291991,1.8105261000000041,4.6291991,-3.2291991,1,100,10,5,0,4,2,8,4,5n,0,4n,8,25
4.518039047280543e-06,7.16039030307057e-07,1.9929079543662302e-07,5.2340780775876e-06,5.433368873024223e-06,145.267668,45.267667999999986,6.09591e-08,70.20275809824219,1.56168789,-0.45678982899999987,1.56168789,-0.16168789000000006,1,100,10,5,-2,4,2,8,4,5n,0,4n,8,25
3.34488402996467e-06,9.077310286714772e-07,4.340543035363527e-08,4.252615058636147e-06,4.296020488989782e-06,162.297816,62.29781600000001,6.065231000000012e-08,76.36705091428458,1.02386168,0.6101349000000056,1.02386168,0.3761383199999999,0,100,10,5,0,4,2,8,4,5n,1,4n,8,25
4.513118282596074e-06,6.462755354375605e-07,2.2813093543731149e-07,5.159393818033634e-06,5.387524753470946e-06,135.809578,35.80957799999999,5.752500000000014e-08,62.96103989454798,-1.23535204,-1.3183885999999987,-1.23535204,2.63535204,0,100,10,5,-2,4,2,8,4,5n,1,4n,8,25
3.2236920966400476e-06,1.1723478150691913e-06,7.196993452191913e-07,4.396039911709239e-06,5.11573925692843e-06,118.002264,18.002263999999997,4.797499999999995e-08,65.59389722008086,1.842723399999997,1.842723399999997,1.35370335,-0.4427233999999971,1,100,10,5,0,4,2,8,4,10n,0,4n,8,25
4.271592125344442e-06,7.072799022590852e-07,7.881789590460487e-07,4.978872027603527e-06,5.767050986649576e-06,117.775215,17.775215000000003,4.787137000000012e-08,58.73777274504466,-0.3572412999999983,-0.3572412999999983,-1.4951784,1.7572412999999982,0,100,10,5,-2,4,2,8,4,10n,0,4n,8,25
3.223774906350689e-06,6.293968177302128e-07,6.789362808923488e-07,3.853171724080902e-06,4.532108004973251e-06,123.943388,23.943388,4.542500000000008e-08,61.986463538633465,0.7217437999999987,0.7217437999999987,0.172987021,0.6782562000000012,0,100,10,5,0,4,2,8,4,10n,1,4n,8,25
4.467258704428141e-06,6.398283941225246e-07,7.729633948830879e-07,5.107087098550666e-06,5.880050493433753e-06,123.971426,23.971425999999994,4.8006390000000104e-08,58.78057520752158,-1.3044240000000045,-1.3044240000000045,-1.82294293,2.7044240000000044,0,100,10,5,-2,4,2,8,4,10n,1,4n,8,25
3.2245136357715524e-06,1.174708692053877e-06,7.057683989741381e-07,4.399222327825429e-06,5.104990726799567e-06,118.867161,18.867160999999996,4.450188e-08,66.93934728784276,1.8446585999999883,1.8446585999999883,0.12365863,-0.44465859999998836,1,100,10,5,0,4,2,8,4,25n,0,4n,8,25
4.286911270753962e-06,7.097621475671296e-07,1.363825896461804e-06,4.9966734183210914e-06,6.360499314782895e-06,119.24843,19.24843,3.132431999999994e-08,58.96733413755616,-0.3807094999999947,-0.3807094999999947,-1.90232601,1.7807094999999946,0,100,10,5,-2,4,2,8,4,25n,0,4n,8,25
3.266849206479275e-06,6.322661325690508e-07,6.628337251820926e-07,3.899115339048326e-06,4.561949064230419e-06,123.943388,23.943388,4.897075000000007e-08,62.787558332167485,0.6718522999999976,0.6718522999999976,0.059072349,0.7281477000000023,0,100,10,5,0,4,2,8,4,25n,1,4n,8,25
4.496633395350791e-06,6.417687442523279e-07,1.3457136268306748e-06,5.138402139603119e-06,6.484115766433794e-06,123.971426,23.971425999999994,3.146567000000002e-08,58.63100831857187,-1.3289361,-1.3289361,-1.94658198,2.7289361,0,100,10,5,-2,4,2,8,4,25n,1,4n,8,25
3.226212704468232e-06,1.1743367278349054e-06,7.182343474029204e-07,4.400549432303137e-06,5.118783779706058e-06,118.867161,18.867160999999996,4.4678130000000046e-08,66.87474846473128,1.844573600000004,1.844573600000004,0.253089272,-0.444573600000004,1,100,10,5,0,4,2,8,4,15n,0,4n,8,25
4.289682574929962e-06,7.084934735173371e-07,7.489927202117661e-07,4.998176048447299e-06,5.7471687686590645e-06,119.24843,19.24843,3.7904670000000094e-08,59.32253038025376,-0.38143979999999544,-0.38143979999999544,-1.83318972,1.7814397999999954,0,100,10,5,-2,4,2,8,4,15n,0,4n,8,25
3.287039125887989e-06,6.298972111355618e-07,6.816507043826843e-07,3.916936337023551e-06,4.598587041406235e-06,123.943388,23.943388,4.8725000000000114e-08,63.08569186471626,0.6502954999999986,0.6502954999999986,0.107984206,0.7497045000000013,0,100,10,5,0,4,2,8,4,15n,1,4n,8,25
4.483633706314886e-06,6.403420485819367e-07,7.544993964785657e-07,5.123975754896823e-06,5.878475151375389e-06,123.971426,23.971425999999994,4.142499999999999e-08,59.084628899996716,-1.3186788000000007,-1.3186788000000007,-1.87739141,2.7186788000000006,0,100,10,5,-2,4,2,8,4,15n,1,4n,8,25
3.222749826310113e-06,1.1752969593618725e-06,1.0297566807766655e-06,4.398046785671985e-06,5.427803466448651e-06,118.867161,18.867160999999996,4.1209280000000124e-08,66.36511831540332,1.8448302999999981,1.8448302999999981,0.0674931511,-0.44483029999999824,1,100,10,5,0,4,2,8,4,35n,0,4n,8,25
4.2843136143554915e-06,7.112663909010977e-07,2.3362161173772254e-06,4.9955800052565894e-06,7.331796122633815e-06,119.24843,19.24843,3.557604000000004e-08,58.45518997535495,-0.37942330000000624,-0.37942330000000624,-1.94304614,1.7794233000000061,0,100,10,5,-2,4,2,8,4,35n,0,4n,8,25
3.2662327705298066e-06,6.348659956442967e-07,1.0768005749668781e-06,3.901098766174103e-06,4.977899341140981e-06,123.943388,23.943388,4.925639000000009e-08,62.35559654860497,0.6708009999999973,0.6708009999999973,0.0346817625,0.7291990000000026,0,100,10,5,0,4,2,8,4,35n,1,4n,8,25
4.4943985281806885e-06,6.430150660453484e-07,2.3176478099716113e-06,5.137413594226037e-06,7.4550614041976485e-06,123.971426,23.971425999999994,3.570459000000006e-08,58.150078703095566,-1.3287580000000005,-1.3287580000000005,-1.97750596,2.7287580000000005,0,100,10,5,-2,4,2,8,4,35n,1,4n,8,25
3.1428525167314605e-06,4.861036032402302e-06,7.927339906314743e-08,8.003888549133762e-06,8.08316194819691e-06,142.279313,42.279313,4.993490999999994e-08,78.0245866402772,4.62653618,1.3093854000000036,4.62653618,-3.2265361800000005,1,100,10,5,0,4,2,8,8,5n,0,4n,8,25
4.273631732514704e-06,7.164132118331668e-07,2.456329780259888e-07,4.990044944347871e-06,5.23567792237386e-06,145.533296,45.53329600000001,6.09644400000001e-08,70.35546555509995,1.57145114,-0.6524610000000024,1.57145114,-0.17145114000000006,1,100,10,5,-2,4,2,8,8,5n,0,4n,8,25
3.209720647348811e-06,9.078480033427268e-07,7.9491092267029e-08,4.117568650691538e-06,4.197059742958567e-06,162.305234,62.30523400000001,6.06520700000001e-08,76.36795578293186,1.02384383,0.6620427000000007,1.02384383,0.37615617,0,100,10,5,0,4,2,8,8,5n,1,4n,8,25
4.2719855723206576e-06,6.463248456552934e-07,2.7397595291070976e-07,4.9183104179759505e-06,5.19228637088666e-06,135.841505,35.84150500000001,5.752500000000014e-08,62.979093713443305,-1.23538667,-1.2915068000000005,-1.23538667,2.63538667,0,100,10,5,-2,4,2,8,8,5n,1,4n,8,25
3.1998338542757427e-06,1.1721960316633345e-06,7.540703249249579e-07,4.372029885939077e-06,5.126100210864035e-06,118.001727,18.001727000000002,4.797499999999995e-08,65.58957709969872,1.35341553,1.1982987999999963,1.35341553,0.04658446999999999,0,100,10,5,0,4,2,8,8,10n,0,4n,8,25
4.406666447061108e-06,7.076782066278849e-07,8.272240394326112e-07,5.114344653688993e-06,5.941568693121604e-06,117.712704,17.712704000000002,4.4725000000000025e-08,58.505094965643615,-0.7762037999999976,-0.7762037999999976,-1.5017864,2.1762037999999975,0,100,10,5,-2,4,2,8,8,10n,0,4n,8,25
3.355100241307923e-06,6.294224076904441e-07,7.117857580076865e-07,3.984522648998367e-06,4.696308407006054e-06,123.918019,23.918019,4.542500000000008e-08,61.97978887143231,0.5028362999999985,0.5028362999999985,0.172268597,0.8971637000000015,0,100,10,5,0,4,2,8,8,10n,1,4n,8,25
4.52664662648502e-06,6.397912998615234e-07,8.158637852567859e-07,5.166437926346543e-06,5.982301711603329e-06,123.951313,23.951313,4.8006510000000116e-08,58.75453084840007,-1.433366999999997,-1.433366999999997,-1.82403057,2.833366999999997,0,100,10,5,-2,4,2,8,8,10n,1,4n,8,25
3.2048835299665564e-06,1.1742745255613602e-06,7.765464767619399e-07,4.379158055527916e-06,5.155704532289856e-06,118.793951,18.793951000000007,4.4524020000000055e-08,66.47499717124728,1.2069897000000012,1.2069897000000012,0.243822837,0.19301029999999875,0,100,10,5,0,4,2,8,8,15n,0,4n,8,25
4.418928232566492e-06,7.083552315103969e-07,8.080801506614423e-07,5.12728346407689e-06,5.935363614738332e-06,118.355242,18.355242000000004,3.491512000000008e-08,59.150191552477736,-0.8127688000000006,-0.8127688000000006,-1.83571515,2.2127688000000005,0,100,10,5,-2,4,2,8,8,15n,0,4n,8,25
3.2358067672462724e-06,6.302498339187856e-07,7.146183607880496e-07,3.866056601165058e-06,4.580674961953107e-06,123.918019,23.918019,4.877500000000001e-08,63.09600311248682,0.6275438999999992,0.6275438999999992,0.105609033,0.7724561000000008,0,100,10,5,0,4,2,8,8,15n,1,4n,8,25
4.545651223312632e-06,6.402222680692991e-07,7.962098356139605e-07,5.185873491381932e-06,5.982083326995892e-06,123.951313,23.951313,4.142499999999999e-08,59.05807273701289,-1.4430078000000037,-1.4430078000000037,-1.87964643,2.8430078000000036,0,100,10,5,-2,4,2,8,8,15n,1,4n,8,25
3.202971770419762e-06,1.173796273704281e-06,7.605820298509944e-07,4.376768044124043e-06,5.137350073975037e-06,118.793951,18.793951000000007,4.1403650000000045e-08,66.61907815016379,1.2035538000000017,1.2035538000000017,0.108668246,0.19644619999999824,0,100,10,5,0,4,2,8,8,25n,0,4n,8,25
4.415258832644646e-06,7.092384865113319e-07,1.3832817544541382e-06,5.124497319155978e-06,6.507779073610116e-06,118.355242,18.355242000000004,3.1404560000000054e-08,58.79395664047856,-0.808207699999997,-0.808207699999997,-1.91331636,2.208207699999997,0,100,10,5,-2,4,2,8,8,25n,0,4n,8,25
3.2754961817572727e-06,6.34122674602651e-07,6.971893189110098e-07,3.909618856359923e-06,4.606808175270933e-06,123.918019,23.918019,4.911041999999998e-08,62.79458446502623,0.5830884999999952,0.5830884999999952,0.0589441551,0.8169115000000047,0,100,10,5,0,4,2,8,8,25n,1,4n,8,25
4.503920965847037e-06,6.419544128654055e-07,1.3841920413175813e-06,5.145875378712442e-06,6.5300674200300234e-06,123.951313,23.951313,2.8217350000000046e-08,58.56223499526344,-1.4166249000000022,-1.4166249000000022,-1.95088224,2.816624900000002,0,100,10,5,-2,4,2,8,8,25n,1,4n,8,25
3.2011805481103317e-06,1.1736427448102274e-06,1.0433943945826988e-06,4.374823292920559e-06,5.418217687503258e-06,118.793951,18.793951000000007,4.138124000000007e-08,66.03882938426547,1.2022434000000004,1.2022434000000004,0.0549755404,0.1977565999999995,0,100,10,5,0,4,2,8,8,35n,0,4n,8,25
4.412542579635352e-06,7.10432843798974e-07,2.3555748268602965e-06,5.122975423434326e-06,7.478550250294622e-06,118.355242,18.355242000000004,3.5663850000000085e-08,58.26688122299591,-0.8052851000000061,-0.8052851000000061,-1.95258684,2.205285100000006,0,100,10,5,-2,4,2,8,8,35n,0,4n,8,25
3.284463402044143e-06,6.37499479741451e-07,1.1044089005670552e-06,3.9219628817855945e-06,5.02637178235265e-06,123.918019,23.918019,4.927076999999995e-08,62.3464316716478,0.571893700000004,0.571893700000004,0.0334234,0.828106299999996,0,100,10,5,0,4,2,8,8,35n,1,4n,8,25
4.505096265972866e-06,6.431846830434205e-07,2.3563727894151485e-06,5.1482809490162865e-06,7.504653738431435e-06,123.951313,23.951313,3.580537999999997e-08,58.07794166897182,-1.4185950999999974,-1.4185950999999974,-1.9805203,2.8185950999999974,0,100,10,5,-2,4,2,8,8,35n,1,4n,8,25
1.4449241854612767e-05,6.362779832012434e-07,5.742617803350733e-07,1.508551983781401e-05,1.5659781618149083e-05,121.628163,21.628163,4.611732000000001e-08,42.389359007203524,5.100156300000002,5.100156300000002,0.411079947,-3.700156300000002,1,100,10,5,0,4,8,8,1,5n,0,4n,8,25
5.450069721327458e-06,6.108497138929182e-07,5.465704470582234e-07,6.060919435220376e-06,6.6074898822785995e-06,123.632311,23.632311,4.21155600000001e-08,35.059010176708625,3.9517089,3.9517089,-1.74120109,-2.5517089,1,100,10,5,-2,4,8,8,1,5n,0,4n,8,25
3.7644932289208478e-06,6.366810555075503e-07,5.803481805867054e-07,4.401174284428398e-06,4.981522465015103e-06,121.443876,21.443876000000003,4.607500000000002e-08,42.33422437611283,1.3210169999999977,1.3210169999999977,0.167844267,0.07898300000000225,0,100,10,5,0,4,8,8,1,5n,1,4n,8,25
4.995702253495582e-06,6.112443094751509e-07,5.588686120861724e-07,5.6069465629707326e-06,6.1658151750569045e-06,123.368009,23.368009,4.222500000000005e-08,35.18651696214951,-0.37329299999998966,-0.37329299999998966,-1.85954302,1.7732929999999896,0,100,10,5,-2,4,8,8,1,5n,1,4n,8,25
7.690998939780064e-06,6.340055199841235e-07,3.5069639259139144e-07,8.325004459764188e-06,8.67570085235558e-06,123.521131,23.521130999999997,3.941845000000001e-08,43.38102078381252,3.9315988000000033,3.9315988000000033,0.224304498,-2.5315988000000034,1,100,10,5,0,4,8,8,1,10n,0,4n,8,25
4.126571247266624e-06,6.080701609522853e-07,2.8663013924490035e-07,4.7346414082189095e-06,5.02127154746381e-06,125.900469,25.900469,4.841736999999994e-08,37.453776483563715,2.362494699999999,2.362494699999999,-1.75576124,-0.9624946999999993,1,100,10,5,-2,4,8,8,1,10n,0,4n,8,25
3.277036926509154e-06,6.360893843454058e-07,5.682796925574607e-07,3.91312631085456e-06,4.481406003412021e-06,122.155701,22.155700999999993,3.967499999999996e-08,42.426208057856776,0.724530399999999,0.724530399999999,0.101785632,0.6754696000000009,0,100,10,5,0,4,8,8,1,10n,1,4n,8,25
4.667205761622184e-06,6.098538648041745e-07,5.275697099342859e-07,5.277059626426358e-06,5.804629336360644e-06,123.521106,23.521106000000003,4.517499999999995e-08,36.29596946373481,-1.3369679170000002,-1.3369679170000002,-1.88817625,2.7369679170000003,0,100,10,5,-2,4,8,8,1,10n,1,4n,8,25
6.253994860306431e-06,6.3375715871533e-07,2.032499575378768e-07,6.887752019021761e-06,7.091001976559638e-06,123.521131,23.521130999999997,4.605515000000001e-08,44.488403851247064,3.7132186000000047,3.7132186000000047,0.17175982,-2.313218600000005,1,100,10,5,0,4,8,8,1,15n,0,4n,8,25
4.427017466784561e-06,6.091720452917342e-07,4.2061081033742016e-07,5.036189512076295e-06,5.4568003224137156e-06,125.900469,25.900469,4.545494000000005e-08,37.958323792669624,2.114692599999998,2.114692599999998,-1.85308271,-0.714692599999998,1,100,10,5,-2,4,8,8,1,15n,0,4n,8,25
3.2060694901364847e-06,6.362957484515577e-07,5.657814606405902e-07,3.842365238588043e-06,4.408146699228633e-06,122.155701,22.155700999999993,4.29250000000001e-08,42.93781645508247,0.8445111999999995,0.8445111999999995,0.0740122888,0.5554888000000004,0,100,10,5,0,4,8,8,1,15n,1,4n,8,25
4.4902272256512775e-06,6.113045990185162e-07,5.243057703422673e-07,5.1015318246697934e-06,5.625837595012061e-06,123.521106,23.521106000000003,4.542500000000008e-08,36.888757278735945,-1.240579799999999,-1.240579799999999,-1.92839562,2.640579799999999,0,100,10,5,-2,4,8,8,1,15n,1,4n,8,25
6.166587294330241e-06,6.3210013840268e-07,5.74546211818259e-07,6.798687432732921e-06,7.373233644551179e-06,123.521131,23.521130999999997,4.920511e-08,44.17768568888177,3.680102600000012,3.680102600000012,0.103115154,-2.280102600000012,1,100,10,5,0,4,8,8,1,25n,0,4n,8,25
4.439491920583968e-06,6.089903611468029e-07,1.3962720296596796e-06,5.048482281730771e-06,6.4447543113904505e-06,125.900469,25.900469,4.535496999999994e-08,37.4569347385107,2.14091719999999,2.14091719999999,-1.91303181,-0.74091719999999,1,100,10,5,-2,4,8,8,1,25n,0,4n,8,25
3.244422393115293e-06,6.369765042102585e-07,5.63488288405392e-07,3.8813988973255515e-06,4.444887185730944e-06,122.155701,22.155700999999993,4.295084000000003e-08,42.61852795096593,0.7868007000000006,0.7868007000000006,0.040516739,0.6131992999999993,0,100,10,5,0,4,8,8,1,25n,1,4n,8,25
4.471397711419407e-06,6.120892337838841e-07,1.4072653084272428e-06,5.0834869452032905e-06,6.490752253630533e-06,123.521106,23.521106000000003,4.5511240000000146e-08,36.371263641918084,-1.2366130999999996,-1.2366130999999996,-1.96135846,2.6366130999999995,0,100,10,5,-2,4,8,8,1,25n,1,4n,8,25
6.163600395005627e-06,6.302091457613132e-07,1.1383219724129907e-06,6.7938095407669404e-06,7.932131513179932e-06,123.521131,23.521130999999997,5.240506000000006e-08,44.00689799448905,3.6800673999999987,3.6800673999999987,0.0632048897,-2.2800673999999987,1,100,10,5,0,4,8,8,1,35n,0,4n,8,25
4.436961682940324e-06,6.095036379846042e-07,2.3693273409680456e-06,5.046465320924928e-06,7.415792661892974e-06,125.900469,25.900469,4.535496000000012e-08,37.29977137538566,2.1400713000000025,2.1400713000000025,-1.94570781,-0.7400713000000025,1,100,10,5,-2,4,8,8,1,35n,0,4n,8,25
3.251249952347988e-06,6.365357244326391e-07,1.127663119447972e-06,3.887785676780627e-06,5.015448796228599e-06,122.155701,22.155700999999993,4.282084000000004e-08,42.43078107201208,0.7688465000000022,0.7688465000000022,0.0221374191,0.6311534999999977,0,100,10,5,0,4,8,8,1,35n,1,4n,8,25
4.4730422329809074e-06,6.131116892100015e-07,2.380681417346942e-06,5.086153922190909e-06,7.466835339537851e-06,123.521106,23.521106000000003,4.585529000000008e-08,36.15041551350657,-1.2410461999999995,-1.2410461999999995,-1.97434652,2.6410461999999995,0,100,10,5,-2,4,8,8,1,35n,1,4n,8,25
3.3200601381492313e-06,6.360350652152153e-07,6.029622216128885e-07,3.956095203364447e-06,4.559057424977335e-06,121.622297,21.622297000000003,4.612500000000013e-08,42.40131302491355,1.8111140999999975,1.8111140999999975,0.409130658,-0.4111140999999976,1,100,10,5,0,4,8,8,4,5n,0,4n,8,25
4.516052912896927e-06,6.107077770103684e-07,6.285602222492964e-07,5.126760689907295e-06,5.755320912156591e-06,123.504798,23.50479799999999,4.217500000000015e-08,35.1573958923871,-0.45716540699999986,-0.45716540699999986,-1.75246028,1.8571654069999997,0,100,10,5,-2,4,8,8,4,5n,0,4n,8,25
3.344216770675424e-06,6.366786925655223e-07,6.042461361480196e-07,3.980895463240946e-06,4.585141599388965e-06,121.43672,21.436719999999994,4.607500000000002e-08,42.33256522766491,0.6101675999999969,0.6101675999999969,0.167697667,0.789832400000003,0,100,10,5,0,4,8,8,4,5n,1,4n,8,25
4.51225467087608e-06,6.112396713917234e-07,6.294316248669234e-07,5.123494342267804e-06,5.752925967134728e-06,123.352294,23.352294,4.222500000000005e-08,35.19002422750441,-1.3184129999999996,-1.3184129999999996,-1.85975016,2.7184129999999995,0,100,10,5,-2,4,8,8,4,5n,1,4n,8,25
3.2221866887652166e-06,6.348131449677242e-07,5.656496170506639e-07,3.85699983373294e-06,4.422649450783604e-06,122.526269,22.526269,4.282160000000004e-08,42.888321394334675,1.8428200999999973,1.8428200999999973,0.207569748,-0.4428200999999974,1,100,10,5,0,4,8,8,4,10n,0,4n,8,25
4.270404452933389e-06,6.092342892432089e-07,5.907513833848908e-07,4.879638742176598e-06,5.470390125561489e-06,123.994165,23.994164999999995,4.5169090000000114e-08,36.60186923706593,-0.3573200999999955,-0.3573200999999955,-1.76819225,1.7573200999999954,0,100,10,5,-2,4,8,8,4,10n,0,4n,8,25
3.222988207378574e-06,6.362888136488893e-07,6.042031489812226e-07,3.859277021027463e-06,4.463480170008686e-06,122.133424,22.133424000000005,3.967499999999996e-08,42.443402445104354,0.7217231000000055,0.7217231000000055,0.100552192,0.6782768999999944,0,100,10,5,0,4,8,8,4,10n,1,4n,8,25
4.466116436054215e-06,6.099081331333555e-07,6.155967661610254e-07,5.076024569187571e-06,5.691621335348596e-06,123.502968,23.502967999999996,4.5125000000000055e-08,36.26635670741752,-1.3042475000000024,-1.3042475000000024,-1.88927253,2.7042475000000024,0,100,10,5,-2,4,8,8,4,10n,1,4n,8,25
3.2248099910988025e-06,6.342610493910879e-07,5.637513151831518e-07,3.85907104048989e-06,4.4228223556730415e-06,122.526269,22.526269,4.605577999999997e-08,43.50008726225187,1.8446982000000105,1.8446982000000105,0.162200905,-0.4446982000000106,1,100,10,5,0,4,8,8,4,15n,0,4n,8,25
4.2887028674612065e-06,6.095444886617228e-07,5.900591864743075e-07,4.898247356122929e-06,5.488306542597237e-06,123.994165,23.994164999999995,4.5458829999999976e-08,37.287362280962,-0.38140040000000397,-0.38140040000000397,-1.85652268,1.7814004000000039,0,100,10,5,-2,4,8,8,4,15n,0,4n,8,25
3.2862423153905947e-06,6.366619990636259e-07,5.994798674999759e-07,3.922904314454221e-06,4.522384181954197e-06,122.133424,22.133424000000005,4.297267000000002e-08,42.916423148922824,0.6502389999999991,0.6502389999999991,0.0721044864,0.7497610000000008,0,100,10,5,0,4,8,8,4,15n,1,4n,8,25
4.48259869622762e-06,6.115619714976509e-07,6.130931423427065e-07,5.094160667725271e-06,5.707253810067977e-06,123.502968,23.502967999999996,4.2325000000000056e-08,36.843147591259694,-1.3186382999999964,-1.3186382999999964,-1.93068012,2.7186382999999963,0,100,10,5,-2,4,8,8,4,15n,1,4n,8,25
3.2231023402127197e-06,6.330884324357817e-07,6.260415739535128e-07,3.8561907726485016e-06,4.4822323466020145e-06,122.526269,22.526269,4.921388000000005e-08,43.2287424247844,1.8447750999999926,1.8447750999999926,0.0978200827,-0.44477509999999265,1,100,10,5,0,4,8,8,4,25n,0,4n,8,25
4.285987505728297e-06,6.093515338127045e-07,1.5263028422165353e-06,4.895339039541001e-06,6.4216418817575366e-06,123.994165,23.994164999999995,4.545499000000002e-08,36.84142830403285,-0.38054400000000044,-0.38054400000000044,-1.91791011,1.7805440000000003,0,100,10,5,-2,4,8,8,4,25n,0,4n,8,25
3.2659935149775062e-06,6.370588964626236e-07,5.940237264865618e-07,3.9030524114401296e-06,4.497076137926691e-06,122.133424,22.133424000000005,3.982500000000008e-08,42.57669700213368,0.6718905000000035,0.6718905000000035,0.0371041689,0.7281094999999964,0,100,10,5,0,4,8,8,4,25n,1,4n,8,25
4.495612477323236e-06,6.124969596371371e-07,1.4922826736697486e-06,5.108109436960373e-06,6.600392110630121e-06,123.502968,23.502967999999996,4.241041000000008e-08,36.306163896980415,-1.3288871000000029,-1.3288871000000029,-1.96293522,2.728887100000003,0,100,10,5,-2,4,8,8,4,25n,1,4n,8,25
3.2213318194300487e-06,6.311857198439773e-07,1.1899085011557855e-06,3.852517539274026e-06,5.042426040429811e-06,122.526269,22.526269,4.929796999999994e-08,43.046683154391445,1.8449058000000065,1.8449058000000065,0.0609089775,-0.44490580000000657,1,100,10,5,0,4,8,8,4,35n,0,4n,8,25
4.2833969120188755e-06,6.09646595072262e-07,2.4994773747973894e-06,4.893043507091137e-06,7.392520881888526e-06,123.994165,23.994164999999995,4.5554950000000097e-08,36.65070278077582,-0.3792988000000008,-0.3792988000000008,-1.95273813,1.7792988000000007,0,100,10,5,-2,4,8,8,4,35n,0,4n,8,25
3.2653930469481455e-06,6.362715216354897e-07,1.1578920130242706e-06,3.901664568583635e-06,5.059556581607905e-06,122.133424,22.133424000000005,3.651682000000002e-08,42.39288087741277,0.6708374999999975,0.6708374999999975,0.0175814421,0.7291625000000024,0,100,10,5,0,4,8,8,4,35n,1,4n,8,25
4.493396118187577e-06,6.136533042348455e-07,2.465541400904726e-06,5.1070494224224224e-06,7.572590823327148e-06,123.502968,23.502967999999996,4.585534000000005e-08,36.08325428548012,-1.3287233999999941,-1.3287233999999941,-1.97500227,2.728723399999994,0,100,10,5,-2,4,8,8,4,35n,1,4n,8,25
3.1419841773299446e-06,6.360105008297643e-07,6.408308370440907e-07,3.777994678159709e-06,4.4188255152038e-06,121.58865,21.58865,4.612500000000013e-08,42.39705627073835,1.3084005999999988,1.3084005999999988,0.407654908,0.09159940000000111,0,100,10,5,0,4,8,8,8,5n,0,4n,8,25
4.272567569149919e-06,6.10760430903118e-07,6.748083883040571e-07,4.883328000053037e-06,5.558136388357094e-06,123.436821,23.436820999999995,4.220926999999995e-08,35.196523069331604,-0.6523682000000051,-0.6523682000000051,-1.75573394,2.052368200000005,0,100,10,5,-2,4,8,8,8,5n,0,4n,8,25
3.2099696742345503e-06,6.36674350498965e-07,6.404710264649053e-07,3.8466440247335155e-06,4.487115051198421e-06,121.429465,21.42946499999999,4.607500000000002e-08,42.33083659544667,0.6608255999999955,0.6608255999999955,0.167542889,0.7391744000000045,0,100,10,5,0,4,8,8,8,5n,1,4n,8,25
4.271167028379036e-06,6.112350688027055e-07,6.753074125417198e-07,4.8824020971817414e-06,5.557709509723461e-06,123.336078,23.336078,4.222500000000005e-08,35.19337474553293,-1.2915312000000014,-1.2915312000000014,-1.85995975,2.6915312000000013,0,100,10,5,-2,4,8,8,8,5n,1,4n,8,25
3.1980900052320468e-06,6.348380479574731e-07,6.250501861678901e-07,3.83292805318952e-06,4.45797823935741e-06,122.394629,22.394628999999995,3.9576420000000025e-08,42.54810075214508,1.1983610999999996,1.1983610999999996,0.196228224,0.2016389000000003,0,100,10,5,0,4,8,8,8,10n,0,4n,8,25
4.405711758863589e-06,6.092359190432044e-07,6.47930326776918e-07,5.014947677906793e-06,5.6628780046837105e-06,123.596515,23.596514999999997,4.517499999999995e-08,36.457908736257174,-0.7763761000000002,-0.7763761000000002,-1.77256268,2.1763761,0,100,10,5,-2,4,8,8,8,10n,0,4n,8,25
3.354247193910693e-06,6.3650935775472e-07,6.365663293869939e-07,3.9907565516654134e-06,4.627322881052408e-06,122.110775,22.110775000000004,3.972500000000007e-08,42.47155811003874,0.5028468999999944,0.5028468999999944,0.0993261124,0.8971531000000055,0,100,10,5,0,4,8,8,8,10n,1,4n,8,25
4.525875196475946e-06,6.099775314917892e-07,6.588789770567167e-07,5.135852727967735e-06,5.794731705024451e-06,123.484289,23.484289000000004,4.2075000000000143e-08,36.23299314560778,-1.433382899999998,-1.433382899999998,-1.89065398,2.833382899999998,0,100,10,5,-2,4,8,8,8,10n,1,4n,8,25
3.2034967713082397e-06,6.347565270107451e-07,6.1953984657481e-07,3.838253298318985e-06,4.457793144893795e-06,122.394629,22.394628999999995,4.600655000000011e-08,43.195604074203835,1.206938000000001,1.206938000000001,0.152287301,0.19306199999999896,0,100,10,5,0,4,8,8,8,15n,0,4n,8,25
4.417827379911889e-06,6.098111790419563e-07,6.45822068122474e-07,5.027638558953846e-06,5.67346062707632e-06,123.596515,23.596514999999997,4.546744000000008e-08,37.119553919538596,-0.8124918999999977,-0.8124918999999977,-1.8594499,2.2124918999999976,0,100,10,5,-2,4,8,8,8,15n,0,4n,8,25
3.2345734695510167e-06,6.371097245254375e-07,6.319051993072821e-07,3.871683194076454e-06,4.5035883933837365e-06,122.110775,22.110775000000004,4.302386e-08,42.91254385496643,0.627602600000003,0.627602600000003,0.0706057307,0.7723973999999969,0,100,10,5,0,4,8,8,8,15n,1,4n,8,25
4.544579595957035e-06,6.118665336869793e-07,6.556455238989482e-07,5.156446129644014e-06,5.812091653542962e-06,123.484289,23.484289000000004,4.2325000000000056e-08,36.7922595781821,-1.4429589000000007,-1.4429589000000007,-1.93323913,2.8429589000000006,0,100,10,5,-2,4,8,8,8,15n,1,4n,8,25
3.2015785787893263e-06,6.344347247026309e-07,6.392014094568253e-07,3.8360133034919574e-06,4.475214712948783e-06,122.394629,22.394628999999995,4.610585000000012e-08,42.91177744559513,1.2035471999999956,1.2035471999999956,0.0903605234,0.1964528000000043,0,100,10,5,0,4,8,8,8,25n,0,4n,8,25
4.4144506233978395e-06,6.099577783345664e-07,1.5457314255794534e-06,5.024408401732406e-06,6.570139827311859e-06,123.596515,23.596514999999997,4.550808999999994e-08,36.65186757762349,-0.8077803999999986,-0.8077803999999986,-1.91968089,2.2077803999999985,0,100,10,5,-2,4,8,8,8,25n,0,4n,8,25
3.2747553393503843e-06,6.372330215255641e-07,6.223184908809503e-07,3.911988360875948e-06,4.534306851756899e-06,122.110775,22.110775000000004,3.9724820000000055e-08,42.55547252424181,0.5830346999999989,0.5830346999999989,0.032721874,0.816965300000001,0,100,10,5,0,4,8,8,8,25n,1,4n,8,25
4.502892247865436e-06,6.129389867627514e-07,1.5313416073418946e-06,5.115831234628187e-06,6.647172841970082e-06,123.484289,23.484289000000004,4.235805000000009e-08,36.230975515657924,-1.4165931999999941,-1.4165931999999941,-1.96505419,2.816593199999994,0,100,10,5,-2,4,8,8,8,25n,1,4n,8,25
3.1997629154142073e-06,6.339255429651724e-07,1.2031301680522197e-06,3.83368845837938e-06,5.0368186264316e-06,122.394629,22.394628999999995,4.935547000000015e-08,42.73157508366564,1.2023328000000006,1.2023328000000006,0.0559589249,0.19766719999999927,0,100,10,5,0,4,8,8,8,35n,0,4n,8,25
4.411473171951964e-06,6.104066144201999e-07,2.51888007590874e-06,5.021879786372164e-06,7.540759862280904e-06,123.596515,23.596514999999997,4.880504000000014e-08,36.44715205233052,-0.8050483000000028,-0.8050483000000028,-1.95112492,2.2050483000000027,0,100,10,5,-2,4,8,8,8,35n,0,4n,8,25
3.2837136411342067e-06,6.350125461490096e-07,1.186632624833194e-06,3.918726187283216e-06,5.10535881211641e-06,122.110775,22.110775000000004,3.462500000000011e-08,42.38267682565012,0.5718132000000011,0.5718132000000011,0.0125551429,0.8281867999999988,0,100,10,5,0,4,8,8,8,35n,1,4n,8,25
4.504110799210358e-06,6.142125811258943e-07,2.504466971233144e-06,5.118323380336252e-06,7.622790351569396e-06,123.484289,23.484289000000004,4.585536999999995e-08,36.00816568444127,-1.4185434999999984,-1.4185434999999984,-1.97591938,2.8185434999999983,0,100,10,5,-2,4,8,8,8,35n,1,4n,8,25
1.4453471203299255e-05,4.860310714098691e-06,1.393499124378426e-08,1.9313781917397945e-05,1.932771690864173e-05,142.276882,42.27688200000001,4.992828000000003e-08,78.0298496956538,5.589594400000003,5.589594400000003,4.62843605,-4.1895944000000025,1,100,10,5,0,6,2,8,1,5n,0,4n,8,25
5.558436253306107e-06,7.155059535824651e-07,1.2082719494930502e-07,6.273942206888572e-06,6.394769401837877e-06,144.856067,44.856066999999996,6.095513e-08,69.91261555230759,4.623714399999997,4.623714399999997,1.54970494,-3.2237143999999973,1,100,10,5,-2,6,2,8,1,5n,0,4n,8,25
3.385007077771713e-06,9.075955610667663e-07,1.9515313917911808e-08,4.2926026388384794e-06,4.312117952756392e-06,162.28945,62.28944999999999,6.065255999999997e-08,76.36601378308595,1.3220759999999956,1.3220759999999956,1.02387452,0.07792400000000432,0,100,10,5,0,6,2,8,1,5n,1,4n,8,25
4.365088754637633e-06,6.462524337792213e-07,1.5759550672691598e-07,5.011341188416854e-06,5.16893669514377e-06,135.776633,35.776633000000004,5.752500000000014e-08,62.94240092238343,-0.3732959999999963,-0.3732959999999963,-1.23532353,1.7732959999999962,0,100,10,5,-2,6,2,8,1,5n,1,4n,8,25
7.434916208814489e-06,1.172708066297107e-06,5.799023328965483e-07,8.607624275111596e-06,9.187526608008145e-06,118.004605,18.004604999999998,4.796487000000005e-08,65.60378881248823,4.408071100000001,4.408071100000001,1.3546608,-3.008071100000001,1,100,10,5,0,6,2,8,1,10n,0,4n,8,25
3.7766448530199412e-06,7.064721855822162e-07,5.381613112258424e-07,4.483117038602157e-06,5.021278349827999e-06,118.68215,18.682149999999993,4.808860999999999e-08,59.15931668334646,2.506806300000001,2.506806300000001,-1.48475371,-1.106806300000001,1,100,10,5,-2,6,2,8,1,10n,0,4n,8,25
3.036893787933185e-06,6.293639247047529e-07,6.427060363588721e-07,3.666257712637938e-06,4.30896374899681e-06,123.968223,23.968222999999995,4.537499999999997e-08,61.997484212621025,0.8411388000000031,0.8411388000000031,0.173701258,0.5588611999999968,0,100,10,5,0,6,2,8,1,10n,1,4n,8,25
4.352942859298846e-06,6.398769216457125e-07,6.856489227519682e-07,4.992819780944559e-06,5.678468703696527e-06,123.990828,23.990827999999993,5.105628000000004e-08,58.80893787895838,-1.208679399999994,-1.208679399999994,-1.82190815,2.608679399999994,0,100,10,5,-2,6,2,8,1,10n,1,4n,8,25
5.8488864981527674e-06,1.1760987256148686e-06,4.546155889105984e-07,7.024985223767636e-06,7.479600812678235e-06,120.968974,20.968974000000003,4.122003999999998e-08,67.55181066270546,3.7862573999999967,3.7862573999999967,0.294153222,-2.3862573999999968,1,100,10,5,0,6,2,8,1,15n,0,4n,8,25
4.0897043346181865e-06,7.092530877623128e-07,3.5563737595516515e-07,4.798957422380499e-06,5.1545947983356645e-06,120.923447,20.923446999999996,3.465278000000009e-08,60.07967467920343,2.2699375000000046,2.2699375000000046,-1.82545569,-0.8699375000000047,1,100,10,5,-2,6,2,8,1,15n,0,4n,8,25
2.904589361580255e-06,6.295849822072232e-07,6.472313705142679e-07,3.5341743437874787e-06,4.181405714301747e-06,123.968223,23.968222999999995,4.8725000000000114e-08,63.09332974514627,1.0140934000000001,1.0140934000000001,0.110545831,0.38590659999999977,0,100,10,5,0,6,2,8,1,15n,1,4n,8,25
4.1732979407364884e-06,6.404811331371413e-07,6.663326657795415e-07,4.81377907387363e-06,5.4801117396531714e-06,123.990828,23.990827999999993,4.142499999999999e-08,59.10897630917172,-1.0519019999999983,-1.0519019999999983,-1.87538129,2.4519019999999982,0,100,10,5,-2,6,2,8,1,15n,1,4n,8,25
5.744032806235518e-06,1.1767055919043616e-06,4.1245625305497624e-07,6.920738398139879e-06,7.333194651194855e-06,120.968974,20.968974000000003,4.4474350000000084e-08,68.08761277409778,3.7063369999999978,3.7063369999999978,0.13506483,-2.306336999999998,1,100,10,5,0,6,2,8,1,25n,0,4n,8,25
4.108902807543376e-06,7.106271884625675e-07,1.2327085497043368e-06,4.819529996005944e-06,6.05223854571028e-06,120.923447,20.923446999999996,3.1246000000000014e-08,59.75661352521084,2.291487399999994,2.291487399999994,-1.89255355,-0.8914873999999942,1,100,10,5,-2,6,2,8,1,25n,0,4n,8,25
2.9539134890690454e-06,6.310354905963495e-07,6.276532647623548e-07,3.584948979665395e-06,4.212602244427749e-06,123.968223,23.968222999999995,4.892468000000003e-08,62.81219108344479,0.9482504999999932,0.9482504999999932,0.0601957457,0.4517495000000067,0,100,10,5,0,6,2,8,1,25n,1,4n,8,25
4.136714060561342e-06,6.417394561879027e-07,1.2610106861549938e-06,4.778453516749244e-06,6.039464202904238e-06,123.990828,23.990827999999993,3.461331000000006e-08,58.69138207741473,-1.0391189999999995,-1.0391189999999995,-1.94303157,2.4391189999999994,0,100,10,5,-2,6,2,8,1,25n,1,4n,8,25
5.742590950499674e-06,1.177959504113783e-06,9.755168742211927e-07,6.920550454613457e-06,7.89606732883465e-06,120.968974,20.968974000000003,4.1025999999999986e-08,67.51486848634129,3.706743599999996,3.706743599999996,0.074979573,-2.306743599999996,1,100,10,5,0,6,2,8,1,35n,0,4n,8,25
4.106343467503509e-06,7.125738704824164e-07,2.204031277845497e-06,4.818917337985925e-06,7.022948615831423e-06,120.923447,20.923446999999996,3.547815000000006e-08,59.26591767679529,2.2908384999999996,2.2908384999999996,-1.93605404,-0.8908384999999996,1,100,10,5,-2,6,2,8,1,35n,0,4n,8,25
2.9597399008973993e-06,6.328218054422768e-07,1.0472977480702391e-06,3.5925617063396762e-06,4.639859454409916e-06,123.968223,23.968222999999995,4.915615000000006e-08,62.39193529773058,0.9308777999999975,0.9308777999999975,0.0367303981,0.4691222000000024,0,100,10,5,0,6,2,8,1,35n,1,4n,8,25
4.138177993543807e-06,6.429848252425586e-07,2.2329890309126393e-06,4.7811628187863656e-06,7.0141518496990045e-06,123.990828,23.990827999999993,3.565453999999998e-08,58.215631152590696,-1.0441561000000021,-1.0441561000000021,-1.97485293,2.444156100000002,0,100,10,5,-2,6,2,8,1,35n,1,4n,8,25
3.039064259282809e-06,4.8621771614412324e-06,4.1676407014379234e-08,7.901241420724042e-06,7.94291782773842e-06,142.276706,42.276706,4.992224999999997e-08,78.02676394233251,4.62918355,1.8539683999999994,4.62918355,-3.2291835499999997,1,100,10,5,0,6,2,8,4,5n,0,4n,8,25
4.253321377555284e-06,7.160603078437086e-07,1.9960732011163883e-07,4.969381685398992e-06,5.168989005510631e-06,145.2669,45.26689999999999,6.09591e-08,70.20215435721893,1.56166321,-0.2395350000000036,1.56166321,-0.16166321000000017,1,100,10,5,-2,6,2,8,4,5n,0,4n,8,25
3.1003633177321548e-06,9.077246215181463e-07,4.327661850422864e-08,4.008087939250301e-06,4.051364557754529e-06,162.297434,62.29743400000001,6.065231999999995e-08,76.36699822193638,1.02385677,0.7198296999999982,1.02385677,0.37614322999999983,0,100,10,5,0,6,2,8,4,5n,1,4n,8,25
4.224886632745689e-06,6.462963865826887e-07,2.2813513169757064e-07,4.871183019328377e-06,5.099318151025948e-06,135.80919,35.80919,5.752500000000014e-08,62.96075488335221,-1.1731807000000032,-1.1731807000000032,-1.23535767,2.573180700000003,0,100,10,5,-2,6,2,8,4,5n,1,4n,8,25
2.9404068459068733e-06,1.1723505916158675e-06,7.197026762472679e-07,4.112757437522741e-06,4.832460113770008e-06,118.002369,18.002369,4.797499999999995e-08,65.59389309856634,1.9941490000000002,1.9941490000000002,1.35369266,-0.5941490000000003,1,100,10,5,0,6,2,8,4,10n,0,4n,8,25
3.96305277784562e-06,7.073013836783603e-07,7.88178196188243e-07,4.67035416152398e-06,5.458532357712223e-06,117.775208,17.775208000000006,4.787137000000012e-08,58.7376771867543,0.06803590000000526,0.06803590000000526,-1.49519277,1.3319640999999947,0,100,10,5,-2,6,2,8,4,10n,0,4n,8,25
2.926855415771823e-06,6.293960042902156e-07,6.789363512538946e-07,3.5562514200620385e-06,4.2351877713159335e-06,123.943399,23.943399,4.542500000000008e-08,61.98646564899603,0.865070799999998,0.865070799999998,0.172985388,0.5349292000000019,0,100,10,5,0,6,2,8,4,10n,1,4n,8,25
4.136801219642369e-06,6.398493649456685e-07,7.729631133863053e-07,4.776650584588037e-06,5.549613697974342e-06,123.971353,23.971352999999993,4.8006390000000104e-08,58.780476692393265,-1.1393111000000005,-1.1393111000000005,-1.82294415,2.5393111000000004,0,100,10,5,-2,6,2,8,4,10n,1,4n,8,25
2.9443590208345982e-06,1.174339250119898e-06,7.18233672782675e-07,4.118698270954496e-06,4.836931943737171e-06,118.867208,18.867208000000005,4.4678130000000046e-08,66.87473313935901,1.9942696999999967,1.9942696999999967,0.253092216,-0.5942696999999968,1,100,10,5,0,6,2,8,4,15n,0,4n,8,25
3.988557653617713e-06,7.085148891955919e-07,7.489918084281242e-07,4.697072542813305e-06,5.446064351241429e-06,119.248431,19.248430999999997,3.7904670000000094e-08,59.32241282122891,0.04207660000000146,0.04207660000000146,-1.83318765,1.3579233999999984,0,100,10,5,-2,6,2,8,4,15n,0,4n,8,25
2.9808469835570256e-06,6.298956937958536e-07,6.816507734901312e-07,3.610742677352879e-06,4.292393450843011e-06,123.943399,23.943399,4.8725000000000114e-08,63.08568125894736,0.8007094999999964,0.8007094999999964,0.107983983,0.5992905000000035,0,100,10,5,0,6,2,8,4,15n,1,4n,8,25
4.127989871010356e-06,6.403630087560973e-07,7.544987800121586e-07,4.768352879766454e-06,5.522851659778612e-06,123.971353,23.971352999999993,4.142499999999999e-08,59.08452263841138,-1.1389092000000005,-1.1389092000000005,-1.87739234,2.5389092000000004,0,100,10,5,-2,6,2,8,4,15n,1,4n,8,25
2.9427591437465902e-06,1.1747124023115991e-06,7.057678119519494e-07,4.117471546058189e-06,4.823239358010139e-06,118.867208,18.867208000000005,4.4501890000000035e-08,66.93933251219916,1.9934628000000032,1.9934628000000032,0.123660601,-0.5934628000000033,1,100,10,5,0,6,2,8,4,25n,0,4n,8,25
3.984740810766372e-06,7.097831772420793e-07,1.3638314290315748e-06,4.694523988008452e-06,6.058355417040026e-06,119.248431,19.248430999999997,3.132431999999994e-08,58.96721857582739,0.042222900000005836,0.042222900000005836,-1.90232494,1.357777099999994,0,100,10,5,-2,6,2,8,4,25n,0,4n,8,25
2.9665385666466303e-06,6.322646001226024e-07,6.628337826729103e-07,3.5988031667692326e-06,4.261636949442143e-06,123.943399,23.943399,4.897075000000007e-08,62.78755156365065,0.8184297000000029,0.8184297000000029,0.0590722439,0.581570299999997,0,100,10,5,0,6,2,8,4,25n,1,4n,8,25
4.1464121425073965e-06,6.41789625332147e-07,1.3457187684144282e-06,4.788201767839544e-06,6.1339205362539725e-06,123.971353,23.971352999999993,3.146567000000002e-08,58.63090457550171,-1.1528472999999977,-1.1528472999999977,-1.94658251,2.5528472999999976,0,100,10,5,-2,6,2,8,4,25n,1,4n,8,25
2.941061461640581e-06,1.175299960451225e-06,1.0297628405373816e-06,4.116361422091806e-06,5.146124262629188e-06,118.867208,18.867208000000005,4.1209299999999985e-08,66.36510845261193,1.9932059999999936,1.9932059999999936,0.0674941407,-0.5932059999999937,1,100,10,5,0,6,2,8,4,35n,0,4n,8,25
3.982124421639977e-06,7.112874234128795e-07,2.3362236662165582e-06,4.693411845052857e-06,7.029635511269415e-06,119.248431,19.248430999999997,3.557721000000005e-08,58.45497484313358,0.043008400000005054,0.043008400000005054,-1.94306464,1.3569915999999949,0,100,10,5,-2,6,2,8,4,35n,0,4n,8,25
2.968727800251654e-06,6.348646655370416e-07,1.0768054152278367e-06,3.603592465788696e-06,4.680397881016533e-06,123.943399,23.943399,4.925639000000009e-08,62.355590375086074,0.8157859999999957,0.8157859999999957,0.0346817588,0.5842140000000042,0,100,10,5,0,6,2,8,4,35n,1,4n,8,25
4.145582267721187e-06,6.430359776339367e-07,2.3176550140317446e-06,4.788618245355123e-06,7.106273259386868e-06,123.971353,23.971352999999993,3.570459000000006e-08,58.14997801000789,-1.153804100000002,-1.153804100000002,-1.97750632,2.553804100000002,0,100,10,5,-2,6,2,8,4,35n,1,4n,8,25
2.8538920399884984e-06,4.861002961368721e-06,7.927379997330768e-08,7.714895001357219e-06,7.794168801330527e-06,142.279276,42.27927600000001,4.993490999999994e-08,78.02451813780121,4.62652043,1.5806941999999964,4.62652043,-3.2265204300000003,1,100,10,5,0,6,2,8,8,5n,0,4n,8,25
3.956713553880753e-06,7.164308951316621e-07,2.4563737291139423e-07,4.673144449012415e-06,4.918781821923809e-06,145.532557,45.532557,6.09644400000001e-08,70.35497902880304,1.57142626,-0.3337750999999969,1.57142626,-0.17142626000000005,1,100,10,5,-2,6,2,8,8,5n,0,4n,8,25
2.874761278548721e-06,9.078411062401405e-07,7.949181247500692e-08,3.7826023847888614e-06,3.862094197263868e-06,162.304851,62.30485100000001,6.06520700000001e-08,76.36785698529076,1.02383892,0.8057303000000005,1.02383892,0.3761610799999999,0,100,10,5,0,6,2,8,8,5n,1,4n,8,25
3.857176656266721e-06,6.46345660139882e-07,2.739802558507862e-07,4.503522316406602e-06,4.777502572257389e-06,135.841116,35.841116,5.752500000000014e-08,62.97880870680518,-1.1057881999999992,-1.1057881999999992,-1.2353923,2.505788199999999,0,100,10,5,-2,6,2,8,8,5n,1,4n,8,25
2.9156746849979555e-06,1.1721983008455205e-06,7.54073584769858e-07,4.087872985843476e-06,4.841946570613334e-06,118.00182,18.001819999999995,4.797499999999995e-08,65.58956906547316,1.4562013000000036,1.4562013000000036,1.35340502,-0.05620130000000367,1,100,10,5,0,6,2,8,8,10n,0,4n,8,25
4.090022991186397e-06,7.076993364322799e-07,8.272234440508894e-07,4.797722327618677e-06,5.624945771669566e-06,117.712696,17.712695999999994,4.4725000000000025e-08,58.50499957954747,-0.46978469999999817,-0.46978469999999817,-1.50180073,1.869784699999998,0,100,10,5,-2,6,2,8,8,10n,0,4n,8,25
3.06315144102841e-06,6.294209832595204e-07,7.11785934634839e-07,3.69257242428793e-06,4.404358358922769e-06,123.91803,23.91803,4.542500000000008e-08,61.97973064056353,0.6243423999999962,0.6243423999999962,0.172266972,0.7756576000000037,0,100,10,5,0,6,2,8,8,10n,1,4n,8,25
4.141985626804175e-06,6.398122487511905e-07,8.165394307518343e-07,4.781797875555366e-06,5.5983373063072e-06,123.95124,23.95124,4.8006510000000116e-08,58.75443243983,-1.2676937000000024,-1.2676937000000024,-1.82403177,2.6676937000000023,0,100,10,5,-2,6,2,8,8,10n,1,4n,8,25
2.921673122037451e-06,1.1742765497072398e-06,7.76681224181811e-07,4.095949671744691e-06,4.872630895926502e-06,118.793988,18.793988,4.4524020000000055e-08,66.47497847025338,1.4696223000000046,1.4696223000000046,0.243825731,-0.06962230000000469,1,100,10,5,0,6,2,8,8,15n,0,4n,8,25
4.090520799223503e-06,7.083776612468243e-07,8.080792784190898e-07,4.798898460470328e-06,5.606977738889418e-06,118.355237,18.355237000000002,3.491511000000005e-08,59.15007170413717,-0.4951565000000002,-0.4951565000000002,-1.83571316,1.8951565000000001,0,100,10,5,-2,6,2,8,8,15n,0,4n,8,25
2.9443810169026283e-06,6.302492257661202e-07,7.146181943891162e-07,3.5746302426687485e-06,4.289248437057865e-06,123.91803,23.91803,4.877500000000001e-08,63.09594692068921,0.7477121000000011,0.7477121000000011,0.105608789,0.6522878999999988,0,100,10,5,0,6,2,8,8,15n,1,4n,8,25
4.186037215893449e-06,6.402432041214171e-07,7.962092966719063e-07,4.826280420014866e-06,5.622489716686772e-06,123.95124,23.95124,4.142499999999999e-08,59.05796640766816,-1.2884109999999964,-1.2884109999999964,-1.87964734,2.6884109999999963,0,100,10,5,-2,6,2,8,8,15n,1,4n,8,25
2.920169607514998e-06,1.1737977655027921e-06,7.60581568614933e-07,4.0939673730177905e-06,4.854548941632724e-06,118.793988,18.793988,4.140361000000011e-08,66.61905897475692,1.4650608999999974,1.4650608999999974,0.108670144,-0.06506089999999753,1,100,10,5,0,6,2,8,8,25n,0,4n,8,25
4.087661516865195e-06,7.092596201286417e-07,1.3832873458180677e-06,4.796921136993837e-06,6.1802084828119046e-06,118.355237,18.355237000000002,3.1404560000000054e-08,58.79384125456082,-0.4919757000000047,-0.4919757000000047,-1.91331522,1.8919757000000046,0,100,10,5,-2,6,2,8,8,25n,0,4n,8,25
2.9851966315433835e-06,6.341218991898736e-07,6.971891883990464e-07,3.6193185307332573e-06,4.316507719132304e-06,123.91803,23.91803,4.911041999999998e-08,62.79452558250634,0.7034273999999954,0.7034273999999954,0.0589440648,0.6965726000000045,0,100,10,5,0,6,2,8,8,25n,1,4n,8,25
4.146501390820584e-06,6.419752732463423e-07,1.3841972540891e-06,4.788476664066926e-06,6.172673918156026e-06,123.95124,23.95124,2.8217350000000046e-08,58.56213193803262,-1.2645034000000024,-1.2645034000000024,-1.95088272,2.6645034000000023,0,100,10,5,-2,6,2,8,8,25n,1,4n,8,25
2.9185579338728485e-06,1.1736466367508967e-06,1.0433999104175357e-06,4.0922045706237456e-06,5.135604481041281e-06,118.793988,18.793988,4.138149999999995e-08,66.0388112254094,1.4626938999999979,1.4626938999999979,0.0549787305,-0.06269389999999797,1,100,10,5,0,6,2,8,8,35n,0,4n,8,25
4.085933080469805e-06,7.104543877462702e-07,2.3555824656943063e-06,4.796387468216075e-06,7.151969933910381e-06,118.355237,18.355237000000002,3.566384000000005e-08,58.2667719584597,-0.4901985999999994,-0.4901985999999994,-1.95258614,1.8901985999999993,0,100,10,5,-2,6,2,8,8,35n,0,4n,8,25
2.988114747213441e-06,6.374986108410834e-07,1.104414108990424e-06,3.6256133580545244e-06,4.730027467044949e-06,123.91803,23.91803,4.927076999999995e-08,62.34637501918734,0.6952791000000005,0.6952791000000005,0.0334233584,0.7047208999999994,0,100,10,5,0,6,2,8,8,35n,1,4n,8,25
4.147431476117331e-06,6.432055462656572e-07,2.3563800756322007e-06,4.790637022382988e-06,7.1470170980151885e-06,123.95124,23.95124,3.580537999999997e-08,58.07784155724932,-1.2664266999999967,-1.2664266999999967,-1.98052062,2.6664266999999966,0,100,10,5,-2,6,2,8,8,35n,1,4n,8,25
1.4451885818657666e-05,6.362758578992943e-07,5.742622334655212e-07,1.508816167655696e-05,1.5662423910022482e-05,121.628097,21.628096999999997,4.611732000000001e-08,42.38922049136779,5.589533199999998,5.589533199999998,0.411072194,-4.189533199999998,1,100,10,5,0,6,8,8,1,5n,0,4n,8,25
5.5470588142420995e-06,6.108676089568538e-07,5.465833115723269e-07,6.157926423198953e-06,6.70450973477128e-06,123.632338,23.632338000000004,4.21155600000001e-08,35.058906279419006,4.619855999999999,4.619855999999999,-1.74119972,-3.2198559999999987,1,100,10,5,-2,6,8,8,1,5n,0,4n,8,25
3.3845672946552472e-06,6.366798876803892e-07,5.803484293365746e-07,4.021247182335637e-06,4.601595611672212e-06,121.443873,21.443872999999993,4.607500000000002e-08,42.33413200680075,1.3210169999999977,1.3210169999999977,0.167841526,0.07898300000000225,0,100,10,5,0,6,8,8,1,5n,1,4n,8,25
4.363929318369673e-06,6.112644157013728e-07,5.588677013696975e-07,4.9751937340710455e-06,5.534061435440743e-06,123.368022,23.368021999999996,4.222500000000005e-08,35.186435612664475,-0.37329300000000387,-0.37329300000000387,-1.85954309,1.7732930000000038,0,100,10,5,-2,6,8,8,1,5n,1,4n,8,25
7.432121141753869e-06,6.340034294714392e-07,3.5065417288353745e-07,8.066124571225309e-06,8.416778744108846e-06,123.521097,23.521097,3.941845000000001e-08,43.38088556825877,4.408392800000001,4.408392800000001,0.224301798,-3.0083928000000015,1,100,10,5,0,6,8,8,1,10n,0,4n,8,25
3.7748197984798635e-06,6.080880761096433e-07,2.8662690689797385e-07,4.3829078745895065e-06,4.669534781487481e-06,125.900492,25.900492,4.841736999999994e-08,37.453693439838794,2.507680199999996,2.507680199999996,-1.7557633,-1.107680199999996,1,100,10,5,-2,6,8,8,1,10n,0,4n,8,25
3.0360282779381913e-06,6.360882380847156e-07,5.682791169498811e-07,3.672116516022907e-06,4.240395632972788e-06,122.155701,22.155700999999993,3.967499999999996e-08,42.426111784330516,0.8413968999999994,0.8413968999999994,0.101785238,0.5586031000000005,0,100,10,5,0,6,8,8,1,10n,1,4n,8,25
4.351941874239647e-06,6.098739800964761e-07,5.275685681987084e-07,4.961815854336123e-06,5.489384422534831e-06,123.521119,23.521119,4.517499999999995e-08,36.295897430679425,-1.2084469999999996,-1.2084469999999996,-1.88817592,2.6084469999999995,0,100,10,5,-2,6,8,8,1,10n,1,4n,8,25
5.846233994287261e-06,6.337550842299776e-07,2.0339675646605015e-07,6.479989078517239e-06,6.6833858349832895e-06,123.521097,23.521097,4.605515000000001e-08,44.48826274671668,3.786551799999998,3.786551799999998,0.171759181,-2.386551799999998,1,100,10,5,0,6,8,8,1,15n,0,4n,8,25
4.0888622720581305e-06,6.091902761328764e-07,4.2061692005491406e-07,4.698052548191007e-06,5.118669468245921e-06,125.900492,25.900492,4.545494000000005e-08,37.95822038313555,2.2697683000000026,2.2697683000000026,-1.85308309,-0.8697683000000027,1,100,10,5,-2,6,8,8,1,15n,0,4n,8,25
2.9040808495295757e-06,6.36294608867617e-07,5.657810752757102e-07,3.540375458397193e-06,4.106156533672903e-06,122.155701,22.155700999999993,4.29250000000001e-08,42.93772329934289,1.0138661000000013,1.0138661000000013,0.0740120971,0.3861338999999986,0,100,10,5,0,6,8,8,1,15n,1,4n,8,25
4.172483425477618e-06,6.113247109002523e-07,5.243045379918047e-07,4.78380813637787e-06,5.308112674369675e-06,123.521119,23.521119,4.542500000000008e-08,36.88867181755843,-1.0519448000000011,-1.0519448000000011,-1.92839537,2.451944800000001,0,100,10,5,-2,6,8,8,1,15n,1,4n,8,25
5.741513270662622e-06,6.320980693378746e-07,5.745562783854444e-07,6.373611340000497e-06,6.948167618385941e-06,123.521097,23.521097,4.920511e-08,44.17754276444479,3.7062963000000053,3.7062963000000053,0.103114559,-2.3062963000000054,1,100,10,5,0,6,8,8,1,25n,0,4n,8,25
4.107998276147235e-06,6.090083354555272e-07,1.3962819151716292e-06,4.7170066116027625e-06,6.113288526774392e-06,125.900492,25.900492,4.535496999999994e-08,37.4568301504655,2.2913295999999974,2.2913295999999974,-1.9130309,-0.8913295999999975,1,100,10,5,-2,6,8,8,1,25n,0,4n,8,25
2.95340493604557e-06,6.3697682128673e-07,5.634918594908935e-07,3.5903817573323e-06,4.153873616823193e-06,122.155701,22.155700999999993,4.2950720000000015e-08,42.61844646679786,0.9481163000000024,0.9481163000000024,0.0405164468,0.45188369999999756,0,100,10,5,0,6,8,8,1,25n,1,4n,8,25
4.135853233299458e-06,6.121093565328783e-07,1.4072708779320553e-06,4.747962589832337e-06,6.1552334677643925e-06,123.521119,23.521119,4.5511240000000146e-08,36.371180761026636,-1.0391183999999996,-1.0391183999999996,-1.96135872,2.4391183999999995,0,100,10,5,-2,6,8,8,1,25n,1,4n,8,25
5.740062657270253e-06,6.30207094977327e-07,1.1383363780407048e-06,6.37026975224758e-06,7.508606130288285e-06,123.521097,23.521097,5.240506000000006e-08,44.00675535538212,3.706698800000005,3.706698800000005,0.0632043895,-2.3066988000000053,1,100,10,5,0,6,8,8,1,35n,0,4n,8,25
4.105438768797619e-06,6.095216625250834e-07,2.36934113133092e-06,4.7149604313227025e-06,7.084301562653623e-06,125.900492,25.900492,4.535496000000012e-08,37.29967020026465,2.290679599999997,2.290679599999997,-1.94570733,-0.8906795999999972,1,100,10,5,-2,6,8,8,1,35n,0,4n,8,25
2.9591639824578247e-06,6.365346371353229e-07,1.1276682259904323e-06,3.5956986195931474e-06,4.72336684558358e-06,122.155701,22.155700999999993,4.282084000000004e-08,42.43068760521292,0.930765700000002,0.930765700000002,0.0221374829,0.4692342999999979,0,100,10,5,0,6,8,8,1,35n,1,4n,8,25
4.137292318453979e-06,6.131318231058782e-07,2.3806890664976347e-06,4.750424141559857e-06,7.131113208057491e-06,123.521119,23.521119,4.585529000000008e-08,36.15033462663649,-1.0441503999999995,-1.0441503999999995,-1.9743467,2.4441503999999994,0,100,10,5,-2,6,8,8,1,35n,1,4n,8,25
3.0378705313320413e-06,6.360339294166526e-07,6.02962571410785e-07,3.673904460748694e-06,4.276867032159479e-06,121.622295,21.622294999999994,4.612500000000013e-08,42.40121625626627,1.8548574999999943,1.8548574999999943,0.409124474,-0.45485749999999436,1,100,10,5,0,6,8,8,4,5n,0,4n,8,25
4.252799709486756e-06,6.107283344290619e-07,6.285594853718307e-07,4.863528043915817e-06,5.4920875292876484e-06,123.504812,23.504812,4.217500000000015e-08,35.15731363063723,-0.2405391999999935,-0.2405391999999935,-1.75245931,1.6405391999999934,0,100,10,5,-2,6,8,8,4,5n,0,4n,8,25
3.0961623674967176e-06,6.366777285186205e-07,6.042460284181705e-07,3.732840096015338e-06,4.3370861244335085e-06,121.436752,21.436752,4.607500000000002e-08,42.332351776013326,0.7226207000000002,0.7226207000000002,0.167691672,0.6773792999999997,0,100,10,5,0,6,8,8,4,5n,1,4n,8,25
4.224163526810409e-06,6.112597598987565e-07,6.294308882915556e-07,4.835423286709166e-06,5.464854175000722e-06,123.352307,23.352306999999996,4.222500000000005e-08,35.1899429716911,-1.1732408999999961,-1.1732408999999961,-1.85975023,2.573240899999996,0,100,10,5,-2,6,8,8,4,5n,1,4n,8,25
2.9389875322311394e-06,6.348118923253459e-07,5.656490578999061e-07,3.5737994245564854e-06,4.1394484824563915e-06,122.526233,22.526233000000005,4.282160000000004e-08,42.888219272238516,1.9943923000000012,1.9943923000000012,0.207569017,-0.5943923000000013,1,100,10,5,0,6,8,8,4,10n,0,4n,8,25
3.9616207977314005e-06,6.092548597739198e-07,5.907502688273401e-07,4.57087565750532e-06,5.16162592633266e-06,123.994162,23.994162000000003,4.5169090000000114e-08,36.60179679367347,0.06853610000000288,0.06853610000000288,-1.76819367,1.331463899999997,0,100,10,5,-2,6,8,8,4,10n,0,4n,8,25
2.9255662502724716e-06,6.362878980340895e-07,6.042015191936196e-07,3.561854148306561e-06,4.166055667500181e-06,122.13346,22.13346,3.967499999999996e-08,42.44318084599734,0.8653467999999975,0.8653467999999975,0.100551889,0.5346532000000024,0,100,10,5,0,6,8,8,4,10n,1,4n,8,25
4.13554320794531e-06,6.099282308889417e-07,6.155958074232545e-07,4.745471438834252e-06,5.361067246257506e-06,123.502981,23.502981000000005,4.5125000000000055e-08,36.26628455680453,-1.1390571999999963,-1.1390571999999963,-1.88927219,2.5390571999999962,0,100,10,5,-2,6,8,8,4,10n,1,4n,8,25
2.9431772905973e-06,6.342599064784076e-07,5.637508722644956e-07,3.5774371970757078e-06,4.141188069340203e-06,122.526233,22.526233000000005,4.605577999999997e-08,43.49998889673887,1.9941391999999993,1.9941391999999993,0.16220041,-0.5941391999999994,1,100,10,5,0,6,8,8,4,15n,0,4n,8,25
3.987800324991566e-06,6.095650634636576e-07,5.900580489767507e-07,4.597365388455223e-06,5.187423437431974e-06,123.994162,23.994162000000003,4.5458829999999976e-08,37.287276343200254,0.04168149999999571,0.04168149999999571,-1.85652313,1.3583185000000042,0,100,10,5,-2,6,8,8,4,15n,0,4n,8,25
2.980011038516196e-06,6.366611305179045e-07,5.994786296198417e-07,3.6166721690341005e-06,4.2161507986539425e-06,122.13346,22.13346,4.297267000000002e-08,42.91620867276232,0.800713800000004,0.800713800000004,0.072104409,0.5992861999999959,0,100,10,5,0,6,8,8,4,15n,1,4n,8,25
4.127168082317206e-06,6.115820644158008e-07,6.130920922763212e-07,4.7387501467330075e-06,5.351842239009329e-06,123.502981,23.502981000000005,4.2325000000000056e-08,36.8430621219824,-1.1388710000000017,-1.1388710000000017,-1.93067987,2.5388710000000017,0,100,10,5,-2,6,8,8,4,15n,1,4n,8,25
2.9414804415471013e-06,6.330871175309863e-07,6.260458618681709e-07,3.5745675590780878e-06,4.200613420946259e-06,122.526233,22.526233000000005,4.921387000000001e-08,43.22864428296378,1.9934079000000011,1.9934079000000011,0.0978198313,-0.5934079000000012,1,100,10,5,0,6,8,8,4,25n,0,4n,8,25
3.984003484777867e-06,6.093721305379945e-07,1.5263086176856665e-06,4.593375615315861e-06,6.119684233001528e-06,123.994162,23.994162000000003,4.545499000000002e-08,36.84134498430857,0.04219710000000276,0.04219710000000276,-1.9179107,1.3578028999999971,0,100,10,5,-2,6,8,8,4,25n,0,4n,8,25
2.9657674386800526e-06,6.370580873598964e-07,5.940283872205042e-07,3.6028255260399487e-06,4.196853913260453e-06,122.13346,22.13346,3.982500000000008e-08,42.5764809448375,0.8184521000000018,0.8184521000000018,0.0371043711,0.5815478999999981,0,100,10,5,0,6,8,8,4,25n,1,4n,8,25
4.145512660299213e-06,6.125170660695666e-07,1.4922883705955603e-06,4.758029726368779e-06,6.25031809696434e-06,123.502981,23.502981000000005,4.241041000000008e-08,36.30608108370323,-1.1528034000000034,-1.1528034000000034,-1.96293549,2.5528034000000033,0,100,10,5,-2,6,8,8,4,25n,1,4n,8,25
2.939773404162015e-06,6.31184608097538e-07,1.1899146307545168e-06,3.570958012259553e-06,4.76087264301407e-06,122.526233,22.526233000000005,4.929796999999994e-08,43.04658405864886,1.9931948999999989,1.9931948999999989,0.0609088387,-0.593194899999999,1,100,10,5,0,6,8,8,4,35n,0,4n,8,25
3.9813519028215295e-06,6.096672193176563e-07,2.4994852124612472e-06,4.591019122139186e-06,7.090504334600433e-06,123.994162,23.994162000000003,4.5554950000000097e-08,36.65062173068478,0.043027399999999716,0.043027399999999716,-1.95273865,1.3569726000000002,0,100,10,5,-2,6,8,8,4,35n,0,4n,8,25
2.967982684844554e-06,6.362707914029836e-07,1.1578982743414583e-06,3.604253476247538e-06,4.762151750588996e-06,122.13346,22.13346,3.651682000000002e-08,42.39266475322599,0.8158063999999996,0.8158063999999996,0.0175817128,0.5841936000000003,0,100,10,5,0,6,8,8,4,35n,1,4n,8,25
4.144679974187305e-06,6.136734225835891e-07,2.465549195476135e-06,4.758353396770894e-06,7.223902592247029e-06,123.502981,23.502981000000005,4.585534000000005e-08,36.083173397756646,-1.1537738000000033,-1.1537738000000033,-1.97500244,2.553773800000003,0,100,10,5,-2,6,8,8,4,35n,1,4n,8,25
2.853160749887193e-06,6.360093270493408e-07,6.408312462783114e-07,3.489170076936534e-06,4.130001323214846e-06,121.588649,21.588649000000004,4.612500000000013e-08,42.39696357438634,1.5795156000000006,1.5795156000000006,0.407648868,-0.17951560000000066,1,100,10,5,0,6,8,8,8,5n,0,4n,8,25
3.955717015941307e-06,6.107812893859394e-07,6.74807754849331e-07,4.5664983053272464e-06,5.241306060176577e-06,123.436851,23.436851000000004,4.2209190000000085e-08,35.19644868839434,-0.33373500000000433,-0.33373500000000433,-1.75573456,1.7337350000000042,0,100,10,5,-2,6,8,8,8,5n,0,4n,8,25
2.8750677320447446e-06,6.36673190369413e-07,6.404714555287479e-07,3.5117409224141574e-06,4.152212377942905e-06,121.429461,21.429461,4.607500000000002e-08,42.330743766845245,0.8045175000000029,0.8045175000000029,0.167540138,0.595482499999997,0,100,10,5,0,6,8,8,8,5n,1,4n,8,25
3.856398001968632e-06,6.112551369394123e-07,6.753067791080882e-07,4.467653138908044e-06,5.142959918016133e-06,123.336091,23.336090999999996,4.222500000000005e-08,35.19329356687444,-1.1058437000000012,-1.1058437000000012,-1.85995982,2.505843700000001,0,100,10,5,-2,6,8,8,8,5n,1,4n,8,25
2.9133610798154758e-06,6.348368020074501e-07,6.250498300577199e-07,3.548197881822926e-06,4.173247711880646e-06,122.394595,22.394594999999995,3.9576420000000025e-08,42.54800336507413,1.4580415000000002,1.4580415000000002,0.196227685,-0.0580415000000003,1,100,10,5,0,6,8,8,8,10n,0,4n,8,25
4.088909423880749e-06,6.092561942607297e-07,6.479294142039485e-07,4.698165618141479e-06,5.346095032345428e-06,123.59653,23.59653,4.517499999999995e-08,36.45783666514491,-0.4697960999999964,-0.4697960999999964,-1.77256402,1.8697960999999963,0,100,10,5,-2,6,8,8,8,10n,0,4n,8,25
3.0622858290536172e-06,6.365082275610042e-07,6.365659175474615e-07,3.698794056614621e-06,4.335359974162083e-06,122.110773,22.110772999999995,3.972500000000007e-08,42.471461926469374,0.6244085000000013,0.6244085000000013,0.0993257779,0.7755914999999987,0,100,10,5,0,6,8,8,8,10n,1,4n,8,25
4.14104280923241e-06,6.099976081016924e-07,6.58878109285362e-07,4.751040417334102e-06,5.409918526619464e-06,123.484302,23.484302,4.2075000000000143e-08,36.232920852115676,-1.2677180999999962,-1.2677180999999962,-1.89065363,2.667718099999996,0,100,10,5,-2,6,8,8,8,10n,1,4n,8,25
2.9208439137876763e-06,6.347553565607322e-07,6.19539594281082e-07,3.5555992703484084e-06,4.17513886462949e-06,122.394595,22.394594999999995,4.600655000000011e-08,43.19550987688836,1.4691346000000038,1.4691346000000038,0.152286866,-0.06913460000000393,1,100,10,5,0,6,8,8,8,15n,0,4n,8,25
4.089804904763531e-06,6.098314572075944e-07,6.451793498318911e-07,4.699636361971126e-06,5.344815711803017e-06,123.59653,23.59653,4.546744000000008e-08,37.11946797067077,-0.4950706999999994,-0.4950706999999994,-1.85945043,1.8950706999999993,0,100,10,5,-2,6,8,8,8,15n,0,4n,8,25
2.943971723180469e-06,6.371086356891533e-07,6.319050099383752e-07,3.581080358869622e-06,4.212985368807997e-06,122.110773,22.110772999999995,4.302386e-08,42.912451242506215,0.7475091999999961,0.7475091999999961,0.0706054784,0.6524908000000038,0,100,10,5,0,6,8,8,8,15n,1,4n,8,25
4.185052856557361e-06,6.118866043415508e-07,6.556445556481589e-07,4.796939460898912e-06,5.452584016547071e-06,123.484302,23.484302,4.2325000000000056e-08,36.792174176279815,-1.2883307999999971,-1.2883307999999971,-1.93323888,2.688330799999997,0,100,10,5,-2,6,8,8,8,15n,1,4n,8,25
2.9191230649100996e-06,6.344335563810609e-07,6.392051835390075e-07,3.5535566212911606e-06,4.192761804830168e-06,122.394595,22.394594999999995,4.610585000000012e-08,42.91168255420232,1.4646307000000007,1.4646307000000007,0.0903603325,-0.06463070000000082,1,100,10,5,0,6,8,8,8,25n,0,4n,8,25
4.086815235153989e-06,6.099780705685262e-07,1.5457372672084146e-06,4.696793305722515e-06,6.242530572930929e-06,123.59653,23.59653,4.550808999999994e-08,36.65178420977634,-0.4922363999999959,-0.4922363999999959,-1.9196814,1.8922363999999958,0,100,10,5,-2,6,8,8,8,25n,0,4n,8,25
2.9845909768943402e-06,6.372319741134102e-07,6.223222624641422e-07,3.6218229510077505e-06,4.244145213471892e-06,122.110773,22.110772999999995,3.9724820000000055e-08,42.55537891842779,0.7033071000000035,0.7033071000000035,0.0327219478,0.6966928999999964,0,100,10,5,0,6,8,8,8,25n,1,4n,8,25
4.145572679297974e-06,6.129590742622144e-07,1.531347389740014e-06,4.758531753560188e-06,6.289879143300202e-06,123.484302,23.484302,4.235805000000009e-08,36.23089285235533,-1.2644577000000012,-1.2644577000000012,-1.96505443,2.664457700000001,0,100,10,5,-2,6,8,8,8,25n,1,4n,8,25
2.917395386607604e-06,6.339243757527251e-07,1.2031355156579758e-06,3.551319762360329e-06,4.754455278018305e-06,122.394595,22.394594999999995,4.935547000000015e-08,42.73148048595023,1.4625850999999983,1.4625850999999983,0.0559588403,-0.0625850999999984,1,100,10,5,0,6,8,8,8,35n,0,4n,8,25
4.085049131659862e-06,6.104269216907198e-07,2.518888017701398e-06,4.6954760533505815e-06,7.2143640710519796e-06,123.59653,23.59653,4.880504000000014e-08,36.44707084914894,-0.4899774000000008,-0.4899774000000008,-1.95112537,1.8899774000000007,0,100,10,5,-2,6,8,8,8,35n,0,4n,8,25
2.9874530985461195e-06,6.350115464613256e-07,1.1866380060757946e-06,3.622464645007445e-06,4.8091026510832394e-06,122.110773,22.110772999999995,3.462500000000011e-08,42.382582954424905,0.6951990000000023,0.6951990000000023,0.0125549556,0.7048009999999976,0,100,10,5,0,6,8,8,8,35n,1,4n,8,25
4.146593607427676e-06,6.142326812394677e-07,2.5044748573050954e-06,4.760826288667143e-06,7.265301145972239e-06,123.484302,23.484302,4.585536999999995e-08,36.00808493115866,-1.2664144999999962,-1.2664144999999962,-1.97591953,2.666414499999996,0,100,10,5,-2,6,8,8,8,35n,1,4n,8,25
1.4426355931520899e-05,4.860295403434536e-06,1.3943211344889544e-08,1.9286651334955434e-05,1.9300594546300323e-05,142.276882,42.27688200000001,4.992828000000003e-08,78.02982396523277,5.9194908999999996,5.9194908999999996,4.62842743,-4.519490899999999,1,100,10,5,0,8,2,8,1,5n,0,4n,8,25
5.6014258037174945e-06,7.155157479093498e-07,1.208294541550048e-07,6.316941551626844e-06,6.437771005781849e-06,144.855638,44.855638,6.095513e-08,69.91227947551394,5.087720399999995,5.087720399999995,1.54969051,-3.687720399999995,1,100,10,5,-2,8,2,8,1,5n,0,4n,8,25
3.167768768881861e-06,9.07592480743402e-07,1.9515779753085366e-08,4.075361249625263e-06,4.094877029378348e-06,162.28926,62.28926000000001,6.065255999999997e-08,76.3659568657794,1.3220760000000098,1.3220760000000098,1.02387207,0.07792399999999011,0,100,10,5,0,8,2,8,1,5n,1,4n,8,25
4.027658725550054e-06,6.462658505000634e-07,1.5759753509821777e-07,4.673924576050118e-06,4.8315221111483355e-06,135.776435,35.77643499999999,5.752500000000014e-08,62.942256182275514,-0.3732949999999988,-0.3732949999999988,-1.23532635,1.7732949999999987,0,100,10,5,-2,8,2,8,1,5n,1,4n,8,25
7.2825636750034694e-06,1.1727120960816648e-06,5.799044951771928e-07,8.455275771085134e-06,9.035180266262327e-06,118.004689,18.004689,4.796487000000005e-08,65.60381476376858,4.751161000000003,4.751161000000003,1.35465424,-3.3511610000000034,1,100,10,5,0,8,2,8,1,10n,0,4n,8,25
3.568227794918268e-06,7.06482007842057e-07,5.381604265590818e-07,4.274709802760325e-06,4.812870229319407e-06,118.68217,18.68217,4.808860999999999e-08,59.15926753819309,2.653089999999999,2.653089999999999,-1.48476229,-1.253089999999999,1,100,10,5,-2,8,2,8,1,10n,0,4n,8,25
2.8980889953564592e-06,6.293628702973112e-07,6.427060348879922e-07,3.5274518656537704e-06,4.170157900541763e-06,123.968228,23.968227999999996,4.537499999999997e-08,61.99742442031563,0.9346658000000048,0.9346658000000048,0.173700446,0.46533419999999515,0,100,10,5,0,8,2,8,1,10n,1,4n,8,25
4.14528313799159e-06,6.398904083025998e-07,6.856486963741809e-07,4.78517354629419e-06,5.47082224266837e-06,123.990792,23.990792000000003,5.105628000000004e-08,58.8088882951391,-1.0717146,-1.0717146,-1.82190878,2.4717146,0,100,10,5,-2,8,2,8,1,10n,1,4n,8,25
5.625625468361213e-06,1.1761027972941332e-06,4.5445973299076855e-07,6.801728265655347e-06,7.256187998646115e-06,120.969067,20.969066999999995,4.122003999999998e-08,67.55183581238816,3.900670600000005,3.900670600000005,0.294154938,-2.500670600000005,1,100,10,5,0,8,2,8,1,15n,0,4n,8,25
3.889653387761274e-06,7.092628997225565e-07,3.556356814891427e-07,4.598916287483831e-06,4.954551968972973e-06,120.923438,20.923438000000004,3.465278000000009e-08,60.079615353099584,2.4105767999999976,2.4105767999999976,-1.82545493,-1.0105767999999977,1,100,10,5,-2,8,2,8,1,15n,0,4n,8,25
2.74319035786825e-06,6.29585008146193e-07,6.472310325476173e-07,3.372775366014443e-06,4.020006398562061e-06,123.968228,23.968227999999996,4.8725000000000114e-08,63.09327774151891,1.1272693000000018,1.1272693000000018,0.11054567,0.2727306999999981,0,100,10,5,0,8,2,8,1,15n,1,4n,8,25
3.97192383598227e-06,6.404946149677777e-07,6.663322753217005e-07,4.612418450950047e-06,5.278750726271748e-06,123.990792,23.990792000000003,4.142499999999999e-08,59.10892285254922,-0.9117379999999997,-0.9117379999999997,-1.87538177,2.3117379999999996,0,100,10,5,-2,8,2,8,1,15n,1,4n,8,25
5.517028584360488e-06,1.176709755473525e-06,4.1246155718034095e-07,6.6937383398340134e-06,7.1061998970143544e-06,120.969067,20.969066999999995,4.4474350000000084e-08,68.08763399446879,3.7459540000000047,3.7459540000000047,0.135066316,-2.3459540000000048,1,100,10,5,0,8,2,8,1,25n,0,4n,8,25
3.91218603609566e-06,7.106371472629959e-07,1.2327134581636287e-06,4.622823183358656e-06,5.855536641522284e-06,120.923438,20.923438000000004,3.124598999999998e-08,59.756555798295686,2.430774800000002,2.430774800000002,-1.89255313,-1.0307748000000019,1,100,10,5,-2,8,2,8,1,25n,0,4n,8,25
2.7944586399774634e-06,6.310354106700749e-07,6.27652972631476e-07,3.4254940506475383e-06,4.0531470232790146e-06,123.968228,23.968227999999996,4.892468000000003e-08,62.81213376846444,1.0593721000000045,1.0593721000000045,0.0601956943,0.34062789999999543,0,100,10,5,0,8,2,8,1,25n,1,4n,8,25
3.9254162146185326e-06,6.417528972501835e-07,1.261013307536797e-06,4.5671691118687165e-06,5.828182419405513e-06,123.990792,23.990792000000003,3.461331000000006e-08,58.69132963466183,-0.8941939999999988,-0.8941939999999988,-1.94303186,2.2941939999999987,0,100,10,5,-2,8,2,8,1,25n,1,4n,8,25
5.514166883343133e-06,1.177963308664124e-06,9.755245690463237e-07,6.692130192007257e-06,7.66765476105358e-06,120.969067,20.969066999999995,4.102601000000002e-08,67.5148934252873,3.7458217000000005,3.7458217000000005,0.0749800842,-2.3458217000000006,1,100,10,5,0,8,2,8,1,35n,0,4n,8,25
3.9092023046109755e-06,7.125839643505154e-07,2.2040382262542458e-06,4.621786268961491e-06,6.825824495215736e-06,120.923438,20.923438000000004,3.5478140000000027e-08,59.26586303404746,2.430108699999998,2.430108699999998,-1.93605408,-1.0301086999999982,1,100,10,5,-2,8,2,8,1,35n,0,4n,8,25
2.799370552901434e-06,6.328215674538705e-07,1.0473003398513606e-06,3.4321921203553042e-06,4.479492460206664e-06,123.968228,23.968227999999996,4.915615000000006e-08,62.3918798466962,1.0424341000000013,1.0424341000000013,0.0367303722,0.35756589999999866,0,100,10,5,0,8,2,8,1,35n,1,4n,8,25
3.926563064319884e-06,6.429982883366714e-07,2.232992740673924e-06,4.569561352656555e-06,6.802554093330479e-06,123.990792,23.990792000000003,3.565453999999998e-08,58.215580274228316,-0.8991948000000036,-0.8991948000000036,-1.97485311,2.2991948000000035,0,100,10,5,-2,8,2,8,1,35n,1,4n,8,25
2.882523561688198e-06,4.862160803931845e-06,4.167657029455626e-08,7.744684365620042e-06,7.786360935914599e-06,142.276695,42.27669499999999,4.992224999999997e-08,78.02673147311127,4.62917578,2.0945158000000035,4.62917578,-3.22917578,1,100,10,5,0,8,2,8,4,5n,0,4n,8,25
4.079500994960036e-06,7.160737132361406e-07,1.9960948287395917e-07,4.795574708196177e-06,4.995184191070136e-06,145.266513,45.266513,6.09591e-08,70.2018501051015,1.5616508,0.06064280000000366,1.5616508,-0.1616508000000001,1,100,10,5,-2,8,2,8,4,5n,0,4n,8,25
2.9572753099519597e-06,9.077208351366066e-07,4.3276746629416455e-08,3.864996145088567e-06,3.908272891717984e-06,162.297244,62.297244000000006,6.065231999999995e-08,76.3669563955516,1.02385431,0.8079638000000031,1.02385431,0.37614569,0,100,10,5,0,8,2,8,4,5n,1,4n,8,25
4.041298389852234e-06,6.463098039082629e-07,2.281372552110142e-07,4.687608193760497e-06,4.915745448971511e-06,135.808991,35.80899099999999,5.752500000000014e-08,62.96061004995802,-1.0587746000000067,-1.0587746000000067,-1.23536049,2.4587746000000066,0,100,10,5,-2,8,2,8,4,5n,1,4n,8,25
2.7855843975761807e-06,1.172351965711293e-06,7.197043311677814e-07,3.957936363287474e-06,4.677640694455256e-06,118.002421,18.002421,4.797499999999995e-08,65.59389094357661,2.2378235999999987,2.2378235999999987,1.35368733,-0.8378235999999988,1,100,10,5,0,8,2,8,4,10n,0,4n,8,25
3.775313193645097e-06,7.073148946138097e-07,7.881778178577242e-07,4.482628088258907e-06,5.270805906116631e-06,117.775203,17.775203000000005,4.787137000000012e-08,58.73762934658574,0.38341239999999743,0.38341239999999743,-1.49520005,1.0165876000000025,0,100,10,5,-2,8,2,8,4,10n,0,4n,8,25
2.7657837638789766e-06,6.293956351046577e-07,6.789363823928188e-07,3.395179398983634e-06,4.074115781376453e-06,123.943405,23.943405,4.542500000000008e-08,61.986466685989775,0.9639102000000008,0.9639102000000008,0.172984578,0.4360897999999991,0,100,10,5,0,8,2,8,4,10n,1,4n,8,25
3.932685175989998e-06,6.398628496719646e-07,7.729629775444873e-07,4.572548025661963e-06,5.34551100320645e-06,123.971317,23.971317,4.8006390000000104e-08,58.78042715651227,-1.0159149999999997,-1.0159149999999997,-1.82294477,2.4159149999999996,0,100,10,5,-2,8,2,8,4,10n,1,4n,8,25
2.7903630780160035e-06,1.174340494760802e-06,7.182333311443669e-07,3.964703572776806e-06,4.682936903921172e-06,118.867232,18.867232,4.4678130000000046e-08,66.87472560049991,2.237222200000005,2.237222200000005,0.253093691,-0.8372222000000051,1,100,10,5,0,8,2,8,4,15n,0,4n,8,25
3.8016355575290333e-06,7.085283647329157e-07,7.489913424698131e-07,4.510163922261949e-06,5.259155264731762e-06,119.248432,19.248431999999994,3.7904670000000094e-08,59.32235382739983,0.35682059999999893,0.35682059999999893,-1.83318659,1.043179400000001,0,100,10,5,-2,8,2,8,4,15n,0,4n,8,25
2.8123742326432886e-06,6.298949295019578e-07,6.816508046352976e-07,3.4422691621452465e-06,4.1239199667805445e-06,123.943405,23.943405,4.8725000000000114e-08,63.0856759609576,0.9032075000000006,0.9032075000000006,0.107983874,0.4967924999999993,0,100,10,5,0,8,2,8,4,15n,1,4n,8,25
3.912922061389546e-06,6.403764886009508e-07,7.544984712248733e-07,4.553298549990496e-06,5.3077970212153695e-06,123.971317,23.971317,4.142499999999999e-08,59.084469168590935,-1.009761300000001,-1.009761300000001,-1.87739281,2.409761300000001,0,100,10,5,-2,8,2,8,4,15n,1,4n,8,25
2.7885885756022053e-06,1.1747136836078672e-06,7.057675180513156e-07,3.963302259210072e-06,4.6690697772613874e-06,118.867232,18.867232,4.450190000000007e-08,66.93932484402723,2.2364418999999955,2.2364418999999955,0.123661592,-0.8364418999999956,1,100,10,5,0,8,2,8,4,25n,0,4n,8,25
3.7976066740499073e-06,7.097964627228154e-07,1.363834380045766e-06,4.5074031367727225e-06,5.871237516818489e-06,119.248432,19.248431999999994,3.132431999999994e-08,58.96716058782849,0.35674410000000023,0.35674410000000023,-1.90232439,1.0432558999999997,0,100,10,5,-2,8,2,8,4,25n,0,4n,8,25
2.8018465644583388e-06,6.322638296001869e-07,6.628337983870133e-07,3.434110394058526e-06,4.096944192445539e-06,123.943405,23.943405,4.897075000000007e-08,62.787548218916506,0.9190155000000004,0.9190155000000004,0.0590721932,0.4809844999999995,0,100,10,5,0,8,2,8,4,25n,1,4n,8,25
3.931850367031232e-06,6.418030641487355e-07,1.3457214734665548e-06,4.5736534311799675e-06,5.9193749046465225e-06,123.971317,23.971317,3.146567000000002e-08,58.63085241071731,-1.0244187999999994,-1.0244187999999994,-1.94658278,2.4244187999999993,0,100,10,5,-2,8,2,8,4,25n,1,4n,8,25
2.7869235361426185e-06,1.1753014453181742e-06,1.0297659193068512e-06,3.9622249814607925e-06,4.991990900767643e-06,118.867232,18.867232,4.120931000000002e-08,66.36510335855387,2.2362433999999993,2.2362433999999993,0.0674946426,-0.8362433999999994,1,100,10,5,0,8,2,8,4,35n,0,4n,8,25
3.7950601457675186e-06,7.113013472719177e-07,2.3362277166179198e-06,4.506361493039437e-06,6.8425892096573565e-06,119.248432,19.248431999999994,3.557780000000007e-08,58.45486588538771,0.35733259999999945,0.35733259999999945,-1.94307163,1.0426674000000005,0,100,10,5,-2,8,2,8,4,35n,0,4n,8,25
2.805186055957003e-06,6.3486399538451e-07,1.0768078303462906e-06,3.440050051341513e-06,4.516857881687804e-06,123.943405,23.943405,4.925639000000009e-08,62.35558731319944,0.9157407000000006,0.9157407000000006,0.0346817582,0.4842592999999993,0,100,10,5,0,8,2,8,4,35n,1,4n,8,25
3.9317625206011035e-06,6.430494314018585e-07,2.3176588113123117e-06,4.574811952002962e-06,6.892470763315274e-06,123.971317,23.971317,3.570459000000006e-08,58.14992739495707,-1.0256541999999982,-1.0256541999999982,-1.9775065,2.425654199999998,0,100,10,5,-2,8,2,8,4,35n,1,4n,8,25
2.6983551927788827e-06,4.860986444983315e-06,7.927370524474105e-08,7.5593416377621975e-06,7.638615343006938e-06,142.279257,42.279257,4.993490999999994e-08,78.02448381604096,4.62651256,1.7643780000000007,4.62651256,-3.22651256,1,100,10,5,0,8,2,8,8,5n,0,4n,8,25
3.7697026899524026e-06,7.164443083416046e-07,2.4563959237279267e-07,4.486146998294007e-06,4.7317865906668004e-06,145.532186,45.532185999999996,6.09644400000001e-08,70.35467533766186,1.57141374,-0.10465150000000278,1.57141374,-0.17141373999999998,1,100,10,5,-2,8,2,8,8,5n,0,4n,8,25
2.6980135065934274e-06,9.078385123847685e-07,7.949198680122359e-08,3.605852018978196e-06,3.6853440057794194e-06,162.30466,62.30466000000001,6.065208000000014e-08,76.3678462965186,1.02383646,0.8981606999999983,1.02383646,0.37616353999999985,0,100,10,5,0,8,2,8,8,5n,1,4n,8,25
3.6336111025043497e-06,6.463590767206311e-07,2.7398243118218816e-07,4.279970179224981e-06,4.553952610407169e-06,135.840917,35.84091699999999,5.752500000000014e-08,62.97866399753768,-0.9858334999999983,-0.9858334999999983,-1.23539512,2.385833499999998,0,100,10,5,-2,8,2,8,8,5n,1,4n,8,25
2.7591166447154737e-06,1.1721994402215616e-06,7.540752162754455e-07,3.9313160849370356e-06,4.685391301212481e-06,118.001867,18.001867000000004,4.797499999999995e-08,65.58956509239796,1.6375737999999984,1.6375737999999984,1.35339977,-0.2375737999999985,1,100,10,5,0,8,2,8,8,10n,0,4n,8,25
3.888768233041511e-06,7.077128268565627e-07,8.272231539842608e-07,4.596481059898073e-06,5.423704213882334e-06,117.712692,17.712692000000004,4.4725000000000025e-08,58.50495181568953,-0.2412895000000006,-0.2412895000000006,-1.50180798,1.6412895000000005,0,100,10,5,-2,8,2,8,8,10n,0,4n,8,25
2.8976543673325506e-06,6.294206173089448e-07,7.117860125014156e-07,3.5270749846414953e-06,4.238860997142911e-06,123.918035,23.918035000000003,4.542500000000008e-08,61.979731833571925,0.7105598999999998,0.7105598999999998,0.172266167,0.6894401000000001,0,100,10,5,0,8,2,8,8,10n,1,4n,8,25
3.909693522365102e-06,6.398257314515015e-07,8.15863525653207e-07,4.549519253816603e-06,5.36538277946981e-06,123.951203,23.951203000000007,4.8006510000000116e-08,58.75438291436388,-1.1515396999999936,-1.1515396999999936,-1.82403239,2.5515396999999935,0,100,10,5,-2,8,2,8,8,10n,1,4n,8,25
2.7661413546813787e-06,1.174277558719676e-06,7.76545563052525e-07,3.940418913401055e-06,4.7169644764535796e-06,118.794007,18.794006999999993,4.4524020000000055e-08,66.47496828229409,1.6501405000000062,1.6501405000000062,0.243827186,-0.2501405000000063,1,100,10,5,0,8,2,8,8,15n,0,4n,8,25
3.887684973113784e-06,7.083911035457577e-07,8.082093236342222e-07,4.596076076659542e-06,5.404285400293764e-06,118.355235,18.355234999999993,3.491511000000005e-08,59.150012753465205,-0.2626156000000037,-0.2626156000000037,-1.83571214,1.6626156000000036,0,100,10,5,-2,8,2,8,8,15n,0,4n,8,25
2.7861107882301e-06,6.302484333318492e-07,7.146182801457205e-07,3.416359221561949e-06,4.130977501707669e-06,123.918035,23.918035000000003,4.877500000000001e-08,63.095942089855264,0.8305433999999963,0.8305433999999963,0.10560867,0.5694566000000036,0,100,10,5,0,8,2,8,8,15n,1,4n,8,25
3.966011362902451e-06,6.402566825983812e-07,7.962090350227919e-07,4.606268045500832e-06,5.402477080523624e-06,123.951203,23.951203000000007,4.142499999999999e-08,59.057912940863375,-1.1759661000000037,-1.1759661000000037,-1.8796478,2.5759661000000036,0,100,10,5,-2,8,2,8,8,15n,1,4n,8,25
2.7646330691785594e-06,1.1737985179513517e-06,7.605810540697782e-07,3.938431587129911e-06,4.699012641199689e-06,118.794007,18.794006999999993,4.140359000000004e-08,66.6190493370051,1.6458977000000061,1.6458977000000061,0.108671426,-0.24589770000000621,1,100,10,5,0,8,2,8,8,25n,0,4n,8,25
3.8847550316335185e-06,7.092731128189455e-07,1.3832902968918333e-06,4.594028144452464e-06,5.977318441344297e-06,118.355235,18.355234999999993,3.1404560000000054e-08,58.793783387640204,-0.2599451999999971,-0.2599451999999971,-1.91331464,1.659945199999997,0,100,10,5,-2,8,2,8,8,25n,0,4n,8,25
2.824573274688031e-06,6.341210719720545e-07,6.971892794641775e-07,3.4586943466600856e-06,4.155883626124263e-06,123.918035,23.918035000000003,4.911041999999998e-08,62.79452280890628,0.7872487000000064,0.7872487000000064,0.0589440214,0.6127512999999936,0,100,10,5,0,8,2,8,8,25n,1,4n,8,25
3.935853596542946e-06,6.419887136024701e-07,1.3841999946964415e-06,4.577842310145416e-06,5.9620423048418576e-06,123.951203,23.951203000000007,2.8217350000000046e-08,58.56208014499127,-1.153808000000005,-1.153808000000005,-1.95088296,2.553808000000005,0,100,10,5,-2,8,2,8,8,25n,1,4n,8,25
2.7630818026876033e-06,1.173648567393164e-06,1.0434023696711902e-06,3.936730370080768e-06,4.980132739751958e-06,118.794007,18.794006999999993,4.138163e-08,66.03880211945366,1.644280699999996,1.644280699999996,0.0549803136,-0.24428069999999602,1,100,10,5,0,8,2,8,8,35n,0,4n,8,25
3.883104561786654e-06,7.104678262398132e-07,2.3555864908716772e-06,4.593572388026467e-06,6.949158878898144e-06,118.355235,18.355234999999993,3.566384000000005e-08,58.266716850091434,-0.25870159999999487,-0.25870159999999487,-1.95258577,1.6587015999999948,0,100,10,5,-2,8,2,8,8,35n,0,4n,8,25
2.8249608271604165e-06,6.374979563133647e-07,1.104416536232287e-06,3.4624587834737815e-06,4.566875319706068e-06,123.918035,23.918035000000003,4.927076999999995e-08,62.34637255875477,0.7814140999999992,0.7814140999999992,0.0334233391,0.6185859000000007,0,100,10,5,0,8,2,8,8,35n,1,4n,8,25
3.9363924110937875e-06,6.432189882162406e-07,2.356383906874666e-06,4.579611399310028e-06,6.9359953061846946e-06,123.951203,23.951203000000007,3.580537999999997e-08,58.07779126333496,-1.1556465000000031,-1.1556465000000031,-1.98052077,2.555646500000003,0,100,10,5,-2,8,2,8,8,35n,1,4n,8,25
1.4424729192910692e-05,6.362748477237585e-07,5.742672997830399e-07,1.506100404063445e-05,1.563527134041749e-05,121.62806,21.628060000000005,4.611732000000001e-08,42.38914679297905,5.9193742,5.9193742,0.41106815,-4.5193742,1,100,10,5,0,8,8,8,1,5n,0,4n,8,25
5.600553863631823e-06,6.108766628268846e-07,5.46568657990409e-07,6.211430526458708e-06,6.757999184449116e-06,123.632352,23.632351999999997,4.21155600000001e-08,35.05885277638952,5.087669099999999,5.087669099999999,-1.74119901,-3.6876690999999995,1,100,10,5,-2,8,8,8,1,5n,0,4n,8,25
3.1674186099936264e-06,6.366793029540597e-07,5.803485525040936e-07,3.804097912947686e-06,4.38444646545178e-06,121.443871,21.443870999999998,4.607500000000002e-08,42.334085943939144,1.3210169999999977,1.3210169999999977,0.167840158,0.07898300000000225,0,100,10,5,0,8,8,8,1,5n,1,4n,8,25
4.026562147566727e-06,6.112774539361544e-07,5.588672384504095e-07,4.637839601502881e-06,5.19670683995329e-06,123.368029,23.368029000000007,4.222500000000005e-08,35.18639423482756,-0.37329400000000135,-0.37329400000000135,-1.85954313,1.7732940000000013,0,100,10,5,-2,8,8,8,1,5n,1,4n,8,25
7.273140937026407e-06,6.340024720022023e-07,3.5069066014901044e-07,7.907143409028609e-06,8.25783406917762e-06,123.521078,23.521078000000003,3.941845000000001e-08,43.380813747171615,4.749965199999998,4.749965199999998,0.22430031,-3.3499651999999984,1,100,10,5,0,8,8,8,1,10n,0,4n,8,25
3.5670766579853154e-06,6.080971394356073e-07,2.868439538688038e-07,4.175173797420923e-06,4.462017751289726e-06,125.900503,25.900503,4.841736999999994e-08,37.45365081076981,2.652985100000002,2.652985100000002,-1.75576437,-1.2529851000000023,1,100,10,5,-2,8,8,8,1,10n,0,4n,8,25
2.89717500700126e-06,6.360876657174359e-07,5.682788456268344e-07,3.533262672718696e-06,4.101541518345531e-06,122.1557,22.155699999999996,3.967499999999996e-08,42.42606376997228,0.9349606999999978,0.9349606999999978,0.101785043,0.46503930000000215,0,100,10,5,0,8,8,8,1,10n,1,4n,8,25
4.1443340180092545e-06,6.098870239350281e-07,5.275679885878434e-07,4.754221041944282e-06,5.281789030532126e-06,123.521126,23.521125999999995,4.517499999999995e-08,36.29586077685489,-1.0714664999999997,-1.0714664999999997,-1.88817575,2.4714664999999996,0,100,10,5,-2,8,8,8,1,10n,1,4n,8,25
5.623016193344141e-06,6.337541030123258e-07,2.0324453613649423e-07,6.256770296356467e-06,6.460014832492961e-06,123.521078,23.521078000000003,4.605515000000001e-08,44.488187665512775,3.901326900000001,3.901326900000001,0.171758818,-2.501326900000001,1,100,10,5,0,8,8,8,1,15n,0,4n,8,25
3.888640727358425e-06,6.091993447041824e-07,4.2062014283423825e-07,4.497840072062608e-06,4.9184602148968456e-06,125.900503,25.900503,4.545494000000005e-08,37.95816448497025,2.410490000000003,2.410490000000003,-1.85308358,-1.010490000000003,1,100,10,5,-2,8,8,8,1,15n,0,4n,8,25
2.7428258665932054e-06,6.362940407481992e-07,5.657808889109348e-07,3.3791199073414045e-06,3.94490079625234e-06,122.1557,22.155699999999996,4.29250000000001e-08,42.937676827903886,1.1268877000000046,1.1268877000000046,0.0740120029,0.2731122999999953,0,100,10,5,0,8,8,8,1,15n,1,4n,8,25
3.9712224740226685e-06,6.113377518855352e-07,5.243039182458143e-07,4.582560225908204e-06,5.106864144154018e-06,123.521126,23.521125999999995,4.542500000000008e-08,36.88862827737046,-0.9118397999999956,-0.9118397999999956,-1.92839524,2.3118397999999956,0,100,10,5,-2,8,8,8,1,15n,1,4n,8,25
5.514572578376092e-06,6.320970906956627e-07,5.745619689592488e-07,6.146669669071755e-06,6.721231638031004e-06,123.521078,23.521078000000003,4.920511e-08,44.17746668365896,3.7458838999999955,3.7458838999999955,0.103114229,-2.3458838999999956,1,100,10,5,0,8,8,8,1,25n,0,4n,8,25
3.91133072966728e-06,6.090174287830937e-07,1.3962871661072286e-06,4.5203481584503735e-06,5.916635324557602e-06,125.900503,25.900503,4.535496999999994e-08,37.456776331877236,2.4306469000000064,2.4306469000000064,-1.91303042,-1.0306469000000065,1,100,10,5,-2,8,8,8,1,25n,0,4n,8,25
2.794106943769138e-06,6.369769687063094e-07,5.634936219134787e-07,3.4310839124754474e-06,3.994577534388926e-06,122.1557,22.155699999999996,4.295066000000001e-08,42.61840581486793,1.0591227999999973,1.0591227999999973,0.0405163014,0.34087720000000266,0,100,10,5,0,8,8,8,1,25n,1,4n,8,25
3.924672127668222e-06,6.121224035631239e-07,1.4072737832337378e-06,4.536794531231346e-06,5.944068314465083e-06,123.521126,23.521125999999995,4.5511240000000146e-08,36.371138563389934,-0.8942260999999974,-0.8942260999999974,-1.96135885,2.2942260999999973,0,100,10,5,-2,8,8,8,1,25n,1,4n,8,25
5.511715318398696e-06,6.302061261184977e-07,1.1383444921722395e-06,6.141921444517194e-06,7.280265936689434e-06,123.521078,23.521078000000003,5.240506000000006e-08,44.0066794595239,3.745757999999995,3.745757999999995,0.0632041147,-2.345757999999995,1,100,10,5,0,8,8,8,1,35n,0,4n,8,25
3.908349632162716e-06,6.095307823904175e-07,2.3693484407862243e-06,4.5178804145531336e-06,6.887228855339358e-06,125.900503,25.900503,4.535496000000012e-08,37.299618177703984,2.4299759000000023,2.4299759000000023,-1.94570708,-1.0299759000000024,1,100,10,5,-2,8,8,8,1,35n,0,4n,8,25
2.7989145504399253e-06,6.365340944225678e-07,1.1276707592688323e-06,3.435448644862493e-06,4.563119404131326e-06,122.1557,22.155699999999996,4.282084000000004e-08,42.43064097028065,1.0422483000000042,1.0422483000000042,0.0221375157,0.3577516999999957,0,100,10,5,0,8,8,8,1,35n,1,4n,8,25
3.925784964496792e-06,6.131448755665172e-07,2.3806930812994915e-06,4.5389298400633095e-06,6.919622921362801e-06,123.521126,23.521125999999995,4.585529000000008e-08,36.15029343816697,-0.8992051999999973,-0.8992051999999973,-1.9743468,2.299205199999997,0,100,10,5,-2,8,8,8,1,35n,1,4n,8,25
2.8814057001461322e-06,6.360333586614019e-07,6.029627458502217e-07,3.517439058807534e-06,4.1204018046577556e-06,121.622294,21.622293999999997,4.612500000000013e-08,42.401167997037604,2.095497200000004,2.095497200000004,0.409121389,-0.6954972000000041,1,100,10,5,0,8,8,8,4,5n,0,4n,8,25
4.079186031782818e-06,6.107413555348247e-07,6.285591128400592e-07,4.6899273873176426e-06,5.318486500157702e-06,123.50482,23.504819999999995,4.217500000000015e-08,35.157271571245666,0.060667799999997385,0.060667799999997385,-1.75245882,1.3393322000000025,0,100,10,5,-2,8,8,8,4,5n,0,4n,8,25
2.954954661402733e-06,6.366771445648076e-07,6.042461996529461e-07,3.591631805967541e-06,4.195878005620487e-06,121.436751,21.436751,4.607500000000002e-08,42.332305674834224,0.8093532999999979,0.8093532999999979,0.167690303,0.590646700000002,0,100,10,5,0,8,8,8,4,5n,1,4n,8,25
4.0406573586051684e-06,6.112727976676774e-07,6.294305141684663e-07,4.651930156272846e-06,5.2813606704413124e-06,123.352314,23.352314000000007,4.222500000000005e-08,35.189901610598156,-1.0588756000000004,-1.0588756000000004,-1.85975026,2.4588756000000003,0,100,10,5,-2,8,8,8,4,5n,1,4n,8,25
2.7841058277535923e-06,6.348112611040897e-07,5.656487772205778e-07,3.418917088857682e-06,3.9845658660782595e-06,122.526216,22.526216000000005,4.282160000000004e-08,42.88816838742315,2.238002899999998,2.238002899999998,0.207568657,-0.838002899999998,1,100,10,5,0,8,8,8,4,10n,0,4n,8,25
3.7736437282262285e-06,6.092678878499184e-07,5.907496921762188e-07,4.382911616076147e-06,4.973661308252366e-06,123.994161,23.994161000000005,4.5169090000000114e-08,36.60175977766314,0.3844621999999944,0.3844621999999944,-1.7681944,1.0155378000000055,0,100,10,5,-2,8,8,8,4,10n,0,4n,8,25
2.7651764774689085e-06,6.362873270497186e-07,6.04201283163304e-07,3.401463804518627e-06,4.0056650876819315e-06,122.133459,22.133459000000002,3.967499999999996e-08,42.443132916445265,0.9638905999999992,0.9638905999999992,0.100551711,0.43610940000000076,0,100,10,5,0,8,8,8,4,10n,1,4n,8,25
3.931392754976274e-06,6.099412737555163e-07,6.155953066803556e-07,4.54133402873179e-06,5.156929335412146e-06,123.502988,23.502988000000002,4.5125000000000055e-08,36.26624791999712,-1.015599800000004,-1.015599800000004,-1.88927201,2.415599800000004,0,100,10,5,-2,8,8,8,4,10n,1,4n,8,25
2.7890775042946872e-06,6.34259329324576e-07,5.637506523802288e-07,3.4233368336192632e-06,3.987087485999492e-06,122.526216,22.526216000000005,4.605577999999997e-08,43.49993988342137,2.237167299999996,2.237167299999996,0.162200167,-0.837167299999996,1,100,10,5,0,8,8,8,4,15n,0,4n,8,25
3.8011121696929605e-06,6.095780937636307e-07,5.900574634930156e-07,4.410690263456591e-06,5.000747726949607e-06,123.994161,23.994161000000005,4.5458829999999976e-08,37.28723235914867,0.35599779999999726,0.35599779999999726,-1.85652335,1.0440022000000027,0,100,10,5,-2,8,8,8,4,15n,0,4n,8,25
2.8115122584768722e-06,6.366605709326879e-07,5.99478500507938e-07,3.4481728294095602e-06,4.047651329917498e-06,122.133459,22.133459000000002,4.297267000000002e-08,42.916162382986414,0.903265900000001,0.903265900000001,0.072104318,0.49673409999999896,0,100,10,5,0,8,8,8,4,15n,1,4n,8,25
3.912119064756239e-06,6.115951036236293e-07,6.130915476263922e-07,4.523714168379869e-06,5.136805716006261e-06,123.502988,23.502988000000002,4.2325000000000056e-08,36.84301863958406,-1.009785799999996,-1.009785799999996,-1.93067974,2.409785799999996,0,100,10,5,-2,8,8,8,4,15n,1,4n,8,25
2.7873872701145675e-06,6.330860358734054e-07,6.26047989437233e-07,3.420473305987973e-06,4.046521295425206e-06,122.526216,22.526216000000005,4.9213859999999975e-08,43.22859618955468,2.2363506000000015,2.2363506000000015,0.097819709,-0.8363506000000016,1,100,10,5,0,8,8,8,4,25n,0,4n,8,25
3.797038302505843e-06,6.093851725597058e-07,1.526311709377398e-06,4.406423475065549e-06,5.932735184442947e-06,123.994161,23.994161000000005,4.545499000000002e-08,36.841302345245914,0.3564974000000021,0.3564974000000021,-1.917911,1.0435025999999978,0,100,10,5,-2,8,8,8,4,25n,0,4n,8,25
2.801122013030257e-06,6.370575430272999e-07,5.940301802903691e-07,3.438179556057557e-06,4.032209736347926e-06,122.133459,22.133459000000002,3.982500000000008e-08,42.57643431037174,0.9190390999999991,0.9190390999999991,0.0371043884,0.4809609000000008,0,100,10,5,0,8,8,8,4,25n,1,4n,8,25
3.931031354272738e-06,6.125301121746411e-07,1.4922913683530602e-06,4.543561466447379e-06,6.035852834800439e-06,123.502988,23.502988000000002,4.241041000000008e-08,36.30603897900228,-1.024390799999999,-1.024390799999999,-1.96293563,2.424390799999999,0,100,10,5,-2,8,8,8,4,25n,1,4n,8,25
2.7857111044015037e-06,6.311840472994331e-07,1.1899176817840225e-06,3.416895151700937e-06,4.606812833484959e-06,122.526216,22.526216000000005,4.929796999999994e-08,43.04653466686007,2.2361673000000053,2.2361673000000053,0.0609087724,-0.8361673000000054,1,100,10,5,0,8,8,8,4,35n,0,4n,8,25
3.794421463157338e-06,6.096802748220315e-07,2.4994894102131083e-06,4.40410173797937e-06,6.903591148192478e-06,123.994161,23.994161000000005,4.5554950000000097e-08,36.650580265374614,0.3572316999999998,0.3572316999999998,-1.95273892,1.0427683,0,100,10,5,-2,8,8,8,4,35n,0,4n,8,25
2.8044974836051126e-06,6.362702674540308e-07,1.1579008700828014e-06,3.4407677510591434e-06,4.598668621141945e-06,122.133459,22.133459000000002,3.651682000000002e-08,42.39261809918093,0.9157527999999999,0.9157527999999999,0.0175817682,0.4842472,0,100,10,5,0,8,8,8,4,35n,1,4n,8,25
3.9309458399064e-06,6.136864746996267e-07,2.4655533109565695e-06,4.5446323146060264e-06,7.010185625562596e-06,123.502988,23.502988000000002,4.585534000000005e-08,36.08313227906623,-1.025632899999998,-1.025632899999998,-1.97500252,2.425632899999998,0,100,10,5,-2,8,8,8,4,35n,1,4n,8,25
2.697766459554938e-06,6.360087403846584e-07,6.408314562976684e-07,3.3337751999395964e-06,3.9746066562372645e-06,121.588649,21.588649000000004,4.612500000000013e-08,42.39691719290206,1.7628944000000004,1.7628944000000004,0.407645851,-0.3628944000000005,1,100,10,5,0,8,8,8,8,5n,0,4n,8,25
3.768438115548517e-06,6.107941473435393e-07,6.755033025447916e-07,4.379232262892056e-06,5.054735565436847e-06,123.436866,23.436865999999995,4.2209140000000115e-08,35.196396036462914,-0.1043447999999998,-0.1043447999999998,-1.75573488,1.5043447999999997,0,100,10,5,-2,8,8,8,8,5n,0,4n,8,25
2.6983318642279137e-06,6.366726070976876e-07,6.404716657845247e-07,3.3350044713256012e-06,3.975476137110126e-06,121.42946,21.42946000000001,4.607500000000002e-08,42.33069763677967,0.8969568999999993,0.8969568999999993,0.167538768,0.5030431000000006,0,100,10,5,0,8,8,8,8,5n,1,4n,8,25
3.6329433167672704e-06,6.112681747124109e-07,6.753064629680187e-07,4.244211491479681e-06,4.9195179544477e-06,123.336097,23.336096999999995,4.222500000000005e-08,35.19325228241223,-0.9859378000000021,-0.9859378000000021,-1.85995985,2.385937800000002,0,100,10,5,-2,8,8,8,8,5n,1,4n,8,25
2.756729658891706e-06,6.348382354526984e-07,6.250496548929435e-07,3.391567894344404e-06,4.016617549237348e-06,122.394579,22.394578999999993,3.957640999999999e-08,42.54795447078586,1.6390367999999995,1.6390367999999995,0.196227417,-0.2390367999999996,1,100,10,5,0,8,8,8,8,10n,0,4n,8,25
3.887454098889176e-06,6.092692367235037e-07,6.479289496795344e-07,4.496723335612679e-06,5.144652285292213e-06,123.596537,23.596536999999998,4.517499999999995e-08,36.45779992881734,-0.24095999999999407,-0.24095999999999407,-1.7725647,1.640959999999994,0,100,10,5,-2,8,8,8,8,10n,0,4n,8,25
2.8967316242831535e-06,6.365076584480637e-07,6.365657105737809e-07,3.533239282731217e-06,4.169804993304998e-06,122.110773,22.110772999999995,3.972500000000007e-08,42.471414068514704,0.7107030000000023,0.7107030000000023,0.0993256141,0.6892969999999976,0,100,10,5,0,8,8,8,8,10n,1,4n,8,25
3.909515942280476e-06,6.100106512650696e-07,6.588776625374627e-07,4.519526593545546e-06,5.178404256083009e-06,123.484308,23.484308000000002,4.2075000000000143e-08,36.23288409111598,-1.151702499999999,-1.151702499999999,-1.89065344,2.551702499999999,0,100,10,5,-2,8,8,8,8,10n,1,4n,8,25
2.7655406475426235e-06,6.347547723679528e-07,6.196486244385405e-07,3.4002954199105764e-06,4.019944044349117e-06,122.394579,22.394578999999993,4.600655000000011e-08,43.19546275125853,1.6487601999999981,1.6487601999999981,0.15228665,-0.2487601999999982,1,100,10,5,0,8,8,8,8,15n,0,4n,8,25
3.883387647128943e-06,6.098445005365699e-07,6.451788348882469e-07,4.493232147665512e-06,5.138410982553759e-06,123.596537,23.596536999999998,4.546744000000008e-08,37.11942414753079,-0.26227229999999935,-0.26227229999999935,-1.85945069,1.6622722999999993,0,100,10,5,-2,8,8,8,8,15n,0,4n,8,25
2.785680719038914e-06,6.371080873396256e-07,6.320383693912682e-07,3.4227888063785394e-06,4.054827175769808e-06,122.110773,22.110772999999995,4.302386e-08,42.91240518685237,0.8303860999999984,0.8303860999999984,0.0706053549,0.5696139000000016,0,100,10,5,0,8,8,8,8,15n,1,4n,8,25
3.965078722763524e-06,6.118996437269869e-07,6.556440684223185e-07,4.576978366490511e-06,5.232622434912829e-06,123.484308,23.484308000000002,4.2325000000000056e-08,36.792130666292515,-1.1758837,-1.1758837,-1.93323875,2.5758837,0,100,10,5,-2,8,8,8,8,15n,1,4n,8,25
2.763815844936246e-06,6.344329727726904e-07,6.392070564989292e-07,3.3982488177089364e-06,4.037455874207866e-06,122.394579,22.394578999999993,4.610585000000012e-08,42.91163513109391,1.6453641000000019,1.6453641000000019,0.0903602395,-0.24536410000000197,1,100,10,5,0,8,8,8,8,25n,0,4n,8,25
3.883742618666345e-06,6.099911213162778e-07,1.5457403461963921e-06,4.493733739982622e-06,6.039474086179014e-06,123.596537,23.596536999999998,4.550808999999994e-08,36.65174166966,-0.2607242999999997,-0.2607242999999997,-1.91968165,1.6607242999999996,0,100,10,5,-2,8,8,8,8,25n,0,4n,8,25
2.8240446801155644e-06,6.372314463105416e-07,6.223241118396505e-07,3.461276126426106e-06,4.083600238265756e-06,122.110773,22.110772999999995,3.9724820000000055e-08,42.55533236972023,0.7871282999999991,0.7871282999999991,0.0327219859,0.6128717000000008,0,100,10,5,0,8,8,8,8,25n,1,4n,8,25
3.934981166822991e-06,6.129721217818806e-07,1.5313504440529244e-06,4.547953288604872e-06,6.079303732657796e-06,123.484308,23.484308000000002,4.235805000000009e-08,36.23085074218226,-1.1537632000000002,-1.1537632000000002,-1.96505455,2.5537632,0,100,10,5,-2,8,8,8,8,25n,1,4n,8,25
2.7619779516183016e-06,6.339237924880678e-07,1.2031381490996803e-06,3.3959017441063695e-06,4.599039893206049e-06,122.394579,22.394578999999993,4.935547000000015e-08,42.73143317669907,1.6440280999999999,1.6440280999999999,0.0559588004,-0.24402809999999997,1,100,10,5,0,8,8,8,8,35n,0,4n,8,25
3.8823519445682884e-06,6.104399800064116e-07,2.5188922146367965e-06,4.4927919245747e-06,7.011684139211497e-06,123.596537,23.596536999999998,4.880504000000014e-08,36.4470293992867,-0.25852730000000435,-0.25852730000000435,-1.95112559,1.6585273000000043,0,100,10,5,-2,8,8,8,8,35n,0,4n,8,25
2.8243417090966704e-06,6.350110419733377e-07,1.186640640799663e-06,3.4593527510700082e-06,4.645993391869671e-06,122.110773,22.110772999999995,3.462500000000011e-08,42.382536265525815,0.7813342000000034,0.7813342000000034,0.0125548634,0.6186657999999965,0,100,10,5,0,8,8,8,8,35n,1,4n,8,25
3.93560000329346e-06,6.142457353208432e-07,2.50447900408684e-06,4.549845738614303e-06,7.054324742701143e-06,123.484308,23.484308000000002,4.585536999999995e-08,36.00804381449451,-1.155615400000002,-1.155615400000002,-1.97591961,2.555615400000002,0,100,10,5,-2,8,8,8,8,35n,1,4n,8,25
